{
  "type": "FeatureCollection",
  "features": [
    {
      "type": "Feature",
      "geometry": {
        "geodesic": false,
        "type": "Point",
        "coordinates": [
          73.79832983980086,
          18.49469385010496
        ]
      },
      "properties": {
        "location_id": "unknown",
        "timestamp": "2024-11-10",
        "source": "landsat-8",
        "features": {
          "lst": 29.54126930000001
        },
        "quality": {
          "valid": true
        },
        "temporal_context": {}
      }
    },
    {
      "type": "Feature",
      "geometry": {
        "geodesic": false,
        "type": "Point",
        "coordinates": [
          73.79861396608446,
          18.49469565369637
        ]
      },
      "properties": {
        "location_id": "unknown",
        "timestamp": "2024-11-10",
        "source": "landsat-8",
        "features": {
          "lst": 29.26099166000006
        },
        "quality": {
          "valid": true
        },
        "temporal_context": {}
      }
    },
    {
      "type": "Feature",
      "geometry": {
        "geodesic": false,
        "type": "Point",
        "coordinates": [
          73.79889809240075,
          18.494697456861513
        ]
      },
      "properties": {
        "location_id": "unknown",
        "timestamp": "2024-11-10",
        "source": "landsat-8",
        "features": {
          "lst": 29.045656399999984
        },
        "quality": {
          "valid": true
        },
        "temporal_context": {}
      }
    },
    {
      "type": "Feature",
      "geometry": {
        "geodesic": false,
        "type": "Point",
        "coordinates": [
          73.79918221874969,
          18.494699259600385
        ]
      },
      "properties": {
        "location_id": "unknown",
        "timestamp": "2024-11-10",
        "source": "landsat-8",
        "features": {
          "lst": 28.13646308
        },
        "quality": {
          "valid": true
        },
        "temporal_context": {}
      }
    },
    {
      "type": "Feature",
      "geometry": {
        "geodesic": false,
        "type": "Point",
        "coordinates": [
          73.79946634513132,
          18.494701061912995
        ]
      },
      "properties": {
        "location_id": "unknown",
        "timestamp": "2024-11-10",
        "source": "landsat-8",
        "features": {
          "lst": 28.12962704000006
        },
        "quality": {
          "valid": true
        },
        "temporal_context": {}
      }
    },
    {
      "type": "Feature",
      "geometry": {
        "geodesic": false,
        "type": "Point",
        "coordinates": [
          73.7997504715456,
          18.49470286379934
        ]
      },
      "properties": {
        "location_id": "unknown",
        "timestamp": "2024-11-10",
        "source": "landsat-8",
        "features": {
          "lst": 28.19798744000002
        },
        "quality": {
          "valid": true
        },
        "temporal_context": {}
      }
    },
    {
      "type": "Feature",
      "geometry": {
        "geodesic": false,
        "type": "Point",
        "coordinates": [
          73.80003459799254,
          18.494704665259416
        ]
      },
      "properties": {
        "location_id": "unknown",
        "timestamp": "2024-11-10",
        "source": "landsat-8",
        "features": {
          "lst": 28.59105973999999
        },
        "quality": {
          "valid": true
        },
        "temporal_context": {}
      }
    },
    {
      "type": "Feature",
      "geometry": {
        "geodesic": false,
        "type": "Point",
        "coordinates": [
          73.80031872447212,
          18.494706466293223
        ]
      },
      "properties": {
        "location_id": "unknown",
        "timestamp": "2024-11-10",
        "source": "landsat-8",
        "features": {
          "lst": 28.80639500000001
        },
        "quality": {
          "valid": true
        },
        "temporal_context": {}
      }
    },
    {
      "type": "Feature",
      "geometry": {
        "geodesic": false,
        "type": "Point",
        "coordinates": [
          73.80060285098432,
          18.494708266900766
        ]
      },
      "properties": {
        "location_id": "unknown",
        "timestamp": "2024-11-10",
        "source": "landsat-8",
        "features": {
          "lst": 28.994386100000042
        },
        "quality": {
          "valid": true
        },
        "temporal_context": {}
      }
    },
    {
      "type": "Feature",
      "geometry": {
        "geodesic": false,
        "type": "Point",
        "coordinates": [
          73.80088697752916,
          18.494710067082043
        ]
      },
      "properties": {
        "location_id": "unknown",
        "timestamp": "2024-11-10",
        "source": "landsat-8",
        "features": {
          "lst": 29.110598780000032
        },
        "quality": {
          "valid": true
        },
        "temporal_context": {}
      }
    },
    {
      "type": "Feature",
      "geometry": {
        "geodesic": false,
        "type": "Point",
        "coordinates": [
          73.80117110410661,
          18.49471186683705
        ]
      },
      "properties": {
        "location_id": "unknown",
        "timestamp": "2024-11-10",
        "source": "landsat-8",
        "features": {
          "lst": 29.349860180000007
        },
        "quality": {
          "valid": true
        },
        "temporal_context": {}
      }
    },
    {
      "type": "Feature",
      "geometry": {
        "geodesic": false,
        "type": "Point",
        "coordinates": [
          73.80145523071668,
          18.49471366616579
        ]
      },
      "properties": {
        "location_id": "unknown",
        "timestamp": "2024-11-10",
        "source": "landsat-8",
        "features": {
          "lst": 29.384040379999988
        },
        "quality": {
          "valid": true
        },
        "temporal_context": {}
      }
    },
    {
      "type": "Feature",
      "geometry": {
        "geodesic": false,
        "type": "Point",
        "coordinates": [
          73.80173935735937,
          18.494715465068264
        ]
      },
      "properties": {
        "location_id": "unknown",
        "timestamp": "2024-11-10",
        "source": "landsat-8",
        "features": {
          "lst": 29.404548500000033
        },
        "quality": {
          "valid": true
        },
        "temporal_context": {}
      }
    },
    {
      "type": "Feature",
      "geometry": {
        "geodesic": false,
        "type": "Point",
        "coordinates": [
          73.80202348403465,
          18.494717263544466
        ]
      },
      "properties": {
        "location_id": "unknown",
        "timestamp": "2024-11-10",
        "source": "landsat-8",
        "features": {
          "lst": 29.438728700000013
        },
        "quality": {
          "valid": true
        },
        "temporal_context": {}
      }
    },
    {
      "type": "Feature",
      "geometry": {
        "geodesic": false,
        "type": "Point",
        "coordinates": [
          73.8023076107425,
          18.494719061594402
        ]
      },
      "properties": {
        "location_id": "unknown",
        "timestamp": "2024-11-10",
        "source": "landsat-8",
        "features": {
          "lst": 29.346442160000038
        },
        "quality": {
          "valid": true
        },
        "temporal_context": {}
      }
    },
    {
      "type": "Feature",
      "geometry": {
        "geodesic": false,
        "type": "Point",
        "coordinates": [
          73.80259173748296,
          18.494720859218067
        ]
      },
      "properties": {
        "location_id": "unknown",
        "timestamp": "2024-11-10",
        "source": "landsat-8",
        "features": {
          "lst": 29.29858988000001
        },
        "quality": {
          "valid": true
        },
        "temporal_context": {}
      }
    },
    {
      "type": "Feature",
      "geometry": {
        "geodesic": false,
        "type": "Point",
        "coordinates": [
          73.80287586425598,
          18.494722656415465
        ]
      },
      "properties": {
        "location_id": "unknown",
        "timestamp": "2024-11-10",
        "source": "landsat-8",
        "features": {
          "lst": 29.40796652000006
        },
        "quality": {
          "valid": true
        },
        "temporal_context": {}
      }
    },
    {
      "type": "Feature",
      "geometry": {
        "geodesic": false,
        "type": "Point",
        "coordinates": [
          73.80315999106156,
          18.494724453186592
        ]
      },
      "properties": {
        "location_id": "unknown",
        "timestamp": "2024-11-10",
        "source": "landsat-8",
        "features": {
          "lst": 29.616465740000024
        },
        "quality": {
          "valid": true
        },
        "temporal_context": {}
      }
    },
    {
      "type": "Feature",
      "geometry": {
        "geodesic": false,
        "type": "Point",
        "coordinates": [
          73.80344411789972,
          18.494726249531453
        ]
      },
      "properties": {
        "location_id": "unknown",
        "timestamp": "2024-11-10",
        "source": "landsat-8",
        "features": {
          "lst": 29.845473080000033
        },
        "quality": {
          "valid": true
        },
        "temporal_context": {}
      }
    },
    {
      "type": "Feature",
      "geometry": {
        "geodesic": false,
        "type": "Point",
        "coordinates": [
          73.8037282447704,
          18.494728045450042
        ]
      },
      "properties": {
        "location_id": "unknown",
        "timestamp": "2024-11-10",
        "source": "landsat-8",
        "features": {
          "lst": 30.01637407999999
        },
        "quality": {
          "valid": true
        },
        "temporal_context": {}
      }
    },
    {
      "type": "Feature",
      "geometry": {
        "geodesic": false,
        "type": "Point",
        "coordinates": [
          73.80401237167364,
          18.494729840942362
        ]
      },
      "properties": {
        "location_id": "unknown",
        "timestamp": "2024-11-10",
        "source": "landsat-8",
        "features": {
          "lst": 29.82496495999999
        },
        "quality": {
          "valid": true
        },
        "temporal_context": {}
      }
    },
    {
      "type": "Feature",
      "geometry": {
        "geodesic": false,
        "type": "Point",
        "coordinates": [
          73.80429649860942,
          18.49473163600841
        ]
      },
      "properties": {
        "location_id": "unknown",
        "timestamp": "2024-11-10",
        "source": "landsat-8",
        "features": {
          "lst": 29.86939921999999
        },
        "quality": {
          "valid": true
        },
        "temporal_context": {}
      }
    },
    {
      "type": "Feature",
      "geometry": {
        "geodesic": false,
        "type": "Point",
        "coordinates": [
          73.80458062557773,
          18.494733430648193
        ]
      },
      "properties": {
        "location_id": "unknown",
        "timestamp": "2024-11-10",
        "source": "landsat-8",
        "features": {
          "lst": 29.845473080000033
        },
        "quality": {
          "valid": true
        },
        "temporal_context": {}
      }
    },
    {
      "type": "Feature",
      "geometry": {
        "geodesic": false,
        "type": "Point",
        "coordinates": [
          73.80486475257854,
          18.4947352248617
        ]
      },
      "properties": {
        "location_id": "unknown",
        "timestamp": "2024-11-10",
        "source": "landsat-8",
        "features": {
          "lst": 29.589121579999983
        },
        "quality": {
          "valid": true
        },
        "temporal_context": {}
      }
    },
    {
      "type": "Feature",
      "geometry": {
        "geodesic": false,
        "type": "Point",
        "coordinates": [
          73.80514887961188,
          18.49473701864894
        ]
      },
      "properties": {
        "location_id": "unknown",
        "timestamp": "2024-11-10",
        "source": "landsat-8",
        "features": {
          "lst": 28.857665300000008
        },
        "quality": {
          "valid": true
        },
        "temporal_context": {}
      }
    },
    {
      "type": "Feature",
      "geometry": {
        "geodesic": false,
        "type": "Point",
        "coordinates": [
          73.80543300667772,
          18.49473881200991
        ]
      },
      "properties": {
        "location_id": "unknown",
        "timestamp": "2024-11-10",
        "source": "landsat-8",
        "features": {
          "lst": 28.239003679999996
        },
        "quality": {
          "valid": true
        },
        "temporal_context": {}
      }
    },
    {
      "type": "Feature",
      "geometry": {
        "geodesic": false,
        "type": "Point",
        "coordinates": [
          73.80571713377606,
          18.494740604944607
        ]
      },
      "properties": {
        "location_id": "unknown",
        "timestamp": "2024-11-10",
        "source": "landsat-8",
        "features": {
          "lst": 28.156971200000044
        },
        "quality": {
          "valid": true
        },
        "temporal_context": {}
      }
    },
    {
      "type": "Feature",
      "geometry": {
        "geodesic": false,
        "type": "Point",
        "coordinates": [
          73.80600126090687,
          18.494742397453034
        ]
      },
      "properties": {
        "location_id": "unknown",
        "timestamp": "2024-11-10",
        "source": "landsat-8",
        "features": {
          "lst": 29.031984319999992
        },
        "quality": {
          "valid": true
        },
        "temporal_context": {}
      }
    },
    {
      "type": "Feature",
      "geometry": {
        "geodesic": false,
        "type": "Point",
        "coordinates": [
          73.80628538807018,
          18.49474418953519
        ]
      },
      "properties": {
        "location_id": "unknown",
        "timestamp": "2024-11-10",
        "source": "landsat-8",
        "features": {
          "lst": 29.98219388000001
        },
        "quality": {
          "valid": true
        },
        "temporal_context": {}
      }
    },
    {
      "type": "Feature",
      "geometry": {
        "geodesic": false,
        "type": "Point",
        "coordinates": [
          73.80656951526596,
          18.49474598119107
        ]
      },
      "properties": {
        "location_id": "unknown",
        "timestamp": "2024-11-10",
        "source": "landsat-8",
        "features": {
          "lst": 30.55642124000002
        },
        "quality": {
          "valid": true
        },
        "temporal_context": {}
      }
    },
    {
      "type": "Feature",
      "geometry": {
        "geodesic": false,
        "type": "Point",
        "coordinates": [
          73.8068536424942,
          18.49474777242068
        ]
      },
      "properties": {
        "location_id": "unknown",
        "timestamp": "2024-11-10",
        "source": "landsat-8",
        "features": {
          "lst": 30.727322240000035
        },
        "quality": {
          "valid": true
        },
        "temporal_context": {}
      }
    },
    {
      "type": "Feature",
      "geometry": {
        "geodesic": false,
        "type": "Point",
        "coordinates": [
          73.8071377697549,
          18.49474956322402
        ]
      },
      "properties": {
        "location_id": "unknown",
        "timestamp": "2024-11-10",
        "source": "landsat-8",
        "features": {
          "lst": 31.14773869999999
        },
        "quality": {
          "valid": true
        },
        "temporal_context": {}
      }
    },
    {
      "type": "Feature",
      "geometry": {
        "geodesic": false,
        "type": "Point",
        "coordinates": [
          73.80742189704806,
          18.49475135360109
        ]
      },
      "properties": {
        "location_id": "unknown",
        "timestamp": "2024-11-10",
        "source": "landsat-8",
        "features": {
          "lst": 31.034944040000028
        },
        "quality": {
          "valid": true
        },
        "temporal_context": {}
      }
    },
    {
      "type": "Feature",
      "geometry": {
        "geodesic": false,
        "type": "Point",
        "coordinates": [
          73.80770602437366,
          18.494753143551883
        ]
      },
      "properties": {
        "location_id": "unknown",
        "timestamp": "2024-11-10",
        "source": "landsat-8",
        "features": {
          "lst": 30.7375763
        },
        "quality": {
          "valid": true
        },
        "temporal_context": {}
      }
    },
    {
      "type": "Feature",
      "geometry": {
        "geodesic": false,
        "type": "Point",
        "coordinates": [
          73.80799015173169,
          18.494754933076404
        ]
      },
      "properties": {
        "location_id": "unknown",
        "timestamp": "2024-11-10",
        "source": "landsat-8",
        "features": {
          "lst": 30.214619240000047
        },
        "quality": {
          "valid": true
        },
        "temporal_context": {}
      }
    },
    {
      "type": "Feature",
      "geometry": {
        "geodesic": false,
        "type": "Point",
        "coordinates": [
          73.80827427912216,
          18.494756722174653
        ]
      },
      "properties": {
        "location_id": "unknown",
        "timestamp": "2024-11-10",
        "source": "landsat-8",
        "features": {
          "lst": 29.695080200000007
        },
        "quality": {
          "valid": true
        },
        "temporal_context": {}
      }
    },
    {
      "type": "Feature",
      "geometry": {
        "geodesic": false,
        "type": "Point",
        "coordinates": [
          73.80855840654503,
          18.49475851084663
        ]
      },
      "properties": {
        "location_id": "unknown",
        "timestamp": "2024-11-10",
        "source": "landsat-8",
        "features": {
          "lst": 29.418220580000025
        },
        "quality": {
          "valid": true
        },
        "temporal_context": {}
      }
    },
    {
      "type": "Feature",
      "geometry": {
        "geodesic": false,
        "type": "Point",
        "coordinates": [
          73.8088425340003,
          18.49476029909233
        ]
      },
      "properties": {
        "location_id": "unknown",
        "timestamp": "2024-11-10",
        "source": "landsat-8",
        "features": {
          "lst": 29.479744940000046
        },
        "quality": {
          "valid": true
        },
        "temporal_context": {}
      }
    },
    {
      "type": "Feature",
      "geometry": {
        "geodesic": false,
        "type": "Point",
        "coordinates": [
          73.80912666148802,
          18.49476208691176
        ]
      },
      "properties": {
        "location_id": "unknown",
        "timestamp": "2024-11-10",
        "source": "landsat-8",
        "features": {
          "lst": 30.347922020000055
        },
        "quality": {
          "valid": true
        },
        "temporal_context": {}
      }
    },
    {
      "type": "Feature",
      "geometry": {
        "geodesic": false,
        "type": "Point",
        "coordinates": [
          73.79833173036418,
          18.49442276485654
        ]
      },
      "properties": {
        "location_id": "unknown",
        "timestamp": "2024-11-10",
        "source": "landsat-8",
        "features": {
          "lst": 29.790784760000008
        },
        "quality": {
          "valid": true
        },
        "temporal_context": {}
      }
    },
    {
      "type": "Feature",
      "geometry": {
        "geodesic": false,
        "type": "Point",
        "coordinates": [
          73.79861585620102,
          18.494424568419653
        ]
      },
      "properties": {
        "location_id": "unknown",
        "timestamp": "2024-11-10",
        "source": "landsat-8",
        "features": {
          "lst": 29.54126930000001
        },
        "quality": {
          "valid": true
        },
        "temporal_context": {}
      }
    },
    {
      "type": "Feature",
      "geometry": {
        "geodesic": false,
        "type": "Point",
        "coordinates": [
          73.79889998207057,
          18.494426371556507
        ]
      },
      "properties": {
        "location_id": "unknown",
        "timestamp": "2024-11-10",
        "source": "landsat-8",
        "features": {
          "lst": 29.30884394000003
        },
        "quality": {
          "valid": true
        },
        "temporal_context": {}
      }
    },
    {
      "type": "Feature",
      "geometry": {
        "geodesic": false,
        "type": "Point",
        "coordinates": [
          73.79918410797278,
          18.4944281742671
        ]
      },
      "properties": {
        "location_id": "unknown",
        "timestamp": "2024-11-10",
        "source": "landsat-8",
        "features": {
          "lst": 28.351798340000016
        },
        "quality": {
          "valid": true
        },
        "temporal_context": {}
      }
    },
    {
      "type": "Feature",
      "geometry": {
        "geodesic": false,
        "type": "Point",
        "coordinates": [
          73.79946823390765,
          18.49442997655143
        ]
      },
      "properties": {
        "location_id": "unknown",
        "timestamp": "2024-11-10",
        "source": "landsat-8",
        "features": {
          "lst": 28.26634783999998
        },
        "quality": {
          "valid": true
        },
        "temporal_context": {}
      }
    },
    {
      "type": "Feature",
      "geometry": {
        "geodesic": false,
        "type": "Point",
        "coordinates": [
          73.79975235987519,
          18.494431778409503
        ]
      },
      "properties": {
        "location_id": "unknown",
        "timestamp": "2024-11-10",
        "source": "landsat-8",
        "features": {
          "lst": 28.27660190000006
        },
        "quality": {
          "valid": true
        },
        "temporal_context": {}
      }
    },
    {
      "type": "Feature",
      "geometry": {
        "geodesic": false,
        "type": "Point",
        "coordinates": [
          73.80003648587537,
          18.494433579841317
        ]
      },
      "properties": {
        "location_id": "unknown",
        "timestamp": "2024-11-10",
        "source": "landsat-8",
        "features": {
          "lst": 28.628657960000055
        },
        "quality": {
          "valid": true
        },
        "temporal_context": {}
      }
    },
    {
      "type": "Feature",
      "geometry": {
        "geodesic": false,
        "type": "Point",
        "coordinates": [
          73.80032061190819,
          18.49443538084687
        ]
      },
      "properties": {
        "location_id": "unknown",
        "timestamp": "2024-11-10",
        "source": "landsat-8",
        "features": {
          "lst": 28.81664906000003
        },
        "quality": {
          "valid": true
        },
        "temporal_context": {}
      }
    },
    {
      "type": "Feature",
      "geometry": {
        "geodesic": false,
        "type": "Point",
        "coordinates": [
          73.80060473797366,
          18.49443718142616
        ]
      },
      "properties": {
        "location_id": "unknown",
        "timestamp": "2024-11-10",
        "source": "landsat-8",
        "features": {
          "lst": 28.95678787999998
        },
        "quality": {
          "valid": true
        },
        "temporal_context": {}
      }
    },
    {
      "type": "Feature",
      "geometry": {
        "geodesic": false,
        "type": "Point",
        "coordinates": [
          73.80088886407174,
          18.494438981579194
        ]
      },
      "properties": {
        "location_id": "unknown",
        "timestamp": "2024-11-10",
        "source": "landsat-8",
        "features": {
          "lst": 29.004640160000008
        },
        "quality": {
          "valid": true
        },
        "temporal_context": {}
      }
    },
    {
      "type": "Feature",
      "geometry": {
        "geodesic": false,
        "type": "Point",
        "coordinates": [
          73.80117299020245,
          18.494440781305965
        ]
      },
      "properties": {
        "location_id": "unknown",
        "timestamp": "2024-11-10",
        "source": "landsat-8",
        "features": {
          "lst": 29.202885320000007
        },
        "quality": {
          "valid": true
        },
        "temporal_context": {}
      }
    },
    {
      "type": "Feature",
      "geometry": {
        "geodesic": false,
        "type": "Point",
        "coordinates": [
          73.80145711636577,
          18.494442580606474
        ]
      },
      "properties": {
        "location_id": "unknown",
        "timestamp": "2024-11-10",
        "source": "landsat-8",
        "features": {
          "lst": 29.22681146000002
        },
        "quality": {
          "valid": true
        },
        "temporal_context": {}
      }
    },
    {
      "type": "Feature",
      "geometry": {
        "geodesic": false,
        "type": "Point",
        "coordinates": [
          73.8017412425617,
          18.494444379480722
        ]
      },
      "properties": {
        "location_id": "unknown",
        "timestamp": "2024-11-10",
        "source": "landsat-8",
        "features": {
          "lst": 29.223393439999995
        },
        "quality": {
          "valid": true
        },
        "temporal_context": {}
      }
    },
    {
      "type": "Feature",
      "geometry": {
        "geodesic": false,
        "type": "Point",
        "coordinates": [
          73.80202536879023,
          18.49444617792871
        ]
      },
      "properties": {
        "location_id": "unknown",
        "timestamp": "2024-11-10",
        "source": "landsat-8",
        "features": {
          "lst": 29.230229480000048
        },
        "quality": {
          "valid": true
        },
        "temporal_context": {}
      }
    },
    {
      "type": "Feature",
      "geometry": {
        "geodesic": false,
        "type": "Point",
        "coordinates": [
          73.80230949505133,
          18.494447975950433
        ]
      },
      "properties": {
        "location_id": "unknown",
        "timestamp": "2024-11-10",
        "source": "landsat-8",
        "features": {
          "lst": 29.1652871
        },
        "quality": {
          "valid": true
        },
        "temporal_context": {}
      }
    },
    {
      "type": "Feature",
      "geometry": {
        "geodesic": false,
        "type": "Point",
        "coordinates": [
          73.80259362134504,
          18.4944497735459
        ]
      },
      "properties": {
        "location_id": "unknown",
        "timestamp": "2024-11-10",
        "source": "landsat-8",
        "features": {
          "lst": 29.144778980000012
        },
        "quality": {
          "valid": true
        },
        "temporal_context": {}
      }
    },
    {
      "type": "Feature",
      "geometry": {
        "geodesic": false,
        "type": "Point",
        "coordinates": [
          73.8028777476713,
          18.4944515707151
        ]
      },
      "properties": {
        "location_id": "unknown",
        "timestamp": "2024-11-10",
        "source": "landsat-8",
        "features": {
          "lst": 29.230229480000048
        },
        "quality": {
          "valid": true
        },
        "temporal_context": {}
      }
    },
    {
      "type": "Feature",
      "geometry": {
        "geodesic": false,
        "type": "Point",
        "coordinates": [
          73.80316187403014,
          18.494453367458036
        ]
      },
      "properties": {
        "location_id": "unknown",
        "timestamp": "2024-11-10",
        "source": "landsat-8",
        "features": {
          "lst": 29.41480256
        },
        "quality": {
          "valid": true
        },
        "temporal_context": {}
      }
    },
    {
      "type": "Feature",
      "geometry": {
        "geodesic": false,
        "type": "Point",
        "coordinates": [
          73.80344600042153,
          18.494455163774713
        ]
      },
      "properties": {
        "location_id": "unknown",
        "timestamp": "2024-11-10",
        "source": "landsat-8",
        "features": {
          "lst": 29.643809900000008
        },
        "quality": {
          "valid": true
        },
        "temporal_context": {}
      }
    },
    {
      "type": "Feature",
      "geometry": {
        "geodesic": false,
        "type": "Point",
        "coordinates": [
          73.80373012684548,
          18.494456959665126
        ]
      },
      "properties": {
        "location_id": "unknown",
        "timestamp": "2024-11-10",
        "source": "landsat-8",
        "features": {
          "lst": 29.86598120000002
        },
        "quality": {
          "valid": true
        },
        "temporal_context": {}
      }
    },
    {
      "type": "Feature",
      "geometry": {
        "geodesic": false,
        "type": "Point",
        "coordinates": [
          73.80401425330196,
          18.494458755129276
        ]
      },
      "properties": {
        "location_id": "unknown",
        "timestamp": "2024-11-10",
        "source": "landsat-8",
        "features": {
          "lst": 29.783948720000012
        },
        "quality": {
          "valid": true
        },
        "temporal_context": {}
      }
    },
    {
      "type": "Feature",
      "geometry": {
        "geodesic": false,
        "type": "Point",
        "coordinates": [
          73.80429837979098,
          18.494460550167165
        ]
      },
      "properties": {
        "location_id": "unknown",
        "timestamp": "2024-11-10",
        "source": "landsat-8",
        "features": {
          "lst": 29.927505559999986
        },
        "quality": {
          "valid": true
        },
        "temporal_context": {}
      }
    },
    {
      "type": "Feature",
      "geometry": {
        "geodesic": false,
        "type": "Point",
        "coordinates": [
          73.80458250631253,
          18.494462344778785
        ]
      },
      "properties": {
        "location_id": "unknown",
        "timestamp": "2024-11-10",
        "source": "landsat-8",
        "features": {
          "lst": 30.01637407999999
        },
        "quality": {
          "valid": true
        },
        "temporal_context": {}
      }
    },
    {
      "type": "Feature",
      "geometry": {
        "geodesic": false,
        "type": "Point",
        "coordinates": [
          73.8048666328666,
          18.494464138964148
        ]
      },
      "properties": {
        "location_id": "unknown",
        "timestamp": "2024-11-10",
        "source": "landsat-8",
        "features": {
          "lst": 29.636973860000012
        },
        "quality": {
          "valid": true
        },
        "temporal_context": {}
      }
    },
    {
      "type": "Feature",
      "geometry": {
        "geodesic": false,
        "type": "Point",
        "coordinates": [
          73.80515075945317,
          18.49446593272324
        ]
      },
      "properties": {
        "location_id": "unknown",
        "timestamp": "2024-11-10",
        "source": "landsat-8",
        "features": {
          "lst": 28.761960740000006
        },
        "quality": {
          "valid": true
        },
        "temporal_context": {}
      }
    },
    {
      "type": "Feature",
      "geometry": {
        "geodesic": false,
        "type": "Point",
        "coordinates": [
          73.80543488607226,
          18.494467726056072
        ]
      },
      "properties": {
        "location_id": "unknown",
        "timestamp": "2024-11-10",
        "source": "landsat-8",
        "features": {
          "lst": 28.06468466000001
        },
        "quality": {
          "valid": true
        },
        "temporal_context": {}
      }
    },
    {
      "type": "Feature",
      "geometry": {
        "geodesic": false,
        "type": "Point",
        "coordinates": [
          73.80571901272384,
          18.494469518962642
        ]
      },
      "properties": {
        "location_id": "unknown",
        "timestamp": "2024-11-10",
        "source": "landsat-8",
        "features": {
          "lst": 28.08177476000003
        },
        "quality": {
          "valid": true
        },
        "temporal_context": {}
      }
    },
    {
      "type": "Feature",
      "geometry": {
        "geodesic": false,
        "type": "Point",
        "coordinates": [
          73.80600313940792,
          18.494471311442943
        ]
      },
      "properties": {
        "location_id": "unknown",
        "timestamp": "2024-11-10",
        "source": "landsat-8",
        "features": {
          "lst": 28.85424727999998
        },
        "quality": {
          "valid": true
        },
        "temporal_context": {}
      }
    },
    {
      "type": "Feature",
      "geometry": {
        "geodesic": false,
        "type": "Point",
        "coordinates": [
          73.80628726612447,
          18.494473103496983
        ]
      },
      "properties": {
        "location_id": "unknown",
        "timestamp": "2024-11-10",
        "source": "landsat-8",
        "features": {
          "lst": 29.534433260000014
        },
        "quality": {
          "valid": true
        },
        "temporal_context": {}
      }
    },
    {
      "type": "Feature",
      "geometry": {
        "geodesic": false,
        "type": "Point",
        "coordinates": [
          73.8065713928735,
          18.494474895124753
        ]
      },
      "properties": {
        "location_id": "unknown",
        "timestamp": "2024-11-10",
        "source": "landsat-8",
        "features": {
          "lst": 29.889907340000036
        },
        "quality": {
          "valid": true
        },
        "temporal_context": {}
      }
    },
    {
      "type": "Feature",
      "geometry": {
        "geodesic": false,
        "type": "Point",
        "coordinates": [
          73.80685551965499,
          18.494476686326266
        ]
      },
      "properties": {
        "location_id": "unknown",
        "timestamp": "2024-11-10",
        "source": "landsat-8",
        "features": {
          "lst": 29.992447940000034
        },
        "quality": {
          "valid": true
        },
        "temporal_context": {}
      }
    },
    {
      "type": "Feature",
      "geometry": {
        "geodesic": false,
        "type": "Point",
        "coordinates": [
          73.80713964646894,
          18.494478477101506
        ]
      },
      "properties": {
        "location_id": "unknown",
        "timestamp": "2024-11-10",
        "source": "landsat-8",
        "features": {
          "lst": 30.457298659999992
        },
        "quality": {
          "valid": true
        },
        "temporal_context": {}
      }
    },
    {
      "type": "Feature",
      "geometry": {
        "geodesic": false,
        "type": "Point",
        "coordinates": [
          73.80742377331534,
          18.494480267450484
        ]
      },
      "properties": {
        "location_id": "unknown",
        "timestamp": "2024-11-10",
        "source": "landsat-8",
        "features": {
          "lst": 30.488060840000003
        },
        "quality": {
          "valid": true
        },
        "temporal_context": {}
      }
    },
    {
      "type": "Feature",
      "geometry": {
        "geodesic": false,
        "type": "Point",
        "coordinates": [
          73.80770790019416,
          18.494482057373197
        ]
      },
      "properties": {
        "location_id": "unknown",
        "timestamp": "2024-11-10",
        "source": "landsat-8",
        "features": {
          "lst": 30.306905780000022
        },
        "quality": {
          "valid": true
        },
        "temporal_context": {}
      }
    },
    {
      "type": "Feature",
      "geometry": {
        "geodesic": false,
        "type": "Point",
        "coordinates": [
          73.80799202710546,
          18.49448384686964
        ]
      },
      "properties": {
        "location_id": "unknown",
        "timestamp": "2024-11-10",
        "source": "landsat-8",
        "features": {
          "lst": 29.920669520000047
        },
        "quality": {
          "valid": true
        },
        "temporal_context": {}
      }
    },
    {
      "type": "Feature",
      "geometry": {
        "geodesic": false,
        "type": "Point",
        "coordinates": [
          73.80827615404915,
          18.49448563593982
        ]
      },
      "properties": {
        "location_id": "unknown",
        "timestamp": "2024-11-10",
        "source": "landsat-8",
        "features": {
          "lst": 29.56177742
        },
        "quality": {
          "valid": true
        },
        "temporal_context": {}
      }
    },
    {
      "type": "Feature",
      "geometry": {
        "geodesic": false,
        "type": "Point",
        "coordinates": [
          73.80856028102527,
          18.494487424583735
        ]
      },
      "properties": {
        "location_id": "unknown",
        "timestamp": "2024-11-10",
        "source": "landsat-8",
        "features": {
          "lst": 29.44556474000001
        },
        "quality": {
          "valid": true
        },
        "temporal_context": {}
      }
    },
    {
      "type": "Feature",
      "geometry": {
        "geodesic": false,
        "type": "Point",
        "coordinates": [
          73.8088444080338,
          18.49448921280138
        ]
      },
      "properties": {
        "location_id": "unknown",
        "timestamp": "2024-11-10",
        "source": "landsat-8",
        "features": {
          "lst": 29.59253960000001
        },
        "quality": {
          "valid": true
        },
        "temporal_context": {}
      }
    },
    {
      "type": "Feature",
      "geometry": {
        "geodesic": false,
        "type": "Point",
        "coordinates": [
          73.80912853507473,
          18.49449100059276
        ]
      },
      "properties": {
        "location_id": "unknown",
        "timestamp": "2024-11-10",
        "source": "landsat-8",
        "features": {
          "lst": 30.457298659999992
        },
        "quality": {
          "valid": true
        },
        "temporal_context": {}
      }
    },
    {
      "type": "Feature",
      "geometry": {
        "geodesic": false,
        "type": "Point",
        "coordinates": [
          73.79833362089482,
          18.49415167960019
        ]
      },
      "properties": {
        "location_id": "unknown",
        "timestamp": "2024-11-10",
        "source": "landsat-8",
        "features": {
          "lst": 30.183857060000037
        },
        "quality": {
          "valid": true
        },
        "temporal_context": {}
      }
    },
    {
      "type": "Feature",
      "geometry": {
        "geodesic": false,
        "type": "Point",
        "coordinates": [
          73.79861774628492,
          18.494153483135005
        ]
      },
      "properties": {
        "location_id": "unknown",
        "timestamp": "2024-11-10",
        "source": "landsat-8",
        "features": {
          "lst": 29.94801368000003
        },
        "quality": {
          "valid": true
        },
        "temporal_context": {}
      }
    },
    {
      "type": "Feature",
      "geometry": {
        "geodesic": false,
        "type": "Point",
        "coordinates": [
          73.79890187170773,
          18.494155286243565
        ]
      },
      "properties": {
        "location_id": "unknown",
        "timestamp": "2024-11-10",
        "source": "landsat-8",
        "features": {
          "lst": 29.677990099999988
        },
        "quality": {
          "valid": true
        },
        "temporal_context": {}
      }
    },
    {
      "type": "Feature",
      "geometry": {
        "geodesic": false,
        "type": "Point",
        "coordinates": [
          73.79918599716319,
          18.494157088925874
        ]
      },
      "properties": {
        "location_id": "unknown",
        "timestamp": "2024-11-10",
        "source": "landsat-8",
        "features": {
          "lst": 28.649166079999986
        },
        "quality": {
          "valid": true
        },
        "temporal_context": {}
      }
    },
    {
      "type": "Feature",
      "geometry": {
        "geodesic": false,
        "type": "Point",
        "coordinates": [
          73.79947012265131,
          18.49415889118193
        ]
      },
      "properties": {
        "location_id": "unknown",
        "timestamp": "2024-11-10",
        "source": "landsat-8",
        "features": {
          "lst": 28.457756959999983
        },
        "quality": {
          "valid": true
        },
        "temporal_context": {}
      }
    },
    {
      "type": "Feature",
      "geometry": {
        "geodesic": false,
        "type": "Point",
        "coordinates": [
          73.7997542481721,
          18.494160693011732
        ]
      },
      "properties": {
        "location_id": "unknown",
        "timestamp": "2024-11-10",
        "source": "landsat-8",
        "features": {
          "lst": 28.41332269999998
        },
        "quality": {
          "valid": true
        },
        "temporal_context": {}
      }
    },
    {
      "type": "Feature",
      "geometry": {
        "geodesic": false,
        "type": "Point",
        "coordinates": [
          73.80003837372554,
          18.494162494415285
        ]
      },
      "properties": {
        "location_id": "unknown",
        "timestamp": "2024-11-10",
        "source": "landsat-8",
        "features": {
          "lst": 28.697018360000015
        },
        "quality": {
          "valid": true
        },
        "temporal_context": {}
      }
    },
    {
      "type": "Feature",
      "geometry": {
        "geodesic": false,
        "type": "Point",
        "coordinates": [
          73.80032249931163,
          18.49416429539258
        ]
      },
      "properties": {
        "location_id": "unknown",
        "timestamp": "2024-11-10",
        "source": "landsat-8",
        "features": {
          "lst": 28.80297698000004
        },
        "quality": {
          "valid": true
        },
        "temporal_context": {}
      }
    },
    {
      "type": "Feature",
      "geometry": {
        "geodesic": false,
        "type": "Point",
        "coordinates": [
          73.80060662493035,
          18.494166095943623
        ]
      },
      "properties": {
        "location_id": "unknown",
        "timestamp": "2024-11-10",
        "source": "landsat-8",
        "features": {
          "lst": 28.91918966000003
        },
        "quality": {
          "valid": true
        },
        "temporal_context": {}
      }
    },
    {
      "type": "Feature",
      "geometry": {
        "geodesic": false,
        "type": "Point",
        "coordinates": [
          73.8008907505817,
          18.49416789606841
        ]
      },
      "properties": {
        "location_id": "unknown",
        "timestamp": "2024-11-10",
        "source": "landsat-8",
        "features": {
          "lst": 28.96704194000006
        },
        "quality": {
          "valid": true
        },
        "temporal_context": {}
      }
    },
    {
      "type": "Feature",
      "geometry": {
        "geodesic": false,
        "type": "Point",
        "coordinates": [
          73.80117487626566,
          18.494169695766946
        ]
      },
      "properties": {
        "location_id": "unknown",
        "timestamp": "2024-11-10",
        "source": "landsat-8",
        "features": {
          "lst": 29.13452491999999
        },
        "quality": {
          "valid": true
        },
        "temporal_context": {}
      }
    },
    {
      "type": "Feature",
      "geometry": {
        "geodesic": false,
        "type": "Point",
        "coordinates": [
          73.80145900198224,
          18.49417149503922
        ]
      },
      "properties": {
        "location_id": "unknown",
        "timestamp": "2024-11-10",
        "source": "landsat-8",
        "features": {
          "lst": 29.144778980000012
        },
        "quality": {
          "valid": true
        },
        "temporal_context": {}
      }
    },
    {
      "type": "Feature",
      "geometry": {
        "geodesic": false,
        "type": "Point",
        "coordinates": [
          73.80174312773143,
          18.494173293885247
        ]
      },
      "properties": {
        "location_id": "unknown",
        "timestamp": "2024-11-10",
        "source": "landsat-8",
        "features": {
          "lst": 29.148196999999982
        },
        "quality": {
          "valid": true
        },
        "temporal_context": {}
      }
    },
    {
      "type": "Feature",
      "geometry": {
        "geodesic": false,
        "type": "Point",
        "coordinates": [
          73.80202725351322,
          18.494175092305017
        ]
      },
      "properties": {
        "location_id": "unknown",
        "timestamp": "2024-11-10",
        "source": "landsat-8",
        "features": {
          "lst": 29.189213240000015
        },
        "quality": {
          "valid": true
        },
        "temporal_context": {}
      }
    },
    {
      "type": "Feature",
      "geometry": {
        "geodesic": false,
        "type": "Point",
        "coordinates": [
          73.80231137932759,
          18.494176890298533
        ]
      },
      "properties": {
        "location_id": "unknown",
        "timestamp": "2024-11-10",
        "source": "landsat-8",
        "features": {
          "lst": 29.148196999999982
        },
        "quality": {
          "valid": true
        },
        "temporal_context": {}
      }
    },
    {
      "type": "Feature",
      "geometry": {
        "geodesic": false,
        "type": "Point",
        "coordinates": [
          73.80259550517454,
          18.49417868786579
        ]
      },
      "properties": {
        "location_id": "unknown",
        "timestamp": "2024-11-10",
        "source": "landsat-8",
        "features": {
          "lst": 29.093508680000014
        },
        "quality": {
          "valid": true
        },
        "temporal_context": {}
      }
    },
    {
      "type": "Feature",
      "geometry": {
        "geodesic": false,
        "type": "Point",
        "coordinates": [
          73.80287963105405,
          18.494180485006797
        ]
      },
      "properties": {
        "location_id": "unknown",
        "timestamp": "2024-11-10",
        "source": "landsat-8",
        "features": {
          "lst": 29.07983660000002
        },
        "quality": {
          "valid": true
        },
        "temporal_context": {}
      }
    },
    {
      "type": "Feature",
      "geometry": {
        "geodesic": false,
        "type": "Point",
        "coordinates": [
          73.80316375696616,
          18.494182281721546
        ]
      },
      "properties": {
        "location_id": "unknown",
        "timestamp": "2024-11-10",
        "source": "landsat-8",
        "features": {
          "lst": 29.120852839999998
        },
        "quality": {
          "valid": true
        },
        "temporal_context": {}
      }
    },
    {
      "type": "Feature",
      "geometry": {
        "geodesic": false,
        "type": "Point",
        "coordinates": [
          73.8034478829108,
          18.49418407801004
        ]
      },
      "properties": {
        "location_id": "unknown",
        "timestamp": "2024-11-10",
        "source": "landsat-8",
        "features": {
          "lst": 29.237065519999987
        },
        "quality": {
          "valid": true
        },
        "temporal_context": {}
      }
    },
    {
      "type": "Feature",
      "geometry": {
        "geodesic": false,
        "type": "Point",
        "coordinates": [
          73.80373200888799,
          18.494185873872276
        ]
      },
      "properties": {
        "location_id": "unknown",
        "timestamp": "2024-11-10",
        "source": "landsat-8",
        "features": {
          "lst": 29.39087642000004
        },
        "quality": {
          "valid": true
        },
        "temporal_context": {}
      }
    },
    {
      "type": "Feature",
      "geometry": {
        "geodesic": false,
        "type": "Point",
        "coordinates": [
          73.80401613489774,
          18.494187669308253
        ]
      },
      "properties": {
        "location_id": "unknown",
        "timestamp": "2024-11-10",
        "source": "landsat-8",
        "features": {
          "lst": 29.305425920000005
        },
        "quality": {
          "valid": true
        },
        "temporal_context": {}
      }
    },
    {
      "type": "Feature",
      "geometry": {
        "geodesic": false,
        "type": "Point",
        "coordinates": [
          73.80430026094001,
          18.49418946431798
        ]
      },
      "properties": {
        "location_id": "unknown",
        "timestamp": "2024-11-10",
        "source": "landsat-8",
        "features": {
          "lst": 29.48999900000001
        },
        "quality": {
          "valid": true
        },
        "temporal_context": {}
      }
    },
    {
      "type": "Feature",
      "geometry": {
        "geodesic": false,
        "type": "Point",
        "coordinates": [
          73.80458438701481,
          18.494191258901445
        ]
      },
      "properties": {
        "location_id": "unknown",
        "timestamp": "2024-11-10",
        "source": "landsat-8",
        "features": {
          "lst": 29.633555839999985
        },
        "quality": {
          "valid": true
        },
        "temporal_context": {}
      }
    },
    {
      "type": "Feature",
      "geometry": {
        "geodesic": false,
        "type": "Point",
        "coordinates": [
          73.80486851312214,
          18.494193053058655
        ]
      },
      "properties": {
        "location_id": "unknown",
        "timestamp": "2024-11-10",
        "source": "landsat-8",
        "features": {
          "lst": 29.25073759999998
        },
        "quality": {
          "valid": true
        },
        "temporal_context": {}
      }
    },
    {
      "type": "Feature",
      "geometry": {
        "geodesic": false,
        "type": "Point",
        "coordinates": [
          73.80515263926198,
          18.49419484678961
        ]
      },
      "properties": {
        "location_id": "unknown",
        "timestamp": "2024-11-10",
        "source": "landsat-8",
        "features": {
          "lst": 28.481683100000055
        },
        "quality": {
          "valid": true
        },
        "temporal_context": {}
      }
    },
    {
      "type": "Feature",
      "geometry": {
        "geodesic": false,
        "type": "Point",
        "coordinates": [
          73.80543676543432,
          18.494196640094305
        ]
      },
      "properties": {
        "location_id": "unknown",
        "timestamp": "2024-11-10",
        "source": "landsat-8",
        "features": {
          "lst": 27.924545840000008
        },
        "quality": {
          "valid": true
        },
        "temporal_context": {}
      }
    },
    {
      "type": "Feature",
      "geometry": {
        "geodesic": false,
        "type": "Point",
        "coordinates": [
          73.80572089163915,
          18.49419843297274
        ]
      },
      "properties": {
        "location_id": "unknown",
        "timestamp": "2024-11-10",
        "source": "landsat-8",
        "features": {
          "lst": 28.027086440000005
        },
        "quality": {
          "valid": true
        },
        "temporal_context": {}
      }
    },
    {
      "type": "Feature",
      "geometry": {
        "geodesic": false,
        "type": "Point",
        "coordinates": [
          73.80600501787647,
          18.494200225424922
        ]
      },
      "properties": {
        "location_id": "unknown",
        "timestamp": "2024-11-10",
        "source": "landsat-8",
        "features": {
          "lst": 28.611567860000036
        },
        "quality": {
          "valid": true
        },
        "temporal_context": {}
      }
    },
    {
      "type": "Feature",
      "geometry": {
        "geodesic": false,
        "type": "Point",
        "coordinates": [
          73.80628914414629,
          18.494202017450846
        ]
      },
      "properties": {
        "location_id": "unknown",
        "timestamp": "2024-11-10",
        "source": "landsat-8",
        "features": {
          "lst": 29.07983660000002
        },
        "quality": {
          "valid": true
        },
        "temporal_context": {}
      }
    },
    {
      "type": "Feature",
      "geometry": {
        "geodesic": false,
        "type": "Point",
        "coordinates": [
          73.80657327044855,
          18.494203809050507
        ]
      },
      "properties": {
        "location_id": "unknown",
        "timestamp": "2024-11-10",
        "source": "landsat-8",
        "features": {
          "lst": 29.202885320000007
        },
        "quality": {
          "valid": true
        },
        "temporal_context": {}
      }
    },
    {
      "type": "Feature",
      "geometry": {
        "geodesic": false,
        "type": "Point",
        "coordinates": [
          73.8068573967833,
          18.494205600223914
        ]
      },
      "properties": {
        "location_id": "unknown",
        "timestamp": "2024-11-10",
        "source": "landsat-8",
        "features": {
          "lst": 29.202885320000007
        },
        "quality": {
          "valid": true
        },
        "temporal_context": {}
      }
    },
    {
      "type": "Feature",
      "geometry": {
        "geodesic": false,
        "type": "Point",
        "coordinates": [
          73.8071415231505,
          18.49420739097106
        ]
      },
      "properties": {
        "location_id": "unknown",
        "timestamp": "2024-11-10",
        "source": "landsat-8",
        "features": {
          "lst": 29.67457208000002
        },
        "quality": {
          "valid": true
        },
        "temporal_context": {}
      }
    },
    {
      "type": "Feature",
      "geometry": {
        "geodesic": false,
        "type": "Point",
        "coordinates": [
          73.80742564955015,
          18.494209181291946
        ]
      },
      "properties": {
        "location_id": "unknown",
        "timestamp": "2024-11-10",
        "source": "landsat-8",
        "features": {
          "lst": 29.70191624000006
        },
        "quality": {
          "valid": true
        },
        "temporal_context": {}
      }
    },
    {
      "type": "Feature",
      "geometry": {
        "geodesic": false,
        "type": "Point",
        "coordinates": [
          73.80770977598226,
          18.49421097118658
        ]
      },
      "properties": {
        "location_id": "unknown",
        "timestamp": "2024-11-10",
        "source": "landsat-8",
        "features": {
          "lst": 29.67115406000005
        },
        "quality": {
          "valid": true
        },
        "temporal_context": {}
      }
    },
    {
      "type": "Feature",
      "geometry": {
        "geodesic": false,
        "type": "Point",
        "coordinates": [
          73.80799390244677,
          18.494212760654946
        ]
      },
      "properties": {
        "location_id": "unknown",
        "timestamp": "2024-11-10",
        "source": "landsat-8",
        "features": {
          "lst": 29.448982760000035
        },
        "quality": {
          "valid": true
        },
        "temporal_context": {}
      }
    },
    {
      "type": "Feature",
      "geometry": {
        "geodesic": false,
        "type": "Point",
        "coordinates": [
          73.80827802894373,
          18.494214549697052
        ]
      },
      "properties": {
        "location_id": "unknown",
        "timestamp": "2024-11-10",
        "source": "landsat-8",
        "features": {
          "lst": 29.288335820000043
        },
        "quality": {
          "valid": true
        },
        "temporal_context": {}
      }
    },
    {
      "type": "Feature",
      "geometry": {
        "geodesic": false,
        "type": "Point",
        "coordinates": [
          73.8085621554731,
          18.494216338312906
        ]
      },
      "properties": {
        "location_id": "unknown",
        "timestamp": "2024-11-10",
        "source": "landsat-8",
        "features": {
          "lst": 29.39771245999998
        },
        "quality": {
          "valid": true
        },
        "temporal_context": {}
      }
    },
    {
      "type": "Feature",
      "geometry": {
        "geodesic": false,
        "type": "Point",
        "coordinates": [
          73.80884628203489,
          18.494218126502496
        ]
      },
      "properties": {
        "location_id": "unknown",
        "timestamp": "2024-11-10",
        "source": "landsat-8",
        "features": {
          "lst": 29.589121579999983
        },
        "quality": {
          "valid": true
        },
        "temporal_context": {}
      }
    },
    {
      "type": "Feature",
      "geometry": {
        "geodesic": false,
        "type": "Point",
        "coordinates": [
          73.80913040862907,
          18.494219914265827
        ]
      },
      "properties": {
        "location_id": "unknown",
        "timestamp": "2024-11-10",
        "source": "landsat-8",
        "features": {
          "lst": 30.453880640000023
        },
        "quality": {
          "valid": true
        },
        "temporal_context": {}
      }
    },
    {
      "type": "Feature",
      "geometry": {
        "geodesic": false,
        "type": "Point",
        "coordinates": [
          73.79833551139276,
          18.493880594335888
        ]
      },
      "properties": {
        "location_id": "unknown",
        "timestamp": "2024-11-10",
        "source": "landsat-8",
        "features": {
          "lst": 30.614527580000015
        },
        "quality": {
          "valid": true
        },
        "temporal_context": {}
      }
    },
    {
      "type": "Feature",
      "geometry": {
        "geodesic": false,
        "type": "Point",
        "coordinates": [
          73.79861963633613,
          18.493882397842402
        ]
      },
      "properties": {
        "location_id": "unknown",
        "timestamp": "2024-11-10",
        "source": "landsat-8",
        "features": {
          "lst": 30.341085980000003
        },
        "quality": {
          "valid": true
        },
        "temporal_context": {}
      }
    },
    {
      "type": "Feature",
      "geometry": {
        "geodesic": false,
        "type": "Point",
        "coordinates": [
          73.7989037613122,
          18.49388420092268
        ]
      },
      "properties": {
        "location_id": "unknown",
        "timestamp": "2024-11-10",
        "source": "landsat-8",
        "features": {
          "lst": 30.05055428000003
        },
        "quality": {
          "valid": true
        },
        "temporal_context": {}
      }
    },
    {
      "type": "Feature",
      "geometry": {
        "geodesic": false,
        "type": "Point",
        "coordinates": [
          73.79918788632094,
          18.4938860035767
        ]
      },
      "properties": {
        "location_id": "unknown",
        "timestamp": "2024-11-10",
        "source": "landsat-8",
        "features": {
          "lst": 29.13452491999999
        },
        "quality": {
          "valid": true
        },
        "temporal_context": {}
      }
    },
    {
      "type": "Feature",
      "geometry": {
        "geodesic": false,
        "type": "Point",
        "coordinates": [
          73.79947201136233,
          18.49388780580448
        ]
      },
      "properties": {
        "location_id": "unknown",
        "timestamp": "2024-11-10",
        "source": "landsat-8",
        "features": {
          "lst": 28.88842748000002
        },
        "quality": {
          "valid": true
        },
        "temporal_context": {}
      }
    },
    {
      "type": "Feature",
      "geometry": {
        "geodesic": false,
        "type": "Point",
        "coordinates": [
          73.79975613643639,
          18.493889607606015
        ]
      },
      "properties": {
        "location_id": "unknown",
        "timestamp": "2024-11-10",
        "source": "landsat-8",
        "features": {
          "lst": 28.69018232000002
        },
        "quality": {
          "valid": true
        },
        "temporal_context": {}
      }
    },
    {
      "type": "Feature",
      "geometry": {
        "geodesic": false,
        "type": "Point",
        "coordinates": [
          73.80004026154309,
          18.493891408981302
        ]
      },
      "properties": {
        "location_id": "unknown",
        "timestamp": "2024-11-10",
        "source": "landsat-8",
        "features": {
          "lst": 29.78736674000004
        },
        "quality": {
          "valid": true
        },
        "temporal_context": {}
      }
    },
    {
      "type": "Feature",
      "geometry": {
        "geodesic": false,
        "type": "Point",
        "coordinates": [
          73.80032438668245,
          18.49389320993034
        ]
      },
      "properties": {
        "location_id": "unknown",
        "timestamp": "2024-11-10",
        "source": "landsat-8",
        "features": {
          "lst": 29.828382980000015
        },
        "quality": {
          "valid": true
        },
        "temporal_context": {}
      }
    },
    {
      "type": "Feature",
      "geometry": {
        "geodesic": false,
        "type": "Point",
        "coordinates": [
          73.80060851185442,
          18.493895010453134
        ]
      },
      "properties": {
        "location_id": "unknown",
        "timestamp": "2024-11-10",
        "source": "landsat-8",
        "features": {
          "lst": 29.883071299999983
        },
        "quality": {
          "valid": true
        },
        "temporal_context": {}
      }
    },
    {
      "type": "Feature",
      "geometry": {
        "geodesic": false,
        "type": "Point",
        "coordinates": [
          73.80089263705904,
          18.49389681054968
        ]
      },
      "properties": {
        "location_id": "unknown",
        "timestamp": "2024-11-10",
        "source": "landsat-8",
        "features": {
          "lst": 29.93775962000001
        },
        "quality": {
          "valid": true
        },
        "temporal_context": {}
      }
    },
    {
      "type": "Feature",
      "geometry": {
        "geodesic": false,
        "type": "Point",
        "coordinates": [
          73.80117676229627,
          18.493898610219976
        ]
      },
      "properties": {
        "location_id": "unknown",
        "timestamp": "2024-11-10",
        "source": "landsat-8",
        "features": {
          "lst": 30.08131646000004
        },
        "quality": {
          "valid": true
        },
        "temporal_context": {}
      }
    },
    {
      "type": "Feature",
      "geometry": {
        "geodesic": false,
        "type": "Point",
        "coordinates": [
          73.80146088756612,
          18.493900409464025
        ]
      },
      "properties": {
        "location_id": "unknown",
        "timestamp": "2024-11-10",
        "source": "landsat-8",
        "features": {
          "lst": 30.108660620000023
        },
        "quality": {
          "valid": true
        },
        "temporal_context": {}
      }
    },
    {
      "type": "Feature",
      "geometry": {
        "geodesic": false,
        "type": "Point",
        "coordinates": [
          73.80174501286857,
          18.493902208281828
        ]
      },
      "properties": {
        "location_id": "unknown",
        "timestamp": "2024-11-10",
        "source": "landsat-8",
        "features": {
          "lst": 30.170184980000045
        },
        "quality": {
          "valid": true
        },
        "temporal_context": {}
      }
    },
    {
      "type": "Feature",
      "geometry": {
        "geodesic": false,
        "type": "Point",
        "coordinates": [
          73.80202913820361,
          18.49390400667338
        ]
      },
      "properties": {
        "location_id": "unknown",
        "timestamp": "2024-11-10",
        "source": "landsat-8",
        "features": {
          "lst": 29.619883759999993
        },
        "quality": {
          "valid": true
        },
        "temporal_context": {}
      }
    },
    {
      "type": "Feature",
      "geometry": {
        "geodesic": false,
        "type": "Point",
        "coordinates": [
          73.80231326357125,
          18.493905804638686
        ]
      },
      "properties": {
        "location_id": "unknown",
        "timestamp": "2024-11-10",
        "source": "landsat-8",
        "features": {
          "lst": 29.636973860000012
        },
        "quality": {
          "valid": true
        },
        "temporal_context": {}
      }
    },
    {
      "type": "Feature",
      "geometry": {
        "geodesic": false,
        "type": "Point",
        "coordinates": [
          73.80259738897146,
          18.49390760217774
        ]
      },
      "properties": {
        "location_id": "unknown",
        "timestamp": "2024-11-10",
        "source": "landsat-8",
        "features": {
          "lst": 29.551523360000033
        },
        "quality": {
          "valid": true
        },
        "temporal_context": {}
      }
    },
    {
      "type": "Feature",
      "geometry": {
        "geodesic": false,
        "type": "Point",
        "coordinates": [
          73.80288151440426,
          18.49390939929055
        ]
      },
      "properties": {
        "location_id": "unknown",
        "timestamp": "2024-11-10",
        "source": "landsat-8",
        "features": {
          "lst": 29.42505662000002
        },
        "quality": {
          "valid": true
        },
        "temporal_context": {}
      }
    },
    {
      "type": "Feature",
      "geometry": {
        "geodesic": false,
        "type": "Point",
        "coordinates": [
          73.80316563986962,
          18.49391119597711
        ]
      },
      "properties": {
        "location_id": "unknown",
        "timestamp": "2024-11-10",
        "source": "landsat-8",
        "features": {
          "lst": 29.295171859999982
        },
        "quality": {
          "valid": true
        },
        "temporal_context": {}
      }
    },
    {
      "type": "Feature",
      "geometry": {
        "geodesic": false,
        "type": "Point",
        "coordinates": [
          73.80344976536752,
          18.493912992237416
        ]
      },
      "properties": {
        "location_id": "unknown",
        "timestamp": "2024-11-10",
        "source": "landsat-8",
        "features": {
          "lst": 29.22681146000002
        },
        "quality": {
          "valid": true
        },
        "temporal_context": {}
      }
    },
    {
      "type": "Feature",
      "geometry": {
        "geodesic": false,
        "type": "Point",
        "coordinates": [
          73.80373389089797,
          18.49391478807148
        ]
      },
      "properties": {
        "location_id": "unknown",
        "timestamp": "2024-11-10",
        "source": "landsat-8",
        "features": {
          "lst": 29.233647500000018
        },
        "quality": {
          "valid": true
        },
        "temporal_context": {}
      }
    },
    {
      "type": "Feature",
      "geometry": {
        "geodesic": false,
        "type": "Point",
        "coordinates": [
          73.80401801646099,
          18.493916583479287
        ]
      },
      "properties": {
        "location_id": "unknown",
        "timestamp": "2024-11-10",
        "source": "landsat-8",
        "features": {
          "lst": 29.086672640000018
        },
        "quality": {
          "valid": true
        },
        "temporal_context": {}
      }
    },
    {
      "type": "Feature",
      "geometry": {
        "geodesic": false,
        "type": "Point",
        "coordinates": [
          73.80430214205653,
          18.49391837846085
        ]
      },
      "properties": {
        "location_id": "unknown",
        "timestamp": "2024-11-10",
        "source": "landsat-8",
        "features": {
          "lst": 29.219975420000026
        },
        "quality": {
          "valid": true
        },
        "temporal_context": {}
      }
    },
    {
      "type": "Feature",
      "geometry": {
        "geodesic": false,
        "type": "Point",
        "coordinates": [
          73.8045862676846,
          18.49392017301616
        ]
      },
      "properties": {
        "location_id": "unknown",
        "timestamp": "2024-11-10",
        "source": "landsat-8",
        "features": {
          "lst": 29.315679980000027
        },
        "quality": {
          "valid": true
        },
        "temporal_context": {}
      }
    },
    {
      "type": "Feature",
      "geometry": {
        "geodesic": false,
        "type": "Point",
        "coordinates": [
          73.80487039334517,
          18.49392196714522
        ]
      },
      "properties": {
        "location_id": "unknown",
        "timestamp": "2024-11-10",
        "source": "landsat-8",
        "features": {
          "lst": 29.01147620000006
        },
        "quality": {
          "valid": true
        },
        "temporal_context": {}
      }
    },
    {
      "type": "Feature",
      "geometry": {
        "geodesic": false,
        "type": "Point",
        "coordinates": [
          73.80515451903827,
          18.49392376084803
        ]
      },
      "properties": {
        "location_id": "unknown",
        "timestamp": "2024-11-10",
        "source": "landsat-8",
        "features": {
          "lst": 28.464593000000036
        },
        "quality": {
          "valid": true
        },
        "temporal_context": {}
      }
    },
    {
      "type": "Feature",
      "geometry": {
        "geodesic": false,
        "type": "Point",
        "coordinates": [
          73.80543864476388,
          18.493925554124587
        ]
      },
      "properties": {
        "location_id": "unknown",
        "timestamp": "2024-11-10",
        "source": "landsat-8",
        "features": {
          "lst": 28.153553180000017
        },
        "quality": {
          "valid": true
        },
        "temporal_context": {}
      }
    },
    {
      "type": "Feature",
      "geometry": {
        "geodesic": false,
        "type": "Point",
        "coordinates": [
          73.80572277052197,
          18.4939273469749
        ]
      },
      "properties": {
        "location_id": "unknown",
        "timestamp": "2024-11-10",
        "source": "landsat-8",
        "features": {
          "lst": 28.290273980000052
        },
        "quality": {
          "valid": true
        },
        "temporal_context": {}
      }
    },
    {
      "type": "Feature",
      "geometry": {
        "geodesic": false,
        "type": "Point",
        "coordinates": [
          73.80600689631255,
          18.493929139398954
        ]
      },
      "properties": {
        "location_id": "unknown",
        "timestamp": "2024-11-10",
        "source": "landsat-8",
        "features": {
          "lst": 29.230229480000048
        },
        "quality": {
          "valid": true
        },
        "temporal_context": {}
      }
    },
    {
      "type": "Feature",
      "geometry": {
        "geodesic": false,
        "type": "Point",
        "coordinates": [
          73.80629102213562,
          18.49393093139676
        ]
      },
      "properties": {
        "location_id": "unknown",
        "timestamp": "2024-11-10",
        "source": "landsat-8",
        "features": {
          "lst": 29.52759722000002
        },
        "quality": {
          "valid": true
        },
        "temporal_context": {}
      }
    },
    {
      "type": "Feature",
      "geometry": {
        "geodesic": false,
        "type": "Point",
        "coordinates": [
          73.80657514799117,
          18.493932722968314
        ]
      },
      "properties": {
        "location_id": "unknown",
        "timestamp": "2024-11-10",
        "source": "landsat-8",
        "features": {
          "lst": 29.565195440000025
        },
        "quality": {
          "valid": true
        },
        "temporal_context": {}
      }
    },
    {
      "type": "Feature",
      "geometry": {
        "geodesic": false,
        "type": "Point",
        "coordinates": [
          73.80685927387917,
          18.493934514113615
        ]
      },
      "properties": {
        "location_id": "unknown",
        "timestamp": "2024-11-10",
        "source": "landsat-8",
        "features": {
          "lst": 29.503671080000004
        },
        "quality": {
          "valid": true
        },
        "temporal_context": {}
      }
    },
    {
      "type": "Feature",
      "geometry": {
        "geodesic": false,
        "type": "Point",
        "coordinates": [
          73.80714339979963,
          18.493936304832665
        ]
      },
      "properties": {
        "location_id": "unknown",
        "timestamp": "2024-11-10",
        "source": "landsat-8",
        "features": {
          "lst": 29.496835040000008
        },
        "quality": {
          "valid": true
        },
        "temporal_context": {}
      }
    },
    {
      "type": "Feature",
      "geometry": {
        "geodesic": false,
        "type": "Point",
        "coordinates": [
          73.80742752575254,
          18.493938095125465
        ]
      },
      "properties": {
        "location_id": "unknown",
        "timestamp": "2024-11-10",
        "source": "landsat-8",
        "features": {
          "lst": 29.503671080000004
        },
        "quality": {
          "valid": true
        },
        "temporal_context": {}
      }
    },
    {
      "type": "Feature",
      "geometry": {
        "geodesic": false,
        "type": "Point",
        "coordinates": [
          73.80771165173789,
          18.49393988499201
        ]
      },
      "properties": {
        "location_id": "unknown",
        "timestamp": "2024-11-10",
        "source": "landsat-8",
        "features": {
          "lst": 29.551523360000033
        },
        "quality": {
          "valid": true
        },
        "temporal_context": {}
      }
    },
    {
      "type": "Feature",
      "geometry": {
        "geodesic": false,
        "type": "Point",
        "coordinates": [
          73.80799577775568,
          18.493941674432303
        ]
      },
      "properties": {
        "location_id": "unknown",
        "timestamp": "2024-11-10",
        "source": "landsat-8",
        "features": {
          "lst": 29.565195440000025
        },
        "quality": {
          "valid": true
        },
        "temporal_context": {}
      }
    },
    {
      "type": "Feature",
      "geometry": {
        "geodesic": false,
        "type": "Point",
        "coordinates": [
          73.80827990380588,
          18.493943463446342
        ]
      },
      "properties": {
        "location_id": "unknown",
        "timestamp": "2024-11-10",
        "source": "landsat-8",
        "features": {
          "lst": 29.55494138000006
        },
        "quality": {
          "valid": true
        },
        "temporal_context": {}
      }
    },
    {
      "type": "Feature",
      "geometry": {
        "geodesic": false,
        "type": "Point",
        "coordinates": [
          73.80856402988853,
          18.49394525203413
        ]
      },
      "properties": {
        "location_id": "unknown",
        "timestamp": "2024-11-10",
        "source": "landsat-8",
        "features": {
          "lst": 29.57544949999999
        },
        "quality": {
          "valid": true
        },
        "temporal_context": {}
      }
    },
    {
      "type": "Feature",
      "geometry": {
        "geodesic": false,
        "type": "Point",
        "coordinates": [
          73.80884815600358,
          18.493947040195668
        ]
      },
      "properties": {
        "location_id": "unknown",
        "timestamp": "2024-11-10",
        "source": "landsat-8",
        "features": {
          "lst": 29.807874860000027
        },
        "quality": {
          "valid": true
        },
        "temporal_context": {}
      }
    },
    {
      "type": "Feature",
      "geometry": {
        "geodesic": false,
        "type": "Point",
        "coordinates": [
          73.80913228215101,
          18.493948827930943
        ]
      },
      "properties": {
        "location_id": "unknown",
        "timestamp": "2024-11-10",
        "source": "landsat-8",
        "features": {
          "lst": 29.578867520000017
        },
        "quality": {
          "valid": true
        },
        "temporal_context": {}
      }
    },
    {
      "type": "Feature",
      "geometry": {
        "geodesic": false,
        "type": "Point",
        "coordinates": [
          73.798337401858,
          18.493609509063653
        ]
      },
      "properties": {
        "location_id": "unknown",
        "timestamp": "2024-11-10",
        "source": "landsat-8",
        "features": {
          "lst": 31.380164060000027
        },
        "quality": {
          "valid": true
        },
        "temporal_context": {}
      }
    },
    {
      "type": "Feature",
      "geometry": {
        "geodesic": false,
        "type": "Point",
        "coordinates": [
          73.79862152635467,
          18.493611312541873
        ]
      },
      "properties": {
        "location_id": "unknown",
        "timestamp": "2024-11-10",
        "source": "landsat-8",
        "features": {
          "lst": 30.97000165999998
        },
        "quality": {
          "valid": true
        },
        "temporal_context": {}
      }
    },
    {
      "type": "Feature",
      "geometry": {
        "geodesic": false,
        "type": "Point",
        "coordinates": [
          73.798905650884,
          18.493613115593853
        ]
      },
      "properties": {
        "location_id": "unknown",
        "timestamp": "2024-11-10",
        "source": "landsat-8",
        "features": {
          "lst": 30.614527580000015
        },
        "quality": {
          "valid": true
        },
        "temporal_context": {}
      }
    },
    {
      "type": "Feature",
      "geometry": {
        "geodesic": false,
        "type": "Point",
        "coordinates": [
          73.79918977544601,
          18.4936149182196
        ]
      },
      "properties": {
        "location_id": "unknown",
        "timestamp": "2024-11-10",
        "source": "landsat-8",
        "features": {
          "lst": 29.619883759999993
        },
        "quality": {
          "valid": true
        },
        "temporal_context": {}
      }
    },
    {
      "type": "Feature",
      "geometry": {
        "geodesic": false,
        "type": "Point",
        "coordinates": [
          73.79947390004068,
          18.4936167204191
        ]
      },
      "properties": {
        "location_id": "unknown",
        "timestamp": "2024-11-10",
        "source": "landsat-8",
        "features": {
          "lst": 29.305425920000005
        },
        "quality": {
          "valid": true
        },
        "temporal_context": {}
      }
    },
    {
      "type": "Feature",
      "geometry": {
        "geodesic": false,
        "type": "Point",
        "coordinates": [
          73.79975802466801,
          18.493618522192364
        ]
      },
      "properties": {
        "location_id": "unknown",
        "timestamp": "2024-11-10",
        "source": "landsat-8",
        "features": {
          "lst": 29.07983660000002
        },
        "quality": {
          "valid": true
        },
        "temporal_context": {}
      }
    },
    {
      "type": "Feature",
      "geometry": {
        "geodesic": false,
        "type": "Point",
        "coordinates": [
          73.800042149328,
          18.493620323539385
        ]
      },
      "properties": {
        "location_id": "unknown",
        "timestamp": "2024-11-10",
        "source": "landsat-8",
        "features": {
          "lst": 30.11549666000002
        },
        "quality": {
          "valid": true
        },
        "temporal_context": {}
      }
    },
    {
      "type": "Feature",
      "geometry": {
        "geodesic": false,
        "type": "Point",
        "coordinates": [
          73.80032627402062,
          18.49362212446017
        ]
      },
      "properties": {
        "location_id": "unknown",
        "timestamp": "2024-11-10",
        "source": "landsat-8",
        "features": {
          "lst": 30.047136260000002
        },
        "quality": {
          "valid": true
        },
        "temporal_context": {}
      }
    },
    {
      "type": "Feature",
      "geometry": {
        "geodesic": false,
        "type": "Point",
        "coordinates": [
          73.80061039874589,
          18.493623924954708
        ]
      },
      "properties": {
        "location_id": "unknown",
        "timestamp": "2024-11-10",
        "source": "landsat-8",
        "features": {
          "lst": 30.019792100000018
        },
        "quality": {
          "valid": true
        },
        "temporal_context": {}
      }
    },
    {
      "type": "Feature",
      "geometry": {
        "geodesic": false,
        "type": "Point",
        "coordinates": [
          73.80089452350377,
          18.493625725023012
        ]
      },
      "properties": {
        "location_id": "unknown",
        "timestamp": "2024-11-10",
        "source": "landsat-8",
        "features": {
          "lst": 30.030046159999984
        },
        "quality": {
          "valid": true
        },
        "temporal_context": {}
      }
    },
    {
      "type": "Feature",
      "geometry": {
        "geodesic": false,
        "type": "Point",
        "coordinates": [
          73.80117864829427,
          18.493627524665076
        ]
      },
      "properties": {
        "location_id": "unknown",
        "timestamp": "2024-11-10",
        "source": "landsat-8",
        "features": {
          "lst": 30.187275080000006
        },
        "quality": {
          "valid": true
        },
        "temporal_context": {}
      }
    },
    {
      "type": "Feature",
      "geometry": {
        "geodesic": false,
        "type": "Point",
        "coordinates": [
          73.8014627731174,
          18.493629323880892
        ]
      },
      "properties": {
        "location_id": "unknown",
        "timestamp": "2024-11-10",
        "source": "landsat-8",
        "features": {
          "lst": 30.238545380000005
        },
        "quality": {
          "valid": true
        },
        "temporal_context": {}
      }
    },
    {
      "type": "Feature",
      "geometry": {
        "geodesic": false,
        "type": "Point",
        "coordinates": [
          73.80174689797312,
          18.49363112267047
        ]
      },
      "properties": {
        "location_id": "unknown",
        "timestamp": "2024-11-10",
        "source": "landsat-8",
        "features": {
          "lst": 30.37868420000001
        },
        "quality": {
          "valid": true
        },
        "temporal_context": {}
      }
    },
    {
      "type": "Feature",
      "geometry": {
        "geodesic": false,
        "type": "Point",
        "coordinates": [
          73.80203102286143,
          18.493632921033807
        ]
      },
      "properties": {
        "location_id": "unknown",
        "timestamp": "2024-11-10",
        "source": "landsat-8",
        "features": {
          "lst": 29.989029920000007
        },
        "quality": {
          "valid": true
        },
        "temporal_context": {}
      }
    },
    {
      "type": "Feature",
      "geometry": {
        "geodesic": false,
        "type": "Point",
        "coordinates": [
          73.80231514778234,
          18.493634718970902
        ]
      },
      "properties": {
        "location_id": "unknown",
        "timestamp": "2024-11-10",
        "source": "landsat-8",
        "features": {
          "lst": 30.12916874000001
        },
        "quality": {
          "valid": true
        },
        "temporal_context": {}
      }
    },
    {
      "type": "Feature",
      "geometry": {
        "geodesic": false,
        "type": "Point",
        "coordinates": [
          73.80259927273582,
          18.493636516481757
        ]
      },
      "properties": {
        "location_id": "unknown",
        "timestamp": "2024-11-10",
        "source": "landsat-8",
        "features": {
          "lst": 30.091570520000005
        },
        "quality": {
          "valid": true
        },
        "temporal_context": {}
      }
    },
    {
      "type": "Feature",
      "geometry": {
        "geodesic": false,
        "type": "Point",
        "coordinates": [
          73.80288339772187,
          18.49363831356637
        ]
      },
      "properties": {
        "location_id": "unknown",
        "timestamp": "2024-11-10",
        "source": "landsat-8",
        "features": {
          "lst": 29.941177639999978
        },
        "quality": {
          "valid": true
        },
        "temporal_context": {}
      }
    },
    {
      "type": "Feature",
      "geometry": {
        "geodesic": false,
        "type": "Point",
        "coordinates": [
          73.80316752274051,
          18.49364011022474
        ]
      },
      "properties": {
        "location_id": "unknown",
        "timestamp": "2024-11-10",
        "source": "landsat-8",
        "features": {
          "lst": 29.69166217999998
        },
        "quality": {
          "valid": true
        },
        "temporal_context": {}
      }
    },
    {
      "type": "Feature",
      "geometry": {
        "geodesic": false,
        "type": "Point",
        "coordinates": [
          73.80345164779169,
          18.493641906456865
        ]
      },
      "properties": {
        "location_id": "unknown",
        "timestamp": "2024-11-10",
        "source": "landsat-8",
        "features": {
          "lst": 29.47632692000002
        },
        "quality": {
          "valid": true
        },
        "temporal_context": {}
      }
    },
    {
      "type": "Feature",
      "geometry": {
        "geodesic": false,
        "type": "Point",
        "coordinates": [
          73.80373577287543,
          18.49364370226275
        ]
      },
      "properties": {
        "location_id": "unknown",
        "timestamp": "2024-11-10",
        "source": "landsat-8",
        "features": {
          "lst": 29.27808176000002
        },
        "quality": {
          "valid": true
        },
        "temporal_context": {}
      }
    },
    {
      "type": "Feature",
      "geometry": {
        "geodesic": false,
        "type": "Point",
        "coordinates": [
          73.8040198979917,
          18.49364549764239
        ]
      },
      "properties": {
        "location_id": "unknown",
        "timestamp": "2024-11-10",
        "source": "landsat-8",
        "features": {
          "lst": 28.943115799999987
        },
        "quality": {
          "valid": true
        },
        "temporal_context": {}
      }
    },
    {
      "type": "Feature",
      "geometry": {
        "geodesic": false,
        "type": "Point",
        "coordinates": [
          73.8043040231405,
          18.49364729259579
        ]
      },
      "properties": {
        "location_id": "unknown",
        "timestamp": "2024-11-10",
        "source": "landsat-8",
        "features": {
          "lst": 28.874755400000026
        },
        "quality": {
          "valid": true
        },
        "temporal_context": {}
      }
    },
    {
      "type": "Feature",
      "geometry": {
        "geodesic": false,
        "type": "Point",
        "coordinates": [
          73.80458814832186,
          18.493649087122943
        ]
      },
      "properties": {
        "location_id": "unknown",
        "timestamp": "2024-11-10",
        "source": "landsat-8",
        "features": {
          "lst": 28.820067080000058
        },
        "quality": {
          "valid": true
        },
        "temporal_context": {}
      }
    },
    {
      "type": "Feature",
      "geometry": {
        "geodesic": false,
        "type": "Point",
        "coordinates": [
          73.8048722735357,
          18.493650881223854
        ]
      },
      "properties": {
        "location_id": "unknown",
        "timestamp": "2024-11-10",
        "source": "landsat-8",
        "features": {
          "lst": 28.60814984000001
        },
        "quality": {
          "valid": true
        },
        "temporal_context": {}
      }
    },
    {
      "type": "Feature",
      "geometry": {
        "geodesic": false,
        "type": "Point",
        "coordinates": [
          73.80515639878206,
          18.493652674898517
        ]
      },
      "properties": {
        "location_id": "unknown",
        "timestamp": "2024-11-10",
        "source": "landsat-8",
        "features": {
          "lst": 28.29369200000002
        },
        "quality": {
          "valid": true
        },
        "temporal_context": {}
      }
    },
    {
      "type": "Feature",
      "geometry": {
        "geodesic": false,
        "type": "Point",
        "coordinates": [
          73.80544052406094,
          18.49365446814694
        ]
      },
      "properties": {
        "location_id": "unknown",
        "timestamp": "2024-11-10",
        "source": "landsat-8",
        "features": {
          "lst": 28.174061300000005
        },
        "quality": {
          "valid": true
        },
        "temporal_context": {}
      }
    },
    {
      "type": "Feature",
      "geometry": {
        "geodesic": false,
        "type": "Point",
        "coordinates": [
          73.8057246493723,
          18.49365626096912
        ]
      },
      "properties": {
        "location_id": "unknown",
        "timestamp": "2024-11-10",
        "source": "landsat-8",
        "features": {
          "lst": 28.27660190000006
        },
        "quality": {
          "valid": true
        },
        "temporal_context": {}
      }
    },
    {
      "type": "Feature",
      "geometry": {
        "geodesic": false,
        "type": "Point",
        "coordinates": [
          73.80600877471616,
          18.493658053365053
        ]
      },
      "properties": {
        "location_id": "unknown",
        "timestamp": "2024-11-10",
        "source": "landsat-8",
        "features": {
          "lst": 29.086672640000018
        },
        "quality": {
          "valid": true
        },
        "temporal_context": {}
      }
    },
    {
      "type": "Feature",
      "geometry": {
        "geodesic": false,
        "type": "Point",
        "coordinates": [
          73.80629290009249,
          18.493659845334744
        ]
      },
      "properties": {
        "location_id": "unknown",
        "timestamp": "2024-11-10",
        "source": "landsat-8",
        "features": {
          "lst": 29.267827699999998
        },
        "quality": {
          "valid": true
        },
        "temporal_context": {}
      }
    },
    {
      "type": "Feature",
      "geometry": {
        "geodesic": false,
        "type": "Point",
        "coordinates": [
          73.8065770255013,
          18.49366163687819
        ]
      },
      "properties": {
        "location_id": "unknown",
        "timestamp": "2024-11-10",
        "source": "landsat-8",
        "features": {
          "lst": 29.284917800000017
        },
        "quality": {
          "valid": true
        },
        "temporal_context": {}
      }
    },
    {
      "type": "Feature",
      "geometry": {
        "geodesic": false,
        "type": "Point",
        "coordinates": [
          73.80686115094257,
          18.49366342799539
        ]
      },
      "properties": {
        "location_id": "unknown",
        "timestamp": "2024-11-10",
        "source": "landsat-8",
        "features": {
          "lst": 29.223393439999995
        },
        "quality": {
          "valid": true
        },
        "temporal_context": {}
      }
    },
    {
      "type": "Feature",
      "geometry": {
        "geodesic": false,
        "type": "Point",
        "coordinates": [
          73.8071452764163,
          18.493665218686342
        ]
      },
      "properties": {
        "location_id": "unknown",
        "timestamp": "2024-11-10",
        "source": "landsat-8",
        "features": {
          "lst": 29.24390156000004
        },
        "quality": {
          "valid": true
        },
        "temporal_context": {}
      }
    },
    {
      "type": "Feature",
      "geometry": {
        "geodesic": false,
        "type": "Point",
        "coordinates": [
          73.80742940192248,
          18.49366700895105
        ]
      },
      "properties": {
        "location_id": "unknown",
        "timestamp": "2024-11-10",
        "source": "landsat-8",
        "features": {
          "lst": 29.28149977999999
        },
        "quality": {
          "valid": true
        },
        "temporal_context": {}
      }
    },
    {
      "type": "Feature",
      "geometry": {
        "geodesic": false,
        "type": "Point",
        "coordinates": [
          73.80771352746109,
          18.493668798789514
        ]
      },
      "properties": {
        "location_id": "unknown",
        "timestamp": "2024-11-10",
        "source": "landsat-8",
        "features": {
          "lst": 29.353278199999977
        },
        "quality": {
          "valid": true
        },
        "temporal_context": {}
      }
    },
    {
      "type": "Feature",
      "geometry": {
        "geodesic": false,
        "type": "Point",
        "coordinates": [
          73.80799765303216,
          18.49367058820173
        ]
      },
      "properties": {
        "location_id": "unknown",
        "timestamp": "2024-11-10",
        "source": "landsat-8",
        "features": {
          "lst": 29.442146719999982
        },
        "quality": {
          "valid": true
        },
        "temporal_context": {}
      }
    },
    {
      "type": "Feature",
      "geometry": {
        "geodesic": false,
        "type": "Point",
        "coordinates": [
          73.80828177863563,
          18.493672377187703
        ]
      },
      "properties": {
        "location_id": "unknown",
        "timestamp": "2024-11-10",
        "source": "landsat-8",
        "features": {
          "lst": 29.54126930000001
        },
        "quality": {
          "valid": true
        },
        "temporal_context": {}
      }
    },
    {
      "type": "Feature",
      "geometry": {
        "geodesic": false,
        "type": "Point",
        "coordinates": [
          73.80856590427153,
          18.49367416574743
        ]
      },
      "properties": {
        "location_id": "unknown",
        "timestamp": "2024-11-10",
        "source": "landsat-8",
        "features": {
          "lst": 29.67457208000002
        },
        "quality": {
          "valid": true
        },
        "temporal_context": {}
      }
    },
    {
      "type": "Feature",
      "geometry": {
        "geodesic": false,
        "type": "Point",
        "coordinates": [
          73.80885002993985,
          18.493675953880906
        ]
      },
      "properties": {
        "location_id": "unknown",
        "timestamp": "2024-11-10",
        "source": "landsat-8",
        "features": {
          "lst": 29.85572714
        },
        "quality": {
          "valid": true
        },
        "temporal_context": {}
      }
    },
    {
      "type": "Feature",
      "geometry": {
        "geodesic": false,
        "type": "Point",
        "coordinates": [
          73.80913415564056,
          18.493677741588137
        ]
      },
      "properties": {
        "location_id": "unknown",
        "timestamp": "2024-11-10",
        "source": "landsat-8",
        "features": {
          "lst": 29.60621168
        },
        "quality": {
          "valid": true
        },
        "temporal_context": {}
      }
    },
    {
      "type": "Feature",
      "geometry": {
        "geodesic": false,
        "type": "Point",
        "coordinates": [
          73.79833929229058,
          18.493338423783467
        ]
      },
      "properties": {
        "location_id": "unknown",
        "timestamp": "2024-11-10",
        "source": "landsat-8",
        "features": {
          "lst": 32.14238252000001
        },
        "quality": {
          "valid": true
        },
        "temporal_context": {}
      }
    },
    {
      "type": "Feature",
      "geometry": {
        "geodesic": false,
        "type": "Point",
        "coordinates": [
          73.79862341634052,
          18.493340227233393
        ]
      },
      "properties": {
        "location_id": "unknown",
        "timestamp": "2024-11-10",
        "source": "landsat-8",
        "features": {
          "lst": 31.711712000000034
        },
        "quality": {
          "valid": true
        },
        "temporal_context": {}
      }
    },
    {
      "type": "Feature",
      "geometry": {
        "geodesic": false,
        "type": "Point",
        "coordinates": [
          73.79890754042313,
          18.493342030257086
        ]
      },
      "properties": {
        "location_id": "unknown",
        "timestamp": "2024-11-10",
        "source": "landsat-8",
        "features": {
          "lst": 31.267369400000007
        },
        "quality": {
          "valid": true
        },
        "temporal_context": {}
      }
    },
    {
      "type": "Feature",
      "geometry": {
        "geodesic": false,
        "type": "Point",
        "coordinates": [
          73.79919166453843,
          18.493343832854546
        ]
      },
      "properties": {
        "location_id": "unknown",
        "timestamp": "2024-11-10",
        "source": "landsat-8",
        "features": {
          "lst": 30.28981568000006
        },
        "quality": {
          "valid": true
        },
        "temporal_context": {}
      }
    },
    {
      "type": "Feature",
      "geometry": {
        "geodesic": false,
        "type": "Point",
        "coordinates": [
          73.79947578868638,
          18.49334563502577
        ]
      },
      "properties": {
        "location_id": "unknown",
        "timestamp": "2024-11-10",
        "source": "landsat-8",
        "features": {
          "lst": 29.98219388000001
        },
        "quality": {
          "valid": true
        },
        "temporal_context": {}
      }
    },
    {
      "type": "Feature",
      "geometry": {
        "geodesic": false,
        "type": "Point",
        "coordinates": [
          73.79975991286699,
          18.493347436770765
        ]
      },
      "properties": {
        "location_id": "unknown",
        "timestamp": "2024-11-10",
        "source": "landsat-8",
        "features": {
          "lst": 29.773694660000046
        },
        "quality": {
          "valid": true
        },
        "temporal_context": {}
      }
    },
    {
      "type": "Feature",
      "geometry": {
        "geodesic": false,
        "type": "Point",
        "coordinates": [
          73.80004403708026,
          18.49334923808952
        ]
      },
      "properties": {
        "location_id": "unknown",
        "timestamp": "2024-11-10",
        "source": "landsat-8",
        "features": {
          "lst": 30.761502440000015
        },
        "quality": {
          "valid": true
        },
        "temporal_context": {}
      }
    },
    {
      "type": "Feature",
      "geometry": {
        "geodesic": false,
        "type": "Point",
        "coordinates": [
          73.80032816132616,
          18.49335103898205
        ]
      },
      "properties": {
        "location_id": "unknown",
        "timestamp": "2024-11-10",
        "source": "landsat-8",
        "features": {
          "lst": 30.67263392000001
        },
        "quality": {
          "valid": true
        },
        "temporal_context": {}
      }
    },
    {
      "type": "Feature",
      "geometry": {
        "geodesic": false,
        "type": "Point",
        "coordinates": [
          73.8006122856047,
          18.49335283944834
        ]
      },
      "properties": {
        "location_id": "unknown",
        "timestamp": "2024-11-10",
        "source": "landsat-8",
        "features": {
          "lst": 30.511986980000017
        },
        "quality": {
          "valid": true
        },
        "temporal_context": {}
      }
    },
    {
      "type": "Feature",
      "geometry": {
        "geodesic": false,
        "type": "Point",
        "coordinates": [
          73.80089640991586,
          18.4933546394884
        ]
      },
      "properties": {
        "location_id": "unknown",
        "timestamp": "2024-11-10",
        "source": "landsat-8",
        "features": {
          "lst": 30.42653647999998
        },
        "quality": {
          "valid": true
        },
        "temporal_context": {}
      }
    },
    {
      "type": "Feature",
      "geometry": {
        "geodesic": false,
        "type": "Point",
        "coordinates": [
          73.80118053425966,
          18.493356439102225
        ]
      },
      "properties": {
        "location_id": "unknown",
        "timestamp": "2024-11-10",
        "source": "landsat-8",
        "features": {
          "lst": 30.518823020000013
        },
        "quality": {
          "valid": true
        },
        "temporal_context": {}
      }
    },
    {
      "type": "Feature",
      "geometry": {
        "geodesic": false,
        "type": "Point",
        "coordinates": [
          73.80146465863605,
          18.493358238289815
        ]
      },
      "properties": {
        "location_id": "unknown",
        "timestamp": "2024-11-10",
        "source": "landsat-8",
        "features": {
          "lst": 30.566675300000043
        },
        "quality": {
          "valid": true
        },
        "temporal_context": {}
      }
    },
    {
      "type": "Feature",
      "geometry": {
        "geodesic": false,
        "type": "Point",
        "coordinates": [
          73.80174878304506,
          18.493360037051172
        ]
      },
      "properties": {
        "location_id": "unknown",
        "timestamp": "2024-11-10",
        "source": "landsat-8",
        "features": {
          "lst": 30.799100660000022
        },
        "quality": {
          "valid": true
        },
        "temporal_context": {}
      }
    },
    {
      "type": "Feature",
      "geometry": {
        "geodesic": false,
        "type": "Point",
        "coordinates": [
          73.80203290748665,
          18.493361835386292
        ]
      },
      "properties": {
        "location_id": "unknown",
        "timestamp": "2024-11-10",
        "source": "landsat-8",
        "features": {
          "lst": 30.542749160000028
        },
        "quality": {
          "valid": true
        },
        "temporal_context": {}
      }
    },
    {
      "type": "Feature",
      "geometry": {
        "geodesic": false,
        "type": "Point",
        "coordinates": [
          73.80231703196084,
          18.493363633295175
        ]
      },
      "properties": {
        "location_id": "unknown",
        "timestamp": "2024-11-10",
        "source": "landsat-8",
        "features": {
          "lst": 30.82302679999998
        },
        "quality": {
          "valid": true
        },
        "temporal_context": {}
      }
    },
    {
      "type": "Feature",
      "geometry": {
        "geodesic": false,
        "type": "Point",
        "coordinates": [
          73.8026011564676,
          18.49336543077783
        ]
      },
      "properties": {
        "location_id": "unknown",
        "timestamp": "2024-11-10",
        "source": "landsat-8",
        "features": {
          "lst": 30.82302679999998
        },
        "quality": {
          "valid": true
        },
        "temporal_context": {}
      }
    },
    {
      "type": "Feature",
      "geometry": {
        "geodesic": false,
        "type": "Point",
        "coordinates": [
          73.80288528100694,
          18.49336722783424
        ]
      },
      "properties": {
        "location_id": "unknown",
        "timestamp": "2024-11-10",
        "source": "landsat-8",
        "features": {
          "lst": 30.70339610000002
        },
        "quality": {
          "valid": true
        },
        "temporal_context": {}
      }
    },
    {
      "type": "Feature",
      "geometry": {
        "geodesic": false,
        "type": "Point",
        "coordinates": [
          73.80316940557886,
          18.49336902446442
        ]
      },
      "properties": {
        "location_id": "unknown",
        "timestamp": "2024-11-10",
        "source": "landsat-8",
        "features": {
          "lst": 30.477806780000037
        },
        "quality": {
          "valid": true
        },
        "temporal_context": {}
      }
    },
    {
      "type": "Feature",
      "geometry": {
        "geodesic": false,
        "type": "Point",
        "coordinates": [
          73.8034535301833,
          18.493370820668364
        ]
      },
      "properties": {
        "location_id": "unknown",
        "timestamp": "2024-11-10",
        "source": "landsat-8",
        "features": {
          "lst": 30.12916874000001
        },
        "quality": {
          "valid": true
        },
        "temporal_context": {}
      }
    },
    {
      "type": "Feature",
      "geometry": {
        "geodesic": false,
        "type": "Point",
        "coordinates": [
          73.80373765482031,
          18.493372616446074
        ]
      },
      "properties": {
        "location_id": "unknown",
        "timestamp": "2024-11-10",
        "source": "landsat-8",
        "features": {
          "lst": 29.77027664000002
        },
        "quality": {
          "valid": true
        },
        "temporal_context": {}
      }
    },
    {
      "type": "Feature",
      "geometry": {
        "geodesic": false,
        "type": "Point",
        "coordinates": [
          73.80402177948987,
          18.493374411797543
        ]
      },
      "properties": {
        "location_id": "unknown",
        "timestamp": "2024-11-10",
        "source": "landsat-8",
        "features": {
          "lst": 29.21313938000003
        },
        "quality": {
          "valid": true
        },
        "temporal_context": {}
      }
    },
    {
      "type": "Feature",
      "geometry": {
        "geodesic": false,
        "type": "Point",
        "coordinates": [
          73.80430590419196,
          18.49337620672278
        ]
      },
      "properties": {
        "location_id": "unknown",
        "timestamp": "2024-11-10",
        "source": "landsat-8",
        "features": {
          "lst": 28.994386100000042
        },
        "quality": {
          "valid": true
        },
        "temporal_context": {}
      }
    },
    {
      "type": "Feature",
      "geometry": {
        "geodesic": false,
        "type": "Point",
        "coordinates": [
          73.80459002892658,
          18.493378001221778
        ]
      },
      "properties": {
        "location_id": "unknown",
        "timestamp": "2024-11-10",
        "source": "landsat-8",
        "features": {
          "lst": 28.83373916000005
        },
        "quality": {
          "valid": true
        },
        "temporal_context": {}
      }
    },
    {
      "type": "Feature",
      "geometry": {
        "geodesic": false,
        "type": "Point",
        "coordinates": [
          73.80487415369372,
          18.493379795294537
        ]
      },
      "properties": {
        "location_id": "unknown",
        "timestamp": "2024-11-10",
        "source": "landsat-8",
        "features": {
          "lst": 28.676510240000027
        },
        "quality": {
          "valid": true
        },
        "temporal_context": {}
      }
    },
    {
      "type": "Feature",
      "geometry": {
        "geodesic": false,
        "type": "Point",
        "coordinates": [
          73.80515827849335,
          18.493381588941062
        ]
      },
      "properties": {
        "location_id": "unknown",
        "timestamp": "2024-11-10",
        "source": "landsat-8",
        "features": {
          "lst": 28.457756959999983
        },
        "quality": {
          "valid": true
        },
        "temporal_context": {}
      }
    },
    {
      "type": "Feature",
      "geometry": {
        "geodesic": false,
        "type": "Point",
        "coordinates": [
          73.8054424033255,
          18.493383382161348
        ]
      },
      "properties": {
        "location_id": "unknown",
        "timestamp": "2024-11-10",
        "source": "landsat-8",
        "features": {
          "lst": 28.37572448000003
        },
        "quality": {
          "valid": true
        },
        "temporal_context": {}
      }
    },
    {
      "type": "Feature",
      "geometry": {
        "geodesic": false,
        "type": "Point",
        "coordinates": [
          73.80572652819015,
          18.493385174955396
        ]
      },
      "properties": {
        "location_id": "unknown",
        "timestamp": "2024-11-10",
        "source": "landsat-8",
        "features": {
          "lst": 28.39965061999999
        },
        "quality": {
          "valid": true
        },
        "temporal_context": {}
      }
    },
    {
      "type": "Feature",
      "geometry": {
        "geodesic": false,
        "type": "Point",
        "coordinates": [
          73.80601065308727,
          18.49338696732321
        ]
      },
      "properties": {
        "location_id": "unknown",
        "timestamp": "2024-11-10",
        "source": "landsat-8",
        "features": {
          "lst": 29.10034472000001
        },
        "quality": {
          "valid": true
        },
        "temporal_context": {}
      }
    },
    {
      "type": "Feature",
      "geometry": {
        "geodesic": false,
        "type": "Point",
        "coordinates": [
          73.80629477801688,
          18.493388759264782
        ]
      },
      "properties": {
        "location_id": "unknown",
        "timestamp": "2024-11-10",
        "source": "landsat-8",
        "features": {
          "lst": 29.18237720000002
        },
        "quality": {
          "valid": true
        },
        "temporal_context": {}
      }
    },
    {
      "type": "Feature",
      "geometry": {
        "geodesic": false,
        "type": "Point",
        "coordinates": [
          73.80657890297897,
          18.493390550780116
        ]
      },
      "properties": {
        "location_id": "unknown",
        "timestamp": "2024-11-10",
        "source": "landsat-8",
        "features": {
          "lst": 29.189213240000015
        },
        "quality": {
          "valid": true
        },
        "temporal_context": {}
      }
    },
    {
      "type": "Feature",
      "geometry": {
        "geodesic": false,
        "type": "Point",
        "coordinates": [
          73.80686302797352,
          18.493392341869214
        ]
      },
      "properties": {
        "location_id": "unknown",
        "timestamp": "2024-11-10",
        "source": "landsat-8",
        "features": {
          "lst": 29.155033040000035
        },
        "quality": {
          "valid": true
        },
        "temporal_context": {}
      }
    },
    {
      "type": "Feature",
      "geometry": {
        "geodesic": false,
        "type": "Point",
        "coordinates": [
          73.80714715300053,
          18.493394132532075
        ]
      },
      "properties": {
        "location_id": "unknown",
        "timestamp": "2024-11-10",
        "source": "landsat-8",
        "features": {
          "lst": 29.192631259999985
        },
        "quality": {
          "valid": true
        },
        "temporal_context": {}
      }
    },
    {
      "type": "Feature",
      "geometry": {
        "geodesic": false,
        "type": "Point",
        "coordinates": [
          73.80743127805998,
          18.493395922768695
        ]
      },
      "properties": {
        "location_id": "unknown",
        "timestamp": "2024-11-10",
        "source": "landsat-8",
        "features": {
          "lst": 29.24390156000004
        },
        "quality": {
          "valid": true
        },
        "temporal_context": {}
      }
    },
    {
      "type": "Feature",
      "geometry": {
        "geodesic": false,
        "type": "Point",
        "coordinates": [
          73.80771540315187,
          18.493397712579075
        ]
      },
      "properties": {
        "location_id": "unknown",
        "timestamp": "2024-11-10",
        "source": "landsat-8",
        "features": {
          "lst": 29.339606119999985
        },
        "quality": {
          "valid": true
        },
        "temporal_context": {}
      }
    },
    {
      "type": "Feature",
      "geometry": {
        "geodesic": false,
        "type": "Point",
        "coordinates": [
          73.8079995282762,
          18.493399501963214
        ]
      },
      "properties": {
        "location_id": "unknown",
        "timestamp": "2024-11-10",
        "source": "landsat-8",
        "features": {
          "lst": 29.517343159999996
        },
        "quality": {
          "valid": true
        },
        "temporal_context": {}
      }
    },
    {
      "type": "Feature",
      "geometry": {
        "geodesic": false,
        "type": "Point",
        "coordinates": [
          73.80828365343295,
          18.493401290921117
        ]
      },
      "properties": {
        "location_id": "unknown",
        "timestamp": "2024-11-10",
        "source": "landsat-8",
        "features": {
          "lst": 29.773694660000046
        },
        "quality": {
          "valid": true
        },
        "temporal_context": {}
      }
    },
    {
      "type": "Feature",
      "geometry": {
        "geodesic": false,
        "type": "Point",
        "coordinates": [
          73.80856777862213,
          18.49340307945278
        ]
      },
      "properties": {
        "location_id": "unknown",
        "timestamp": "2024-11-10",
        "source": "landsat-8",
        "features": {
          "lst": 30.026628140000014
        },
        "quality": {
          "valid": true
        },
        "temporal_context": {}
      }
    },
    {
      "type": "Feature",
      "geometry": {
        "geodesic": false,
        "type": "Point",
        "coordinates": [
          73.80885190384372,
          18.493404867558198
        ]
      },
      "properties": {
        "location_id": "unknown",
        "timestamp": "2024-11-10",
        "source": "landsat-8",
        "features": {
          "lst": 30.25905350000005
        },
        "quality": {
          "valid": true
        },
        "temporal_context": {}
      }
    },
    {
      "type": "Feature",
      "geometry": {
        "geodesic": false,
        "type": "Point",
        "coordinates": [
          73.8091360290977,
          18.493406655237383
        ]
      },
      "properties": {
        "location_id": "unknown",
        "timestamp": "2024-11-10",
        "source": "landsat-8",
        "features": {
          "lst": 29.96510378000005
        },
        "quality": {
          "valid": true
        },
        "temporal_context": {}
      }
    },
    {
      "type": "Feature",
      "geometry": {
        "geodesic": false,
        "type": "Point",
        "coordinates": [
          73.79834118269046,
          18.493067338495354
        ]
      },
      "properties": {
        "location_id": "unknown",
        "timestamp": "2024-11-10",
        "source": "landsat-8",
        "features": {
          "lst": 32.825986520000015
        },
        "quality": {
          "valid": true
        },
        "temporal_context": {}
      }
    },
    {
      "type": "Feature",
      "geometry": {
        "geodesic": false,
        "type": "Point",
        "coordinates": [
          73.79862530629369,
          18.493069141916983
        ]
      },
      "properties": {
        "location_id": "unknown",
        "timestamp": "2024-11-10",
        "source": "landsat-8",
        "features": {
          "lst": 32.40557006000006
        },
        "quality": {
          "valid": true
        },
        "temporal_context": {}
      }
    },
    {
      "type": "Feature",
      "geometry": {
        "geodesic": false,
        "type": "Point",
        "coordinates": [
          73.79890942992958,
          18.493070944912386
        ]
      },
      "properties": {
        "location_id": "unknown",
        "timestamp": "2024-11-10",
        "source": "landsat-8",
        "features": {
          "lst": 31.968063500000028
        },
        "quality": {
          "valid": true
        },
        "temporal_context": {}
      }
    },
    {
      "type": "Feature",
      "geometry": {
        "geodesic": false,
        "type": "Point",
        "coordinates": [
          73.79919355359817,
          18.493072747481563
        ]
      },
      "properties": {
        "location_id": "unknown",
        "timestamp": "2024-11-10",
        "source": "landsat-8",
        "features": {
          "lst": 31.004181860000017
        },
        "quality": {
          "valid": true
        },
        "temporal_context": {}
      }
    },
    {
      "type": "Feature",
      "geometry": {
        "geodesic": false,
        "type": "Point",
        "coordinates": [
          73.79947767729941,
          18.49307454962451
        ]
      },
      "properties": {
        "location_id": "unknown",
        "timestamp": "2024-11-10",
        "source": "landsat-8",
        "features": {
          "lst": 30.72390422000001
        },
        "quality": {
          "valid": true
        },
        "temporal_context": {}
      }
    },
    {
      "type": "Feature",
      "geometry": {
        "geodesic": false,
        "type": "Point",
        "coordinates": [
          73.79976180103331,
          18.493076351341234
        ]
      },
      "properties": {
        "location_id": "unknown",
        "timestamp": "2024-11-10",
        "source": "landsat-8",
        "features": {
          "lst": 30.600855500000023
        },
        "quality": {
          "valid": true
        },
        "temporal_context": {}
      }
    },
    {
      "type": "Feature",
      "geometry": {
        "geodesic": false,
        "type": "Point",
        "coordinates": [
          73.80004592479987,
          18.493078152631732
        ]
      },
      "properties": {
        "location_id": "unknown",
        "timestamp": "2024-11-10",
        "source": "landsat-8",
        "features": {
          "lst": 31.68778586000002
        },
        "quality": {
          "valid": true
        },
        "temporal_context": {}
      }
    },
    {
      "type": "Feature",
      "geometry": {
        "geodesic": false,
        "type": "Point",
        "coordinates": [
          73.80033004859906,
          18.493079953496
        ]
      },
      "properties": {
        "location_id": "unknown",
        "timestamp": "2024-11-10",
        "source": "landsat-8",
        "features": {
          "lst": 31.609171400000037
        },
        "quality": {
          "valid": true
        },
        "temporal_context": {}
      }
    },
    {
      "type": "Feature",
      "geometry": {
        "geodesic": false,
        "type": "Point",
        "coordinates": [
          73.8006141724309,
          18.493081753934042
        ]
      },
      "properties": {
        "location_id": "unknown",
        "timestamp": "2024-11-10",
        "source": "landsat-8",
        "features": {
          "lst": 31.434852380000052
        },
        "quality": {
          "valid": true
        },
        "temporal_context": {}
      }
    },
    {
      "type": "Feature",
      "geometry": {
        "geodesic": false,
        "type": "Point",
        "coordinates": [
          73.80089829629534,
          18.49308355394586
        ]
      },
      "properties": {
        "location_id": "unknown",
        "timestamp": "2024-11-10",
        "source": "landsat-8",
        "features": {
          "lst": 31.222935140000004
        },
        "quality": {
          "valid": true
        },
        "temporal_context": {}
      }
    },
    {
      "type": "Feature",
      "geometry": {
        "geodesic": false,
        "type": "Point",
        "coordinates": [
          73.80118242019242,
          18.49308535353145
        ]
      },
      "properties": {
        "location_id": "unknown",
        "timestamp": "2024-11-10",
        "source": "landsat-8",
        "features": {
          "lst": 31.199009000000046
        },
        "quality": {
          "valid": true
        },
        "temporal_context": {}
      }
    },
    {
      "type": "Feature",
      "geometry": {
        "geodesic": false,
        "type": "Point",
        "coordinates": [
          73.80146654412212,
          18.49308715269081
        ]
      },
      "properties": {
        "location_id": "unknown",
        "timestamp": "2024-11-10",
        "source": "landsat-8",
        "features": {
          "lst": 31.14090266000005
        },
        "quality": {
          "valid": true
        },
        "temporal_context": {}
      }
    },
    {
      "type": "Feature",
      "geometry": {
        "geodesic": false,
        "type": "Point",
        "coordinates": [
          73.80175066808441,
          18.49308895142394
        ]
      },
      "properties": {
        "location_id": "unknown",
        "timestamp": "2024-11-10",
        "source": "landsat-8",
        "features": {
          "lst": 31.39725415999999
        },
        "quality": {
          "valid": true
        },
        "temporal_context": {}
      }
    },
    {
      "type": "Feature",
      "geometry": {
        "geodesic": false,
        "type": "Point",
        "coordinates": [
          73.80203479207928,
          18.493090749730843
        ]
      },
      "properties": {
        "location_id": "unknown",
        "timestamp": "2024-11-10",
        "source": "landsat-8",
        "features": {
          "lst": 31.14432068000002
        },
        "quality": {
          "valid": true
        },
        "temporal_context": {}
      }
    },
    {
      "type": "Feature",
      "geometry": {
        "geodesic": false,
        "type": "Point",
        "coordinates": [
          73.80231891610676,
          18.49309254761152
        ]
      },
      "properties": {
        "location_id": "unknown",
        "timestamp": "2024-11-10",
        "source": "landsat-8",
        "features": {
          "lst": 31.451942480000014
        },
        "quality": {
          "valid": true
        },
        "temporal_context": {}
      }
    },
    {
      "type": "Feature",
      "geometry": {
        "geodesic": false,
        "type": "Point",
        "coordinates": [
          73.8026030401668,
          18.49309434506597
        ]
      },
      "properties": {
        "location_id": "unknown",
        "timestamp": "2024-11-10",
        "source": "landsat-8",
        "features": {
          "lst": 31.54422901999999
        },
        "quality": {
          "valid": true
        },
        "temporal_context": {}
      }
    },
    {
      "type": "Feature",
      "geometry": {
        "geodesic": false,
        "type": "Point",
        "coordinates": [
          73.80288716425943,
          18.49309614209419
        ]
      },
      "properties": {
        "location_id": "unknown",
        "timestamp": "2024-11-10",
        "source": "landsat-8",
        "features": {
          "lst": 31.469032580000032
        },
        "quality": {
          "valid": true
        },
        "temporal_context": {}
      }
    },
    {
      "type": "Feature",
      "geometry": {
        "geodesic": false,
        "type": "Point",
        "coordinates": [
          73.80317128838463,
          18.493097938696177
        ]
      },
      "properties": {
        "location_id": "unknown",
        "timestamp": "2024-11-10",
        "source": "landsat-8",
        "features": {
          "lst": 31.28104148
        },
        "quality": {
          "valid": true
        },
        "temporal_context": {}
      }
    },
    {
      "type": "Feature",
      "geometry": {
        "geodesic": false,
        "type": "Point",
        "coordinates": [
          73.80345541254238,
          18.493099734871937
        ]
      },
      "properties": {
        "location_id": "unknown",
        "timestamp": "2024-11-10",
        "source": "landsat-8",
        "features": {
          "lst": 30.942657499999996
        },
        "quality": {
          "valid": true
        },
        "temporal_context": {}
      }
    },
    {
      "type": "Feature",
      "geometry": {
        "geodesic": false,
        "type": "Point",
        "coordinates": [
          73.80373953673268,
          18.49310153062147
        ]
      },
      "properties": {
        "location_id": "unknown",
        "timestamp": "2024-11-10",
        "source": "landsat-8",
        "features": {
          "lst": 30.402610340000024
        },
        "quality": {
          "valid": true
        },
        "temporal_context": {}
      }
    },
    {
      "type": "Feature",
      "geometry": {
        "geodesic": false,
        "type": "Point",
        "coordinates": [
          73.80402366095551,
          18.49310332594477
        ]
      },
      "properties": {
        "location_id": "unknown",
        "timestamp": "2024-11-10",
        "source": "landsat-8",
        "features": {
          "lst": 29.70533426000003
        },
        "quality": {
          "valid": true
        },
        "temporal_context": {}
      }
    },
    {
      "type": "Feature",
      "geometry": {
        "geodesic": false,
        "type": "Point",
        "coordinates": [
          73.8043077852109,
          18.493105120841843
        ]
      },
      "properties": {
        "location_id": "unknown",
        "timestamp": "2024-11-10",
        "source": "landsat-8",
        "features": {
          "lst": 29.366950280000026
        },
        "quality": {
          "valid": true
        },
        "temporal_context": {}
      }
    },
    {
      "type": "Feature",
      "geometry": {
        "geodesic": false,
        "type": "Point",
        "coordinates": [
          73.8045919094988,
          18.493106915312683
        ]
      },
      "properties": {
        "location_id": "unknown",
        "timestamp": "2024-11-10",
        "source": "landsat-8",
        "features": {
          "lst": 29.1652871
        },
        "quality": {
          "valid": true
        },
        "temporal_context": {}
      }
    },
    {
      "type": "Feature",
      "geometry": {
        "geodesic": false,
        "type": "Point",
        "coordinates": [
          73.80487603381921,
          18.493108709357294
        ]
      },
      "properties": {
        "location_id": "unknown",
        "timestamp": "2024-11-10",
        "source": "landsat-8",
        "features": {
          "lst": 29.01147620000006
        },
        "quality": {
          "valid": true
        },
        "temporal_context": {}
      }
    },
    {
      "type": "Feature",
      "geometry": {
        "geodesic": false,
        "type": "Point",
        "coordinates": [
          73.80516015817214,
          18.49311050297568
        ]
      },
      "properties": {
        "location_id": "unknown",
        "timestamp": "2024-11-10",
        "source": "landsat-8",
        "features": {
          "lst": 28.85424727999998
        },
        "quality": {
          "valid": true
        },
        "temporal_context": {}
      }
    },
    {
      "type": "Feature",
      "geometry": {
        "geodesic": false,
        "type": "Point",
        "coordinates": [
          73.80544428255757,
          18.49311229616783
        ]
      },
      "properties": {
        "location_id": "unknown",
        "timestamp": "2024-11-10",
        "source": "landsat-8",
        "features": {
          "lst": 28.80981301999998
        },
        "quality": {
          "valid": true
        },
        "temporal_context": {}
      }
    },
    {
      "type": "Feature",
      "geometry": {
        "geodesic": false,
        "type": "Point",
        "coordinates": [
          73.8057284069755,
          18.49311408893375
        ]
      },
      "properties": {
        "location_id": "unknown",
        "timestamp": "2024-11-10",
        "source": "landsat-8",
        "features": {
          "lst": 28.796140939999987
        },
        "quality": {
          "valid": true
        },
        "temporal_context": {}
      }
    },
    {
      "type": "Feature",
      "geometry": {
        "geodesic": false,
        "type": "Point",
        "coordinates": [
          73.8060125314259,
          18.493115881273436
        ]
      },
      "properties": {
        "location_id": "unknown",
        "timestamp": "2024-11-10",
        "source": "landsat-8",
        "features": {
          "lst": 29.384040379999988
        },
        "quality": {
          "valid": true
        },
        "temporal_context": {}
      }
    },
    {
      "type": "Feature",
      "geometry": {
        "geodesic": false,
        "type": "Point",
        "coordinates": [
          73.80629665590881,
          18.493117673186894
        ]
      },
      "properties": {
        "location_id": "unknown",
        "timestamp": "2024-11-10",
        "source": "landsat-8",
        "features": {
          "lst": 29.384040379999988
        },
        "quality": {
          "valid": true
        },
        "temporal_context": {}
      }
    },
    {
      "type": "Feature",
      "geometry": {
        "geodesic": false,
        "type": "Point",
        "coordinates": [
          73.80658078042418,
          18.49311946467412
        ]
      },
      "properties": {
        "location_id": "unknown",
        "timestamp": "2024-11-10",
        "source": "landsat-8",
        "features": {
          "lst": 29.353278199999977
        },
        "quality": {
          "valid": true
        },
        "temporal_context": {}
      }
    },
    {
      "type": "Feature",
      "geometry": {
        "geodesic": false,
        "type": "Point",
        "coordinates": [
          73.806864904972,
          18.493121255735115
        ]
      },
      "properties": {
        "location_id": "unknown",
        "timestamp": "2024-11-10",
        "source": "landsat-8",
        "features": {
          "lst": 29.302007900000035
        },
        "quality": {
          "valid": true
        },
        "temporal_context": {}
      }
    },
    {
      "type": "Feature",
      "geometry": {
        "geodesic": false,
        "type": "Point",
        "coordinates": [
          73.8071490295523,
          18.493123046369874
        ]
      },
      "properties": {
        "location_id": "unknown",
        "timestamp": "2024-11-10",
        "source": "landsat-8",
        "features": {
          "lst": 29.353278199999977
        },
        "quality": {
          "valid": true
        },
        "temporal_context": {}
      }
    },
    {
      "type": "Feature",
      "geometry": {
        "geodesic": false,
        "type": "Point",
        "coordinates": [
          73.80743315416504,
          18.493124836578406
        ]
      },
      "properties": {
        "location_id": "unknown",
        "timestamp": "2024-11-10",
        "source": "landsat-8",
        "features": {
          "lst": 29.418220580000025
        },
        "quality": {
          "valid": true
        },
        "temporal_context": {}
      }
    },
    {
      "type": "Feature",
      "geometry": {
        "geodesic": false,
        "type": "Point",
        "coordinates": [
          73.80771727881022,
          18.493126626360706
        ]
      },
      "properties": {
        "location_id": "unknown",
        "timestamp": "2024-11-10",
        "source": "landsat-8",
        "features": {
          "lst": 29.578867520000017
        },
        "quality": {
          "valid": true
        },
        "temporal_context": {}
      }
    },
    {
      "type": "Feature",
      "geometry": {
        "geodesic": false,
        "type": "Point",
        "coordinates": [
          73.80800140348782,
          18.493128415716768
        ]
      },
      "properties": {
        "location_id": "unknown",
        "timestamp": "2024-11-10",
        "source": "landsat-8",
        "features": {
          "lst": 29.83180100000004
        },
        "quality": {
          "valid": true
        },
        "temporal_context": {}
      }
    },
    {
      "type": "Feature",
      "geometry": {
        "geodesic": false,
        "type": "Point",
        "coordinates": [
          73.80828552819786,
          18.493130204646604
        ]
      },
      "properties": {
        "location_id": "unknown",
        "timestamp": "2024-11-10",
        "source": "landsat-8",
        "features": {
          "lst": 30.183857060000037
        },
        "quality": {
          "valid": true
        },
        "temporal_context": {}
      }
    },
    {
      "type": "Feature",
      "geometry": {
        "geodesic": false,
        "type": "Point",
        "coordinates": [
          73.80856965294032,
          18.4931319931502
        ]
      },
      "properties": {
        "location_id": "unknown",
        "timestamp": "2024-11-10",
        "source": "landsat-8",
        "features": {
          "lst": 30.59060144
        },
        "quality": {
          "valid": true
        },
        "temporal_context": {}
      }
    },
    {
      "type": "Feature",
      "geometry": {
        "geodesic": false,
        "type": "Point",
        "coordinates": [
          73.8088537777152,
          18.493133781227566
        ]
      },
      "properties": {
        "location_id": "unknown",
        "timestamp": "2024-11-10",
        "source": "landsat-8",
        "features": {
          "lst": 30.97000165999998
        },
        "quality": {
          "valid": true
        },
        "temporal_context": {}
      }
    },
    {
      "type": "Feature",
      "geometry": {
        "geodesic": false,
        "type": "Point",
        "coordinates": [
          73.80913790252245,
          18.4931355688787
        ]
      },
      "properties": {
        "location_id": "unknown",
        "timestamp": "2024-11-10",
        "source": "landsat-8",
        "features": {
          "lst": 30.761502440000015
        },
        "quality": {
          "valid": true
        },
        "temporal_context": {}
      }
    },
    {
      "type": "Feature",
      "geometry": {
        "geodesic": false,
        "type": "Point",
        "coordinates": [
          73.79834307305764,
          18.49279625319929
        ]
      },
      "properties": {
        "location_id": "unknown",
        "timestamp": "2024-11-10",
        "source": "landsat-8",
        "features": {
          "lst": 33.29425526
        },
        "quality": {
          "valid": true
        },
        "temporal_context": {}
      }
    },
    {
      "type": "Feature",
      "geometry": {
        "geodesic": false,
        "type": "Point",
        "coordinates": [
          73.79862719621416,
          18.492798056592623
        ]
      },
      "properties": {
        "location_id": "unknown",
        "timestamp": "2024-11-10",
        "source": "landsat-8",
        "features": {
          "lst": 32.877256820000014
        },
        "quality": {
          "valid": true
        },
        "temporal_context": {}
      }
    },
    {
      "type": "Feature",
      "geometry": {
        "geodesic": false,
        "type": "Point",
        "coordinates": [
          73.79891131940337,
          18.492799859559735
        ]
      },
      "properties": {
        "location_id": "unknown",
        "timestamp": "2024-11-10",
        "source": "landsat-8",
        "features": {
          "lst": 32.45684036
        },
        "quality": {
          "valid": true
        },
        "temporal_context": {}
      }
    },
    {
      "type": "Feature",
      "geometry": {
        "geodesic": false,
        "type": "Point",
        "coordinates": [
          73.79919544262525,
          18.49280166210063
        ]
      },
      "properties": {
        "location_id": "unknown",
        "timestamp": "2024-11-10",
        "source": "landsat-8",
        "features": {
          "lst": 31.841596760000016
        },
        "quality": {
          "valid": true
        },
        "temporal_context": {}
      }
    },
    {
      "type": "Feature",
      "geometry": {
        "geodesic": false,
        "type": "Point",
        "coordinates": [
          73.79947956587979,
          18.492803464215303
        ]
      },
      "properties": {
        "location_id": "unknown",
        "timestamp": "2024-11-10",
        "source": "landsat-8",
        "features": {
          "lst": 31.5749912
        },
        "quality": {
          "valid": true
        },
        "temporal_context": {}
      }
    },
    {
      "type": "Feature",
      "geometry": {
        "geodesic": false,
        "type": "Point",
        "coordinates": [
          73.799763689167,
          18.49280526590375
        ]
      },
      "properties": {
        "location_id": "unknown",
        "timestamp": "2024-11-10",
        "source": "landsat-8",
        "features": {
          "lst": 31.55448308000001
        },
        "quality": {
          "valid": true
        },
        "temporal_context": {}
      }
    },
    {
      "type": "Feature",
      "geometry": {
        "geodesic": false,
        "type": "Point",
        "coordinates": [
          73.80004781248684,
          18.492807067165987
        ]
      },
      "properties": {
        "location_id": "unknown",
        "timestamp": "2024-11-10",
        "source": "landsat-8",
        "features": {
          "lst": 31.711712000000034
        },
        "quality": {
          "valid": true
        },
        "temporal_context": {}
      }
    },
    {
      "type": "Feature",
      "geometry": {
        "geodesic": false,
        "type": "Point",
        "coordinates": [
          73.80033193583934,
          18.492808868002
        ]
      },
      "properties": {
        "location_id": "unknown",
        "timestamp": "2024-11-10",
        "source": "landsat-8",
        "features": {
          "lst": 31.646769619999986
        },
        "quality": {
          "valid": true
        },
        "temporal_context": {}
      }
    },
    {
      "type": "Feature",
      "geometry": {
        "geodesic": false,
        "type": "Point",
        "coordinates": [
          73.80061605922445,
          18.492810668411792
        ]
      },
      "properties": {
        "location_id": "unknown",
        "timestamp": "2024-11-10",
        "source": "landsat-8",
        "features": {
          "lst": 31.43827040000002
        },
        "quality": {
          "valid": true
        },
        "temporal_context": {}
      }
    },
    {
      "type": "Feature",
      "geometry": {
        "geodesic": false,
        "type": "Point",
        "coordinates": [
          73.80090018264222,
          18.492812468395368
        ]
      },
      "properties": {
        "location_id": "unknown",
        "timestamp": "2024-11-10",
        "source": "landsat-8",
        "features": {
          "lst": 31.16482880000001
        },
        "quality": {
          "valid": true
        },
        "temporal_context": {}
      }
    },
    {
      "type": "Feature",
      "geometry": {
        "geodesic": false,
        "type": "Point",
        "coordinates": [
          73.8011843060926,
          18.492814267952717
        ]
      },
      "properties": {
        "location_id": "unknown",
        "timestamp": "2024-11-10",
        "source": "landsat-8",
        "features": {
          "lst": 31.209263060000012
        },
        "quality": {
          "valid": true
        },
        "temporal_context": {}
      }
    },
    {
      "type": "Feature",
      "geometry": {
        "geodesic": false,
        "type": "Point",
        "coordinates": [
          73.80146842957556,
          18.49281606708385
        ]
      },
      "properties": {
        "location_id": "unknown",
        "timestamp": "2024-11-10",
        "source": "landsat-8",
        "features": {
          "lst": 31.185336920000054
        },
        "quality": {
          "valid": true
        },
        "temporal_context": {}
      }
    },
    {
      "type": "Feature",
      "geometry": {
        "geodesic": false,
        "type": "Point",
        "coordinates": [
          73.80175255309115,
          18.49281786578876
        ]
      },
      "properties": {
        "location_id": "unknown",
        "timestamp": "2024-11-10",
        "source": "landsat-8",
        "features": {
          "lst": 31.383582079999996
        },
        "quality": {
          "valid": true
        },
        "temporal_context": {}
      }
    },
    {
      "type": "Feature",
      "geometry": {
        "geodesic": false,
        "type": "Point",
        "coordinates": [
          73.80203667663933,
          18.492819664067447
        ]
      },
      "properties": {
        "location_id": "unknown",
        "timestamp": "2024-11-10",
        "source": "landsat-8",
        "features": {
          "lst": 32.450004320000005
        },
        "quality": {
          "valid": true
        },
        "temporal_context": {}
      }
    },
    {
      "type": "Feature",
      "geometry": {
        "geodesic": false,
        "type": "Point",
        "coordinates": [
          73.8023208002201,
          18.492821461919917
        ]
      },
      "properties": {
        "location_id": "unknown",
        "timestamp": "2024-11-10",
        "source": "landsat-8",
        "features": {
          "lst": 32.66875760000005
        },
        "quality": {
          "valid": true
        },
        "temporal_context": {}
      }
    },
    {
      "type": "Feature",
      "geometry": {
        "geodesic": false,
        "type": "Point",
        "coordinates": [
          73.80260492383344,
          18.49282325934616
        ]
      },
      "properties": {
        "location_id": "unknown",
        "timestamp": "2024-11-10",
        "source": "landsat-8",
        "features": {
          "lst": 32.774716220000016
        },
        "quality": {
          "valid": true
        },
        "temporal_context": {}
      }
    },
    {
      "type": "Feature",
      "geometry": {
        "geodesic": false,
        "type": "Point",
        "coordinates": [
          73.80288904747937,
          18.49282505634618
        ]
      },
      "properties": {
        "location_id": "unknown",
        "timestamp": "2024-11-10",
        "source": "landsat-8",
        "features": {
          "lst": 32.77129820000005
        },
        "quality": {
          "valid": true
        },
        "temporal_context": {}
      }
    },
    {
      "type": "Feature",
      "geometry": {
        "geodesic": false,
        "type": "Point",
        "coordinates": [
          73.80317317115785,
          18.492826852919983
        ]
      },
      "properties": {
        "location_id": "unknown",
        "timestamp": "2024-11-10",
        "source": "landsat-8",
        "features": {
          "lst": 32.579889080000044
        },
        "quality": {
          "valid": true
        },
        "temporal_context": {}
      }
    },
    {
      "type": "Feature",
      "geometry": {
        "geodesic": false,
        "type": "Point",
        "coordinates": [
          73.8034572948689,
          18.492828649067558
        ]
      },
      "properties": {
        "location_id": "unknown",
        "timestamp": "2024-11-10",
        "source": "landsat-8",
        "features": {
          "lst": 32.22783302000005
        },
        "quality": {
          "valid": true
        },
        "temporal_context": {}
      }
    },
    {
      "type": "Feature",
      "geometry": {
        "geodesic": false,
        "type": "Point",
        "coordinates": [
          73.80374141861249,
          18.492830444788915
        ]
      },
      "properties": {
        "location_id": "unknown",
        "timestamp": "2024-11-10",
        "source": "landsat-8",
        "features": {
          "lst": 31.69120387999999
        },
        "quality": {
          "valid": true
        },
        "temporal_context": {}
      }
    },
    {
      "type": "Feature",
      "geometry": {
        "geodesic": false,
        "type": "Point",
        "coordinates": [
          73.80402554238863,
          18.492832240084045
        ]
      },
      "properties": {
        "location_id": "unknown",
        "timestamp": "2024-11-10",
        "source": "landsat-8",
        "features": {
          "lst": 31.161410779999983
        },
        "quality": {
          "valid": true
        },
        "temporal_context": {}
      }
    },
    {
      "type": "Feature",
      "geometry": {
        "geodesic": false,
        "type": "Point",
        "coordinates": [
          73.8043096661973,
          18.492834034952956
        ]
      },
      "properties": {
        "location_id": "unknown",
        "timestamp": "2024-11-10",
        "source": "landsat-8",
        "features": {
          "lst": 30.843534920000025
        },
        "quality": {
          "valid": true
        },
        "temporal_context": {}
      }
    },
    {
      "type": "Feature",
      "geometry": {
        "geodesic": false,
        "type": "Point",
        "coordinates": [
          73.80459379003848,
          18.49283582939564
        ]
      },
      "properties": {
        "location_id": "unknown",
        "timestamp": "2024-11-10",
        "source": "landsat-8",
        "features": {
          "lst": 30.635035700000003
        },
        "quality": {
          "valid": true
        },
        "temporal_context": {}
      }
    },
    {
      "type": "Feature",
      "geometry": {
        "geodesic": false,
        "type": "Point",
        "coordinates": [
          73.8048779139122,
          18.492837623412104
        ]
      },
      "properties": {
        "location_id": "unknown",
        "timestamp": "2024-11-10",
        "source": "landsat-8",
        "features": {
          "lst": 30.450462620000053
        },
        "quality": {
          "valid": true
        },
        "temporal_context": {}
      }
    },
    {
      "type": "Feature",
      "geometry": {
        "geodesic": false,
        "type": "Point",
        "coordinates": [
          73.80516203781842,
          18.492839417002344
        ]
      },
      "properties": {
        "location_id": "unknown",
        "timestamp": "2024-11-10",
        "source": "landsat-8",
        "features": {
          "lst": 30.043718240000032
        },
        "quality": {
          "valid": true
        },
        "temporal_context": {}
      }
    },
    {
      "type": "Feature",
      "geometry": {
        "geodesic": false,
        "type": "Point",
        "coordinates": [
          73.80544616175715,
          18.49284121016636
        ]
      },
      "properties": {
        "location_id": "unknown",
        "timestamp": "2024-11-10",
        "source": "landsat-8",
        "features": {
          "lst": 30.002702
        },
        "quality": {
          "valid": true
        },
        "temporal_context": {}
      }
    },
    {
      "type": "Feature",
      "geometry": {
        "geodesic": false,
        "type": "Point",
        "coordinates": [
          73.80573028572836,
          18.49284300290415
        ]
      },
      "properties": {
        "location_id": "unknown",
        "timestamp": "2024-11-10",
        "source": "landsat-8",
        "features": {
          "lst": 30.009538040000052
        },
        "quality": {
          "valid": true
        },
        "temporal_context": {}
      }
    },
    {
      "type": "Feature",
      "geometry": {
        "geodesic": false,
        "type": "Point",
        "coordinates": [
          73.80601440973207,
          18.492844795215717
        ]
      },
      "properties": {
        "location_id": "unknown",
        "timestamp": "2024-11-10",
        "source": "landsat-8",
        "features": {
          "lst": 30.31374182000002
        },
        "quality": {
          "valid": true
        },
        "temporal_context": {}
      }
    },
    {
      "type": "Feature",
      "geometry": {
        "geodesic": false,
        "type": "Point",
        "coordinates": [
          73.80629853376827,
          18.492846587101056
        ]
      },
      "properties": {
        "location_id": "unknown",
        "timestamp": "2024-11-10",
        "source": "landsat-8",
        "features": {
          "lst": 30.255635480000024
        },
        "quality": {
          "valid": true
        },
        "temporal_context": {}
      }
    },
    {
      "type": "Feature",
      "geometry": {
        "geodesic": false,
        "type": "Point",
        "coordinates": [
          73.80658265783693,
          18.492848378560176
        ]
      },
      "properties": {
        "location_id": "unknown",
        "timestamp": "2024-11-10",
        "source": "landsat-8",
        "features": {
          "lst": 30.139422800000034
        },
        "quality": {
          "valid": true
        },
        "temporal_context": {}
      }
    },
    {
      "type": "Feature",
      "geometry": {
        "geodesic": false,
        "type": "Point",
        "coordinates": [
          73.80686678193804,
          18.492850169593066
        ]
      },
      "properties": {
        "location_id": "unknown",
        "timestamp": "2024-11-10",
        "source": "landsat-8",
        "features": {
          "lst": 30.053972300000055
        },
        "quality": {
          "valid": true
        },
        "temporal_context": {}
      }
    },
    {
      "type": "Feature",
      "geometry": {
        "geodesic": false,
        "type": "Point",
        "coordinates": [
          73.80715090607163,
          18.492851960199733
        ]
      },
      "properties": {
        "location_id": "unknown",
        "timestamp": "2024-11-10",
        "source": "landsat-8",
        "features": {
          "lst": 29.73951446000001
        },
        "quality": {
          "valid": true
        },
        "temporal_context": {}
      }
    },
    {
      "type": "Feature",
      "geometry": {
        "geodesic": false,
        "type": "Point",
        "coordinates": [
          73.80743503023764,
          18.49285375038017
        ]
      },
      "properties": {
        "location_id": "unknown",
        "timestamp": "2024-11-10",
        "source": "landsat-8",
        "features": {
          "lst": 29.749768520000032
        },
        "quality": {
          "valid": true
        },
        "temporal_context": {}
      }
    },
    {
      "type": "Feature",
      "geometry": {
        "geodesic": false,
        "type": "Point",
        "coordinates": [
          73.80771915443613,
          18.492855540134386
        ]
      },
      "properties": {
        "location_id": "unknown",
        "timestamp": "2024-11-10",
        "source": "landsat-8",
        "features": {
          "lst": 29.924087540000016
        },
        "quality": {
          "valid": true
        },
        "temporal_context": {}
      }
    },
    {
      "type": "Feature",
      "geometry": {
        "geodesic": false,
        "type": "Point",
        "coordinates": [
          73.80800327866703,
          18.492857329462378
        ]
      },
      "properties": {
        "location_id": "unknown",
        "timestamp": "2024-11-10",
        "source": "landsat-8",
        "features": {
          "lst": 30.190693100000033
        },
        "quality": {
          "valid": true
        },
        "temporal_context": {}
      }
    },
    {
      "type": "Feature",
      "geometry": {
        "geodesic": false,
        "type": "Point",
        "coordinates": [
          73.80828740293035,
          18.49285911836414
        ]
      },
      "properties": {
        "location_id": "unknown",
        "timestamp": "2024-11-10",
        "source": "landsat-8",
        "features": {
          "lst": 30.604273519999992
        },
        "quality": {
          "valid": true
        },
        "temporal_context": {}
      }
    },
    {
      "type": "Feature",
      "geometry": {
        "geodesic": false,
        "type": "Point",
        "coordinates": [
          73.80857152722609,
          18.492860906839677
        ]
      },
      "properties": {
        "location_id": "unknown",
        "timestamp": "2024-11-10",
        "source": "landsat-8",
        "features": {
          "lst": 31.185336920000054
        },
        "quality": {
          "valid": true
        },
        "temporal_context": {}
      }
    },
    {
      "type": "Feature",
      "geometry": {
        "geodesic": false,
        "type": "Point",
        "coordinates": [
          73.80885565155425,
          18.492862694888988
        ]
      },
      "properties": {
        "location_id": "unknown",
        "timestamp": "2024-11-10",
        "source": "landsat-8",
        "features": {
          "lst": 31.70145794000001
        },
        "quality": {
          "valid": true
        },
        "temporal_context": {}
      }
    },
    {
      "type": "Feature",
      "geometry": {
        "geodesic": false,
        "type": "Point",
        "coordinates": [
          73.80913977591482,
          18.492864482512072
        ]
      },
      "properties": {
        "location_id": "unknown",
        "timestamp": "2024-11-10",
        "source": "landsat-8",
        "features": {
          "lst": 31.66044169999998
        },
        "quality": {
          "valid": true
        },
        "temporal_context": {}
      }
    },
    {
      "type": "Feature",
      "geometry": {
        "geodesic": false,
        "type": "Point",
        "coordinates": [
          73.79834496339214,
          18.49252516789529
        ]
      },
      "properties": {
        "location_id": "unknown",
        "timestamp": "2024-11-10",
        "source": "landsat-8",
        "features": {
          "lst": 34.07014579999998
        },
        "quality": {
          "valid": true
        },
        "temporal_context": {}
      }
    },
    {
      "type": "Feature",
      "geometry": {
        "geodesic": false,
        "type": "Point",
        "coordinates": [
          73.79862908610197,
          18.492526971260325
        ]
      },
      "properties": {
        "location_id": "unknown",
        "timestamp": "2024-11-10",
        "source": "landsat-8",
        "features": {
          "lst": 33.58136894000006
        },
        "quality": {
          "valid": true
        },
        "temporal_context": {}
      }
    },
    {
      "type": "Feature",
      "geometry": {
        "geodesic": false,
        "type": "Point",
        "coordinates": [
          73.79891320884448,
          18.492528774199148
        ]
      },
      "properties": {
        "location_id": "unknown",
        "timestamp": "2024-11-10",
        "source": "landsat-8",
        "features": {
          "lst": 33.07550198000001
        },
        "quality": {
          "valid": true
        },
        "temporal_context": {}
      }
    },
    {
      "type": "Feature",
      "geometry": {
        "geodesic": false,
        "type": "Point",
        "coordinates": [
          73.79919733161967,
          18.492530576711758
        ]
      },
      "properties": {
        "location_id": "unknown",
        "timestamp": "2024-11-10",
        "source": "landsat-8",
        "features": {
          "lst": 32.48760254000001
        },
        "quality": {
          "valid": true
        },
        "temporal_context": {}
      }
    },
    {
      "type": "Feature",
      "geometry": {
        "geodesic": false,
        "type": "Point",
        "coordinates": [
          73.79948145442751,
          18.492532378798153
        ]
      },
      "properties": {
        "location_id": "unknown",
        "timestamp": "2024-11-10",
        "source": "landsat-8",
        "features": {
          "lst": 32.19365282000001
        },
        "quality": {
          "valid": true
        },
        "temporal_context": {}
      }
    },
    {
      "type": "Feature",
      "geometry": {
        "geodesic": false,
        "type": "Point",
        "coordinates": [
          73.79976557726802,
          18.49253418045834
        ]
      },
      "properties": {
        "location_id": "unknown",
        "timestamp": "2024-11-10",
        "source": "landsat-8",
        "features": {
          "lst": 32.14921856000001
        },
        "quality": {
          "valid": true
        },
        "temporal_context": {}
      }
    },
    {
      "type": "Feature",
      "geometry": {
        "geodesic": false,
        "type": "Point",
        "coordinates": [
          73.80004970014119,
          18.492535981692306
        ]
      },
      "properties": {
        "location_id": "unknown",
        "timestamp": "2024-11-10",
        "source": "landsat-8",
        "features": {
          "lst": 32.34746372000001
        },
        "quality": {
          "valid": true
        },
        "temporal_context": {}
      }
    },
    {
      "type": "Feature",
      "geometry": {
        "geodesic": false,
        "type": "Point",
        "coordinates": [
          73.80033382304698,
          18.492537782500065
        ]
      },
      "properties": {
        "location_id": "unknown",
        "timestamp": "2024-11-10",
        "source": "landsat-8",
        "features": {
          "lst": 32.337209659999985
        },
        "quality": {
          "valid": true
        },
        "temporal_context": {}
      }
    },
    {
      "type": "Feature",
      "geometry": {
        "geodesic": false,
        "type": "Point",
        "coordinates": [
          73.80061794598541,
          18.49253958288161
        ]
      },
      "properties": {
        "location_id": "unknown",
        "timestamp": "2024-11-10",
        "source": "landsat-8",
        "features": {
          "lst": 32.10820232000003
        },
        "quality": {
          "valid": true
        },
        "temporal_context": {}
      }
    },
    {
      "type": "Feature",
      "geometry": {
        "geodesic": false,
        "type": "Point",
        "coordinates": [
          73.80090206895646,
          18.49254138283694
        ]
      },
      "properties": {
        "location_id": "unknown",
        "timestamp": "2024-11-10",
        "source": "landsat-8",
        "features": {
          "lst": 31.855268840000008
        },
        "quality": {
          "valid": true
        },
        "temporal_context": {}
      }
    },
    {
      "type": "Feature",
      "geometry": {
        "geodesic": false,
        "type": "Point",
        "coordinates": [
          73.80118619196014,
          18.492543182366056
        ]
      },
      "properties": {
        "location_id": "unknown",
        "timestamp": "2024-11-10",
        "source": "landsat-8",
        "features": {
          "lst": 31.971481519999998
        },
        "quality": {
          "valid": true
        },
        "temporal_context": {}
      }
    },
    {
      "type": "Feature",
      "geometry": {
        "geodesic": false,
        "type": "Point",
        "coordinates": [
          73.80147031499642,
          18.492544981468956
        ]
      },
      "properties": {
        "location_id": "unknown",
        "timestamp": "2024-11-10",
        "source": "landsat-8",
        "features": {
          "lst": 31.988571620000016
        },
        "quality": {
          "valid": true
        },
        "temporal_context": {}
      }
    },
    {
      "type": "Feature",
      "geometry": {
        "geodesic": false,
        "type": "Point",
        "coordinates": [
          73.8017544380653,
          18.49254678014564
        ]
      },
      "properties": {
        "location_id": "unknown",
        "timestamp": "2024-11-10",
        "source": "landsat-8",
        "features": {
          "lst": 32.12871044000002
        },
        "quality": {
          "valid": true
        },
        "temporal_context": {}
      }
    },
    {
      "type": "Feature",
      "geometry": {
        "geodesic": false,
        "type": "Point",
        "coordinates": [
          73.8020385611668,
          18.492548578396114
        ]
      },
      "properties": {
        "location_id": "unknown",
        "timestamp": "2024-11-10",
        "source": "landsat-8",
        "features": {
          "lst": 33.072083959999986
        },
        "quality": {
          "valid": true
        },
        "temporal_context": {}
      }
    },
    {
      "type": "Feature",
      "geometry": {
        "geodesic": false,
        "type": "Point",
        "coordinates": [
          73.80232268430086,
          18.492550376220372
        ]
      },
      "properties": {
        "location_id": "unknown",
        "timestamp": "2024-11-10",
        "source": "landsat-8",
        "features": {
          "lst": 33.21222278000005
        },
        "quality": {
          "valid": true
        },
        "temporal_context": {}
      }
    },
    {
      "type": "Feature",
      "geometry": {
        "geodesic": false,
        "type": "Point",
        "coordinates": [
          73.80260680746753,
          18.492552173618414
        ]
      },
      "properties": {
        "location_id": "unknown",
        "timestamp": "2024-11-10",
        "source": "landsat-8",
        "features": {
          "lst": 33.36603367999999
        },
        "quality": {
          "valid": true
        },
        "temporal_context": {}
      }
    },
    {
      "type": "Feature",
      "geometry": {
        "geodesic": false,
        "type": "Point",
        "coordinates": [
          73.80289093066673,
          18.492553970590244
        ]
      },
      "properties": {
        "location_id": "unknown",
        "timestamp": "2024-11-10",
        "source": "landsat-8",
        "features": {
          "lst": 33.45490219999999
        },
        "quality": {
          "valid": true
        },
        "temporal_context": {}
      }
    },
    {
      "type": "Feature",
      "geometry": {
        "geodesic": false,
        "type": "Point",
        "coordinates": [
          73.80317505389853,
          18.49255576713585
        ]
      },
      "properties": {
        "location_id": "unknown",
        "timestamp": "2024-11-10",
        "source": "landsat-8",
        "features": {
          "lst": 33.34210754000003
        },
        "quality": {
          "valid": true
        },
        "temporal_context": {}
      }
    },
    {
      "type": "Feature",
      "geometry": {
        "geodesic": false,
        "type": "Point",
        "coordinates": [
          73.80345917716288,
          18.492557563255247
        ]
      },
      "properties": {
        "location_id": "unknown",
        "timestamp": "2024-11-10",
        "source": "landsat-8",
        "features": {
          "lst": 33.003723560000026
        },
        "quality": {
          "valid": true
        },
        "temporal_context": {}
      }
    },
    {
      "type": "Feature",
      "geometry": {
        "geodesic": false,
        "type": "Point",
        "coordinates": [
          73.80374330045977,
          18.492559358948427
        ]
      },
      "properties": {
        "location_id": "unknown",
        "timestamp": "2024-11-10",
        "source": "landsat-8",
        "features": {
          "lst": 32.54912690000003
        },
        "quality": {
          "valid": true
        },
        "temporal_context": {}
      }
    },
    {
      "type": "Feature",
      "geometry": {
        "geodesic": false,
        "type": "Point",
        "coordinates": [
          73.80402742378921,
          18.49256115421539
        ]
      },
      "properties": {
        "location_id": "unknown",
        "timestamp": "2024-11-10",
        "source": "landsat-8",
        "features": {
          "lst": 32.091112220000014
        },
        "quality": {
          "valid": true
        },
        "temporal_context": {}
      }
    },
    {
      "type": "Feature",
      "geometry": {
        "geodesic": false,
        "type": "Point",
        "coordinates": [
          73.80431154715117,
          18.492562949056136
        ]
      },
      "properties": {
        "location_id": "unknown",
        "timestamp": "2024-11-10",
        "source": "landsat-8",
        "features": {
          "lst": 31.680949820000023
        },
        "quality": {
          "valid": true
        },
        "temporal_context": {}
      }
    },
    {
      "type": "Feature",
      "geometry": {
        "geodesic": false,
        "type": "Point",
        "coordinates": [
          73.80459567054567,
          18.492564743470666
        ]
      },
      "properties": {
        "location_id": "unknown",
        "timestamp": "2024-11-10",
        "source": "landsat-8",
        "features": {
          "lst": 31.40750822000001
        },
        "quality": {
          "valid": true
        },
        "temporal_context": {}
      }
    },
    {
      "type": "Feature",
      "geometry": {
        "geodesic": false,
        "type": "Point",
        "coordinates": [
          73.80487979397267,
          18.49256653745898
        ]
      },
      "properties": {
        "location_id": "unknown",
        "timestamp": "2024-11-10",
        "source": "landsat-8",
        "features": {
          "lst": 31.202427020000016
        },
        "quality": {
          "valid": true
        },
        "temporal_context": {}
      }
    },
    {
      "type": "Feature",
      "geometry": {
        "geodesic": false,
        "type": "Point",
        "coordinates": [
          73.80516391743221,
          18.492568331021076
        ]
      },
      "properties": {
        "location_id": "unknown",
        "timestamp": "2024-11-10",
        "source": "landsat-8",
        "features": {
          "lst": 30.73415828000003
        },
        "quality": {
          "valid": true
        },
        "temporal_context": {}
      }
    },
    {
      "type": "Feature",
      "geometry": {
        "geodesic": false,
        "type": "Point",
        "coordinates": [
          73.80544804092423,
          18.492570124156956
        ]
      },
      "properties": {
        "location_id": "unknown",
        "timestamp": "2024-11-10",
        "source": "landsat-8",
        "features": {
          "lst": 30.730740260000005
        },
        "quality": {
          "valid": true
        },
        "temporal_context": {}
      }
    },
    {
      "type": "Feature",
      "geometry": {
        "geodesic": false,
        "type": "Point",
        "coordinates": [
          73.80573216444874,
          18.492571916866616
        ]
      },
      "properties": {
        "location_id": "unknown",
        "timestamp": "2024-11-10",
        "source": "landsat-8",
        "features": {
          "lst": 30.75466640000002
        },
        "quality": {
          "valid": true
        },
        "temporal_context": {}
      }
    },
    {
      "type": "Feature",
      "geometry": {
        "geodesic": false,
        "type": "Point",
        "coordinates": [
          73.80601628800575,
          18.492573709150058
        ]
      },
      "properties": {
        "location_id": "unknown",
        "timestamp": "2024-11-10",
        "source": "landsat-8",
        "features": {
          "lst": 31.034944040000028
        },
        "quality": {
          "valid": true
        },
        "temporal_context": {}
      }
    },
    {
      "type": "Feature",
      "geometry": {
        "geodesic": false,
        "type": "Point",
        "coordinates": [
          73.80630041159525,
          18.492575501007284
        ]
      },
      "properties": {
        "location_id": "unknown",
        "timestamp": "2024-11-10",
        "source": "landsat-8",
        "features": {
          "lst": 30.973419680000006
        },
        "quality": {
          "valid": true
        },
        "temporal_context": {}
      }
    },
    {
      "type": "Feature",
      "geometry": {
        "geodesic": false,
        "type": "Point",
        "coordinates": [
          73.8065845352172,
          18.49257729243829
        ]
      },
      "properties": {
        "location_id": "unknown",
        "timestamp": "2024-11-10",
        "source": "landsat-8",
        "features": {
          "lst": 30.887969180000027
        },
        "quality": {
          "valid": true
        },
        "temporal_context": {}
      }
    },
    {
      "type": "Feature",
      "geometry": {
        "geodesic": false,
        "type": "Point",
        "coordinates": [
          73.80686865887162,
          18.492579083443083
        ]
      },
      "properties": {
        "location_id": "unknown",
        "timestamp": "2024-11-10",
        "source": "landsat-8",
        "features": {
          "lst": 30.75466640000002
        },
        "quality": {
          "valid": true
        },
        "temporal_context": {}
      }
    },
    {
      "type": "Feature",
      "geometry": {
        "geodesic": false,
        "type": "Point",
        "coordinates": [
          73.80715278255849,
          18.49258087402165
        ]
      },
      "properties": {
        "location_id": "unknown",
        "timestamp": "2024-11-10",
        "source": "landsat-8",
        "features": {
          "lst": 30.43679054000006
        },
        "quality": {
          "valid": true
        },
        "temporal_context": {}
      }
    },
    {
      "type": "Feature",
      "geometry": {
        "geodesic": false,
        "type": "Point",
        "coordinates": [
          73.80743690627783,
          18.492582664174005
        ]
      },
      "properties": {
        "location_id": "unknown",
        "timestamp": "2024-11-10",
        "source": "landsat-8",
        "features": {
          "lst": 30.44020856000003
        },
        "quality": {
          "valid": true
        },
        "temporal_context": {}
      }
    },
    {
      "type": "Feature",
      "geometry": {
        "geodesic": false,
        "type": "Point",
        "coordinates": [
          73.8077210300296,
          18.49258445390014
        ]
      },
      "properties": {
        "location_id": "unknown",
        "timestamp": "2024-11-10",
        "source": "landsat-8",
        "features": {
          "lst": 30.511986980000017
        },
        "quality": {
          "valid": true
        },
        "temporal_context": {}
      }
    },
    {
      "type": "Feature",
      "geometry": {
        "geodesic": false,
        "type": "Point",
        "coordinates": [
          73.8080051538138,
          18.49258624320005
        ]
      },
      "properties": {
        "location_id": "unknown",
        "timestamp": "2024-11-10",
        "source": "landsat-8",
        "features": {
          "lst": 30.717068180000012
        },
        "quality": {
          "valid": true
        },
        "temporal_context": {}
      }
    },
    {
      "type": "Feature",
      "geometry": {
        "geodesic": false,
        "type": "Point",
        "coordinates": [
          73.80828927763042,
          18.492588032073748
        ]
      },
      "properties": {
        "location_id": "unknown",
        "timestamp": "2024-11-10",
        "source": "landsat-8",
        "features": {
          "lst": 31.093050380000022
        },
        "quality": {
          "valid": true
        },
        "temporal_context": {}
      }
    },
    {
      "type": "Feature",
      "geometry": {
        "geodesic": false,
        "type": "Point",
        "coordinates": [
          73.80857340147946,
          18.49258982052122
        ]
      },
      "properties": {
        "location_id": "unknown",
        "timestamp": "2024-11-10",
        "source": "landsat-8",
        "features": {
          "lst": 31.698039920000042
        },
        "quality": {
          "valid": true
        },
        "temporal_context": {}
      }
    },
    {
      "type": "Feature",
      "geometry": {
        "geodesic": false,
        "type": "Point",
        "coordinates": [
          73.80885752536092,
          18.492591608542476
        ]
      },
      "properties": {
        "location_id": "unknown",
        "timestamp": "2024-11-10",
        "source": "landsat-8",
        "features": {
          "lst": 32.29619342000001
        },
        "quality": {
          "valid": true
        },
        "temporal_context": {}
      }
    },
    {
      "type": "Feature",
      "geometry": {
        "geodesic": false,
        "type": "Point",
        "coordinates": [
          73.80914164927478,
          18.49259339613751
        ]
      },
      "properties": {
        "location_id": "unknown",
        "timestamp": "2024-11-10",
        "source": "landsat-8",
        "features": {
          "lst": 32.27910331999999
        },
        "quality": {
          "valid": true
        },
        "temporal_context": {}
      }
    },
    {
      "type": "Feature",
      "geometry": {
        "geodesic": false,
        "type": "Point",
        "coordinates": [
          73.79834685369396,
          18.49225408258335
        ]
      },
      "properties": {
        "location_id": "unknown",
        "timestamp": "2024-11-10",
        "source": "landsat-8",
        "features": {
          "lst": 34.57259474
        },
        "quality": {
          "valid": true
        },
        "temporal_context": {}
      }
    },
    {
      "type": "Feature",
      "geometry": {
        "geodesic": false,
        "type": "Point",
        "coordinates": [
          73.7986309759571,
          18.49225588592009
        ]
      },
      "properties": {
        "location_id": "unknown",
        "timestamp": "2024-11-10",
        "source": "landsat-8",
        "features": {
          "lst": 34.152178280000044
        },
        "quality": {
          "valid": true
        },
        "temporal_context": {}
      }
    },
    {
      "type": "Feature",
      "geometry": {
        "geodesic": false,
        "type": "Point",
        "coordinates": [
          73.79891509825292,
          18.492257688830627
        ]
      },
      "properties": {
        "location_id": "unknown",
        "timestamp": "2024-11-10",
        "source": "landsat-8",
        "features": {
          "lst": 33.59162300000003
        },
        "quality": {
          "valid": true
        },
        "temporal_context": {}
      }
    },
    {
      "type": "Feature",
      "geometry": {
        "geodesic": false,
        "type": "Point",
        "coordinates": [
          73.79919922058141,
          18.492259491314954
        ]
      },
      "properties": {
        "location_id": "unknown",
        "timestamp": "2024-11-10",
        "source": "landsat-8",
        "features": {
          "lst": 33.00714158000005
        },
        "quality": {
          "valid": true
        },
        "temporal_context": {}
      }
    },
    {
      "type": "Feature",
      "geometry": {
        "geodesic": false,
        "type": "Point",
        "coordinates": [
          73.79948334294258,
          18.492261293373073
        ]
      },
      "properties": {
        "location_id": "unknown",
        "timestamp": "2024-11-10",
        "source": "landsat-8",
        "features": {
          "lst": 32.90118296000003
        },
        "quality": {
          "valid": true
        },
        "temporal_context": {}
      }
    },
    {
      "type": "Feature",
      "geometry": {
        "geodesic": false,
        "type": "Point",
        "coordinates": [
          73.79976746533639,
          18.492263095004986
        ]
      },
      "properties": {
        "location_id": "unknown",
        "timestamp": "2024-11-10",
        "source": "landsat-8",
        "features": {
          "lst": 32.80547840000003
        },
        "quality": {
          "valid": true
        },
        "temporal_context": {}
      }
    },
    {
      "type": "Feature",
      "geometry": {
        "geodesic": false,
        "type": "Point",
        "coordinates": [
          73.80005158776287,
          18.492264896210695
        ]
      },
      "properties": {
        "location_id": "unknown",
        "timestamp": "2024-11-10",
        "source": "landsat-8",
        "features": {
          "lst": 32.873838800000044
        },
        "quality": {
          "valid": true
        },
        "temporal_context": {}
      }
    },
    {
      "type": "Feature",
      "geometry": {
        "geodesic": false,
        "type": "Point",
        "coordinates": [
          73.80033571022197,
          18.492266696990196
        ]
      },
      "properties": {
        "location_id": "unknown",
        "timestamp": "2024-11-10",
        "source": "landsat-8",
        "features": {
          "lst": 32.81231444000002
        },
        "quality": {
          "valid": true
        },
        "temporal_context": {}
      }
    },
    {
      "type": "Feature",
      "geometry": {
        "geodesic": false,
        "type": "Point",
        "coordinates": [
          73.8006198327137,
          18.492268497343492
        ]
      },
      "properties": {
        "location_id": "unknown",
        "timestamp": "2024-11-10",
        "source": "landsat-8",
        "features": {
          "lst": 32.66533958000002
        },
        "quality": {
          "valid": true
        },
        "temporal_context": {}
      }
    },
    {
      "type": "Feature",
      "geometry": {
        "geodesic": false,
        "type": "Point",
        "coordinates": [
          73.80090395523808,
          18.492270297270576
        ]
      },
      "properties": {
        "location_id": "unknown",
        "timestamp": "2024-11-10",
        "source": "landsat-8",
        "features": {
          "lst": 32.484184519999985
        },
        "quality": {
          "valid": true
        },
        "temporal_context": {}
      }
    },
    {
      "type": "Feature",
      "geometry": {
        "geodesic": false,
        "type": "Point",
        "coordinates": [
          73.80118807779508,
          18.492272096771458
        ]
      },
      "properties": {
        "location_id": "unknown",
        "timestamp": "2024-11-10",
        "source": "landsat-8",
        "features": {
          "lst": 32.62090532000002
        },
        "quality": {
          "valid": true
        },
        "temporal_context": {}
      }
    },
    {
      "type": "Feature",
      "geometry": {
        "geodesic": false,
        "type": "Point",
        "coordinates": [
          73.80147220038468,
          18.49227389584613
        ]
      },
      "properties": {
        "location_id": "unknown",
        "timestamp": "2024-11-10",
        "source": "landsat-8",
        "features": {
          "lst": 32.627741360000016
        },
        "quality": {
          "valid": true
        },
        "temporal_context": {}
      }
    },
    {
      "type": "Feature",
      "geometry": {
        "geodesic": false,
        "type": "Point",
        "coordinates": [
          73.80175632300687,
          18.492275694494595
        ]
      },
      "properties": {
        "location_id": "unknown",
        "timestamp": "2024-11-10",
        "source": "landsat-8",
        "features": {
          "lst": 32.69268374000001
        },
        "quality": {
          "valid": true
        },
        "temporal_context": {}
      }
    },
    {
      "type": "Feature",
      "geometry": {
        "geodesic": false,
        "type": "Point",
        "coordinates": [
          73.80204044566166,
          18.49227749271685
        ]
      },
      "properties": {
        "location_id": "unknown",
        "timestamp": "2024-11-10",
        "source": "landsat-8",
        "features": {
          "lst": 33.55744279999999
        },
        "quality": {
          "valid": true
        },
        "temporal_context": {}
      }
    },
    {
      "type": "Feature",
      "geometry": {
        "geodesic": false,
        "type": "Point",
        "coordinates": [
          73.80232456834905,
          18.492279290512897
        ]
      },
      "properties": {
        "location_id": "unknown",
        "timestamp": "2024-11-10",
        "source": "landsat-8",
        "features": {
          "lst": 33.67365547999998
        },
        "quality": {
          "valid": true
        },
        "temporal_context": {}
      }
    },
    {
      "type": "Feature",
      "geometry": {
        "geodesic": false,
        "type": "Point",
        "coordinates": [
          73.80260869106901,
          18.492281087882738
        ]
      },
      "properties": {
        "location_id": "unknown",
        "timestamp": "2024-11-10",
        "source": "landsat-8",
        "features": {
          "lst": 33.78303212000003
        },
        "quality": {
          "valid": true
        },
        "temporal_context": {}
      }
    },
    {
      "type": "Feature",
      "geometry": {
        "geodesic": false,
        "type": "Point",
        "coordinates": [
          73.80289281382154,
          18.492282884826366
        ]
      },
      "properties": {
        "location_id": "unknown",
        "timestamp": "2024-11-10",
        "source": "landsat-8",
        "features": {
          "lst": 33.902662820000046
        },
        "quality": {
          "valid": true
        },
        "temporal_context": {}
      }
    },
    {
      "type": "Feature",
      "geometry": {
        "geodesic": false,
        "type": "Point",
        "coordinates": [
          73.80317693660665,
          18.49228468134379
        ]
      },
      "properties": {
        "location_id": "unknown",
        "timestamp": "2024-11-10",
        "source": "landsat-8",
        "features": {
          "lst": 33.971023220000006
        },
        "quality": {
          "valid": true
        },
        "temporal_context": {}
      }
    },
    {
      "type": "Feature",
      "geometry": {
        "geodesic": false,
        "type": "Point",
        "coordinates": [
          73.8034610594243,
          18.492286477435
        ]
      },
      "properties": {
        "location_id": "unknown",
        "timestamp": "2024-11-10",
        "source": "landsat-8",
        "features": {
          "lst": 33.902662820000046
        },
        "quality": {
          "valid": true
        },
        "temporal_context": {}
      }
    },
    {
      "type": "Feature",
      "geometry": {
        "geodesic": false,
        "type": "Point",
        "coordinates": [
          73.8037451822745,
          18.4922882731
        ]
      },
      "properties": {
        "location_id": "unknown",
        "timestamp": "2024-11-10",
        "source": "landsat-8",
        "features": {
          "lst": 33.61896716000001
        },
        "quality": {
          "valid": true
        },
        "temporal_context": {}
      }
    },
    {
      "type": "Feature",
      "geometry": {
        "geodesic": false,
        "type": "Point",
        "coordinates": [
          73.80402930515724,
          18.492290068338797
        ]
      },
      "properties": {
        "location_id": "unknown",
        "timestamp": "2024-11-10",
        "source": "landsat-8",
        "features": {
          "lst": 33.318181400000014
        },
        "quality": {
          "valid": true
        },
        "temporal_context": {}
      }
    },
    {
      "type": "Feature",
      "geometry": {
        "geodesic": false,
        "type": "Point",
        "coordinates": [
          73.80431342807252,
          18.492291863151383
        ]
      },
      "properties": {
        "location_id": "unknown",
        "timestamp": "2024-11-10",
        "source": "landsat-8",
        "features": {
          "lst": 32.96954335999999
        },
        "quality": {
          "valid": true
        },
        "temporal_context": {}
      }
    },
    {
      "type": "Feature",
      "geometry": {
        "geodesic": false,
        "type": "Point",
        "coordinates": [
          73.80459755102032,
          18.492293657537754
        ]
      },
      "properties": {
        "location_id": "unknown",
        "timestamp": "2024-11-10",
        "source": "landsat-8",
        "features": {
          "lst": 32.57305303999999
        },
        "quality": {
          "valid": true
        },
        "temporal_context": {}
      }
    },
    {
      "type": "Feature",
      "geometry": {
        "geodesic": false,
        "type": "Point",
        "coordinates": [
          73.80488167400064,
          18.49229545149792
        ]
      },
      "properties": {
        "location_id": "unknown",
        "timestamp": "2024-11-10",
        "source": "landsat-8",
        "features": {
          "lst": 32.26201322000003
        },
        "quality": {
          "valid": true
        },
        "temporal_context": {}
      }
    },
    {
      "type": "Feature",
      "geometry": {
        "geodesic": false,
        "type": "Point",
        "coordinates": [
          73.80516579701347,
          18.49229724503187
        ]
      },
      "properties": {
        "location_id": "unknown",
        "timestamp": "2024-11-10",
        "source": "landsat-8",
        "features": {
          "lst": 31.677531799999997
        },
        "quality": {
          "valid": true
        },
        "temporal_context": {}
      }
    },
    {
      "type": "Feature",
      "geometry": {
        "geodesic": false,
        "type": "Point",
        "coordinates": [
          73.8054499200588,
          18.492299038139617
        ]
      },
      "properties": {
        "location_id": "unknown",
        "timestamp": "2024-11-10",
        "source": "landsat-8",
        "features": {
          "lst": 31.469032580000032
        },
        "quality": {
          "valid": true
        },
        "temporal_context": {}
      }
    },
    {
      "type": "Feature",
      "geometry": {
        "geodesic": false,
        "type": "Point",
        "coordinates": [
          73.80573404313664,
          18.492300830821147
        ]
      },
      "properties": {
        "location_id": "unknown",
        "timestamp": "2024-11-10",
        "source": "landsat-8",
        "features": {
          "lst": 31.387000100000023
        },
        "quality": {
          "valid": true
        },
        "temporal_context": {}
      }
    },
    {
      "type": "Feature",
      "geometry": {
        "geodesic": false,
        "type": "Point",
        "coordinates": [
          73.80601816624696,
          18.49230262307647
        ]
      },
      "properties": {
        "location_id": "unknown",
        "timestamp": "2024-11-10",
        "source": "landsat-8",
        "features": {
          "lst": 31.650187640000013
        },
        "quality": {
          "valid": true
        },
        "temporal_context": {}
      }
    },
    {
      "type": "Feature",
      "geometry": {
        "geodesic": false,
        "type": "Point",
        "coordinates": [
          73.80630228938975,
          18.49230441490558
        ]
      },
      "properties": {
        "location_id": "unknown",
        "timestamp": "2024-11-10",
        "source": "landsat-8",
        "features": {
          "lst": 31.561319120000007
        },
        "quality": {
          "valid": true
        },
        "temporal_context": {}
      }
    },
    {
      "type": "Feature",
      "geometry": {
        "geodesic": false,
        "type": "Point",
        "coordinates": [
          73.80658641256501,
          18.492306206308477
        ]
      },
      "properties": {
        "location_id": "unknown",
        "timestamp": "2024-11-10",
        "source": "landsat-8",
        "features": {
          "lst": 31.496376740000017
        },
        "quality": {
          "valid": true
        },
        "temporal_context": {}
      }
    },
    {
      "type": "Feature",
      "geometry": {
        "geodesic": false,
        "type": "Point",
        "coordinates": [
          73.80687053577273,
          18.492307997285167
        ]
      },
      "properties": {
        "location_id": "unknown",
        "timestamp": "2024-11-10",
        "source": "landsat-8",
        "features": {
          "lst": 31.43827040000002
        },
        "quality": {
          "valid": true
        },
        "temporal_context": {}
      }
    },
    {
      "type": "Feature",
      "geometry": {
        "geodesic": false,
        "type": "Point",
        "coordinates": [
          73.80715465901292,
          18.49230978783564
        ]
      },
      "properties": {
        "location_id": "unknown",
        "timestamp": "2024-11-10",
        "source": "landsat-8",
        "features": {
          "lst": 31.120394540000007
        },
        "quality": {
          "valid": true
        },
        "temporal_context": {}
      }
    },
    {
      "type": "Feature",
      "geometry": {
        "geodesic": false,
        "type": "Point",
        "coordinates": [
          73.80743878228556,
          18.492311577959903
        ]
      },
      "properties": {
        "location_id": "unknown",
        "timestamp": "2024-11-10",
        "source": "landsat-8",
        "features": {
          "lst": 31.11697651999998
        },
        "quality": {
          "valid": true
        },
        "temporal_context": {}
      }
    },
    {
      "type": "Feature",
      "geometry": {
        "geodesic": false,
        "type": "Point",
        "coordinates": [
          73.80772290559064,
          18.492313367657953
        ]
      },
      "properties": {
        "location_id": "unknown",
        "timestamp": "2024-11-10",
        "source": "landsat-8",
        "features": {
          "lst": 31.161410779999983
        },
        "quality": {
          "valid": true
        },
        "temporal_context": {}
      }
    },
    {
      "type": "Feature",
      "geometry": {
        "geodesic": false,
        "type": "Point",
        "coordinates": [
          73.80800702892815,
          18.492315156929795
        ]
      },
      "properties": {
        "location_id": "unknown",
        "timestamp": "2024-11-10",
        "source": "landsat-8",
        "features": {
          "lst": 31.25711534000004
        },
        "quality": {
          "valid": true
        },
        "temporal_context": {}
      }
    },
    {
      "type": "Feature",
      "geometry": {
        "geodesic": false,
        "type": "Point",
        "coordinates": [
          73.80829115229807,
          18.492316945775418
        ]
      },
      "properties": {
        "location_id": "unknown",
        "timestamp": "2024-11-10",
        "source": "landsat-8",
        "features": {
          "lst": 31.58866327999999
        },
        "quality": {
          "valid": true
        },
        "temporal_context": {}
      }
    },
    {
      "type": "Feature",
      "geometry": {
        "geodesic": false,
        "type": "Point",
        "coordinates": [
          73.80857527570042,
          18.492318734194832
        ]
      },
      "properties": {
        "location_id": "unknown",
        "timestamp": "2024-11-10",
        "source": "landsat-8",
        "features": {
          "lst": 32.074022119999995
        },
        "quality": {
          "valid": true
        },
        "temporal_context": {}
      }
    },
    {
      "type": "Feature",
      "geometry": {
        "geodesic": false,
        "type": "Point",
        "coordinates": [
          73.80885939913517,
          18.49232052218803
        ]
      },
      "properties": {
        "location_id": "unknown",
        "timestamp": "2024-11-10",
        "source": "landsat-8",
        "features": {
          "lst": 32.56621700000005
        },
        "quality": {
          "valid": true
        },
        "temporal_context": {}
      }
    },
    {
      "type": "Feature",
      "geometry": {
        "geodesic": false,
        "type": "Point",
        "coordinates": [
          73.80914352260234,
          18.492322309755014
        ]
      },
      "properties": {
        "location_id": "unknown",
        "timestamp": "2024-11-10",
        "source": "landsat-8",
        "features": {
          "lst": 32.50469264000003
        },
        "quality": {
          "valid": true
        },
        "temporal_context": {}
      }
    },
    {
      "type": "Feature",
      "geometry": {
        "geodesic": false,
        "type": "Point",
        "coordinates": [
          73.79834874396307,
          18.49198299726347
        ]
      },
      "properties": {
        "location_id": "unknown",
        "timestamp": "2024-11-10",
        "source": "landsat-8",
        "features": {
          "lst": 34.64095514000002
        },
        "quality": {
          "valid": true
        },
        "temporal_context": {}
      }
    },
    {
      "type": "Feature",
      "geometry": {
        "geodesic": false,
        "type": "Point",
        "coordinates": [
          73.79863286577954,
          18.491984800571913
        ]
      },
      "properties": {
        "location_id": "unknown",
        "timestamp": "2024-11-10",
        "source": "landsat-8",
        "features": {
          "lst": 34.312825220000036
        },
        "quality": {
          "valid": true
        },
        "temporal_context": {}
      }
    },
    {
      "type": "Feature",
      "geometry": {
        "geodesic": false,
        "type": "Point",
        "coordinates": [
          73.79891698762869,
          18.491986603454155
        ]
      },
      "properties": {
        "location_id": "unknown",
        "timestamp": "2024-11-10",
        "source": "landsat-8",
        "features": {
          "lst": 33.86848262000001
        },
        "quality": {
          "valid": true
        },
        "temporal_context": {}
      }
    },
    {
      "type": "Feature",
      "geometry": {
        "geodesic": false,
        "type": "Point",
        "coordinates": [
          73.7992011095105,
          18.4919884059102
        ]
      },
      "properties": {
        "location_id": "unknown",
        "timestamp": "2024-11-10",
        "source": "landsat-8",
        "features": {
          "lst": 33.36603367999999
        },
        "quality": {
          "valid": true
        },
        "temporal_context": {}
      }
    },
    {
      "type": "Feature",
      "geometry": {
        "geodesic": false,
        "type": "Point",
        "coordinates": [
          73.79948523142498,
          18.491990207940045
        ]
      },
      "properties": {
        "location_id": "unknown",
        "timestamp": "2024-11-10",
        "source": "landsat-8",
        "features": {
          "lst": 33.22589486000004
        },
        "quality": {
          "valid": true
        },
        "temporal_context": {}
      }
    },
    {
      "type": "Feature",
      "geometry": {
        "geodesic": false,
        "type": "Point",
        "coordinates": [
          73.79976935337213,
          18.49199200954369
        ]
      },
      "properties": {
        "location_id": "unknown",
        "timestamp": "2024-11-10",
        "source": "landsat-8",
        "features": {
          "lst": 33.13360832000001
        },
        "quality": {
          "valid": true
        },
        "temporal_context": {}
      }
    },
    {
      "type": "Feature",
      "geometry": {
        "geodesic": false,
        "type": "Point",
        "coordinates": [
          73.80005347535192,
          18.491993810721137
        ]
      },
      "properties": {
        "location_id": "unknown",
        "timestamp": "2024-11-10",
        "source": "landsat-8",
        "features": {
          "lst": 33.19171466
        },
        "quality": {
          "valid": true
        },
        "temporal_context": {}
      }
    },
    {
      "type": "Feature",
      "geometry": {
        "geodesic": false,
        "type": "Point",
        "coordinates": [
          73.80033759736435,
          18.49199561147238
        ]
      },
      "properties": {
        "location_id": "unknown",
        "timestamp": "2024-11-10",
        "source": "landsat-8",
        "features": {
          "lst": 33.17804258000001
        },
        "quality": {
          "valid": true
        },
        "temporal_context": {}
      }
    },
    {
      "type": "Feature",
      "geometry": {
        "geodesic": false,
        "type": "Point",
        "coordinates": [
          73.8006217194094,
          18.491997411797424
        ]
      },
      "properties": {
        "location_id": "unknown",
        "timestamp": "2024-11-10",
        "source": "landsat-8",
        "features": {
          "lst": 33.1472804
        },
        "quality": {
          "valid": true
        },
        "temporal_context": {}
      }
    },
    {
      "type": "Feature",
      "geometry": {
        "geodesic": false,
        "type": "Point",
        "coordinates": [
          73.8009058414871,
          18.49199921169627
        ]
      },
      "properties": {
        "location_id": "unknown",
        "timestamp": "2024-11-10",
        "source": "landsat-8",
        "features": {
          "lst": 33.06182990000002
        },
        "quality": {
          "valid": true
        },
        "temporal_context": {}
      }
    },
    {
      "type": "Feature",
      "geometry": {
        "geodesic": false,
        "type": "Point",
        "coordinates": [
          73.8011899635974,
          18.492001011168913
        ]
      },
      "properties": {
        "location_id": "unknown",
        "timestamp": "2024-11-10",
        "source": "landsat-8",
        "features": {
          "lst": 33.236148920000005
        },
        "quality": {
          "valid": true
        },
        "temporal_context": {}
      }
    },
    {
      "type": "Feature",
      "geometry": {
        "geodesic": false,
        "type": "Point",
        "coordinates": [
          73.80147408574031,
          18.492002810215357
        ]
      },
      "properties": {
        "location_id": "unknown",
        "timestamp": "2024-11-10",
        "source": "landsat-8",
        "features": {
          "lst": 33.15753446000002
        },
        "quality": {
          "valid": true
        },
        "temporal_context": {}
      }
    },
    {
      "type": "Feature",
      "geometry": {
        "geodesic": false,
        "type": "Point",
        "coordinates": [
          73.80175820791582,
          18.492004608835597
        ]
      },
      "properties": {
        "location_id": "unknown",
        "timestamp": "2024-11-10",
        "source": "landsat-8",
        "features": {
          "lst": 33.13360832000001
        },
        "quality": {
          "valid": true
        },
        "temporal_context": {}
      }
    },
    {
      "type": "Feature",
      "geometry": {
        "geodesic": false,
        "type": "Point",
        "coordinates": [
          73.80204233012395,
          18.49200640702964
        ]
      },
      "properties": {
        "location_id": "unknown",
        "timestamp": "2024-11-10",
        "source": "landsat-8",
        "features": {
          "lst": 33.902662820000046
        },
        "quality": {
          "valid": true
        },
        "temporal_context": {}
      }
    },
    {
      "type": "Feature",
      "geometry": {
        "geodesic": false,
        "type": "Point",
        "coordinates": [
          73.80232645236464,
          18.492008204797475
        ]
      },
      "properties": {
        "location_id": "unknown",
        "timestamp": "2024-11-10",
        "source": "landsat-8",
        "features": {
          "lst": 33.906080840000016
        },
        "quality": {
          "valid": true
        },
        "temporal_context": {}
      }
    },
    {
      "type": "Feature",
      "geometry": {
        "geodesic": false,
        "type": "Point",
        "coordinates": [
          73.80261057463792,
          18.49201000213911
        ]
      },
      "properties": {
        "location_id": "unknown",
        "timestamp": "2024-11-10",
        "source": "landsat-8",
        "features": {
          "lst": 33.957351140000014
        },
        "quality": {
          "valid": true
        },
        "temporal_context": {}
      }
    },
    {
      "type": "Feature",
      "geometry": {
        "geodesic": false,
        "type": "Point",
        "coordinates": [
          73.80289469694378,
          18.49201179905455
        ]
      },
      "properties": {
        "location_id": "unknown",
        "timestamp": "2024-11-10",
        "source": "landsat-8",
        "features": {
          "lst": 34.08039986000006
        },
        "quality": {
          "valid": true
        },
        "temporal_context": {}
      }
    },
    {
      "type": "Feature",
      "geometry": {
        "geodesic": false,
        "type": "Point",
        "coordinates": [
          73.8031788192822,
          18.492013595543778
        ]
      },
      "properties": {
        "location_id": "unknown",
        "timestamp": "2024-11-10",
        "source": "landsat-8",
        "features": {
          "lst": 34.234210759999996
        },
        "quality": {
          "valid": true
        },
        "temporal_context": {}
      }
    },
    {
      "type": "Feature",
      "geometry": {
        "geodesic": false,
        "type": "Point",
        "coordinates": [
          73.80346294165318,
          18.49201539160681
        ]
      },
      "properties": {
        "location_id": "unknown",
        "timestamp": "2024-11-10",
        "source": "landsat-8",
        "features": {
          "lst": 34.36409551999998
        },
        "quality": {
          "valid": true
        },
        "temporal_context": {}
      }
    },
    {
      "type": "Feature",
      "geometry": {
        "geodesic": false,
        "type": "Point",
        "coordinates": [
          73.80374706405668,
          18.492017187243636
        ]
      },
      "properties": {
        "location_id": "unknown",
        "timestamp": "2024-11-10",
        "source": "landsat-8",
        "features": {
          "lst": 34.37776760000003
        },
        "quality": {
          "valid": true
        },
        "temporal_context": {}
      }
    },
    {
      "type": "Feature",
      "geometry": {
        "geodesic": false,
        "type": "Point",
        "coordinates": [
          73.80403118649275,
          18.492018982454262
        ]
      },
      "properties": {
        "location_id": "unknown",
        "timestamp": "2024-11-10",
        "source": "landsat-8",
        "features": {
          "lst": 34.28548106000005
        },
        "quality": {
          "valid": true
        },
        "temporal_context": {}
      }
    },
    {
      "type": "Feature",
      "geometry": {
        "geodesic": false,
        "type": "Point",
        "coordinates": [
          73.80431530896135,
          18.492020777238682
        ]
      },
      "properties": {
        "location_id": "unknown",
        "timestamp": "2024-11-10",
        "source": "landsat-8",
        "features": {
          "lst": 34.039383620000024
        },
        "quality": {
          "valid": true
        },
        "temporal_context": {}
      }
    },
    {
      "type": "Feature",
      "geometry": {
        "geodesic": false,
        "type": "Point",
        "coordinates": [
          73.80459943146246,
          18.4920225715969
        ]
      },
      "properties": {
        "location_id": "unknown",
        "timestamp": "2024-11-10",
        "source": "landsat-8",
        "features": {
          "lst": 33.68049152000003
        },
        "quality": {
          "valid": true
        },
        "temporal_context": {}
      }
    },
    {
      "type": "Feature",
      "geometry": {
        "geodesic": false,
        "type": "Point",
        "coordinates": [
          73.80488355399609,
          18.492024365528916
        ]
      },
      "properties": {
        "location_id": "unknown",
        "timestamp": "2024-11-10",
        "source": "landsat-8",
        "features": {
          "lst": 33.33868952
        },
        "quality": {
          "valid": true
        },
        "temporal_context": {}
      }
    },
    {
      "type": "Feature",
      "geometry": {
        "geodesic": false,
        "type": "Point",
        "coordinates": [
          73.80516767656225,
          18.49202615903473
        ]
      },
      "properties": {
        "location_id": "unknown",
        "timestamp": "2024-11-10",
        "source": "landsat-8",
        "features": {
          "lst": 32.648249480000004
        },
        "quality": {
          "valid": true
        },
        "temporal_context": {}
      }
    },
    {
      "type": "Feature",
      "geometry": {
        "geodesic": false,
        "type": "Point",
        "coordinates": [
          73.80545179916089,
          18.492027952114334
        ]
      },
      "properties": {
        "location_id": "unknown",
        "timestamp": "2024-11-10",
        "source": "landsat-8",
        "features": {
          "lst": 32.30644748000003
        },
        "quality": {
          "valid": true
        },
        "temporal_context": {}
      }
    },
    {
      "type": "Feature",
      "geometry": {
        "geodesic": false,
        "type": "Point",
        "coordinates": [
          73.80573592179204,
          18.492029744767738
        ]
      },
      "properties": {
        "location_id": "unknown",
        "timestamp": "2024-11-10",
        "source": "landsat-8",
        "features": {
          "lst": 32.06035004
        },
        "quality": {
          "valid": true
        },
        "temporal_context": {}
      }
    },
    {
      "type": "Feature",
      "geometry": {
        "geodesic": false,
        "type": "Point",
        "coordinates": [
          73.80602004445566,
          18.492031536994936
        ]
      },
      "properties": {
        "location_id": "unknown",
        "timestamp": "2024-11-10",
        "source": "landsat-8",
        "features": {
          "lst": 32.19707084000004
        },
        "quality": {
          "valid": true
        },
        "temporal_context": {}
      }
    },
    {
      "type": "Feature",
      "geometry": {
        "geodesic": false,
        "type": "Point",
        "coordinates": [
          73.80630416715178,
          18.49203332879593
        ]
      },
      "properties": {
        "location_id": "unknown",
        "timestamp": "2024-11-10",
        "source": "landsat-8",
        "features": {
          "lst": 32.01249776000003
        },
        "quality": {
          "valid": true
        },
        "temporal_context": {}
      }
    },
    {
      "type": "Feature",
      "geometry": {
        "geodesic": false,
        "type": "Point",
        "coordinates": [
          73.80658828988037,
          18.49203512017072
        ]
      },
      "properties": {
        "location_id": "unknown",
        "timestamp": "2024-11-10",
        "source": "landsat-8",
        "features": {
          "lst": 31.879194980000022
        },
        "quality": {
          "valid": true
        },
        "temporal_context": {}
      }
    },
    {
      "type": "Feature",
      "geometry": {
        "geodesic": false,
        "type": "Point",
        "coordinates": [
          73.80687241264141,
          18.492036911119307
        ]
      },
      "properties": {
        "location_id": "unknown",
        "timestamp": "2024-11-10",
        "source": "landsat-8",
        "features": {
          "lst": 31.80058052000004
        },
        "quality": {
          "valid": true
        },
        "temporal_context": {}
      }
    },
    {
      "type": "Feature",
      "geometry": {
        "geodesic": false,
        "type": "Point",
        "coordinates": [
          73.80715653543491,
          18.492038701641686
        ]
      },
      "properties": {
        "location_id": "unknown",
        "timestamp": "2024-11-10",
        "source": "landsat-8",
        "features": {
          "lst": 31.523720900000058
        },
        "quality": {
          "valid": true
        },
        "temporal_context": {}
      }
    },
    {
      "type": "Feature",
      "geometry": {
        "geodesic": false,
        "type": "Point",
        "coordinates": [
          73.80744065826086,
          18.49204049173786
        ]
      },
      "properties": {
        "location_id": "unknown",
        "timestamp": "2024-11-10",
        "source": "landsat-8",
        "features": {
          "lst": 31.561319120000007
        },
        "quality": {
          "valid": true
        },
        "temporal_context": {}
      }
    },
    {
      "type": "Feature",
      "geometry": {
        "geodesic": false,
        "type": "Point",
        "coordinates": [
          73.80772478111923,
          18.49204228140783
        ]
      },
      "properties": {
        "location_id": "unknown",
        "timestamp": "2024-11-10",
        "source": "landsat-8",
        "features": {
          "lst": 31.62284348000003
        },
        "quality": {
          "valid": true
        },
        "temporal_context": {}
      }
    },
    {
      "type": "Feature",
      "geometry": {
        "geodesic": false,
        "type": "Point",
        "coordinates": [
          73.80800890401007,
          18.49204407065159
        ]
      },
      "properties": {
        "location_id": "unknown",
        "timestamp": "2024-11-10",
        "source": "landsat-8",
        "features": {
          "lst": 31.708293980000008
        },
        "quality": {
          "valid": true
        },
        "temporal_context": {}
      }
    },
    {
      "type": "Feature",
      "geometry": {
        "geodesic": false,
        "type": "Point",
        "coordinates": [
          73.80829302693331,
          18.492045859469147
        ]
      },
      "properties": {
        "location_id": "unknown",
        "timestamp": "2024-11-10",
        "source": "landsat-8",
        "features": {
          "lst": 31.98173558000002
        },
        "quality": {
          "valid": true
        },
        "temporal_context": {}
      }
    },
    {
      "type": "Feature",
      "geometry": {
        "geodesic": false,
        "type": "Point",
        "coordinates": [
          73.80857714988896,
          18.4920476478605
        ]
      },
      "properties": {
        "location_id": "unknown",
        "timestamp": "2024-11-10",
        "source": "landsat-8",
        "features": {
          "lst": 32.34746372000001
        },
        "quality": {
          "valid": true
        },
        "temporal_context": {}
      }
    },
    {
      "type": "Feature",
      "geometry": {
        "geodesic": false,
        "type": "Point",
        "coordinates": [
          73.80886127287704,
          18.492049435825642
        ]
      },
      "properties": {
        "location_id": "unknown",
        "timestamp": "2024-11-10",
        "source": "landsat-8",
        "features": {
          "lst": 32.66533958000002
        },
        "quality": {
          "valid": true
        },
        "temporal_context": {}
      }
    },
    {
      "type": "Feature",
      "geometry": {
        "geodesic": false,
        "type": "Point",
        "coordinates": [
          73.80914539589752,
          18.49205122336458
        ]
      },
      "properties": {
        "location_id": "unknown",
        "timestamp": "2024-11-10",
        "source": "landsat-8",
        "features": {
          "lst": 32.49443858000001
        },
        "quality": {
          "valid": true
        },
        "temporal_context": {}
      }
    },
    {
      "type": "Feature",
      "geometry": {
        "geodesic": false,
        "type": "Point",
        "coordinates": [
          73.79835063419952,
          18.491711911935656
        ]
      },
      "properties": {
        "location_id": "unknown",
        "timestamp": "2024-11-10",
        "source": "landsat-8",
        "features": {
          "lst": 34.37093156000003
        },
        "quality": {
          "valid": true
        },
        "temporal_context": {}
      }
    },
    {
      "type": "Feature",
      "geometry": {
        "geodesic": false,
        "type": "Point",
        "coordinates": [
          73.79863475556931,
          18.491713715215802
        ]
      },
      "properties": {
        "location_id": "unknown",
        "timestamp": "2024-11-10",
        "source": "landsat-8",
        "features": {
          "lst": 34.14876026000002
        },
        "quality": {
          "valid": true
        },
        "temporal_context": {}
      }
    },
    {
      "type": "Feature",
      "geometry": {
        "geodesic": false,
        "type": "Point",
        "coordinates": [
          73.79891887697178,
          18.491715518069757
        ]
      },
      "properties": {
        "location_id": "unknown",
        "timestamp": "2024-11-10",
        "source": "landsat-8",
        "features": {
          "lst": 33.83088440000006
        },
        "quality": {
          "valid": true
        },
        "temporal_context": {}
      }
    },
    {
      "type": "Feature",
      "geometry": {
        "geodesic": false,
        "type": "Point",
        "coordinates": [
          73.79920299840693,
          18.491717320497518
        ]
      },
      "properties": {
        "location_id": "unknown",
        "timestamp": "2024-11-10",
        "source": "landsat-8",
        "features": {
          "lst": 33.430976060000035
        },
        "quality": {
          "valid": true
        },
        "temporal_context": {}
      }
    },
    {
      "type": "Feature",
      "geometry": {
        "geodesic": false,
        "type": "Point",
        "coordinates": [
          73.79948711987474,
          18.491719122499088
        ]
      },
      "properties": {
        "location_id": "unknown",
        "timestamp": "2024-11-10",
        "source": "landsat-8",
        "features": {
          "lst": 33.314763380000045
        },
        "quality": {
          "valid": true
        },
        "temporal_context": {}
      }
    },
    {
      "type": "Feature",
      "geometry": {
        "geodesic": false,
        "type": "Point",
        "coordinates": [
          73.79977124137521,
          18.491720924074464
        ]
      },
      "properties": {
        "location_id": "unknown",
        "timestamp": "2024-11-10",
        "source": "landsat-8",
        "features": {
          "lst": 33.24298496000006
        },
        "quality": {
          "valid": true
        },
        "temporal_context": {}
      }
    },
    {
      "type": "Feature",
      "geometry": {
        "geodesic": false,
        "type": "Point",
        "coordinates": [
          73.80005536290832,
          18.491722725223646
        ]
      },
      "properties": {
        "location_id": "unknown",
        "timestamp": "2024-11-10",
        "source": "landsat-8",
        "features": {
          "lst": 33.32501744000001
        },
        "quality": {
          "valid": true
        },
        "temporal_context": {}
      }
    },
    {
      "type": "Feature",
      "geometry": {
        "geodesic": false,
        "type": "Point",
        "coordinates": [
          73.80033948447408,
          18.491724525946633
        ]
      },
      "properties": {
        "location_id": "unknown",
        "timestamp": "2024-11-10",
        "source": "landsat-8",
        "features": {
          "lst": 33.36603367999999
        },
        "quality": {
          "valid": true
        },
        "temporal_context": {}
      }
    },
    {
      "type": "Feature",
      "geometry": {
        "geodesic": false,
        "type": "Point",
        "coordinates": [
          73.80062360607246,
          18.491726326243427
        ]
      },
      "properties": {
        "location_id": "unknown",
        "timestamp": "2024-11-10",
        "source": "landsat-8",
        "features": {
          "lst": 33.430976060000035
        },
        "quality": {
          "valid": true
        },
        "temporal_context": {}
      }
    },
    {
      "type": "Feature",
      "geometry": {
        "geodesic": false,
        "type": "Point",
        "coordinates": [
          73.80090772770349,
          18.49172812611403
        ]
      },
      "properties": {
        "location_id": "unknown",
        "timestamp": "2024-11-10",
        "source": "landsat-8",
        "features": {
          "lst": 33.45490219999999
        },
        "quality": {
          "valid": true
        },
        "temporal_context": {}
      }
    },
    {
      "type": "Feature",
      "geometry": {
        "geodesic": false,
        "type": "Point",
        "coordinates": [
          73.80119184936711,
          18.491729925558438
        ]
      },
      "properties": {
        "location_id": "unknown",
        "timestamp": "2024-11-10",
        "source": "landsat-8",
        "features": {
          "lst": 33.70441765999999
        },
        "quality": {
          "valid": true
        },
        "temporal_context": {}
      }
    },
    {
      "type": "Feature",
      "geometry": {
        "geodesic": false,
        "type": "Point",
        "coordinates": [
          73.80147597106337,
          18.49173172457665
        ]
      },
      "properties": {
        "location_id": "unknown",
        "timestamp": "2024-11-10",
        "source": "landsat-8",
        "features": {
          "lst": 33.608713100000045
        },
        "quality": {
          "valid": true
        },
        "temporal_context": {}
      }
    },
    {
      "type": "Feature",
      "geometry": {
        "geodesic": false,
        "type": "Point",
        "coordinates": [
          73.80176009279221,
          18.49173352316867
        ]
      },
      "properties": {
        "location_id": "unknown",
        "timestamp": "2024-11-10",
        "source": "landsat-8",
        "features": {
          "lst": 33.47882834000001
        },
        "quality": {
          "valid": true
        },
        "temporal_context": {}
      }
    },
    {
      "type": "Feature",
      "geometry": {
        "geodesic": false,
        "type": "Point",
        "coordinates": [
          73.80204421455365,
          18.491735321334495
        ]
      },
      "properties": {
        "location_id": "unknown",
        "timestamp": "2024-11-10",
        "source": "landsat-8",
        "features": {
          "lst": 34.11116204000001
        },
        "quality": {
          "valid": true
        },
        "temporal_context": {}
      }
    },
    {
      "type": "Feature",
      "geometry": {
        "geodesic": false,
        "type": "Point",
        "coordinates": [
          73.80232833634767,
          18.491737119074124
        ]
      },
      "properties": {
        "location_id": "unknown",
        "timestamp": "2024-11-10",
        "source": "landsat-8",
        "features": {
          "lst": 33.96076916000004
        },
        "quality": {
          "valid": true
        },
        "temporal_context": {}
      }
    },
    {
      "type": "Feature",
      "geometry": {
        "geodesic": false,
        "type": "Point",
        "coordinates": [
          73.80261245817428,
          18.491738916387558
        ]
      },
      "properties": {
        "location_id": "unknown",
        "timestamp": "2024-11-10",
        "source": "landsat-8",
        "features": {
          "lst": 33.76936004000004
        },
        "quality": {
          "valid": true
        },
        "temporal_context": {}
      }
    },
    {
      "type": "Feature",
      "geometry": {
        "geodesic": false,
        "type": "Point",
        "coordinates": [
          73.80289658003346,
          18.491740713274798
        ]
      },
      "properties": {
        "location_id": "unknown",
        "timestamp": "2024-11-10",
        "source": "landsat-8",
        "features": {
          "lst": 33.742015880000054
        },
        "quality": {
          "valid": true
        },
        "temporal_context": {}
      }
    },
    {
      "type": "Feature",
      "geometry": {
        "geodesic": false,
        "type": "Point",
        "coordinates": [
          73.8031807019252,
          18.49174250973584
        ]
      },
      "properties": {
        "location_id": "unknown",
        "timestamp": "2024-11-10",
        "source": "landsat-8",
        "features": {
          "lst": 33.86848262000001
        },
        "quality": {
          "valid": true
        },
        "temporal_context": {}
      }
    },
    {
      "type": "Feature",
      "geometry": {
        "geodesic": false,
        "type": "Point",
        "coordinates": [
          73.8034648238495,
          18.491744305770688
        ]
      },
      "properties": {
        "location_id": "unknown",
        "timestamp": "2024-11-10",
        "source": "landsat-8",
        "features": {
          "lst": 34.10090797999999
        },
        "quality": {
          "valid": true
        },
        "temporal_context": {}
      }
    },
    {
      "type": "Feature",
      "geometry": {
        "geodesic": false,
        "type": "Point",
        "coordinates": [
          73.80374894580635,
          18.49174610137934
        ]
      },
      "properties": {
        "location_id": "unknown",
        "timestamp": "2024-11-10",
        "source": "landsat-8",
        "features": {
          "lst": 34.29573512000002
        },
        "quality": {
          "valid": true
        },
        "temporal_context": {}
      }
    },
    {
      "type": "Feature",
      "geometry": {
        "geodesic": false,
        "type": "Point",
        "coordinates": [
          73.80403306779573,
          18.491747896561794
        ]
      },
      "properties": {
        "location_id": "unknown",
        "timestamp": "2024-11-10",
        "source": "landsat-8",
        "features": {
          "lst": 34.49056226000005
        },
        "quality": {
          "valid": true
        },
        "temporal_context": {}
      }
    },
    {
      "type": "Feature",
      "geometry": {
        "geodesic": false,
        "type": "Point",
        "coordinates": [
          73.80431718981764,
          18.491749691318056
        ]
      },
      "properties": {
        "location_id": "unknown",
        "timestamp": "2024-11-10",
        "source": "landsat-8",
        "features": {
          "lst": 34.43929195999999
        },
        "quality": {
          "valid": true
        },
        "temporal_context": {}
      }
    },
    {
      "type": "Feature",
      "geometry": {
        "geodesic": false,
        "type": "Point",
        "coordinates": [
          73.80460131187209,
          18.491751485648116
        ]
      },
      "properties": {
        "location_id": "unknown",
        "timestamp": "2024-11-10",
        "source": "landsat-8",
        "features": {
          "lst": 34.24104680000005
        },
        "quality": {
          "valid": true
        },
        "temporal_context": {}
      }
    },
    {
      "type": "Feature",
      "geometry": {
        "geodesic": false,
        "type": "Point",
        "coordinates": [
          73.80488543395904,
          18.491753279551983
        ]
      },
      "properties": {
        "location_id": "unknown",
        "timestamp": "2024-11-10",
        "source": "landsat-8",
        "features": {
          "lst": 33.940261039999996
        },
        "quality": {
          "valid": true
        },
        "temporal_context": {}
      }
    },
    {
      "type": "Feature",
      "geometry": {
        "geodesic": false,
        "type": "Point",
        "coordinates": [
          73.80516955607852,
          18.49175507302965
        ]
      },
      "properties": {
        "location_id": "unknown",
        "timestamp": "2024-11-10",
        "source": "landsat-8",
        "features": {
          "lst": 33.249821
        },
        "quality": {
          "valid": true
        },
        "temporal_context": {}
      }
    },
    {
      "type": "Feature",
      "geometry": {
        "geodesic": false,
        "type": "Point",
        "coordinates": [
          73.8054536782305,
          18.491756866081122
        ]
      },
      "properties": {
        "location_id": "unknown",
        "timestamp": "2024-11-10",
        "source": "landsat-8",
        "features": {
          "lst": 32.89434692000003
        },
        "quality": {
          "valid": true
        },
        "temporal_context": {}
      }
    },
    {
      "type": "Feature",
      "geometry": {
        "geodesic": false,
        "type": "Point",
        "coordinates": [
          73.80573780041496,
          18.4917586587064
        ]
      },
      "properties": {
        "location_id": "unknown",
        "timestamp": "2024-11-10",
        "source": "landsat-8",
        "features": {
          "lst": 32.54570888000001
        },
        "quality": {
          "valid": true
        },
        "temporal_context": {}
      }
    },
    {
      "type": "Feature",
      "geometry": {
        "geodesic": false,
        "type": "Point",
        "coordinates": [
          73.80602192263191,
          18.491760450905474
        ]
      },
      "properties": {
        "location_id": "unknown",
        "timestamp": "2024-11-10",
        "source": "landsat-8",
        "features": {
          "lst": 32.58672511999998
        },
        "quality": {
          "valid": true
        },
        "temporal_context": {}
      }
    },
    {
      "type": "Feature",
      "geometry": {
        "geodesic": false,
        "type": "Point",
        "coordinates": [
          73.80630604488134,
          18.491762242678355
        ]
      },
      "properties": {
        "location_id": "unknown",
        "timestamp": "2024-11-10",
        "source": "landsat-8",
        "features": {
          "lst": 32.34746372000001
        },
        "quality": {
          "valid": true
        },
        "temporal_context": {}
      }
    },
    {
      "type": "Feature",
      "geometry": {
        "geodesic": false,
        "type": "Point",
        "coordinates": [
          73.80659016716325,
          18.491764034025035
        ]
      },
      "properties": {
        "location_id": "unknown",
        "timestamp": "2024-11-10",
        "source": "landsat-8",
        "features": {
          "lst": 32.13212845999999
        },
        "quality": {
          "valid": true
        },
        "temporal_context": {}
      }
    },
    {
      "type": "Feature",
      "geometry": {
        "geodesic": false,
        "type": "Point",
        "coordinates": [
          73.80687428947762,
          18.491765824945517
        ]
      },
      "properties": {
        "location_id": "unknown",
        "timestamp": "2024-11-10",
        "source": "landsat-8",
        "features": {
          "lst": 31.97831756000005
        },
        "quality": {
          "valid": true
        },
        "temporal_context": {}
      }
    },
    {
      "type": "Feature",
      "geometry": {
        "geodesic": false,
        "type": "Point",
        "coordinates": [
          73.80715841182445,
          18.491767615439798
        ]
      },
      "properties": {
        "location_id": "unknown",
        "timestamp": "2024-11-10",
        "source": "landsat-8",
        "features": {
          "lst": 31.708293980000008
        },
        "quality": {
          "valid": true
        },
        "temporal_context": {}
      }
    },
    {
      "type": "Feature",
      "geometry": {
        "geodesic": false,
        "type": "Point",
        "coordinates": [
          73.8074425342037,
          18.491769405507885
        ]
      },
      "properties": {
        "location_id": "unknown",
        "timestamp": "2024-11-10",
        "source": "landsat-8",
        "features": {
          "lst": 31.78349042000002
        },
        "quality": {
          "valid": true
        },
        "temporal_context": {}
      }
    },
    {
      "type": "Feature",
      "geometry": {
        "geodesic": false,
        "type": "Point",
        "coordinates": [
          73.80772665661542,
          18.49177119514977
        ]
      },
      "properties": {
        "location_id": "unknown",
        "timestamp": "2024-11-10",
        "source": "landsat-8",
        "features": {
          "lst": 31.896285079999984
        },
        "quality": {
          "valid": true
        },
        "temporal_context": {}
      }
    },
    {
      "type": "Feature",
      "geometry": {
        "geodesic": false,
        "type": "Point",
        "coordinates": [
          73.80801077905956,
          18.491772984365458
        ]
      },
      "properties": {
        "location_id": "unknown",
        "timestamp": "2024-11-10",
        "source": "landsat-8",
        "features": {
          "lst": 32.039841920000015
        },
        "quality": {
          "valid": true
        },
        "temporal_context": {}
      }
    },
    {
      "type": "Feature",
      "geometry": {
        "geodesic": false,
        "type": "Point",
        "coordinates": [
          73.80829490153613,
          18.491774773154948
        ]
      },
      "properties": {
        "location_id": "unknown",
        "timestamp": "2024-11-10",
        "source": "landsat-8",
        "features": {
          "lst": 32.32353757999999
        },
        "quality": {
          "valid": true
        },
        "temporal_context": {}
      }
    },
    {
      "type": "Feature",
      "geometry": {
        "geodesic": false,
        "type": "Point",
        "coordinates": [
          73.80857902404512,
          18.491776561518233
        ]
      },
      "properties": {
        "location_id": "unknown",
        "timestamp": "2024-11-10",
        "source": "landsat-8",
        "features": {
          "lst": 32.60381522
        },
        "quality": {
          "valid": true
        },
        "temporal_context": {}
      }
    },
    {
      "type": "Feature",
      "geometry": {
        "geodesic": false,
        "type": "Point",
        "coordinates": [
          73.8088631465865,
          18.491778349455323
        ]
      },
      "properties": {
        "location_id": "unknown",
        "timestamp": "2024-11-10",
        "source": "landsat-8",
        "features": {
          "lst": 32.75079008
        },
        "quality": {
          "valid": true
        },
        "temporal_context": {}
      }
    },
    {
      "type": "Feature",
      "geometry": {
        "geodesic": false,
        "type": "Point",
        "coordinates": [
          73.80914726916029,
          18.491780136966213
        ]
      },
      "properties": {
        "location_id": "unknown",
        "timestamp": "2024-11-10",
        "source": "landsat-8",
        "features": {
          "lst": 32.44316828000001
        },
        "quality": {
          "valid": true
        },
        "temporal_context": {}
      }
    },
    {
      "type": "Feature",
      "geometry": {
        "geodesic": false,
        "type": "Point",
        "coordinates": [
          73.79835252440327,
          18.491440826599895
        ]
      },
      "properties": {
        "location_id": "unknown",
        "timestamp": "2024-11-10",
        "source": "landsat-8",
        "features": {
          "lst": 33.96418718000001
        },
        "quality": {
          "valid": true
        },
        "temporal_context": {}
      }
    },
    {
      "type": "Feature",
      "geometry": {
        "geodesic": false,
        "type": "Point",
        "coordinates": [
          73.7986366453264,
          18.491442629851743
        ]
      },
      "properties": {
        "location_id": "unknown",
        "timestamp": "2024-11-10",
        "source": "landsat-8",
        "features": {
          "lst": 33.83088440000006
        },
        "quality": {
          "valid": true
        },
        "temporal_context": {}
      }
    },
    {
      "type": "Feature",
      "geometry": {
        "geodesic": false,
        "type": "Point",
        "coordinates": [
          73.79892076628221,
          18.491444432677408
        ]
      },
      "properties": {
        "location_id": "unknown",
        "timestamp": "2024-11-10",
        "source": "landsat-8",
        "features": {
          "lst": 33.615549139999985
        },
        "quality": {
          "valid": true
        },
        "temporal_context": {}
      }
    },
    {
      "type": "Feature",
      "geometry": {
        "geodesic": false,
        "type": "Point",
        "coordinates": [
          73.79920488727069,
          18.49144623507689
        ]
      },
      "properties": {
        "location_id": "unknown",
        "timestamp": "2024-11-10",
        "source": "landsat-8",
        "features": {
          "lst": 33.297673280000026
        },
        "quality": {
          "valid": true
        },
        "temporal_context": {}
      }
    },
    {
      "type": "Feature",
      "geometry": {
        "geodesic": false,
        "type": "Point",
        "coordinates": [
          73.79948900829184,
          18.49144803705018
        ]
      },
      "properties": {
        "location_id": "unknown",
        "timestamp": "2024-11-10",
        "source": "landsat-8",
        "features": {
          "lst": 33.18146060000004
        },
        "quality": {
          "valid": true
        },
        "temporal_context": {}
      }
    },
    {
      "type": "Feature",
      "geometry": {
        "geodesic": false,
        "type": "Point",
        "coordinates": [
          73.79977312934564,
          18.491449838597287
        ]
      },
      "properties": {
        "location_id": "unknown",
        "timestamp": "2024-11-10",
        "source": "landsat-8",
        "features": {
          "lst": 33.089174060000005
        },
        "quality": {
          "valid": true
        },
        "temporal_context": {}
      }
    },
    {
      "type": "Feature",
      "geometry": {
        "geodesic": false,
        "type": "Point",
        "coordinates": [
          73.80005725043209,
          18.491451639718207
        ]
      },
      "properties": {
        "location_id": "unknown",
        "timestamp": "2024-11-10",
        "source": "landsat-8",
        "features": {
          "lst": 33.22931288000001
        },
        "quality": {
          "valid": true
        },
        "temporal_context": {}
      }
    },
    {
      "type": "Feature",
      "geometry": {
        "geodesic": false,
        "type": "Point",
        "coordinates": [
          73.80034137155118,
          18.491453440412943
        ]
      },
      "properties": {
        "location_id": "unknown",
        "timestamp": "2024-11-10",
        "source": "landsat-8",
        "features": {
          "lst": 33.321599419999984
        },
        "quality": {
          "valid": true
        },
        "temporal_context": {}
      }
    },
    {
      "type": "Feature",
      "geometry": {
        "geodesic": false,
        "type": "Point",
        "coordinates": [
          73.8006254927029,
          18.491455240681486
        ]
      },
      "properties": {
        "location_id": "unknown",
        "timestamp": "2024-11-10",
        "source": "landsat-8",
        "features": {
          "lst": 33.44123012
        },
        "quality": {
          "valid": true
        },
        "temporal_context": {}
      }
    },
    {
      "type": "Feature",
      "geometry": {
        "geodesic": false,
        "type": "Point",
        "coordinates": [
          73.80090961388726,
          18.491457040523848
        ]
      },
      "properties": {
        "location_id": "unknown",
        "timestamp": "2024-11-10",
        "source": "landsat-8",
        "features": {
          "lst": 33.547188740000024
        },
        "quality": {
          "valid": true
        },
        "temporal_context": {}
      }
    },
    {
      "type": "Feature",
      "geometry": {
        "geodesic": false,
        "type": "Point",
        "coordinates": [
          73.80119373510422,
          18.491458839940016
        ]
      },
      "properties": {
        "location_id": "unknown",
        "timestamp": "2024-11-10",
        "source": "landsat-8",
        "features": {
          "lst": 33.871900640000035
        },
        "quality": {
          "valid": true
        },
        "temporal_context": {}
      }
    },
    {
      "type": "Feature",
      "geometry": {
        "geodesic": false,
        "type": "Point",
        "coordinates": [
          73.8014778563538,
          18.491460638930004
        ]
      },
      "properties": {
        "location_id": "unknown",
        "timestamp": "2024-11-10",
        "source": "landsat-8",
        "features": {
          "lst": 33.82746638000003
        },
        "quality": {
          "valid": true
        },
        "temporal_context": {}
      }
    },
    {
      "type": "Feature",
      "geometry": {
        "geodesic": false,
        "type": "Point",
        "coordinates": [
          73.80176197763598,
          18.491462437493798
        ]
      },
      "properties": {
        "location_id": "unknown",
        "timestamp": "2024-11-10",
        "source": "landsat-8",
        "features": {
          "lst": 33.69074558
        },
        "quality": {
          "valid": true
        },
        "temporal_context": {}
      }
    },
    {
      "type": "Feature",
      "geometry": {
        "geodesic": false,
        "type": "Point",
        "coordinates": [
          73.80204609895075,
          18.49146423563141
        ]
      },
      "properties": {
        "location_id": "unknown",
        "timestamp": "2024-11-10",
        "source": "landsat-8",
        "features": {
          "lst": 34.22395670000003
        },
        "quality": {
          "valid": true
        },
        "temporal_context": {}
      }
    },
    {
      "type": "Feature",
      "geometry": {
        "geodesic": false,
        "type": "Point",
        "coordinates": [
          73.80233022029812,
          18.491466033342828
        ]
      },
      "properties": {
        "location_id": "unknown",
        "timestamp": "2024-11-10",
        "source": "landsat-8",
        "features": {
          "lst": 33.810376280000014
        },
        "quality": {
          "valid": true
        },
        "temporal_context": {}
      }
    },
    {
      "type": "Feature",
      "geometry": {
        "geodesic": false,
        "type": "Point",
        "coordinates": [
          73.80261434167805,
          18.49146783062806
        ]
      },
      "properties": {
        "location_id": "unknown",
        "timestamp": "2024-11-10",
        "source": "landsat-8",
        "features": {
          "lst": 33.36261566000002
        },
        "quality": {
          "valid": true
        },
        "temporal_context": {}
      }
    },
    {
      "type": "Feature",
      "geometry": {
        "geodesic": false,
        "type": "Point",
        "coordinates": [
          73.80289846309057,
          18.491469627487103
        ]
      },
      "properties": {
        "location_id": "unknown",
        "timestamp": "2024-11-10",
        "source": "landsat-8",
        "features": {
          "lst": 33.11651821999999
        },
        "quality": {
          "valid": true
        },
        "temporal_context": {}
      }
    },
    {
      "type": "Feature",
      "geometry": {
        "geodesic": false,
        "type": "Point",
        "coordinates": [
          73.80318258453565,
          18.491471423919958
        ]
      },
      "properties": {
        "location_id": "unknown",
        "timestamp": "2024-11-10",
        "source": "landsat-8",
        "features": {
          "lst": 33.21564080000002
        },
        "quality": {
          "valid": true
        },
        "temporal_context": {}
      }
    },
    {
      "type": "Feature",
      "geometry": {
        "geodesic": false,
        "type": "Point",
        "coordinates": [
          73.80346670601327,
          18.491473219926622
        ]
      },
      "properties": {
        "location_id": "unknown",
        "timestamp": "2024-11-10",
        "source": "landsat-8",
        "features": {
          "lst": 33.45490219999999
        },
        "quality": {
          "valid": true
        },
        "temporal_context": {}
      }
    },
    {
      "type": "Feature",
      "geometry": {
        "geodesic": false,
        "type": "Point",
        "coordinates": [
          73.80375082752346,
          18.491475015507095
        ]
      },
      "properties": {
        "location_id": "unknown",
        "timestamp": "2024-11-10",
        "source": "landsat-8",
        "features": {
          "lst": 33.68732756000003
        },
        "quality": {
          "valid": true
        },
        "temporal_context": {}
      }
    },
    {
      "type": "Feature",
      "geometry": {
        "geodesic": false,
        "type": "Point",
        "coordinates": [
          73.80403494906616,
          18.491476810661386
        ]
      },
      "properties": {
        "location_id": "unknown",
        "timestamp": "2024-11-10",
        "source": "landsat-8",
        "features": {
          "lst": 33.85481054000002
        },
        "quality": {
          "valid": true
        },
        "temporal_context": {}
      }
    },
    {
      "type": "Feature",
      "geometry": {
        "geodesic": false,
        "type": "Point",
        "coordinates": [
          73.80431907064143,
          18.49147860538948
        ]
      },
      "properties": {
        "location_id": "unknown",
        "timestamp": "2024-11-10",
        "source": "landsat-8",
        "features": {
          "lst": 33.871900640000035
        },
        "quality": {
          "valid": true
        },
        "temporal_context": {}
      }
    },
    {
      "type": "Feature",
      "geometry": {
        "geodesic": false,
        "type": "Point",
        "coordinates": [
          73.8046031922492,
          18.49148039969139
        ]
      },
      "properties": {
        "location_id": "unknown",
        "timestamp": "2024-11-10",
        "source": "landsat-8",
        "features": {
          "lst": 33.80354024000002
        },
        "quality": {
          "valid": true
        },
        "temporal_context": {}
      }
    },
    {
      "type": "Feature",
      "geometry": {
        "geodesic": false,
        "type": "Point",
        "coordinates": [
          73.8048873138895,
          18.491482193567105
        ]
      },
      "properties": {
        "location_id": "unknown",
        "timestamp": "2024-11-10",
        "source": "landsat-8",
        "features": {
          "lst": 33.64972934000002
        },
        "quality": {
          "valid": true
        },
        "temporal_context": {}
      }
    },
    {
      "type": "Feature",
      "geometry": {
        "geodesic": false,
        "type": "Point",
        "coordinates": [
          73.80517143556229,
          18.491483987016633
        ]
      },
      "properties": {
        "location_id": "unknown",
        "timestamp": "2024-11-10",
        "source": "landsat-8",
        "features": {
          "lst": 33.12335426000004
        },
        "quality": {
          "valid": true
        },
        "temporal_context": {}
      }
    },
    {
      "type": "Feature",
      "geometry": {
        "geodesic": false,
        "type": "Point",
        "coordinates": [
          73.80545555726759,
          18.49148578003997
        ]
      },
      "properties": {
        "location_id": "unknown",
        "timestamp": "2024-11-10",
        "source": "landsat-8",
        "features": {
          "lst": 32.856748700000026
        },
        "quality": {
          "valid": true
        },
        "temporal_context": {}
      }
    },
    {
      "type": "Feature",
      "geometry": {
        "geodesic": false,
        "type": "Point",
        "coordinates": [
          73.8057396790054,
          18.491487572637112
        ]
      },
      "properties": {
        "location_id": "unknown",
        "timestamp": "2024-11-10",
        "source": "landsat-8",
        "features": {
          "lst": 32.59014314000001
        },
        "quality": {
          "valid": true
        },
        "temporal_context": {}
      }
    },
    {
      "type": "Feature",
      "geometry": {
        "geodesic": false,
        "type": "Point",
        "coordinates": [
          73.80602380077568,
          18.491489364808068
        ]
      },
      "properties": {
        "location_id": "unknown",
        "timestamp": "2024-11-10",
        "source": "landsat-8",
        "features": {
          "lst": 32.631159379999986
        },
        "quality": {
          "valid": true
        },
        "temporal_context": {}
      }
    },
    {
      "type": "Feature",
      "geometry": {
        "geodesic": false,
        "type": "Point",
        "coordinates": [
          73.80630792257844,
          18.49149115655283
        ]
      },
      "properties": {
        "location_id": "unknown",
        "timestamp": "2024-11-10",
        "source": "landsat-8",
        "features": {
          "lst": 32.361135800000056
        },
        "quality": {
          "valid": true
        },
        "temporal_context": {}
      }
    },
    {
      "type": "Feature",
      "geometry": {
        "geodesic": false,
        "type": "Point",
        "coordinates": [
          73.80659204441368,
          18.491492947871404
        ]
      },
      "properties": {
        "location_id": "unknown",
        "timestamp": "2024-11-10",
        "source": "landsat-8",
        "features": {
          "lst": 32.14238252000001
        },
        "quality": {
          "valid": true
        },
        "temporal_context": {}
      }
    },
    {
      "type": "Feature",
      "geometry": {
        "geodesic": false,
        "type": "Point",
        "coordinates": [
          73.80687616628137,
          18.491494738763784
        ]
      },
      "properties": {
        "location_id": "unknown",
        "timestamp": "2024-11-10",
        "source": "landsat-8",
        "features": {
          "lst": 31.971481519999998
        },
        "quality": {
          "valid": true
        },
        "temporal_context": {}
      }
    },
    {
      "type": "Feature",
      "geometry": {
        "geodesic": false,
        "type": "Point",
        "coordinates": [
          73.80716028818152,
          18.49149652922997
        ]
      },
      "properties": {
        "location_id": "unknown",
        "timestamp": "2024-11-10",
        "source": "landsat-8",
        "features": {
          "lst": 31.735638139999992
        },
        "quality": {
          "valid": true
        },
        "temporal_context": {}
      }
    },
    {
      "type": "Feature",
      "geometry": {
        "geodesic": false,
        "type": "Point",
        "coordinates": [
          73.80744441011413,
          18.49149831926997
        ]
      },
      "properties": {
        "location_id": "unknown",
        "timestamp": "2024-11-10",
        "source": "landsat-8",
        "features": {
          "lst": 31.892867060000015
        },
        "quality": {
          "valid": true
        },
        "temporal_context": {}
      }
    },
    {
      "type": "Feature",
      "geometry": {
        "geodesic": false,
        "type": "Point",
        "coordinates": [
          73.80772853207917,
          18.491500108883773
        ]
      },
      "properties": {
        "location_id": "unknown",
        "timestamp": "2024-11-10",
        "source": "landsat-8",
        "features": {
          "lst": 32.08085816000005
        },
        "quality": {
          "valid": true
        },
        "temporal_context": {}
      }
    },
    {
      "type": "Feature",
      "geometry": {
        "geodesic": false,
        "type": "Point",
        "coordinates": [
          73.80801265407663,
          18.491501898071387
        ]
      },
      "properties": {
        "location_id": "unknown",
        "timestamp": "2024-11-10",
        "source": "landsat-8",
        "features": {
          "lst": 32.303029460000005
        },
        "quality": {
          "valid": true
        },
        "temporal_context": {}
      }
    },
    {
      "type": "Feature",
      "geometry": {
        "geodesic": false,
        "type": "Point",
        "coordinates": [
          73.80829677610653,
          18.491503686832804
        ]
      },
      "properties": {
        "location_id": "unknown",
        "timestamp": "2024-11-10",
        "source": "landsat-8",
        "features": {
          "lst": 32.62090532000002
        },
        "quality": {
          "valid": true
        },
        "temporal_context": {}
      }
    },
    {
      "type": "Feature",
      "geometry": {
        "geodesic": false,
        "type": "Point",
        "coordinates": [
          73.80858089816884,
          18.49150547516803
        ]
      },
      "properties": {
        "location_id": "unknown",
        "timestamp": "2024-11-10",
        "source": "landsat-8",
        "features": {
          "lst": 32.877256820000014
        },
        "quality": {
          "valid": true
        },
        "temporal_context": {}
      }
    },
    {
      "type": "Feature",
      "geometry": {
        "geodesic": false,
        "type": "Point",
        "coordinates": [
          73.80886502026355,
          18.491507263077064
        ]
      },
      "properties": {
        "location_id": "unknown",
        "timestamp": "2024-11-10",
        "source": "landsat-8",
        "features": {
          "lst": 32.89434692000003
        },
        "quality": {
          "valid": true
        },
        "temporal_context": {}
      }
    },
    {
      "type": "Feature",
      "geometry": {
        "geodesic": false,
        "type": "Point",
        "coordinates": [
          73.80914914239068,
          18.491509050559905
        ]
      },
      "properties": {
        "location_id": "unknown",
        "timestamp": "2024-11-10",
        "source": "landsat-8",
        "features": {
          "lst": 32.43975025999998
        },
        "quality": {
          "valid": true
        },
        "temporal_context": {}
      }
    },
    {
      "type": "Feature",
      "geometry": {
        "geodesic": false,
        "type": "Point",
        "coordinates": [
          73.79835441457432,
          18.4911697412562
        ]
      },
      "properties": {
        "location_id": "unknown",
        "timestamp": "2024-11-10",
        "source": "landsat-8",
        "features": {
          "lst": 33.612131120000015
        },
        "quality": {
          "valid": true
        },
        "temporal_context": {}
      }
    },
    {
      "type": "Feature",
      "geometry": {
        "geodesic": false,
        "type": "Point",
        "coordinates": [
          73.7986385350508,
          18.491171544479755
        ]
      },
      "properties": {
        "location_id": "unknown",
        "timestamp": "2024-11-10",
        "source": "landsat-8",
        "features": {
          "lst": 33.52326260000001
        },
        "quality": {
          "valid": true
        },
        "temporal_context": {}
      }
    },
    {
      "type": "Feature",
      "geometry": {
        "geodesic": false,
        "type": "Point",
        "coordinates": [
          73.79892265555995,
          18.49117334727713
        ]
      },
      "properties": {
        "location_id": "unknown",
        "timestamp": "2024-11-10",
        "source": "landsat-8",
        "features": {
          "lst": 33.34210754000003
        },
        "quality": {
          "valid": true
        },
        "temporal_context": {}
      }
    },
    {
      "type": "Feature",
      "geometry": {
        "geodesic": false,
        "type": "Point",
        "coordinates": [
          73.79920677610178,
          18.491175149648324
        ]
      },
      "properties": {
        "location_id": "unknown",
        "timestamp": "2024-11-10",
        "source": "landsat-8",
        "features": {
          "lst": 33.06182990000002
        },
        "quality": {
          "valid": true
        },
        "temporal_context": {}
      }
    },
    {
      "type": "Feature",
      "geometry": {
        "geodesic": false,
        "type": "Point",
        "coordinates": [
          73.79949089667628,
          18.49117695159334
        ]
      },
      "properties": {
        "location_id": "unknown",
        "timestamp": "2024-11-10",
        "source": "landsat-8",
        "features": {
          "lst": 32.972961380000015
        },
        "quality": {
          "valid": true
        },
        "temporal_context": {}
      }
    },
    {
      "type": "Feature",
      "geometry": {
        "geodesic": false,
        "type": "Point",
        "coordinates": [
          73.79977501728342,
          18.491178753112177
        ]
      },
      "properties": {
        "location_id": "unknown",
        "timestamp": "2024-11-10",
        "source": "landsat-8",
        "features": {
          "lst": 32.890928900000006
        },
        "quality": {
          "valid": true
        },
        "temporal_context": {}
      }
    },
    {
      "type": "Feature",
      "geometry": {
        "geodesic": false,
        "type": "Point",
        "coordinates": [
          73.80005913792323,
          18.491180554204835
        ]
      },
      "properties": {
        "location_id": "unknown",
        "timestamp": "2024-11-10",
        "source": "landsat-8",
        "features": {
          "lst": 32.95587128
        },
        "quality": {
          "valid": true
        },
        "temporal_context": {}
      }
    },
    {
      "type": "Feature",
      "geometry": {
        "geodesic": false,
        "type": "Point",
        "coordinates": [
          73.80034325859566,
          18.491182354871313
        ]
      },
      "properties": {
        "location_id": "unknown",
        "timestamp": "2024-11-10",
        "source": "landsat-8",
        "features": {
          "lst": 33.06182990000002
        },
        "quality": {
          "valid": true
        },
        "temporal_context": {}
      }
    },
    {
      "type": "Feature",
      "geometry": {
        "geodesic": false,
        "type": "Point",
        "coordinates": [
          73.8006273793007,
          18.49118415511161
        ]
      },
      "properties": {
        "location_id": "unknown",
        "timestamp": "2024-11-10",
        "source": "landsat-8",
        "features": {
          "lst": 33.20880476000002
        },
        "quality": {
          "valid": true
        },
        "temporal_context": {}
      }
    },
    {
      "type": "Feature",
      "geometry": {
        "geodesic": false,
        "type": "Point",
        "coordinates": [
          73.80091150003841,
          18.491185954925726
        ]
      },
      "properties": {
        "location_id": "unknown",
        "timestamp": "2024-11-10",
        "source": "landsat-8",
        "features": {
          "lst": 33.352361599999995
        },
        "quality": {
          "valid": true
        },
        "temporal_context": {}
      }
    },
    {
      "type": "Feature",
      "geometry": {
        "geodesic": false,
        "type": "Point",
        "coordinates": [
          73.80119562080873,
          18.49118775431366
        ]
      },
      "properties": {
        "location_id": "unknown",
        "timestamp": "2024-11-10",
        "source": "landsat-8",
        "features": {
          "lst": 33.76594202000001
        },
        "quality": {
          "valid": true
        },
        "temporal_context": {}
      }
    },
    {
      "type": "Feature",
      "geometry": {
        "geodesic": false,
        "type": "Point",
        "coordinates": [
          73.80147974161164,
          18.49118955327542
        ]
      },
      "properties": {
        "location_id": "unknown",
        "timestamp": "2024-11-10",
        "source": "landsat-8",
        "features": {
          "lst": 33.84455648000005
        },
        "quality": {
          "valid": true
        },
        "temporal_context": {}
      }
    },
    {
      "type": "Feature",
      "geometry": {
        "geodesic": false,
        "type": "Point",
        "coordinates": [
          73.80176386244716,
          18.49119135181099
        ]
      },
      "properties": {
        "location_id": "unknown",
        "timestamp": "2024-11-10",
        "source": "landsat-8",
        "features": {
          "lst": 33.82063033999998
        },
        "quality": {
          "valid": true
        },
        "temporal_context": {}
      }
    },
    {
      "type": "Feature",
      "geometry": {
        "geodesic": false,
        "type": "Point",
        "coordinates": [
          73.80204798331528,
          18.491193149920385
        ]
      },
      "properties": {
        "location_id": "unknown",
        "timestamp": "2024-11-10",
        "source": "landsat-8",
        "features": {
          "lst": 34.36067750000001
        },
        "quality": {
          "valid": true
        },
        "temporal_context": {}
      }
    },
    {
      "type": "Feature",
      "geometry": {
        "geodesic": false,
        "type": "Point",
        "coordinates": [
          73.80233210421599,
          18.491194947603596
        ]
      },
      "properties": {
        "location_id": "unknown",
        "timestamp": "2024-11-10",
        "source": "landsat-8",
        "features": {
          "lst": 33.755687960000046
        },
        "quality": {
          "valid": true
        },
        "temporal_context": {}
      }
    },
    {
      "type": "Feature",
      "geometry": {
        "geodesic": false,
        "type": "Point",
        "coordinates": [
          73.80261622514927,
          18.491196744860623
        ]
      },
      "properties": {
        "location_id": "unknown",
        "timestamp": "2024-11-10",
        "source": "landsat-8",
        "features": {
          "lst": 33.11651821999999
        },
        "quality": {
          "valid": true
        },
        "temporal_context": {}
      }
    },
    {
      "type": "Feature",
      "geometry": {
        "geodesic": false,
        "type": "Point",
        "coordinates": [
          73.80290034611512,
          18.49119854169147
        ]
      },
      "properties": {
        "location_id": "unknown",
        "timestamp": "2024-11-10",
        "source": "landsat-8",
        "features": {
          "lst": 32.761044140000024
        },
        "quality": {
          "valid": true
        },
        "temporal_context": {}
      }
    },
    {
      "type": "Feature",
      "geometry": {
        "geodesic": false,
        "type": "Point",
        "coordinates": [
          73.80318446711354,
          18.49120033809614
        ]
      },
      "properties": {
        "location_id": "unknown",
        "timestamp": "2024-11-10",
        "source": "landsat-8",
        "features": {
          "lst": 32.72344592000002
        },
        "quality": {
          "valid": true
        },
        "temporal_context": {}
      }
    },
    {
      "type": "Feature",
      "geometry": {
        "geodesic": false,
        "type": "Point",
        "coordinates": [
          73.8034685881445,
          18.491202134074623
        ]
      },
      "properties": {
        "location_id": "unknown",
        "timestamp": "2024-11-10",
        "source": "landsat-8",
        "features": {
          "lst": 32.81915048000002
        },
        "quality": {
          "valid": true
        },
        "temporal_context": {}
      }
    },
    {
      "type": "Feature",
      "geometry": {
        "geodesic": false,
        "type": "Point",
        "coordinates": [
          73.80375270920803,
          18.49120392962692
        ]
      },
      "properties": {
        "location_id": "unknown",
        "timestamp": "2024-11-10",
        "source": "landsat-8",
        "features": {
          "lst": 32.91485504000002
        },
        "quality": {
          "valid": true
        },
        "temporal_context": {}
      }
    },
    {
      "type": "Feature",
      "geometry": {
        "geodesic": false,
        "type": "Point",
        "coordinates": [
          73.80403683030407,
          18.491205724753037
        ]
      },
      "properties": {
        "location_id": "unknown",
        "timestamp": "2024-11-10",
        "source": "landsat-8",
        "features": {
          "lst": 32.925109099999986
        },
        "quality": {
          "valid": true
        },
        "temporal_context": {}
      }
    },
    {
      "type": "Feature",
      "geometry": {
        "geodesic": false,
        "type": "Point",
        "coordinates": [
          73.80432095143266,
          18.491207519452974
        ]
      },
      "properties": {
        "location_id": "unknown",
        "timestamp": "2024-11-10",
        "source": "landsat-8",
        "features": {
          "lst": 32.93536316000001
        },
        "quality": {
          "valid": true
        },
        "temporal_context": {}
      }
    },
    {
      "type": "Feature",
      "geometry": {
        "geodesic": false,
        "type": "Point",
        "coordinates": [
          73.80460507259379,
          18.491209313726724
        ]
      },
      "properties": {
        "location_id": "unknown",
        "timestamp": "2024-11-10",
        "source": "landsat-8",
        "features": {
          "lst": 32.88409286000001
        },
        "quality": {
          "valid": true
        },
        "temporal_context": {}
      }
    },
    {
      "type": "Feature",
      "geometry": {
        "geodesic": false,
        "type": "Point",
        "coordinates": [
          73.80488919378742,
          18.491211107574294
        ]
      },
      "properties": {
        "location_id": "unknown",
        "timestamp": "2024-11-10",
        "source": "landsat-8",
        "features": {
          "lst": 32.78497028000004
        },
        "quality": {
          "valid": true
        },
        "temporal_context": {}
      }
    },
    {
      "type": "Feature",
      "geometry": {
        "geodesic": false,
        "type": "Point",
        "coordinates": [
          73.80517331501356,
          18.49121290099568
        ]
      },
      "properties": {
        "location_id": "unknown",
        "timestamp": "2024-11-10",
        "source": "landsat-8",
        "features": {
          "lst": 32.34404570000004
        },
        "quality": {
          "valid": true
        },
        "temporal_context": {}
      }
    },
    {
      "type": "Feature",
      "geometry": {
        "geodesic": false,
        "type": "Point",
        "coordinates": [
          73.80545743627219,
          18.49121469399088
        ]
      },
      "properties": {
        "location_id": "unknown",
        "timestamp": "2024-11-10",
        "source": "landsat-8",
        "features": {
          "lst": 32.16289064
        },
        "quality": {
          "valid": true
        },
        "temporal_context": {}
      }
    },
    {
      "type": "Feature",
      "geometry": {
        "geodesic": false,
        "type": "Point",
        "coordinates": [
          73.80574155756334,
          18.491216486559892
        ]
      },
      "properties": {
        "location_id": "unknown",
        "timestamp": "2024-11-10",
        "source": "landsat-8",
        "features": {
          "lst": 31.974899540000024
        },
        "quality": {
          "valid": true
        },
        "temporal_context": {}
      }
    },
    {
      "type": "Feature",
      "geometry": {
        "geodesic": false,
        "type": "Point",
        "coordinates": [
          73.80602567888697,
          18.49121827870273
        ]
      },
      "properties": {
        "location_id": "unknown",
        "timestamp": "2024-11-10",
        "source": "landsat-8",
        "features": {
          "lst": 32.135546480000016
        },
        "quality": {
          "valid": true
        },
        "temporal_context": {}
      }
    },
    {
      "type": "Feature",
      "geometry": {
        "geodesic": false,
        "type": "Point",
        "coordinates": [
          73.80630980024307,
          18.491220070419377
        ]
      },
      "properties": {
        "location_id": "unknown",
        "timestamp": "2024-11-10",
        "source": "landsat-8",
        "features": {
          "lst": 31.95097340000001
        },
        "quality": {
          "valid": true
        },
        "temporal_context": {}
      }
    },
    {
      "type": "Feature",
      "geometry": {
        "geodesic": false,
        "type": "Point",
        "coordinates": [
          73.80659392163163,
          18.49122186170984
        ]
      },
      "properties": {
        "location_id": "unknown",
        "timestamp": "2024-11-10",
        "source": "landsat-8",
        "features": {
          "lst": 31.841596760000016
        },
        "quality": {
          "valid": true
        },
        "temporal_context": {}
      }
    },
    {
      "type": "Feature",
      "geometry": {
        "geodesic": false,
        "type": "Point",
        "coordinates": [
          73.80687804305268,
          18.491223652574117
        ]
      },
      "properties": {
        "location_id": "unknown",
        "timestamp": "2024-11-10",
        "source": "landsat-8",
        "features": {
          "lst": 31.845014780000042
        },
        "quality": {
          "valid": true
        },
        "temporal_context": {}
      }
    },
    {
      "type": "Feature",
      "geometry": {
        "geodesic": false,
        "type": "Point",
        "coordinates": [
          73.80716216450615,
          18.491225443012212
        ]
      },
      "properties": {
        "location_id": "unknown",
        "timestamp": "2024-11-10",
        "source": "landsat-8",
        "features": {
          "lst": 31.735638139999992
        },
        "quality": {
          "valid": true
        },
        "temporal_context": {}
      }
    },
    {
      "type": "Feature",
      "geometry": {
        "geodesic": false,
        "type": "Point",
        "coordinates": [
          73.8074462859921,
          18.491227233024116
        ]
      },
      "properties": {
        "location_id": "unknown",
        "timestamp": "2024-11-10",
        "source": "landsat-8",
        "features": {
          "lst": 31.98173558000002
        },
        "quality": {
          "valid": true
        },
        "temporal_context": {}
      }
    },
    {
      "type": "Feature",
      "geometry": {
        "geodesic": false,
        "type": "Point",
        "coordinates": [
          73.80773040751048,
          18.491229022609843
        ]
      },
      "properties": {
        "location_id": "unknown",
        "timestamp": "2024-11-10",
        "source": "landsat-8",
        "features": {
          "lst": 32.220996979999995
        },
        "quality": {
          "valid": true
        },
        "temporal_context": {}
      }
    },
    {
      "type": "Feature",
      "geometry": {
        "geodesic": false,
        "type": "Point",
        "coordinates": [
          73.80801452906128,
          18.491230811769377
        ]
      },
      "properties": {
        "location_id": "unknown",
        "timestamp": "2024-11-10",
        "source": "landsat-8",
        "features": {
          "lst": 32.52178274000005
        },
        "quality": {
          "valid": true
        },
        "temporal_context": {}
      }
    },
    {
      "type": "Feature",
      "geometry": {
        "geodesic": false,
        "type": "Point",
        "coordinates": [
          73.8082986506445,
          18.491232600502727
        ]
      },
      "properties": {
        "location_id": "unknown",
        "timestamp": "2024-11-10",
        "source": "landsat-8",
        "features": {
          "lst": 32.87042078000002
        },
        "quality": {
          "valid": true
        },
        "temporal_context": {}
      }
    },
    {
      "type": "Feature",
      "geometry": {
        "geodesic": false,
        "type": "Point",
        "coordinates": [
          73.80858277226015,
          18.491234388809893
        ]
      },
      "properties": {
        "location_id": "unknown",
        "timestamp": "2024-11-10",
        "source": "landsat-8",
        "features": {
          "lst": 33.10626416000002
        },
        "quality": {
          "valid": true
        },
        "temporal_context": {}
      }
    },
    {
      "type": "Feature",
      "geometry": {
        "geodesic": false,
        "type": "Point",
        "coordinates": [
          73.80886689390822,
          18.491236176690872
        ]
      },
      "properties": {
        "location_id": "unknown",
        "timestamp": "2024-11-10",
        "source": "landsat-8",
        "features": {
          "lst": 33.08233802000001
        },
        "quality": {
          "valid": true
        },
        "temporal_context": {}
      }
    },
    {
      "type": "Feature",
      "geometry": {
        "geodesic": false,
        "type": "Point",
        "coordinates": [
          73.80915101558868,
          18.49123796414566
        ]
      },
      "properties": {
        "location_id": "unknown",
        "timestamp": "2024-11-10",
        "source": "landsat-8",
        "features": {
          "lst": 32.50469264000003
        },
        "quality": {
          "valid": true
        },
        "temporal_context": {}
      }
    },
    {
      "type": "Feature",
      "geometry": {
        "geodesic": false,
        "type": "Point",
        "coordinates": [
          73.7983563047127,
          18.490898655904562
        ]
      },
      "properties": {
        "location_id": "unknown",
        "timestamp": "2024-11-10",
        "source": "landsat-8",
        "features": {
          "lst": 33.089174060000005
        },
        "quality": {
          "valid": true
        },
        "temporal_context": {}
      }
    },
    {
      "type": "Feature",
      "geometry": {
        "geodesic": false,
        "type": "Point",
        "coordinates": [
          73.79864042474253,
          18.49090045909982
        ]
      },
      "properties": {
        "location_id": "unknown",
        "timestamp": "2024-11-10",
        "source": "landsat-8",
        "features": {
          "lst": 33.054993860000025
        },
        "quality": {
          "valid": true
        },
        "temporal_context": {}
      }
    },
    {
      "type": "Feature",
      "geometry": {
        "geodesic": false,
        "type": "Point",
        "coordinates": [
          73.79892454480503,
          18.490902261868904
        ]
      },
      "properties": {
        "location_id": "unknown",
        "timestamp": "2024-11-10",
        "source": "landsat-8",
        "features": {
          "lst": 32.972961380000015
        },
        "quality": {
          "valid": true
        },
        "temporal_context": {}
      }
    },
    {
      "type": "Feature",
      "geometry": {
        "geodesic": false,
        "type": "Point",
        "coordinates": [
          73.7992086649002,
          18.49090406421182
        ]
      },
      "properties": {
        "location_id": "unknown",
        "timestamp": "2024-11-10",
        "source": "landsat-8",
        "features": {
          "lst": 33.29083724000003
        },
        "quality": {
          "valid": true
        },
        "temporal_context": {}
      }
    },
    {
      "type": "Feature",
      "geometry": {
        "geodesic": false,
        "type": "Point",
        "coordinates": [
          73.79949278502806,
          18.49090586612856
        ]
      },
      "properties": {
        "location_id": "unknown",
        "timestamp": "2024-11-10",
        "source": "landsat-8",
        "features": {
          "lst": 33.236148920000005
        },
        "quality": {
          "valid": true
        },
        "temporal_context": {}
      }
    },
    {
      "type": "Feature",
      "geometry": {
        "geodesic": false,
        "type": "Point",
        "coordinates": [
          73.79977690518855,
          18.490907667619126
        ]
      },
      "properties": {
        "location_id": "unknown",
        "timestamp": "2024-11-10",
        "source": "landsat-8",
        "features": {
          "lst": 33.167788520000045
        },
        "quality": {
          "valid": true
        },
        "temporal_context": {}
      }
    },
    {
      "type": "Feature",
      "geometry": {
        "geodesic": false,
        "type": "Point",
        "coordinates": [
          73.80006102538171,
          18.490909468683522
        ]
      },
      "properties": {
        "location_id": "unknown",
        "timestamp": "2024-11-10",
        "source": "landsat-8",
        "features": {
          "lst": 33.04815782000003
        },
        "quality": {
          "valid": true
        },
        "temporal_context": {}
      }
    },
    {
      "type": "Feature",
      "geometry": {
        "geodesic": false,
        "type": "Point",
        "coordinates": [
          73.8003451456075,
          18.490911269321742
        ]
      },
      "properties": {
        "location_id": "unknown",
        "timestamp": "2024-11-10",
        "source": "landsat-8",
        "features": {
          "lst": 33.09942812000003
        },
        "quality": {
          "valid": true
        },
        "temporal_context": {}
      }
    },
    {
      "type": "Feature",
      "geometry": {
        "geodesic": false,
        "type": "Point",
        "coordinates": [
          73.80062926586591,
          18.49091306953379
        ]
      },
      "properties": {
        "location_id": "unknown",
        "timestamp": "2024-11-10",
        "source": "landsat-8",
        "features": {
          "lst": 33.26007506000002
        },
        "quality": {
          "valid": true
        },
        "temporal_context": {}
      }
    },
    {
      "type": "Feature",
      "geometry": {
        "geodesic": false,
        "type": "Point",
        "coordinates": [
          73.80091338615695,
          18.490914869319667
        ]
      },
      "properties": {
        "location_id": "unknown",
        "timestamp": "2024-11-10",
        "source": "landsat-8",
        "features": {
          "lst": 33.42755804000001
        },
        "quality": {
          "valid": true
        },
        "temporal_context": {}
      }
    },
    {
      "type": "Feature",
      "geometry": {
        "geodesic": false,
        "type": "Point",
        "coordinates": [
          73.80119750648062,
          18.490916668679365
        ]
      },
      "properties": {
        "location_id": "unknown",
        "timestamp": "2024-11-10",
        "source": "landsat-8",
        "features": {
          "lst": 33.11651821999999
        },
        "quality": {
          "valid": true
        },
        "temporal_context": {}
      }
    },
    {
      "type": "Feature",
      "geometry": {
        "geodesic": false,
        "type": "Point",
        "coordinates": [
          73.80148162683687,
          18.490918467612893
        ]
      },
      "properties": {
        "location_id": "unknown",
        "timestamp": "2024-11-10",
        "source": "landsat-8",
        "features": {
          "lst": 33.40363190000005
        },
        "quality": {
          "valid": true
        },
        "temporal_context": {}
      }
    },
    {
      "type": "Feature",
      "geometry": {
        "geodesic": false,
        "type": "Point",
        "coordinates": [
          73.80176574722574,
          18.490920266120245
        ]
      },
      "properties": {
        "location_id": "unknown",
        "timestamp": "2024-11-10",
        "source": "landsat-8",
        "features": {
          "lst": 33.50275448000002
        },
        "quality": {
          "valid": true
        },
        "temporal_context": {}
      }
    },
    {
      "type": "Feature",
      "geometry": {
        "geodesic": false,
        "type": "Point",
        "coordinates": [
          73.80204986764721,
          18.490922064201424
        ]
      },
      "properties": {
        "location_id": "unknown",
        "timestamp": "2024-11-10",
        "source": "landsat-8",
        "features": {
          "lst": 33.30792733999999
        },
        "quality": {
          "valid": true
        },
        "temporal_context": {}
      }
    },
    {
      "type": "Feature",
      "geometry": {
        "geodesic": false,
        "type": "Point",
        "coordinates": [
          73.80233398810127,
          18.490923861856423
        ]
      },
      "properties": {
        "location_id": "unknown",
        "timestamp": "2024-11-10",
        "source": "landsat-8",
        "features": {
          "lst": 32.68584770000001
        },
        "quality": {
          "valid": true
        },
        "temporal_context": {}
      }
    },
    {
      "type": "Feature",
      "geometry": {
        "geodesic": false,
        "type": "Point",
        "coordinates": [
          73.80261810858791,
          18.49092565908525
        ]
      },
      "properties": {
        "location_id": "unknown",
        "timestamp": "2024-11-10",
        "source": "landsat-8",
        "features": {
          "lst": 31.944137360000013
        },
        "quality": {
          "valid": true
        },
        "temporal_context": {}
      }
    },
    {
      "type": "Feature",
      "geometry": {
        "geodesic": false,
        "type": "Point",
        "coordinates": [
          73.8029022291071,
          18.490927455887903
        ]
      },
      "properties": {
        "location_id": "unknown",
        "timestamp": "2024-11-10",
        "source": "landsat-8",
        "features": {
          "lst": 31.581827240000052
        },
        "quality": {
          "valid": true
        },
        "temporal_context": {}
      }
    },
    {
      "type": "Feature",
      "geometry": {
        "geodesic": false,
        "type": "Point",
        "coordinates": [
          73.80318634965886,
          18.49092925226438
        ]
      },
      "properties": {
        "location_id": "unknown",
        "timestamp": "2024-11-10",
        "source": "landsat-8",
        "features": {
          "lst": 31.42118030000006
        },
        "quality": {
          "valid": true
        },
        "temporal_context": {}
      }
    },
    {
      "type": "Feature",
      "geometry": {
        "geodesic": false,
        "type": "Point",
        "coordinates": [
          73.80347047024318,
          18.49093104821468
        ]
      },
      "properties": {
        "location_id": "unknown",
        "timestamp": "2024-11-10",
        "source": "landsat-8",
        "features": {
          "lst": 31.332311780000055
        },
        "quality": {
          "valid": true
        },
        "temporal_context": {}
      }
    },
    {
      "type": "Feature",
      "geometry": {
        "geodesic": false,
        "type": "Point",
        "coordinates": [
          73.80375459086005,
          18.490932843738804
        ]
      },
      "properties": {
        "location_id": "unknown",
        "timestamp": "2024-11-10",
        "source": "landsat-8",
        "features": {
          "lst": 31.26053336000001
        },
        "quality": {
          "valid": true
        },
        "temporal_context": {}
      }
    },
    {
      "type": "Feature",
      "geometry": {
        "geodesic": false,
        "type": "Point",
        "coordinates": [
          73.80403871150946,
          18.49093463883675
        ]
      },
      "properties": {
        "location_id": "unknown",
        "timestamp": "2024-11-10",
        "source": "landsat-8",
        "features": {
          "lst": 31.971481519999998
        },
        "quality": {
          "valid": true
        },
        "temporal_context": {}
      }
    },
    {
      "type": "Feature",
      "geometry": {
        "geodesic": false,
        "type": "Point",
        "coordinates": [
          73.8043228321914,
          18.490936433508526
        ]
      },
      "properties": {
        "location_id": "unknown",
        "timestamp": "2024-11-10",
        "source": "landsat-8",
        "features": {
          "lst": 31.83817873999999
        },
        "quality": {
          "valid": true
        },
        "temporal_context": {}
      }
    },
    {
      "type": "Feature",
      "geometry": {
        "geodesic": false,
        "type": "Point",
        "coordinates": [
          73.80460695290586,
          18.49093822775412
        ]
      },
      "properties": {
        "location_id": "unknown",
        "timestamp": "2024-11-10",
        "source": "landsat-8",
        "features": {
          "lst": 31.69120387999999
        },
        "quality": {
          "valid": true
        },
        "temporal_context": {}
      }
    },
    {
      "type": "Feature",
      "geometry": {
        "geodesic": false,
        "type": "Point",
        "coordinates": [
          73.80489107365284,
          18.490940021573543
        ]
      },
      "properties": {
        "location_id": "unknown",
        "timestamp": "2024-11-10",
        "source": "landsat-8",
        "features": {
          "lst": 31.530556939999997
        },
        "quality": {
          "valid": true
        },
        "temporal_context": {}
      }
    },
    {
      "type": "Feature",
      "geometry": {
        "geodesic": false,
        "type": "Point",
        "coordinates": [
          73.80517519443232,
          18.490941814966785
        ]
      },
      "properties": {
        "location_id": "unknown",
        "timestamp": "2024-11-10",
        "source": "landsat-8",
        "features": {
          "lst": 31.229771180000057
        },
        "quality": {
          "valid": true
        },
        "temporal_context": {}
      }
    },
    {
      "type": "Feature",
      "geometry": {
        "geodesic": false,
        "type": "Point",
        "coordinates": [
          73.80545931524432,
          18.49094360793385
        ]
      },
      "properties": {
        "location_id": "unknown",
        "timestamp": "2024-11-10",
        "source": "landsat-8",
        "features": {
          "lst": 31.045198099999993
        },
        "quality": {
          "valid": true
        },
        "temporal_context": {}
      }
    },
    {
      "type": "Feature",
      "geometry": {
        "geodesic": false,
        "type": "Point",
        "coordinates": [
          73.80574343608879,
          18.490945400474736
        ]
      },
      "properties": {
        "location_id": "unknown",
        "timestamp": "2024-11-10",
        "source": "landsat-8",
        "features": {
          "lst": 30.88113314000003
        },
        "quality": {
          "valid": true
        },
        "temporal_context": {}
      }
    },
    {
      "type": "Feature",
      "geometry": {
        "geodesic": false,
        "type": "Point",
        "coordinates": [
          73.80602755696576,
          18.49094719258945
        ]
      },
      "properties": {
        "location_id": "unknown",
        "timestamp": "2024-11-10",
        "source": "landsat-8",
        "features": {
          "lst": 30.508568960000048
        },
        "quality": {
          "valid": true
        },
        "temporal_context": {}
      }
    },
    {
      "type": "Feature",
      "geometry": {
        "geodesic": false,
        "type": "Point",
        "coordinates": [
          73.80631167787521,
          18.49094898427798
        ]
      },
      "properties": {
        "location_id": "unknown",
        "timestamp": "2024-11-10",
        "source": "landsat-8",
        "features": {
          "lst": 30.368430139999987
        },
        "quality": {
          "valid": true
        },
        "temporal_context": {}
      }
    },
    {
      "type": "Feature",
      "geometry": {
        "geodesic": false,
        "type": "Point",
        "coordinates": [
          73.80659579881713,
          18.490950775540334
        ]
      },
      "properties": {
        "location_id": "unknown",
        "timestamp": "2024-11-10",
        "source": "landsat-8",
        "features": {
          "lst": 30.457298659999992
        },
        "quality": {
          "valid": true
        },
        "temporal_context": {}
      }
    },
    {
      "type": "Feature",
      "geometry": {
        "geodesic": false,
        "type": "Point",
        "coordinates": [
          73.8068799197915,
          18.49095256637651
        ]
      },
      "properties": {
        "location_id": "unknown",
        "timestamp": "2024-11-10",
        "source": "landsat-8",
        "features": {
          "lst": 30.775174520000007
        },
        "quality": {
          "valid": true
        },
        "temporal_context": {}
      }
    },
    {
      "type": "Feature",
      "geometry": {
        "geodesic": false,
        "type": "Point",
        "coordinates": [
          73.80716404079834,
          18.49095435678651
        ]
      },
      "properties": {
        "location_id": "unknown",
        "timestamp": "2024-11-10",
        "source": "landsat-8",
        "features": {
          "lst": 31.39725415999999
        },
        "quality": {
          "valid": true
        },
        "temporal_context": {}
      }
    },
    {
      "type": "Feature",
      "geometry": {
        "geodesic": false,
        "type": "Point",
        "coordinates": [
          73.80744816183763,
          18.490956146770326
        ]
      },
      "properties": {
        "location_id": "unknown",
        "timestamp": "2024-11-10",
        "source": "landsat-8",
        "features": {
          "lst": 31.78349042000002
        },
        "quality": {
          "valid": true
        },
        "temporal_context": {}
      }
    },
    {
      "type": "Feature",
      "geometry": {
        "geodesic": false,
        "type": "Point",
        "coordinates": [
          73.80773228290936,
          18.49095793632797
        ]
      },
      "properties": {
        "location_id": "unknown",
        "timestamp": "2024-11-10",
        "source": "landsat-8",
        "features": {
          "lst": 32.11162034000006
        },
        "quality": {
          "valid": true
        },
        "temporal_context": {}
      }
    },
    {
      "type": "Feature",
      "geometry": {
        "geodesic": false,
        "type": "Point",
        "coordinates": [
          73.8080164040135,
          18.49095972545943
        ]
      },
      "properties": {
        "location_id": "unknown",
        "timestamp": "2024-11-10",
        "source": "landsat-8",
        "features": {
          "lst": 32.484184519999985
        },
        "quality": {
          "valid": true
        },
        "temporal_context": {}
      }
    },
    {
      "type": "Feature",
      "geometry": {
        "geodesic": false,
        "type": "Point",
        "coordinates": [
          73.80830052515009,
          18.490961514164713
        ]
      },
      "properties": {
        "location_id": "unknown",
        "timestamp": "2024-11-10",
        "source": "landsat-8",
        "features": {
          "lst": 32.85333068
        },
        "quality": {
          "valid": true
        },
        "temporal_context": {}
      }
    },
    {
      "type": "Feature",
      "geometry": {
        "geodesic": false,
        "type": "Point",
        "coordinates": [
          73.80858464631906,
          18.490963302443816
        ]
      },
      "properties": {
        "location_id": "unknown",
        "timestamp": "2024-11-10",
        "source": "landsat-8",
        "features": {
          "lst": 33.08233802000001
        },
        "quality": {
          "valid": true
        },
        "temporal_context": {}
      }
    },
    {
      "type": "Feature",
      "geometry": {
        "geodesic": false,
        "type": "Point",
        "coordinates": [
          73.80886876752047,
          18.49096509029674
        ]
      },
      "properties": {
        "location_id": "unknown",
        "timestamp": "2024-11-10",
        "source": "landsat-8",
        "features": {
          "lst": 32.99346950000006
        },
        "quality": {
          "valid": true
        },
        "temporal_context": {}
      }
    },
    {
      "type": "Feature",
      "geometry": {
        "geodesic": false,
        "type": "Point",
        "coordinates": [
          73.80915288875427,
          18.49096687772348
        ]
      },
      "properties": {
        "location_id": "unknown",
        "timestamp": "2024-11-10",
        "source": "landsat-8",
        "features": {
          "lst": 31.711712000000034
        },
        "quality": {
          "valid": true
        },
        "temporal_context": {}
      }
    },
    {
      "type": "Feature",
      "geometry": {
        "geodesic": false,
        "type": "Point",
        "coordinates": [
          73.79835819481839,
          18.49062757054498
        ]
      },
      "properties": {
        "location_id": "unknown",
        "timestamp": "2024-11-10",
        "source": "landsat-8",
        "features": {
          "lst": 32.514946699999996
        },
        "quality": {
          "valid": true
        },
        "temporal_context": {}
      }
    },
    {
      "type": "Feature",
      "geometry": {
        "geodesic": false,
        "type": "Point",
        "coordinates": [
          73.79864231440158,
          18.490629373711943
        ]
      },
      "properties": {
        "location_id": "unknown",
        "timestamp": "2024-11-10",
        "source": "landsat-8",
        "features": {
          "lst": 32.53887284000001
        },
        "quality": {
          "valid": true
        },
        "temporal_context": {}
      }
    },
    {
      "type": "Feature",
      "geometry": {
        "geodesic": false,
        "type": "Point",
        "coordinates": [
          73.79892643401745,
          18.490631176452744
        ]
      },
      "properties": {
        "location_id": "unknown",
        "timestamp": "2024-11-10",
        "source": "landsat-8",
        "features": {
          "lst": 32.50469264000003
        },
        "quality": {
          "valid": true
        },
        "temporal_context": {}
      }
    },
    {
      "type": "Feature",
      "geometry": {
        "geodesic": false,
        "type": "Point",
        "coordinates": [
          73.79921055366599,
          18.490632978767373
        ]
      },
      "properties": {
        "location_id": "unknown",
        "timestamp": "2024-11-10",
        "source": "landsat-8",
        "features": {
          "lst": 32.84649464000006
        },
        "quality": {
          "valid": true
        },
        "temporal_context": {}
      }
    },
    {
      "type": "Feature",
      "geometry": {
        "geodesic": false,
        "type": "Point",
        "coordinates": [
          73.79949467334718,
          18.49063478065584
        ]
      },
      "properties": {
        "location_id": "unknown",
        "timestamp": "2024-11-10",
        "source": "landsat-8",
        "features": {
          "lst": 32.825986520000015
        },
        "quality": {
          "valid": true
        },
        "temporal_context": {}
      }
    },
    {
      "type": "Feature",
      "geometry": {
        "geodesic": false,
        "type": "Point",
        "coordinates": [
          73.79977879306105,
          18.490636582118135
        ]
      },
      "properties": {
        "location_id": "unknown",
        "timestamp": "2024-11-10",
        "source": "landsat-8",
        "features": {
          "lst": 32.78155226000001
        },
        "quality": {
          "valid": true
        },
        "temporal_context": {}
      }
    },
    {
      "type": "Feature",
      "geometry": {
        "geodesic": false,
        "type": "Point",
        "coordinates": [
          73.80006291280755,
          18.49063838315427
        ]
      },
      "properties": {
        "location_id": "unknown",
        "timestamp": "2024-11-10",
        "source": "landsat-8",
        "features": {
          "lst": 32.70293780000003
        },
        "quality": {
          "valid": true
        },
        "temporal_context": {}
      }
    },
    {
      "type": "Feature",
      "geometry": {
        "geodesic": false,
        "type": "Point",
        "coordinates": [
          73.80034703258669,
          18.490640183764235
        ]
      },
      "properties": {
        "location_id": "unknown",
        "timestamp": "2024-11-10",
        "source": "landsat-8",
        "features": {
          "lst": 32.757626120000054
        },
        "quality": {
          "valid": true
        },
        "temporal_context": {}
      }
    },
    {
      "type": "Feature",
      "geometry": {
        "geodesic": false,
        "type": "Point",
        "coordinates": [
          73.80063115239847,
          18.490641983948034
        ]
      },
      "properties": {
        "location_id": "unknown",
        "timestamp": "2024-11-10",
        "source": "landsat-8",
        "features": {
          "lst": 32.904600980000055
        },
        "quality": {
          "valid": true
        },
        "temporal_context": {}
      }
    },
    {
      "type": "Feature",
      "geometry": {
        "geodesic": false,
        "type": "Point",
        "coordinates": [
          73.80091527224286,
          18.490643783705668
        ]
      },
      "properties": {
        "location_id": "unknown",
        "timestamp": "2024-11-10",
        "source": "landsat-8",
        "features": {
          "lst": 33.089174060000005
        },
        "quality": {
          "valid": true
        },
        "temporal_context": {}
      }
    },
    {
      "type": "Feature",
      "geometry": {
        "geodesic": false,
        "type": "Point",
        "coordinates": [
          73.80119939211988,
          18.490645583037132
        ]
      },
      "properties": {
        "location_id": "unknown",
        "timestamp": "2024-11-10",
        "source": "landsat-8",
        "features": {
          "lst": 32.95245326000003
        },
        "quality": {
          "valid": true
        },
        "temporal_context": {}
      }
    },
    {
      "type": "Feature",
      "geometry": {
        "geodesic": false,
        "type": "Point",
        "coordinates": [
          73.80148351202952,
          18.49064738194243
        ]
      },
      "properties": {
        "location_id": "unknown",
        "timestamp": "2024-11-10",
        "source": "landsat-8",
        "features": {
          "lst": 33.430976060000035
        },
        "quality": {
          "valid": true
        },
        "temporal_context": {}
      }
    },
    {
      "type": "Feature",
      "geometry": {
        "geodesic": false,
        "type": "Point",
        "coordinates": [
          73.80176763197174,
          18.490649180421556
        ]
      },
      "properties": {
        "location_id": "unknown",
        "timestamp": "2024-11-10",
        "source": "landsat-8",
        "features": {
          "lst": 33.56769686000001
        },
        "quality": {
          "valid": true
        },
        "temporal_context": {}
      }
    },
    {
      "type": "Feature",
      "geometry": {
        "geodesic": false,
        "type": "Point",
        "coordinates": [
          73.80205175194656,
          18.49065097847452
        ]
      },
      "properties": {
        "location_id": "unknown",
        "timestamp": "2024-11-10",
        "source": "landsat-8",
        "features": {
          "lst": 33.266911100000016
        },
        "quality": {
          "valid": true
        },
        "temporal_context": {}
      }
    },
    {
      "type": "Feature",
      "geometry": {
        "geodesic": false,
        "type": "Point",
        "coordinates": [
          73.80233587195397,
          18.490652776101314
        ]
      },
      "properties": {
        "location_id": "unknown",
        "timestamp": "2024-11-10",
        "source": "landsat-8",
        "features": {
          "lst": 32.75420810000003
        },
        "quality": {
          "valid": true
        },
        "temporal_context": {}
      }
    },
    {
      "type": "Feature",
      "geometry": {
        "geodesic": false,
        "type": "Point",
        "coordinates": [
          73.80261999199396,
          18.49065457330194
        ]
      },
      "properties": {
        "location_id": "unknown",
        "timestamp": "2024-11-10",
        "source": "landsat-8",
        "features": {
          "lst": 32.15605460000006
        },
        "quality": {
          "valid": true
        },
        "temporal_context": {}
      }
    },
    {
      "type": "Feature",
      "geometry": {
        "geodesic": false,
        "type": "Point",
        "coordinates": [
          73.80290411206653,
          18.490656370076394
        ]
      },
      "properties": {
        "location_id": "unknown",
        "timestamp": "2024-11-10",
        "source": "landsat-8",
        "features": {
          "lst": 31.759564280000006
        },
        "quality": {
          "valid": true
        },
        "temporal_context": {}
      }
    },
    {
      "type": "Feature",
      "geometry": {
        "geodesic": false,
        "type": "Point",
        "coordinates": [
          73.80318823217164,
          18.49065816642468
        ]
      },
      "properties": {
        "location_id": "unknown",
        "timestamp": "2024-11-10",
        "source": "landsat-8",
        "features": {
          "lst": 31.462196540000036
        },
        "quality": {
          "valid": true
        },
        "temporal_context": {}
      }
    },
    {
      "type": "Feature",
      "geometry": {
        "geodesic": false,
        "type": "Point",
        "coordinates": [
          73.80347235230931,
          18.490659962346804
        ]
      },
      "properties": {
        "location_id": "unknown",
        "timestamp": "2024-11-10",
        "source": "landsat-8",
        "features": {
          "lst": 31.24344326000005
        },
        "quality": {
          "valid": true
        },
        "temporal_context": {}
      }
    },
    {
      "type": "Feature",
      "geometry": {
        "geodesic": false,
        "type": "Point",
        "coordinates": [
          73.80375647247953,
          18.49066175784275
        ]
      },
      "properties": {
        "location_id": "unknown",
        "timestamp": "2024-11-10",
        "source": "landsat-8",
        "features": {
          "lst": 31.09646840000005
        },
        "quality": {
          "valid": true
        },
        "temporal_context": {}
      }
    },
    {
      "type": "Feature",
      "geometry": {
        "geodesic": false,
        "type": "Point",
        "coordinates": [
          73.8040405926823,
          18.490663552912533
        ]
      },
      "properties": {
        "location_id": "unknown",
        "timestamp": "2024-11-10",
        "source": "landsat-8",
        "features": {
          "lst": 31.810834580000005
        },
        "quality": {
          "valid": true
        },
        "temporal_context": {}
      }
    },
    {
      "type": "Feature",
      "geometry": {
        "geodesic": false,
        "type": "Point",
        "coordinates": [
          73.80432471291759,
          18.490665347556142
        ]
      },
      "properties": {
        "location_id": "unknown",
        "timestamp": "2024-11-10",
        "source": "landsat-8",
        "features": {
          "lst": 31.66044169999998
        },
        "quality": {
          "valid": true
        },
        "temporal_context": {}
      }
    },
    {
      "type": "Feature",
      "geometry": {
        "geodesic": false,
        "type": "Point",
        "coordinates": [
          73.80460883318541,
          18.49066714177358
        ]
      },
      "properties": {
        "location_id": "unknown",
        "timestamp": "2024-11-10",
        "source": "landsat-8",
        "features": {
          "lst": 31.482704660000024
        },
        "quality": {
          "valid": true
        },
        "temporal_context": {}
      }
    },
    {
      "type": "Feature",
      "geometry": {
        "geodesic": false,
        "type": "Point",
        "coordinates": [
          73.80489295348575,
          18.490668935564855
        ]
      },
      "properties": {
        "location_id": "unknown",
        "timestamp": "2024-11-10",
        "source": "landsat-8",
        "features": {
          "lst": 31.24686128000002
        },
        "quality": {
          "valid": true
        },
        "temporal_context": {}
      }
    },
    {
      "type": "Feature",
      "geometry": {
        "geodesic": false,
        "type": "Point",
        "coordinates": [
          73.80517707381858,
          18.490670728929956
        ]
      },
      "properties": {
        "location_id": "unknown",
        "timestamp": "2024-11-10",
        "source": "landsat-8",
        "features": {
          "lst": 30.795682639999995
        },
        "quality": {
          "valid": true
        },
        "temporal_context": {}
      }
    },
    {
      "type": "Feature",
      "geometry": {
        "geodesic": false,
        "type": "Point",
        "coordinates": [
          73.80546119418393,
          18.490672521868884
        ]
      },
      "properties": {
        "location_id": "unknown",
        "timestamp": "2024-11-10",
        "source": "landsat-8",
        "features": {
          "lst": 30.515404999999987
        },
        "quality": {
          "valid": true
        },
        "temporal_context": {}
      }
    },
    {
      "type": "Feature",
      "geometry": {
        "geodesic": false,
        "type": "Point",
        "coordinates": [
          73.80574531458177,
          18.490674314381643
        ]
      },
      "properties": {
        "location_id": "unknown",
        "timestamp": "2024-11-10",
        "source": "landsat-8",
        "features": {
          "lst": 30.26588953999999
        },
        "quality": {
          "valid": true
        },
        "temporal_context": {}
      }
    },
    {
      "type": "Feature",
      "geometry": {
        "geodesic": false,
        "type": "Point",
        "coordinates": [
          73.80602943501209,
          18.490676106468232
        ]
      },
      "properties": {
        "location_id": "unknown",
        "timestamp": "2024-11-10",
        "source": "landsat-8",
        "features": {
          "lst": 29.83863703999998
        },
        "quality": {
          "valid": true
        },
        "temporal_context": {}
      }
    },
    {
      "type": "Feature",
      "geometry": {
        "geodesic": false,
        "type": "Point",
        "coordinates": [
          73.8063135554749,
          18.49067789812865
        ]
      },
      "properties": {
        "location_id": "unknown",
        "timestamp": "2024-11-10",
        "source": "landsat-8",
        "features": {
          "lst": 29.73951446000001
        },
        "quality": {
          "valid": true
        },
        "temporal_context": {}
      }
    },
    {
      "type": "Feature",
      "geometry": {
        "geodesic": false,
        "type": "Point",
        "coordinates": [
          73.80659767597017,
          18.490679689362896
        ]
      },
      "properties": {
        "location_id": "unknown",
        "timestamp": "2024-11-10",
        "source": "landsat-8",
        "features": {
          "lst": 29.920669520000047
        },
        "quality": {
          "valid": true
        },
        "temporal_context": {}
      }
    },
    {
      "type": "Feature",
      "geometry": {
        "geodesic": false,
        "type": "Point",
        "coordinates": [
          73.80688179649789,
          18.49068148017097
        ]
      },
      "properties": {
        "location_id": "unknown",
        "timestamp": "2024-11-10",
        "source": "landsat-8",
        "features": {
          "lst": 30.453880640000023
        },
        "quality": {
          "valid": true
        },
        "temporal_context": {}
      }
    },
    {
      "type": "Feature",
      "geometry": {
        "geodesic": false,
        "type": "Point",
        "coordinates": [
          73.80716591705809,
          18.49068327055287
        ]
      },
      "properties": {
        "location_id": "unknown",
        "timestamp": "2024-11-10",
        "source": "landsat-8",
        "features": {
          "lst": 31.308385639999983
        },
        "quality": {
          "valid": true
        },
        "temporal_context": {}
      }
    },
    {
      "type": "Feature",
      "geometry": {
        "geodesic": false,
        "type": "Point",
        "coordinates": [
          73.80745003765072,
          18.490685060508603
        ]
      },
      "properties": {
        "location_id": "unknown",
        "timestamp": "2024-11-10",
        "source": "landsat-8",
        "features": {
          "lst": 31.773236360000055
        },
        "quality": {
          "valid": true
        },
        "temporal_context": {}
      }
    },
    {
      "type": "Feature",
      "geometry": {
        "geodesic": false,
        "type": "Point",
        "coordinates": [
          73.80773415827579,
          18.490686850038163
        ]
      },
      "properties": {
        "location_id": "unknown",
        "timestamp": "2024-11-10",
        "source": "landsat-8",
        "features": {
          "lst": 32.21074292000003
        },
        "quality": {
          "valid": true
        },
        "temporal_context": {}
      }
    },
    {
      "type": "Feature",
      "geometry": {
        "geodesic": false,
        "type": "Point",
        "coordinates": [
          73.8080182789333,
          18.49068863914155
        ]
      },
      "properties": {
        "location_id": "unknown",
        "timestamp": "2024-11-10",
        "source": "landsat-8",
        "features": {
          "lst": 32.64483145999998
        },
        "quality": {
          "valid": true
        },
        "temporal_context": {}
      }
    },
    {
      "type": "Feature",
      "geometry": {
        "geodesic": false,
        "type": "Point",
        "coordinates": [
          73.80830239962323,
          18.490690427818762
        ]
      },
      "properties": {
        "location_id": "unknown",
        "timestamp": "2024-11-10",
        "source": "landsat-8",
        "features": {
          "lst": 33.04815782000003
        },
        "quality": {
          "valid": true
        },
        "temporal_context": {}
      }
    },
    {
      "type": "Feature",
      "geometry": {
        "geodesic": false,
        "type": "Point",
        "coordinates": [
          73.80858652034557,
          18.4906922160698
        ]
      },
      "properties": {
        "location_id": "unknown",
        "timestamp": "2024-11-10",
        "source": "landsat-8",
        "features": {
          "lst": 33.30109130000005
        },
        "quality": {
          "valid": true
        },
        "temporal_context": {}
      }
    },
    {
      "type": "Feature",
      "geometry": {
        "geodesic": false,
        "type": "Point",
        "coordinates": [
          73.80887064110033,
          18.49069400389467
        ]
      },
      "properties": {
        "location_id": "unknown",
        "timestamp": "2024-11-10",
        "source": "landsat-8",
        "features": {
          "lst": 33.11651821999999
        },
        "quality": {
          "valid": true
        },
        "temporal_context": {}
      }
    },
    {
      "type": "Feature",
      "geometry": {
        "geodesic": false,
        "type": "Point",
        "coordinates": [
          73.80915476188748,
          18.490695791293366
        ]
      },
      "properties": {
        "location_id": "unknown",
        "timestamp": "2024-11-10",
        "source": "landsat-8",
        "features": {
          "lst": 31.711712000000034
        },
        "quality": {
          "valid": true
        },
        "temporal_context": {}
      }
    },
    {
      "type": "Feature",
      "geometry": {
        "geodesic": false,
        "type": "Point",
        "coordinates": [
          73.79836008489139,
          18.490356485177465
        ]
      },
      "properties": {
        "location_id": "unknown",
        "timestamp": "2024-11-10",
        "source": "landsat-8",
        "features": {
          "lst": 32.09453024000004
        },
        "quality": {
          "valid": true
        },
        "temporal_context": {}
      }
    },
    {
      "type": "Feature",
      "geometry": {
        "geodesic": false,
        "type": "Point",
        "coordinates": [
          73.79864420402795,
          18.49035828831613
        ]
      },
      "properties": {
        "location_id": "unknown",
        "timestamp": "2024-11-10",
        "source": "landsat-8",
        "features": {
          "lst": 32.08085816000005
        },
        "quality": {
          "valid": true
        },
        "temporal_context": {}
      }
    },
    {
      "type": "Feature",
      "geometry": {
        "geodesic": false,
        "type": "Point",
        "coordinates": [
          73.79892832319717,
          18.490360091028638
        ]
      },
      "properties": {
        "location_id": "unknown",
        "timestamp": "2024-11-10",
        "source": "landsat-8",
        "features": {
          "lst": 32.05693201999998
        },
        "quality": {
          "valid": true
        },
        "temporal_context": {}
      }
    },
    {
      "type": "Feature",
      "geometry": {
        "geodesic": false,
        "type": "Point",
        "coordinates": [
          73.7992124423991,
          18.49036189331499
        ]
      },
      "properties": {
        "location_id": "unknown",
        "timestamp": "2024-11-10",
        "source": "landsat-8",
        "features": {
          "lst": 32.40557006000006
        },
        "quality": {
          "valid": true
        },
        "temporal_context": {}
      }
    },
    {
      "type": "Feature",
      "geometry": {
        "geodesic": false,
        "type": "Point",
        "coordinates": [
          73.79949656163366,
          18.490363695175176
        ]
      },
      "properties": {
        "location_id": "unknown",
        "timestamp": "2024-11-10",
        "source": "landsat-8",
        "features": {
          "lst": 32.398734020000006
        },
        "quality": {
          "valid": true
        },
        "temporal_context": {}
      }
    },
    {
      "type": "Feature",
      "geometry": {
        "geodesic": false,
        "type": "Point",
        "coordinates": [
          73.79978068090088,
          18.49036549660921
        ]
      },
      "properties": {
        "location_id": "unknown",
        "timestamp": "2024-11-10",
        "source": "landsat-8",
        "features": {
          "lst": 32.367971839999996
        },
        "quality": {
          "valid": true
        },
        "temporal_context": {}
      }
    },
    {
      "type": "Feature",
      "geometry": {
        "geodesic": false,
        "type": "Point",
        "coordinates": [
          73.80006480020076,
          18.49036729761708
        ]
      },
      "properties": {
        "location_id": "unknown",
        "timestamp": "2024-11-10",
        "source": "landsat-8",
        "features": {
          "lst": 32.28252134000002
        },
        "quality": {
          "valid": true
        },
        "temporal_context": {}
      }
    },
    {
      "type": "Feature",
      "geometry": {
        "geodesic": false,
        "type": "Point",
        "coordinates": [
          73.80034891953326,
          18.49036909819879
        ]
      },
      "properties": {
        "location_id": "unknown",
        "timestamp": "2024-11-10",
        "source": "landsat-8",
        "features": {
          "lst": 32.299611440000035
        },
        "quality": {
          "valid": true
        },
        "temporal_context": {}
      }
    },
    {
      "type": "Feature",
      "geometry": {
        "geodesic": false,
        "type": "Point",
        "coordinates": [
          73.80063303889841,
          18.49037089835434
        ]
      },
      "properties": {
        "location_id": "unknown",
        "timestamp": "2024-11-10",
        "source": "landsat-8",
        "features": {
          "lst": 32.40557006000006
        },
        "quality": {
          "valid": true
        },
        "temporal_context": {}
      }
    },
    {
      "type": "Feature",
      "geometry": {
        "geodesic": false,
        "type": "Point",
        "coordinates": [
          73.80091715829617,
          18.49037269808373
        ]
      },
      "properties": {
        "location_id": "unknown",
        "timestamp": "2024-11-10",
        "source": "landsat-8",
        "features": {
          "lst": 32.614069280000024
        },
        "quality": {
          "valid": true
        },
        "temporal_context": {}
      }
    },
    {
      "type": "Feature",
      "geometry": {
        "geodesic": false,
        "type": "Point",
        "coordinates": [
          73.80120127772656,
          18.49037449738696
        ]
      },
      "properties": {
        "location_id": "unknown",
        "timestamp": "2024-11-10",
        "source": "landsat-8",
        "features": {
          "lst": 32.55596294000003
        },
        "quality": {
          "valid": true
        },
        "temporal_context": {}
      }
    },
    {
      "type": "Feature",
      "geometry": {
        "geodesic": false,
        "type": "Point",
        "coordinates": [
          73.80148539718955,
          18.490376296264028
        ]
      },
      "properties": {
        "location_id": "unknown",
        "timestamp": "2024-11-10",
        "source": "landsat-8",
        "features": {
          "lst": 33.12335426000004
        },
        "quality": {
          "valid": true
        },
        "temporal_context": {}
      }
    },
    {
      "type": "Feature",
      "geometry": {
        "geodesic": false,
        "type": "Point",
        "coordinates": [
          73.80176951668514,
          18.490378094714934
        ]
      },
      "properties": {
        "location_id": "unknown",
        "timestamp": "2024-11-10",
        "source": "landsat-8",
        "features": {
          "lst": 33.27374714000001
        },
        "quality": {
          "valid": true
        },
        "temporal_context": {}
      }
    },
    {
      "type": "Feature",
      "geometry": {
        "geodesic": false,
        "type": "Point",
        "coordinates": [
          73.80205363621334,
          18.49037989273968
        ]
      },
      "properties": {
        "location_id": "unknown",
        "timestamp": "2024-11-10",
        "source": "landsat-8",
        "features": {
          "lst": 33.03106772000001
        },
        "quality": {
          "valid": true
        },
        "temporal_context": {}
      }
    },
    {
      "type": "Feature",
      "geometry": {
        "geodesic": false,
        "type": "Point",
        "coordinates": [
          73.8023377557741,
          18.490381690338264
        ]
      },
      "properties": {
        "location_id": "unknown",
        "timestamp": "2024-11-10",
        "source": "landsat-8",
        "features": {
          "lst": 32.709773840000025
        },
        "quality": {
          "valid": true
        },
        "temporal_context": {}
      }
    },
    {
      "type": "Feature",
      "geometry": {
        "geodesic": false,
        "type": "Point",
        "coordinates": [
          73.80262187536746,
          18.490383487510687
        ]
      },
      "properties": {
        "location_id": "unknown",
        "timestamp": "2024-11-10",
        "source": "landsat-8",
        "features": {
          "lst": 32.31328352000003
        },
        "quality": {
          "valid": true
        },
        "temporal_context": {}
      }
    },
    {
      "type": "Feature",
      "geometry": {
        "geodesic": false,
        "type": "Point",
        "coordinates": [
          73.80290599499338,
          18.49038528425695
        ]
      },
      "properties": {
        "location_id": "unknown",
        "timestamp": "2024-11-10",
        "source": "landsat-8",
        "features": {
          "lst": 31.94755538000004
        },
        "quality": {
          "valid": true
        },
        "temporal_context": {}
      }
    },
    {
      "type": "Feature",
      "geometry": {
        "geodesic": false,
        "type": "Point",
        "coordinates": [
          73.80319011465187,
          18.490387080577047
        ]
      },
      "properties": {
        "location_id": "unknown",
        "timestamp": "2024-11-10",
        "source": "landsat-8",
        "features": {
          "lst": 31.58866327999999
        },
        "quality": {
          "valid": true
        },
        "temporal_context": {}
      }
    },
    {
      "type": "Feature",
      "geometry": {
        "geodesic": false,
        "type": "Point",
        "coordinates": [
          73.8034742343429,
          18.490388876470984
        ]
      },
      "properties": {
        "location_id": "unknown",
        "timestamp": "2024-11-10",
        "source": "landsat-8",
        "features": {
          "lst": 31.287877520000052
        },
        "quality": {
          "valid": true
        },
        "temporal_context": {}
      }
    },
    {
      "type": "Feature",
      "geometry": {
        "geodesic": false,
        "type": "Point",
        "coordinates": [
          73.80375835406649,
          18.49039067193876
        ]
      },
      "properties": {
        "location_id": "unknown",
        "timestamp": "2024-11-10",
        "source": "landsat-8",
        "features": {
          "lst": 31.086214340000026
        },
        "quality": {
          "valid": true
        },
        "temporal_context": {}
      }
    },
    {
      "type": "Feature",
      "geometry": {
        "geodesic": false,
        "type": "Point",
        "coordinates": [
          73.80404247382262,
          18.49039246698037
        ]
      },
      "properties": {
        "location_id": "unknown",
        "timestamp": "2024-11-10",
        "source": "landsat-8",
        "features": {
          "lst": 31.86210488000006
        },
        "quality": {
          "valid": true
        },
        "temporal_context": {}
      }
    },
    {
      "type": "Feature",
      "geometry": {
        "geodesic": false,
        "type": "Point",
        "coordinates": [
          73.80432659361126,
          18.49039426159582
        ]
      },
      "properties": {
        "location_id": "unknown",
        "timestamp": "2024-11-10",
        "source": "landsat-8",
        "features": {
          "lst": 31.786908440000047
        },
        "quality": {
          "valid": true
        },
        "temporal_context": {}
      }
    },
    {
      "type": "Feature",
      "geometry": {
        "geodesic": false,
        "type": "Point",
        "coordinates": [
          73.80461071343245,
          18.490396055785105
        ]
      },
      "properties": {
        "location_id": "unknown",
        "timestamp": "2024-11-10",
        "source": "landsat-8",
        "features": {
          "lst": 31.612589420000006
        },
        "quality": {
          "valid": true
        },
        "temporal_context": {}
      }
    },
    {
      "type": "Feature",
      "geometry": {
        "geodesic": false,
        "type": "Point",
        "coordinates": [
          73.80489483328614,
          18.490397849548227
        ]
      },
      "properties": {
        "location_id": "unknown",
        "timestamp": "2024-11-10",
        "source": "landsat-8",
        "features": {
          "lst": 31.34256584000002
        },
        "quality": {
          "valid": true
        },
        "temporal_context": {}
      }
    },
    {
      "type": "Feature",
      "geometry": {
        "geodesic": false,
        "type": "Point",
        "coordinates": [
          73.80517895317236,
          18.490399642885187
        ]
      },
      "properties": {
        "location_id": "unknown",
        "timestamp": "2024-11-10",
        "source": "landsat-8",
        "features": {
          "lst": 30.83328086000006
        },
        "quality": {
          "valid": true
        },
        "temporal_context": {}
      }
    },
    {
      "type": "Feature",
      "geometry": {
        "geodesic": false,
        "type": "Point",
        "coordinates": [
          73.80546307309106,
          18.49040143579598
        ]
      },
      "properties": {
        "location_id": "unknown",
        "timestamp": "2024-11-10",
        "source": "landsat-8",
        "features": {
          "lst": 30.467552720000015
        },
        "quality": {
          "valid": true
        },
        "temporal_context": {}
      }
    },
    {
      "type": "Feature",
      "geometry": {
        "geodesic": false,
        "type": "Point",
        "coordinates": [
          73.80574719304225,
          18.490403228280613
        ]
      },
      "properties": {
        "location_id": "unknown",
        "timestamp": "2024-11-10",
        "source": "landsat-8",
        "features": {
          "lst": 30.170184980000045
        },
        "quality": {
          "valid": true
        },
        "temporal_context": {}
      }
    },
    {
      "type": "Feature",
      "geometry": {
        "geodesic": false,
        "type": "Point",
        "coordinates": [
          73.80603131302595,
          18.49040502033908
        ]
      },
      "properties": {
        "location_id": "unknown",
        "timestamp": "2024-11-10",
        "source": "landsat-8",
        "features": {
          "lst": 29.71900634000002
        },
        "quality": {
          "valid": true
        },
        "temporal_context": {}
      }
    },
    {
      "type": "Feature",
      "geometry": {
        "geodesic": false,
        "type": "Point",
        "coordinates": [
          73.80631543304212,
          18.490406811971383
        ]
      },
      "properties": {
        "location_id": "unknown",
        "timestamp": "2024-11-10",
        "source": "landsat-8",
        "features": {
          "lst": 29.599375640000005
        },
        "quality": {
          "valid": true
        },
        "temporal_context": {}
      }
    },
    {
      "type": "Feature",
      "geometry": {
        "geodesic": false,
        "type": "Point",
        "coordinates": [
          73.80659955309073,
          18.49040860317752
        ]
      },
      "properties": {
        "location_id": "unknown",
        "timestamp": "2024-11-10",
        "source": "landsat-8",
        "features": {
          "lst": 29.790784760000008
        },
        "quality": {
          "valid": true
        },
        "temporal_context": {}
      }
    },
    {
      "type": "Feature",
      "geometry": {
        "geodesic": false,
        "type": "Point",
        "coordinates": [
          73.80688367317184,
          18.49041039395749
        ]
      },
      "properties": {
        "location_id": "unknown",
        "timestamp": "2024-11-10",
        "source": "landsat-8",
        "features": {
          "lst": 30.286397660000034
        },
        "quality": {
          "valid": true
        },
        "temporal_context": {}
      }
    },
    {
      "type": "Feature",
      "geometry": {
        "geodesic": false,
        "type": "Point",
        "coordinates": [
          73.80716779328539,
          18.490412184311296
        ]
      },
      "properties": {
        "location_id": "unknown",
        "timestamp": "2024-11-10",
        "source": "landsat-8",
        "features": {
          "lst": 31.181918900000028
        },
        "quality": {
          "valid": true
        },
        "temporal_context": {}
      }
    },
    {
      "type": "Feature",
      "geometry": {
        "geodesic": false,
        "type": "Point",
        "coordinates": [
          73.80745191343138,
          18.49041397423894
        ]
      },
      "properties": {
        "location_id": "unknown",
        "timestamp": "2024-11-10",
        "source": "landsat-8",
        "features": {
          "lst": 31.790326460000017
        },
        "quality": {
          "valid": true
        },
        "temporal_context": {}
      }
    },
    {
      "type": "Feature",
      "geometry": {
        "geodesic": false,
        "type": "Point",
        "coordinates": [
          73.8077360336098,
          18.490415763740415
        ]
      },
      "properties": {
        "location_id": "unknown",
        "timestamp": "2024-11-10",
        "source": "landsat-8",
        "features": {
          "lst": 32.31328352000003
        },
        "quality": {
          "valid": true
        },
        "temporal_context": {}
      }
    },
    {
      "type": "Feature",
      "geometry": {
        "geodesic": false,
        "type": "Point",
        "coordinates": [
          73.80802015382068,
          18.490417552815728
        ]
      },
      "properties": {
        "location_id": "unknown",
        "timestamp": "2024-11-10",
        "source": "landsat-8",
        "features": {
          "lst": 32.79180631999998
        },
        "quality": {
          "valid": true
        },
        "temporal_context": {}
      }
    },
    {
      "type": "Feature",
      "geometry": {
        "geodesic": false,
        "type": "Point",
        "coordinates": [
          73.80830427406397,
          18.49041934146487
        ]
      },
      "properties": {
        "location_id": "unknown",
        "timestamp": "2024-11-10",
        "source": "landsat-8",
        "features": {
          "lst": 33.21222278000005
        },
        "quality": {
          "valid": true
        },
        "temporal_context": {}
      }
    },
    {
      "type": "Feature",
      "geometry": {
        "geodesic": false,
        "type": "Point",
        "coordinates": [
          73.80858839433967,
          18.490421129687853
        ]
      },
      "properties": {
        "location_id": "unknown",
        "timestamp": "2024-11-10",
        "source": "landsat-8",
        "features": {
          "lst": 33.55402478000002
        },
        "quality": {
          "valid": true
        },
        "temporal_context": {}
      }
    },
    {
      "type": "Feature",
      "geometry": {
        "geodesic": false,
        "type": "Point",
        "coordinates": [
          73.80887251464779,
          18.490422917484665
        ]
      },
      "properties": {
        "location_id": "unknown",
        "timestamp": "2024-11-10",
        "source": "landsat-8",
        "features": {
          "lst": 33.27374714000001
        },
        "quality": {
          "valid": true
        },
        "temporal_context": {}
      }
    },
    {
      "type": "Feature",
      "geometry": {
        "geodesic": false,
        "type": "Point",
        "coordinates": [
          73.8091566349883,
          18.490424704855315
        ]
      },
      "properties": {
        "location_id": "unknown",
        "timestamp": "2024-11-10",
        "source": "landsat-8",
        "features": {
          "lst": 31.71854804000003
        },
        "quality": {
          "valid": true
        },
        "temporal_context": {}
      }
    },
    {
      "type": "Feature",
      "geometry": {
        "geodesic": false,
        "type": "Point",
        "coordinates": [
          73.79836197493171,
          18.490085399802005
        ]
      },
      "properties": {
        "location_id": "unknown",
        "timestamp": "2024-11-10",
        "source": "landsat-8",
        "features": {
          "lst": 31.793744479999987
        },
        "quality": {
          "valid": true
        },
        "temporal_context": {}
      }
    },
    {
      "type": "Feature",
      "geometry": {
        "geodesic": false,
        "type": "Point",
        "coordinates": [
          73.79864609362164,
          18.490087202912378
        ]
      },
      "properties": {
        "location_id": "unknown",
        "timestamp": "2024-11-10",
        "source": "landsat-8",
        "features": {
          "lst": 31.790326460000017
        },
        "quality": {
          "valid": true
        },
        "temporal_context": {}
      }
    },
    {
      "type": "Feature",
      "geometry": {
        "geodesic": false,
        "type": "Point",
        "coordinates": [
          73.79893021234425,
          18.490089005596598
        ]
      },
      "properties": {
        "location_id": "unknown",
        "timestamp": "2024-11-10",
        "source": "landsat-8",
        "features": {
          "lst": 31.780072399999995
        },
        "quality": {
          "valid": true
        },
        "temporal_context": {}
      }
    },
    {
      "type": "Feature",
      "geometry": {
        "geodesic": false,
        "type": "Point",
        "coordinates": [
          73.79921433109953,
          18.490090807854664
        ]
      },
      "properties": {
        "location_id": "unknown",
        "timestamp": "2024-11-10",
        "source": "landsat-8",
        "features": {
          "lst": 32.121874400000024
        },
        "quality": {
          "valid": true
        },
        "temporal_context": {}
      }
    },
    {
      "type": "Feature",
      "geometry": {
        "geodesic": false,
        "type": "Point",
        "coordinates": [
          73.79949844988748,
          18.490092609686574
        ]
      },
      "properties": {
        "location_id": "unknown",
        "timestamp": "2024-11-10",
        "source": "landsat-8",
        "features": {
          "lst": 32.09453024000004
        },
        "quality": {
          "valid": true
        },
        "temporal_context": {}
      }
    },
    {
      "type": "Feature",
      "geometry": {
        "geodesic": false,
        "type": "Point",
        "coordinates": [
          73.79978256870807,
          18.49009441109234
        ]
      },
      "properties": {
        "location_id": "unknown",
        "timestamp": "2024-11-10",
        "source": "landsat-8",
        "features": {
          "lst": 32.05009598000004
        },
        "quality": {
          "valid": true
        },
        "temporal_context": {}
      }
    },
    {
      "type": "Feature",
      "geometry": {
        "geodesic": false,
        "type": "Point",
        "coordinates": [
          73.80006668756131,
          18.490096212071947
        ]
      },
      "properties": {
        "location_id": "unknown",
        "timestamp": "2024-11-10",
        "source": "landsat-8",
        "features": {
          "lst": 31.909957159999976
        },
        "quality": {
          "valid": true
        },
        "temporal_context": {}
      }
    },
    {
      "type": "Feature",
      "geometry": {
        "geodesic": false,
        "type": "Point",
        "coordinates": [
          73.80035080644721,
          18.4900980126254
        ]
      },
      "properties": {
        "location_id": "unknown",
        "timestamp": "2024-11-10",
        "source": "landsat-8",
        "features": {
          "lst": 31.889449040000045
        },
        "quality": {
          "valid": true
        },
        "temporal_context": {}
      }
    },
    {
      "type": "Feature",
      "geometry": {
        "geodesic": false,
        "type": "Point",
        "coordinates": [
          73.80063492536573,
          18.4900998127527
        ]
      },
      "properties": {
        "location_id": "unknown",
        "timestamp": "2024-11-10",
        "source": "landsat-8",
        "features": {
          "lst": 31.89970310000001
        },
        "quality": {
          "valid": true
        },
        "temporal_context": {}
      }
    },
    {
      "type": "Feature",
      "geometry": {
        "geodesic": false,
        "type": "Point",
        "coordinates": [
          73.80091904431687,
          18.49010161245385
        ]
      },
      "properties": {
        "location_id": "unknown",
        "timestamp": "2024-11-10",
        "source": "landsat-8",
        "features": {
          "lst": 32.074022119999995
        },
        "quality": {
          "valid": true
        },
        "temporal_context": {}
      }
    },
    {
      "type": "Feature",
      "geometry": {
        "geodesic": false,
        "type": "Point",
        "coordinates": [
          73.80120316330061,
          18.490103411728846
        ]
      },
      "properties": {
        "location_id": "unknown",
        "timestamp": "2024-11-10",
        "source": "landsat-8",
        "features": {
          "lst": 31.961227460000032
        },
        "quality": {
          "valid": true
        },
        "temporal_context": {}
      }
    },
    {
      "type": "Feature",
      "geometry": {
        "geodesic": false,
        "type": "Point",
        "coordinates": [
          73.801487282317,
          18.490105210577685
        ]
      },
      "properties": {
        "location_id": "unknown",
        "timestamp": "2024-11-10",
        "source": "landsat-8",
        "features": {
          "lst": 32.49102056000004
        },
        "quality": {
          "valid": true
        },
        "temporal_context": {}
      }
    },
    {
      "type": "Feature",
      "geometry": {
        "geodesic": false,
        "type": "Point",
        "coordinates": [
          73.80177140136595,
          18.49010700900037
        ]
      },
      "properties": {
        "location_id": "unknown",
        "timestamp": "2024-11-10",
        "source": "landsat-8",
        "features": {
          "lst": 32.79180631999998
        },
        "quality": {
          "valid": true
        },
        "temporal_context": {}
      }
    },
    {
      "type": "Feature",
      "geometry": {
        "geodesic": false,
        "type": "Point",
        "coordinates": [
          73.80205552044752,
          18.4901088069969
        ]
      },
      "properties": {
        "location_id": "unknown",
        "timestamp": "2024-11-10",
        "source": "landsat-8",
        "features": {
          "lst": 32.79180631999998
        },
        "quality": {
          "valid": true
        },
        "temporal_context": {}
      }
    },
    {
      "type": "Feature",
      "geometry": {
        "geodesic": false,
        "type": "Point",
        "coordinates": [
          73.80233963956167,
          18.490110604567278
        ]
      },
      "properties": {
        "location_id": "unknown",
        "timestamp": "2024-11-10",
        "source": "landsat-8",
        "features": {
          "lst": 32.66533958000002
        },
        "quality": {
          "valid": true
        },
        "temporal_context": {}
      }
    },
    {
      "type": "Feature",
      "geometry": {
        "geodesic": false,
        "type": "Point",
        "coordinates": [
          73.80262375870839,
          18.490112401711496
        ]
      },
      "properties": {
        "location_id": "unknown",
        "timestamp": "2024-11-10",
        "source": "landsat-8",
        "features": {
          "lst": 32.43291422000004
        },
        "quality": {
          "valid": true
        },
        "temporal_context": {}
      }
    },
    {
      "type": "Feature",
      "geometry": {
        "geodesic": false,
        "type": "Point",
        "coordinates": [
          73.80290787788768,
          18.490114198429563
        ]
      },
      "properties": {
        "location_id": "unknown",
        "timestamp": "2024-11-10",
        "source": "landsat-8",
        "features": {
          "lst": 32.11845638
        },
        "quality": {
          "valid": true
        },
        "temporal_context": {}
      }
    },
    {
      "type": "Feature",
      "geometry": {
        "geodesic": false,
        "type": "Point",
        "coordinates": [
          73.80319199709953,
          18.490115994721474
        ]
      },
      "properties": {
        "location_id": "unknown",
        "timestamp": "2024-11-10",
        "source": "landsat-8",
        "features": {
          "lst": 31.773236360000055
        },
        "quality": {
          "valid": true
        },
        "temporal_context": {}
      }
    },
    {
      "type": "Feature",
      "geometry": {
        "geodesic": false,
        "type": "Point",
        "coordinates": [
          73.80347611634394,
          18.49011779058723
        ]
      },
      "properties": {
        "location_id": "unknown",
        "timestamp": "2024-11-10",
        "source": "landsat-8",
        "features": {
          "lst": 31.434852380000052
        },
        "quality": {
          "valid": true
        },
        "temporal_context": {}
      }
    },
    {
      "type": "Feature",
      "geometry": {
        "geodesic": false,
        "type": "Point",
        "coordinates": [
          73.8037602356209,
          18.490119586026825
        ]
      },
      "properties": {
        "location_id": "unknown",
        "timestamp": "2024-11-10",
        "source": "landsat-8",
        "features": {
          "lst": 31.19559098000002
        },
        "quality": {
          "valid": true
        },
        "temporal_context": {}
      }
    },
    {
      "type": "Feature",
      "geometry": {
        "geodesic": false,
        "type": "Point",
        "coordinates": [
          73.8040443549304,
          18.490121381040268
        ]
      },
      "properties": {
        "location_id": "unknown",
        "timestamp": "2024-11-10",
        "source": "landsat-8",
        "features": {
          "lst": 32.01933380000003
        },
        "quality": {
          "valid": true
        },
        "temporal_context": {}
      }
    },
    {
      "type": "Feature",
      "geometry": {
        "geodesic": false,
        "type": "Point",
        "coordinates": [
          73.80432847427242,
          18.490123175627556
        ]
      },
      "properties": {
        "location_id": "unknown",
        "timestamp": "2024-11-10",
        "source": "landsat-8",
        "features": {
          "lst": 32.02958785999999
        },
        "quality": {
          "valid": true
        },
        "temporal_context": {}
      }
    },
    {
      "type": "Feature",
      "geometry": {
        "geodesic": false,
        "type": "Point",
        "coordinates": [
          73.80461259364698,
          18.490124969788685
        ]
      },
      "properties": {
        "location_id": "unknown",
        "timestamp": "2024-11-10",
        "source": "landsat-8",
        "features": {
          "lst": 31.882612999999992
        },
        "quality": {
          "valid": true
        },
        "temporal_context": {}
      }
    },
    {
      "type": "Feature",
      "geometry": {
        "geodesic": false,
        "type": "Point",
        "coordinates": [
          73.80489671305405,
          18.490126763523662
        ]
      },
      "properties": {
        "location_id": "unknown",
        "timestamp": "2024-11-10",
        "source": "landsat-8",
        "features": {
          "lst": 31.578409220000026
        },
        "quality": {
          "valid": true
        },
        "temporal_context": {}
      }
    },
    {
      "type": "Feature",
      "geometry": {
        "geodesic": false,
        "type": "Point",
        "coordinates": [
          73.80518083249362,
          18.490128556832477
        ]
      },
      "properties": {
        "location_id": "unknown",
        "timestamp": "2024-11-10",
        "source": "landsat-8",
        "features": {
          "lst": 31.052034140000046
        },
        "quality": {
          "valid": true
        },
        "temporal_context": {}
      }
    },
    {
      "type": "Feature",
      "geometry": {
        "geodesic": false,
        "type": "Point",
        "coordinates": [
          73.80546495196569,
          18.490130349715134
        ]
      },
      "properties": {
        "location_id": "unknown",
        "timestamp": "2024-11-10",
        "source": "landsat-8",
        "features": {
          "lst": 30.69997808000005
        },
        "quality": {
          "valid": true
        },
        "temporal_context": {}
      }
    },
    {
      "type": "Feature",
      "geometry": {
        "geodesic": false,
        "type": "Point",
        "coordinates": [
          73.80574907147027,
          18.49013214217164
        ]
      },
      "properties": {
        "location_id": "unknown",
        "timestamp": "2024-11-10",
        "source": "landsat-8",
        "features": {
          "lst": 30.392356280000058
        },
        "quality": {
          "valid": true
        },
        "temporal_context": {}
      }
    },
    {
      "type": "Feature",
      "geometry": {
        "geodesic": false,
        "type": "Point",
        "coordinates": [
          73.80603319100733,
          18.490133934201985
        ]
      },
      "properties": {
        "location_id": "unknown",
        "timestamp": "2024-11-10",
        "source": "landsat-8",
        "features": {
          "lst": 29.954849720000027
        },
        "quality": {
          "valid": true
        },
        "temporal_context": {}
      }
    },
    {
      "type": "Feature",
      "geometry": {
        "geodesic": false,
        "type": "Point",
        "coordinates": [
          73.80631731057684,
          18.490135725806173
        ]
      },
      "properties": {
        "location_id": "unknown",
        "timestamp": "2024-11-10",
        "source": "landsat-8",
        "features": {
          "lst": 29.86598120000002
        },
        "quality": {
          "valid": true
        },
        "temporal_context": {}
      }
    },
    {
      "type": "Feature",
      "geometry": {
        "geodesic": false,
        "type": "Point",
        "coordinates": [
          73.80660143017884,
          18.490137516984202
        ]
      },
      "properties": {
        "location_id": "unknown",
        "timestamp": "2024-11-10",
        "source": "landsat-8",
        "features": {
          "lst": 30.040300220000006
        },
        "quality": {
          "valid": true
        },
        "temporal_context": {}
      }
    },
    {
      "type": "Feature",
      "geometry": {
        "geodesic": false,
        "type": "Point",
        "coordinates": [
          73.80688554981332,
          18.490139307736072
        ]
      },
      "properties": {
        "location_id": "unknown",
        "timestamp": "2024-11-10",
        "source": "landsat-8",
        "features": {
          "lst": 30.47438876000001
        },
        "quality": {
          "valid": true
        },
        "temporal_context": {}
      }
    },
    {
      "type": "Feature",
      "geometry": {
        "geodesic": false,
        "type": "Point",
        "coordinates": [
          73.80716966948023,
          18.490141098061788
        ]
      },
      "properties": {
        "location_id": "unknown",
        "timestamp": "2024-11-10",
        "source": "landsat-8",
        "features": {
          "lst": 31.29471355999999
        },
        "quality": {
          "valid": true
        },
        "temporal_context": {}
      }
    },
    {
      "type": "Feature",
      "geometry": {
        "geodesic": false,
        "type": "Point",
        "coordinates": [
          73.80745378917959,
          18.49014288796134
        ]
      },
      "properties": {
        "location_id": "unknown",
        "timestamp": "2024-11-10",
        "source": "landsat-8",
        "features": {
          "lst": 31.86552290000003
        },
        "quality": {
          "valid": true
        },
        "temporal_context": {}
      }
    },
    {
      "type": "Feature",
      "geometry": {
        "geodesic": false,
        "type": "Point",
        "coordinates": [
          73.80773790891139,
          18.490144677434735
        ]
      },
      "properties": {
        "location_id": "unknown",
        "timestamp": "2024-11-10",
        "source": "landsat-8",
        "features": {
          "lst": 32.40557006000006
        },
        "quality": {
          "valid": true
        },
        "temporal_context": {}
      }
    },
    {
      "type": "Feature",
      "geometry": {
        "geodesic": false,
        "type": "Point",
        "coordinates": [
          73.80802202867564,
          18.49014646648197
        ]
      },
      "properties": {
        "location_id": "unknown",
        "timestamp": "2024-11-10",
        "source": "landsat-8",
        "features": {
          "lst": 32.93194514000004
        },
        "quality": {
          "valid": true
        },
        "temporal_context": {}
      }
    },
    {
      "type": "Feature",
      "geometry": {
        "geodesic": false,
        "type": "Point",
        "coordinates": [
          73.80830614847228,
          18.490148255103048
        ]
      },
      "properties": {
        "location_id": "unknown",
        "timestamp": "2024-11-10",
        "source": "landsat-8",
        "features": {
          "lst": 33.38995982000006
        },
        "quality": {
          "valid": true
        },
        "temporal_context": {}
      }
    },
    {
      "type": "Feature",
      "geometry": {
        "geodesic": false,
        "type": "Point",
        "coordinates": [
          73.80859026830134,
          18.490150043297966
        ]
      },
      "properties": {
        "location_id": "unknown",
        "timestamp": "2024-11-10",
        "source": "landsat-8",
        "features": {
          "lst": 33.62580320000001
        },
        "quality": {
          "valid": true
        },
        "temporal_context": {}
      }
    },
    {
      "type": "Feature",
      "geometry": {
        "geodesic": false,
        "type": "Point",
        "coordinates": [
          73.80887438816283,
          18.490151831066722
        ]
      },
      "properties": {
        "location_id": "unknown",
        "timestamp": "2024-11-10",
        "source": "landsat-8",
        "features": {
          "lst": 33.27032912000004
        },
        "quality": {
          "valid": true
        },
        "temporal_context": {}
      }
    },
    {
      "type": "Feature",
      "geometry": {
        "geodesic": false,
        "type": "Point",
        "coordinates": [
          73.80915850805671,
          18.490153618409323
        ]
      },
      "properties": {
        "location_id": "unknown",
        "timestamp": "2024-11-10",
        "source": "landsat-8",
        "features": {
          "lst": 31.70487595999998
        },
        "quality": {
          "valid": true
        },
        "temporal_context": {}
      }
    },
    {
      "type": "Feature",
      "geometry": {
        "geodesic": false,
        "type": "Point",
        "coordinates": [
          73.79836386493933,
          18.489814314418613
        ]
      },
      "properties": {
        "location_id": "unknown",
        "timestamp": "2024-11-10",
        "source": "landsat-8",
        "features": {
          "lst": 31.944137360000013
        },
        "quality": {
          "valid": true
        },
        "temporal_context": {}
      }
    },
    {
      "type": "Feature",
      "geometry": {
        "geodesic": false,
        "type": "Point",
        "coordinates": [
          73.79864798318265,
          18.48981611750069
        ]
      },
      "properties": {
        "location_id": "unknown",
        "timestamp": "2024-11-10",
        "source": "landsat-8",
        "features": {
          "lst": 31.920211220000056
        },
        "quality": {
          "valid": true
        },
        "temporal_context": {}
      }
    },
    {
      "type": "Feature",
      "geometry": {
        "geodesic": false,
        "type": "Point",
        "coordinates": [
          73.79893210145865,
          18.489817920156618
        ]
      },
      "properties": {
        "location_id": "unknown",
        "timestamp": "2024-11-10",
        "source": "landsat-8",
        "features": {
          "lst": 31.940719339999987
        },
        "quality": {
          "valid": true
        },
        "temporal_context": {}
      }
    },
    {
      "type": "Feature",
      "geometry": {
        "geodesic": false,
        "type": "Point",
        "coordinates": [
          73.79921621976732,
          18.489819722386404
        ]
      },
      "properties": {
        "location_id": "unknown",
        "timestamp": "2024-11-10",
        "source": "landsat-8",
        "features": {
          "lst": 32.09794826000001
        },
        "quality": {
          "valid": true
        },
        "temporal_context": {}
      }
    },
    {
      "type": "Feature",
      "geometry": {
        "geodesic": false,
        "type": "Point",
        "coordinates": [
          73.79950033810863,
          18.489821524190045
        ]
      },
      "properties": {
        "location_id": "unknown",
        "timestamp": "2024-11-10",
        "source": "landsat-8",
        "features": {
          "lst": 32.08085816000005
        },
        "quality": {
          "valid": true
        },
        "temporal_context": {}
      }
    },
    {
      "type": "Feature",
      "geometry": {
        "geodesic": false,
        "type": "Point",
        "coordinates": [
          73.79978445648263,
          18.489823325567535
        ]
      },
      "properties": {
        "location_id": "unknown",
        "timestamp": "2024-11-10",
        "source": "landsat-8",
        "features": {
          "lst": 32.02958785999999
        },
        "quality": {
          "valid": true
        },
        "temporal_context": {}
      }
    },
    {
      "type": "Feature",
      "geometry": {
        "geodesic": false,
        "type": "Point",
        "coordinates": [
          73.80006857488924,
          18.48982512651888
        ]
      },
      "properties": {
        "location_id": "unknown",
        "timestamp": "2024-11-10",
        "source": "landsat-8",
        "features": {
          "lst": 31.903121120000037
        },
        "quality": {
          "valid": true
        },
        "temporal_context": {}
      }
    },
    {
      "type": "Feature",
      "geometry": {
        "geodesic": false,
        "type": "Point",
        "coordinates": [
          73.8003526933285,
          18.48982692704408
        ]
      },
      "properties": {
        "location_id": "unknown",
        "timestamp": "2024-11-10",
        "source": "landsat-8",
        "features": {
          "lst": 31.756146260000037
        },
        "quality": {
          "valid": true
        },
        "temporal_context": {}
      }
    },
    {
      "type": "Feature",
      "geometry": {
        "geodesic": false,
        "type": "Point",
        "coordinates": [
          73.80063681180042,
          18.489828727143134
        ]
      },
      "properties": {
        "location_id": "unknown",
        "timestamp": "2024-11-10",
        "source": "landsat-8",
        "features": {
          "lst": 31.72196606
        },
        "quality": {
          "valid": true
        },
        "temporal_context": {}
      }
    },
    {
      "type": "Feature",
      "geometry": {
        "geodesic": false,
        "type": "Point",
        "coordinates": [
          73.80092093030493,
          18.48983052681604
        ]
      },
      "properties": {
        "location_id": "unknown",
        "timestamp": "2024-11-10",
        "source": "landsat-8",
        "features": {
          "lst": 31.957809440000005
        },
        "quality": {
          "valid": true
        },
        "temporal_context": {}
      }
    },
    {
      "type": "Feature",
      "geometry": {
        "geodesic": false,
        "type": "Point",
        "coordinates": [
          73.80120504884206,
          18.489832326062796
        ]
      },
      "properties": {
        "location_id": "unknown",
        "timestamp": "2024-11-10",
        "source": "landsat-8",
        "features": {
          "lst": 32.70635582
        },
        "quality": {
          "valid": true
        },
        "temporal_context": {}
      }
    },
    {
      "type": "Feature",
      "geometry": {
        "geodesic": false,
        "type": "Point",
        "coordinates": [
          73.80148916741182,
          18.48983412488341
        ]
      },
      "properties": {
        "location_id": "unknown",
        "timestamp": "2024-11-10",
        "source": "landsat-8",
        "features": {
          "lst": 33.119936240000015
        },
        "quality": {
          "valid": true
        },
        "temporal_context": {}
      }
    },
    {
      "type": "Feature",
      "geometry": {
        "geodesic": false,
        "type": "Point",
        "coordinates": [
          73.80177328601417,
          18.489835923277873
        ]
      },
      "properties": {
        "location_id": "unknown",
        "timestamp": "2024-11-10",
        "source": "landsat-8",
        "features": {
          "lst": 33.48224635999998
        },
        "quality": {
          "valid": true
        },
        "temporal_context": {}
      }
    },
    {
      "type": "Feature",
      "geometry": {
        "geodesic": false,
        "type": "Point",
        "coordinates": [
          73.8020574046491,
          18.48983772124619
        ]
      },
      "properties": {
        "location_id": "unknown",
        "timestamp": "2024-11-10",
        "source": "landsat-8",
        "features": {
          "lst": 32.84991266000003
        },
        "quality": {
          "valid": true
        },
        "temporal_context": {}
      }
    },
    {
      "type": "Feature",
      "geometry": {
        "geodesic": false,
        "type": "Point",
        "coordinates": [
          73.80234152331663,
          18.489839518788354
        ]
      },
      "properties": {
        "location_id": "unknown",
        "timestamp": "2024-11-10",
        "source": "landsat-8",
        "features": {
          "lst": 33.03106772000001
        },
        "quality": {
          "valid": true
        },
        "temporal_context": {}
      }
    },
    {
      "type": "Feature",
      "geometry": {
        "geodesic": false,
        "type": "Point",
        "coordinates": [
          73.80262564201675,
          18.489841315904375
        ]
      },
      "properties": {
        "location_id": "unknown",
        "timestamp": "2024-11-10",
        "source": "landsat-8",
        "features": {
          "lst": 32.93536316000001
        },
        "quality": {
          "valid": true
        },
        "temporal_context": {}
      }
    },
    {
      "type": "Feature",
      "geometry": {
        "geodesic": false,
        "type": "Point",
        "coordinates": [
          73.80290976074942,
          18.489843112594244
        ]
      },
      "properties": {
        "location_id": "unknown",
        "timestamp": "2024-11-10",
        "source": "landsat-8",
        "features": {
          "lst": 32.624323340000046
        },
        "quality": {
          "valid": true
        },
        "temporal_context": {}
      }
    },
    {
      "type": "Feature",
      "geometry": {
        "geodesic": false,
        "type": "Point",
        "coordinates": [
          73.80319387951465,
          18.489844908857968
        ]
      },
      "properties": {
        "location_id": "unknown",
        "timestamp": "2024-11-10",
        "source": "landsat-8",
        "features": {
          "lst": 32.251759160000006
        },
        "quality": {
          "valid": true
        },
        "temporal_context": {}
      }
    },
    {
      "type": "Feature",
      "geometry": {
        "geodesic": false,
        "type": "Point",
        "coordinates": [
          73.80347799831243,
          18.48984670469554
        ]
      },
      "properties": {
        "location_id": "unknown",
        "timestamp": "2024-11-10",
        "source": "landsat-8",
        "features": {
          "lst": 32.05693201999998
        },
        "quality": {
          "valid": true
        },
        "temporal_context": {}
      }
    },
    {
      "type": "Feature",
      "geometry": {
        "geodesic": false,
        "type": "Point",
        "coordinates": [
          73.80376211714277,
          18.489848500106962
        ]
      },
      "properties": {
        "location_id": "unknown",
        "timestamp": "2024-11-10",
        "source": "landsat-8",
        "features": {
          "lst": 31.875776960000053
        },
        "quality": {
          "valid": true
        },
        "temporal_context": {}
      }
    },
    {
      "type": "Feature",
      "geometry": {
        "geodesic": false,
        "type": "Point",
        "coordinates": [
          73.80404623600565,
          18.48985029509224
        ]
      },
      "properties": {
        "location_id": "unknown",
        "timestamp": "2024-11-10",
        "source": "landsat-8",
        "features": {
          "lst": 32.61748729999999
        },
        "quality": {
          "valid": true
        },
        "temporal_context": {}
      }
    },
    {
      "type": "Feature",
      "geometry": {
        "geodesic": false,
        "type": "Point",
        "coordinates": [
          73.80433035490105,
          18.48985208965136
        ]
      },
      "properties": {
        "location_id": "unknown",
        "timestamp": "2024-11-10",
        "source": "landsat-8",
        "features": {
          "lst": 32.60039720000003
        },
        "quality": {
          "valid": true
        },
        "temporal_context": {}
      }
    },
    {
      "type": "Feature",
      "geometry": {
        "geodesic": false,
        "type": "Point",
        "coordinates": [
          73.80461447382899,
          18.48985388378434
        ]
      },
      "properties": {
        "location_id": "unknown",
        "timestamp": "2024-11-10",
        "source": "landsat-8",
        "features": {
          "lst": 32.46025838000003
        },
        "quality": {
          "valid": true
        },
        "temporal_context": {}
      }
    },
    {
      "type": "Feature",
      "geometry": {
        "geodesic": false,
        "type": "Point",
        "coordinates": [
          73.80489859278943,
          18.489855677491164
        ]
      },
      "properties": {
        "location_id": "unknown",
        "timestamp": "2024-11-10",
        "source": "landsat-8",
        "features": {
          "lst": 32.17314470000002
        },
        "quality": {
          "valid": true
        },
        "temporal_context": {}
      }
    },
    {
      "type": "Feature",
      "geometry": {
        "geodesic": false,
        "type": "Point",
        "coordinates": [
          73.80518271178238,
          18.489857470771838
        ]
      },
      "properties": {
        "location_id": "unknown",
        "timestamp": "2024-11-10",
        "source": "landsat-8",
        "features": {
          "lst": 31.376746040000057
        },
        "quality": {
          "valid": true
        },
        "temporal_context": {}
      }
    },
    {
      "type": "Feature",
      "geometry": {
        "geodesic": false,
        "type": "Point",
        "coordinates": [
          73.80546683080784,
          18.489859263626364
        ]
      },
      "properties": {
        "location_id": "unknown",
        "timestamp": "2024-11-10",
        "source": "landsat-8",
        "features": {
          "lst": 31.089632359999996
        },
        "quality": {
          "valid": true
        },
        "temporal_context": {}
      }
    },
    {
      "type": "Feature",
      "geometry": {
        "geodesic": false,
        "type": "Point",
        "coordinates": [
          73.80575094986578,
          18.489861056054735
        ]
      },
      "properties": {
        "location_id": "unknown",
        "timestamp": "2024-11-10",
        "source": "landsat-8",
        "features": {
          "lst": 30.81960878000001
        },
        "quality": {
          "valid": true
        },
        "temporal_context": {}
      }
    },
    {
      "type": "Feature",
      "geometry": {
        "geodesic": false,
        "type": "Point",
        "coordinates": [
          73.80603506895622,
          18.489862848056962
        ]
      },
      "properties": {
        "location_id": "unknown",
        "timestamp": "2024-11-10",
        "source": "landsat-8",
        "features": {
          "lst": 31.011017900000013
        },
        "quality": {
          "valid": true
        },
        "temporal_context": {}
      }
    },
    {
      "type": "Feature",
      "geometry": {
        "geodesic": false,
        "type": "Point",
        "coordinates": [
          73.80631918807913,
          18.489864639633034
        ]
      },
      "properties": {
        "location_id": "unknown",
        "timestamp": "2024-11-10",
        "source": "landsat-8",
        "features": {
          "lst": 30.939239480000026
        },
        "quality": {
          "valid": true
        },
        "temporal_context": {}
      }
    },
    {
      "type": "Feature",
      "geometry": {
        "geodesic": false,
        "type": "Point",
        "coordinates": [
          73.8066033072345,
          18.489866430782953
        ]
      },
      "properties": {
        "location_id": "unknown",
        "timestamp": "2024-11-10",
        "source": "landsat-8",
        "features": {
          "lst": 31.089632359999996
        },
        "quality": {
          "valid": true
        },
        "temporal_context": {}
      }
    },
    {
      "type": "Feature",
      "geometry": {
        "geodesic": false,
        "type": "Point",
        "coordinates": [
          73.80688742642235,
          18.489868221506722
        ]
      },
      "properties": {
        "location_id": "unknown",
        "timestamp": "2024-11-10",
        "source": "landsat-8",
        "features": {
          "lst": 31.366491979999978
        },
        "quality": {
          "valid": true
        },
        "temporal_context": {}
      }
    },
    {
      "type": "Feature",
      "geometry": {
        "geodesic": false,
        "type": "Point",
        "coordinates": [
          73.80717154564263,
          18.489870011804342
        ]
      },
      "properties": {
        "location_id": "unknown",
        "timestamp": "2024-11-10",
        "source": "landsat-8",
        "features": {
          "lst": 31.39041812000005
        },
        "quality": {
          "valid": true
        },
        "temporal_context": {}
      }
    },
    {
      "type": "Feature",
      "geometry": {
        "geodesic": false,
        "type": "Point",
        "coordinates": [
          73.80745566489537,
          18.489871801675807
        ]
      },
      "properties": {
        "location_id": "unknown",
        "timestamp": "2024-11-10",
        "source": "landsat-8",
        "features": {
          "lst": 31.821088640000028
        },
        "quality": {
          "valid": true
        },
        "temporal_context": {}
      }
    },
    {
      "type": "Feature",
      "geometry": {
        "geodesic": false,
        "type": "Point",
        "coordinates": [
          73.80773978418054,
          18.48987359112112
        ]
      },
      "properties": {
        "location_id": "unknown",
        "timestamp": "2024-11-10",
        "source": "landsat-8",
        "features": {
          "lst": 32.29619342000001
        },
        "quality": {
          "valid": true
        },
        "temporal_context": {}
      }
    },
    {
      "type": "Feature",
      "geometry": {
        "geodesic": false,
        "type": "Point",
        "coordinates": [
          73.80802390349815,
          18.489875380140283
        ]
      },
      "properties": {
        "location_id": "unknown",
        "timestamp": "2024-11-10",
        "source": "landsat-8",
        "features": {
          "lst": 32.795224340000004
        },
        "quality": {
          "valid": true
        },
        "temporal_context": {}
      }
    },
    {
      "type": "Feature",
      "geometry": {
        "geodesic": false,
        "type": "Point",
        "coordinates": [
          73.8083080228482,
          18.48987716873329
        ]
      },
      "properties": {
        "location_id": "unknown",
        "timestamp": "2024-11-10",
        "source": "landsat-8",
        "features": {
          "lst": 33.22931288000001
        },
        "quality": {
          "valid": true
        },
        "temporal_context": {}
      }
    },
    {
      "type": "Feature",
      "geometry": {
        "geodesic": false,
        "type": "Point",
        "coordinates": [
          73.80859214223064,
          18.489878956900146
        ]
      },
      "properties": {
        "location_id": "unknown",
        "timestamp": "2024-11-10",
        "source": "landsat-8",
        "features": {
          "lst": 33.41046793999999
        },
        "quality": {
          "valid": true
        },
        "temporal_context": {}
      }
    },
    {
      "type": "Feature",
      "geometry": {
        "geodesic": false,
        "type": "Point",
        "coordinates": [
          73.8088762616455,
          18.489880744640853
        ]
      },
      "properties": {
        "location_id": "unknown",
        "timestamp": "2024-11-10",
        "source": "landsat-8",
        "features": {
          "lst": 33.09942812000003
        },
        "quality": {
          "valid": true
        },
        "temporal_context": {}
      }
    },
    {
      "type": "Feature",
      "geometry": {
        "geodesic": false,
        "type": "Point",
        "coordinates": [
          73.80916038109274,
          18.4898825319554
        ]
      },
      "properties": {
        "location_id": "unknown",
        "timestamp": "2024-11-10",
        "source": "landsat-8",
        "features": {
          "lst": 31.86894092
        },
        "quality": {
          "valid": true
        },
        "temporal_context": {}
      }
    },
    {
      "type": "Feature",
      "geometry": {
        "geodesic": false,
        "type": "Point",
        "coordinates": [
          73.79836575491429,
          18.489543229027277
        ]
      },
      "properties": {
        "location_id": "unknown",
        "timestamp": "2024-11-10",
        "source": "landsat-8",
        "features": {
          "lst": 31.773236360000055
        },
        "quality": {
          "valid": true
        },
        "temporal_context": {}
      }
    },
    {
      "type": "Feature",
      "geometry": {
        "geodesic": false,
        "type": "Point",
        "coordinates": [
          73.798649872711,
          18.489545032081057
        ]
      },
      "properties": {
        "location_id": "unknown",
        "timestamp": "2024-11-10",
        "source": "landsat-8",
        "features": {
          "lst": 31.773236360000055
        },
        "quality": {
          "valid": true
        },
        "temporal_context": {}
      }
    },
    {
      "type": "Feature",
      "geometry": {
        "geodesic": false,
        "type": "Point",
        "coordinates": [
          73.79893399054036,
          18.4895468347087
        ]
      },
      "properties": {
        "location_id": "unknown",
        "timestamp": "2024-11-10",
        "source": "landsat-8",
        "features": {
          "lst": 31.86894092
        },
        "quality": {
          "valid": true
        },
        "temporal_context": {}
      }
    },
    {
      "type": "Feature",
      "geometry": {
        "geodesic": false,
        "type": "Point",
        "coordinates": [
          73.79921810840243,
          18.489548636910204
        ]
      },
      "properties": {
        "location_id": "unknown",
        "timestamp": "2024-11-10",
        "source": "landsat-8",
        "features": {
          "lst": 32.11162034000006
        },
        "quality": {
          "valid": true
        },
        "temporal_context": {}
      }
    },
    {
      "type": "Feature",
      "geometry": {
        "geodesic": false,
        "type": "Point",
        "coordinates": [
          73.79950222629715,
          18.48955043868557
        ]
      },
      "properties": {
        "location_id": "unknown",
        "timestamp": "2024-11-10",
        "source": "landsat-8",
        "features": {
          "lst": 32.12871044000002
        },
        "quality": {
          "valid": true
        },
        "temporal_context": {}
      }
    },
    {
      "type": "Feature",
      "geometry": {
        "geodesic": false,
        "type": "Point",
        "coordinates": [
          73.79978634422451,
          18.48955224003479
        ]
      },
      "properties": {
        "location_id": "unknown",
        "timestamp": "2024-11-10",
        "source": "landsat-8",
        "features": {
          "lst": 32.074022119999995
        },
        "quality": {
          "valid": true
        },
        "temporal_context": {}
      }
    },
    {
      "type": "Feature",
      "geometry": {
        "geodesic": false,
        "type": "Point",
        "coordinates": [
          73.80007046218454,
          18.489554040957877
        ]
      },
      "properties": {
        "location_id": "unknown",
        "timestamp": "2024-11-10",
        "source": "landsat-8",
        "features": {
          "lst": 31.961227460000032
        },
        "quality": {
          "valid": true
        },
        "temporal_context": {}
      }
    },
    {
      "type": "Feature",
      "geometry": {
        "geodesic": false,
        "type": "Point",
        "coordinates": [
          73.80035458017718,
          18.489555841454816
        ]
      },
      "properties": {
        "location_id": "unknown",
        "timestamp": "2024-11-10",
        "source": "landsat-8",
        "features": {
          "lst": 31.810834580000005
        },
        "quality": {
          "valid": true
        },
        "temporal_context": {}
      }
    },
    {
      "type": "Feature",
      "geometry": {
        "geodesic": false,
        "type": "Point",
        "coordinates": [
          73.80063869820248,
          18.48955764152562
        ]
      },
      "properties": {
        "location_id": "unknown",
        "timestamp": "2024-11-10",
        "source": "landsat-8",
        "features": {
          "lst": 31.708293980000008
        },
        "quality": {
          "valid": true
        },
        "temporal_context": {}
      }
    },
    {
      "type": "Feature",
      "geometry": {
        "geodesic": false,
        "type": "Point",
        "coordinates": [
          73.80092281626038,
          18.489559441170286
        ]
      },
      "properties": {
        "location_id": "unknown",
        "timestamp": "2024-11-10",
        "source": "landsat-8",
        "features": {
          "lst": 31.762982300000033
        },
        "quality": {
          "valid": true
        },
        "temporal_context": {}
      }
    },
    {
      "type": "Feature",
      "geometry": {
        "geodesic": false,
        "type": "Point",
        "coordinates": [
          73.80120693435092,
          18.48956124038881
        ]
      },
      "properties": {
        "location_id": "unknown",
        "timestamp": "2024-11-10",
        "source": "landsat-8",
        "features": {
          "lst": 32.42266016000002
        },
        "quality": {
          "valid": true
        },
        "temporal_context": {}
      }
    },
    {
      "type": "Feature",
      "geometry": {
        "geodesic": false,
        "type": "Point",
        "coordinates": [
          73.80149105247406,
          18.489563039181192
        ]
      },
      "properties": {
        "location_id": "unknown",
        "timestamp": "2024-11-10",
        "source": "landsat-8",
        "features": {
          "lst": 32.740536020000036
        },
        "quality": {
          "valid": true
        },
        "temporal_context": {}
      }
    },
    {
      "type": "Feature",
      "geometry": {
        "geodesic": false,
        "type": "Point",
        "coordinates": [
          73.80177517062978,
          18.489564837547434
        ]
      },
      "properties": {
        "location_id": "unknown",
        "timestamp": "2024-11-10",
        "source": "landsat-8",
        "features": {
          "lst": 33.10626416000002
        },
        "quality": {
          "valid": true
        },
        "temporal_context": {}
      }
    },
    {
      "type": "Feature",
      "geometry": {
        "geodesic": false,
        "type": "Point",
        "coordinates": [
          73.80205928881811,
          18.489566635487535
        ]
      },
      "properties": {
        "location_id": "unknown",
        "timestamp": "2024-11-10",
        "source": "landsat-8",
        "features": {
          "lst": 32.514946699999996
        },
        "quality": {
          "valid": true
        },
        "temporal_context": {}
      }
    },
    {
      "type": "Feature",
      "geometry": {
        "geodesic": false,
        "type": "Point",
        "coordinates": [
          73.80234340703903,
          18.48956843300149
        ]
      },
      "properties": {
        "location_id": "unknown",
        "timestamp": "2024-11-10",
        "source": "landsat-8",
        "features": {
          "lst": 32.774716220000016
        },
        "quality": {
          "valid": true
        },
        "temporal_context": {}
      }
    },
    {
      "type": "Feature",
      "geometry": {
        "geodesic": false,
        "type": "Point",
        "coordinates": [
          73.80262752529252,
          18.48957023008931
        ]
      },
      "properties": {
        "location_id": "unknown",
        "timestamp": "2024-11-10",
        "source": "landsat-8",
        "features": {
          "lst": 32.942199200000005
        },
        "quality": {
          "valid": true
        },
        "temporal_context": {}
      }
    },
    {
      "type": "Feature",
      "geometry": {
        "geodesic": false,
        "type": "Point",
        "coordinates": [
          73.80291164357858,
          18.489572026750984
        ]
      },
      "properties": {
        "location_id": "unknown",
        "timestamp": "2024-11-10",
        "source": "landsat-8",
        "features": {
          "lst": 32.911437019999994
        },
        "quality": {
          "valid": true
        },
        "temporal_context": {}
      }
    },
    {
      "type": "Feature",
      "geometry": {
        "geodesic": false,
        "type": "Point",
        "coordinates": [
          73.8031957618972,
          18.489573822986518
        ]
      },
      "properties": {
        "location_id": "unknown",
        "timestamp": "2024-11-10",
        "source": "landsat-8",
        "features": {
          "lst": 32.74737206000003
        },
        "quality": {
          "valid": true
        },
        "temporal_context": {}
      }
    },
    {
      "type": "Feature",
      "geometry": {
        "geodesic": false,
        "type": "Point",
        "coordinates": [
          73.80347988024839,
          18.48957561879591
        ]
      },
      "properties": {
        "location_id": "unknown",
        "timestamp": "2024-11-10",
        "source": "landsat-8",
        "features": {
          "lst": 32.57647106000002
        },
        "quality": {
          "valid": true
        },
        "temporal_context": {}
      }
    },
    {
      "type": "Feature",
      "geometry": {
        "geodesic": false,
        "type": "Point",
        "coordinates": [
          73.8037639986321,
          18.48957741417916
        ]
      },
      "properties": {
        "location_id": "unknown",
        "timestamp": "2024-11-10",
        "source": "landsat-8",
        "features": {
          "lst": 32.385061940000014
        },
        "quality": {
          "valid": true
        },
        "temporal_context": {}
      }
    },
    {
      "type": "Feature",
      "geometry": {
        "geodesic": false,
        "type": "Point",
        "coordinates": [
          73.80404811704837,
          18.489579209136267
        ]
      },
      "properties": {
        "location_id": "unknown",
        "timestamp": "2024-11-10",
        "source": "landsat-8",
        "features": {
          "lst": 33.051575840000055
        },
        "quality": {
          "valid": true
        },
        "temporal_context": {}
      }
    },
    {
      "type": "Feature",
      "geometry": {
        "geodesic": false,
        "type": "Point",
        "coordinates": [
          73.80433223549716,
          18.48958100366723
        ]
      },
      "properties": {
        "location_id": "unknown",
        "timestamp": "2024-11-10",
        "source": "landsat-8",
        "features": {
          "lst": 32.96270732000005
        },
        "quality": {
          "valid": true
        },
        "temporal_context": {}
      }
    },
    {
      "type": "Feature",
      "geometry": {
        "geodesic": false,
        "type": "Point",
        "coordinates": [
          73.80461635397847,
          18.489582797772048
        ]
      },
      "properties": {
        "location_id": "unknown",
        "timestamp": "2024-11-10",
        "source": "landsat-8",
        "features": {
          "lst": 32.86700275999999
        },
        "quality": {
          "valid": true
        },
        "temporal_context": {}
      }
    },
    {
      "type": "Feature",
      "geometry": {
        "geodesic": false,
        "type": "Point",
        "coordinates": [
          73.8049004724923,
          18.489584591450726
        ]
      },
      "properties": {
        "location_id": "unknown",
        "timestamp": "2024-11-10",
        "source": "landsat-8",
        "features": {
          "lst": 32.69951978000006
        },
        "quality": {
          "valid": true
        },
        "temporal_context": {}
      }
    },
    {
      "type": "Feature",
      "geometry": {
        "geodesic": false,
        "type": "Point",
        "coordinates": [
          73.80518459103865,
          18.48958638470326
        ]
      },
      "properties": {
        "location_id": "unknown",
        "timestamp": "2024-11-10",
        "source": "landsat-8",
        "features": {
          "lst": 31.940719339999987
        },
        "quality": {
          "valid": true
        },
        "temporal_context": {}
      }
    },
    {
      "type": "Feature",
      "geometry": {
        "geodesic": false,
        "type": "Point",
        "coordinates": [
          73.80546870961749,
          18.489588177529647
        ]
      },
      "properties": {
        "location_id": "unknown",
        "timestamp": "2024-11-10",
        "source": "landsat-8",
        "features": {
          "lst": 31.711712000000034
        },
        "quality": {
          "valid": true
        },
        "temporal_context": {}
      }
    },
    {
      "type": "Feature",
      "geometry": {
        "geodesic": false,
        "type": "Point",
        "coordinates": [
          73.80575282822882,
          18.489589969929895
        ]
      },
      "properties": {
        "location_id": "unknown",
        "timestamp": "2024-11-10",
        "source": "landsat-8",
        "features": {
          "lst": 31.496376740000017
        },
        "quality": {
          "valid": true
        },
        "temporal_context": {}
      }
    },
    {
      "type": "Feature",
      "geometry": {
        "geodesic": false,
        "type": "Point",
        "coordinates": [
          73.80603694687264,
          18.489591761903995
        ]
      },
      "properties": {
        "location_id": "unknown",
        "timestamp": "2024-11-10",
        "source": "landsat-8",
        "features": {
          "lst": 31.66044169999998
        },
        "quality": {
          "valid": true
        },
        "temporal_context": {}
      }
    },
    {
      "type": "Feature",
      "geometry": {
        "geodesic": false,
        "type": "Point",
        "coordinates": [
          73.80632106554893,
          18.489593553451954
        ]
      },
      "properties": {
        "location_id": "unknown",
        "timestamp": "2024-11-10",
        "source": "landsat-8",
        "features": {
          "lst": 31.55790109999998
        },
        "quality": {
          "valid": true
        },
        "temporal_context": {}
      }
    },
    {
      "type": "Feature",
      "geometry": {
        "geodesic": false,
        "type": "Point",
        "coordinates": [
          73.80660518425769,
          18.489595344573765
        ]
      },
      "properties": {
        "location_id": "unknown",
        "timestamp": "2024-11-10",
        "source": "landsat-8",
        "features": {
          "lst": 31.612589420000006
        },
        "quality": {
          "valid": true
        },
        "temporal_context": {}
      }
    },
    {
      "type": "Feature",
      "geometry": {
        "geodesic": false,
        "type": "Point",
        "coordinates": [
          73.8068893029989,
          18.489597135269435
        ]
      },
      "properties": {
        "location_id": "unknown",
        "timestamp": "2024-11-10",
        "source": "landsat-8",
        "features": {
          "lst": 31.71854804000003
        },
        "quality": {
          "valid": true
        },
        "temporal_context": {}
      }
    },
    {
      "type": "Feature",
      "geometry": {
        "geodesic": false,
        "type": "Point",
        "coordinates": [
          73.80717342177259,
          18.48959892553896
        ]
      },
      "properties": {
        "location_id": "unknown",
        "timestamp": "2024-11-10",
        "source": "landsat-8",
        "features": {
          "lst": 31.55106506000004
        },
        "quality": {
          "valid": true
        },
        "temporal_context": {}
      }
    },
    {
      "type": "Feature",
      "geometry": {
        "geodesic": false,
        "type": "Point",
        "coordinates": [
          73.80745754057871,
          18.489600715382334
        ]
      },
      "properties": {
        "location_id": "unknown",
        "timestamp": "2024-11-10",
        "source": "landsat-8",
        "features": {
          "lst": 31.80399854000001
        },
        "quality": {
          "valid": true
        },
        "temporal_context": {}
      }
    },
    {
      "type": "Feature",
      "geometry": {
        "geodesic": false,
        "type": "Point",
        "coordinates": [
          73.80774165941726,
          18.48960250479957
        ]
      },
      "properties": {
        "location_id": "unknown",
        "timestamp": "2024-11-10",
        "source": "landsat-8",
        "features": {
          "lst": 32.11845638
        },
        "quality": {
          "valid": true
        },
        "temporal_context": {}
      }
    },
    {
      "type": "Feature",
      "geometry": {
        "geodesic": false,
        "type": "Point",
        "coordinates": [
          73.80802577828825,
          18.489604293790656
        ]
      },
      "properties": {
        "location_id": "unknown",
        "timestamp": "2024-11-10",
        "source": "landsat-8",
        "features": {
          "lst": 32.53545482000004
        },
        "quality": {
          "valid": true
        },
        "temporal_context": {}
      }
    },
    {
      "type": "Feature",
      "geometry": {
        "geodesic": false,
        "type": "Point",
        "coordinates": [
          73.80830989719168,
          18.489606082355596
        ]
      },
      "properties": {
        "location_id": "unknown",
        "timestamp": "2024-11-10",
        "source": "landsat-8",
        "features": {
          "lst": 32.877256820000014
        },
        "quality": {
          "valid": true
        },
        "temporal_context": {}
      }
    },
    {
      "type": "Feature",
      "geometry": {
        "geodesic": false,
        "type": "Point",
        "coordinates": [
          73.8085940161275,
          18.489607870494392
        ]
      },
      "properties": {
        "location_id": "unknown",
        "timestamp": "2024-11-10",
        "source": "landsat-8",
        "features": {
          "lst": 33.07550198000001
        },
        "quality": {
          "valid": true
        },
        "temporal_context": {}
      }
    },
    {
      "type": "Feature",
      "geometry": {
        "geodesic": false,
        "type": "Point",
        "coordinates": [
          73.80887813509574,
          18.48960965820704
        ]
      },
      "properties": {
        "location_id": "unknown",
        "timestamp": "2024-11-10",
        "source": "landsat-8",
        "features": {
          "lst": 33.03106772000001
        },
        "quality": {
          "valid": true
        },
        "temporal_context": {}
      }
    },
    {
      "type": "Feature",
      "geometry": {
        "geodesic": false,
        "type": "Point",
        "coordinates": [
          73.80916225409638,
          18.48961144549354
        ]
      },
      "properties": {
        "location_id": "unknown",
        "timestamp": "2024-11-10",
        "source": "landsat-8",
        "features": {
          "lst": 32.067186080000056
        },
        "quality": {
          "valid": true
        },
        "temporal_context": {}
      }
    },
    {
      "type": "Feature",
      "geometry": {
        "geodesic": false,
        "type": "Point",
        "coordinates": [
          73.79836764485654,
          18.489272143628003
        ]
      },
      "properties": {
        "location_id": "unknown",
        "timestamp": "2024-11-10",
        "source": "landsat-8",
        "features": {
          "lst": 31.445106440000018
        },
        "quality": {
          "valid": true
        },
        "temporal_context": {}
      }
    },
    {
      "type": "Feature",
      "geometry": {
        "geodesic": false,
        "type": "Point",
        "coordinates": [
          73.79865176220665,
          18.48927394665349
        ]
      },
      "properties": {
        "location_id": "unknown",
        "timestamp": "2024-11-10",
        "source": "landsat-8",
        "features": {
          "lst": 31.527138920000027
        },
        "quality": {
          "valid": true
        },
        "temporal_context": {}
      }
    },
    {
      "type": "Feature",
      "geometry": {
        "geodesic": false,
        "type": "Point",
        "coordinates": [
          73.79893587958942,
          18.489275749252844
        ]
      },
      "properties": {
        "location_id": "unknown",
        "timestamp": "2024-11-10",
        "source": "landsat-8",
        "features": {
          "lst": 31.711712000000034
        },
        "quality": {
          "valid": true
        },
        "temporal_context": {}
      }
    },
    {
      "type": "Feature",
      "geometry": {
        "geodesic": false,
        "type": "Point",
        "coordinates": [
          73.79921999700488,
          18.489277551426063
        ]
      },
      "properties": {
        "location_id": "unknown",
        "timestamp": "2024-11-10",
        "source": "landsat-8",
        "features": {
          "lst": 32.05351400000001
        },
        "quality": {
          "valid": true
        },
        "temporal_context": {}
      }
    },
    {
      "type": "Feature",
      "geometry": {
        "geodesic": false,
        "type": "Point",
        "coordinates": [
          73.799504114453,
          18.489279353173153
        ]
      },
      "properties": {
        "location_id": "unknown",
        "timestamp": "2024-11-10",
        "source": "landsat-8",
        "features": {
          "lst": 32.14580053999998
        },
        "quality": {
          "valid": true
        },
        "temporal_context": {}
      }
    },
    {
      "type": "Feature",
      "geometry": {
        "geodesic": false,
        "type": "Point",
        "coordinates": [
          73.79978823193376,
          18.489281154494105
        ]
      },
      "properties": {
        "location_id": "unknown",
        "timestamp": "2024-11-10",
        "source": "landsat-8",
        "features": {
          "lst": 32.11162034000006
        },
        "quality": {
          "valid": true
        },
        "temporal_context": {}
      }
    },
    {
      "type": "Feature",
      "geometry": {
        "geodesic": false,
        "type": "Point",
        "coordinates": [
          73.80007234944718,
          18.48928295538893
        ]
      },
      "properties": {
        "location_id": "unknown",
        "timestamp": "2024-11-10",
        "source": "landsat-8",
        "features": {
          "lst": 32.039841920000015
        },
        "quality": {
          "valid": true
        },
        "temporal_context": {}
      }
    },
    {
      "type": "Feature",
      "geometry": {
        "geodesic": false,
        "type": "Point",
        "coordinates": [
          73.80035646699324,
          18.489284755857618
        ]
      },
      "properties": {
        "location_id": "unknown",
        "timestamp": "2024-11-10",
        "source": "landsat-8",
        "features": {
          "lst": 31.937301320000017
        },
        "quality": {
          "valid": true
        },
        "temporal_context": {}
      }
    },
    {
      "type": "Feature",
      "geometry": {
        "geodesic": false,
        "type": "Point",
        "coordinates": [
          73.80064058457192,
          18.489286555900176
        ]
      },
      "properties": {
        "location_id": "unknown",
        "timestamp": "2024-11-10",
        "source": "landsat-8",
        "features": {
          "lst": 31.83476072000002
        },
        "quality": {
          "valid": true
        },
        "temporal_context": {}
      }
    },
    {
      "type": "Feature",
      "geometry": {
        "geodesic": false,
        "type": "Point",
        "coordinates": [
          73.80092470218322,
          18.489288355516596
        ]
      },
      "properties": {
        "location_id": "unknown",
        "timestamp": "2024-11-10",
        "source": "landsat-8",
        "features": {
          "lst": 31.766400320000002
        },
        "quality": {
          "valid": true
        },
        "temporal_context": {}
      }
    },
    {
      "type": "Feature",
      "geometry": {
        "geodesic": false,
        "type": "Point",
        "coordinates": [
          73.80120881982715,
          18.489290154706882
        ]
      },
      "properties": {
        "location_id": "unknown",
        "timestamp": "2024-11-10",
        "source": "landsat-8",
        "features": {
          "lst": 32.24150510000004
        },
        "quality": {
          "valid": true
        },
        "temporal_context": {}
      }
    },
    {
      "type": "Feature",
      "geometry": {
        "geodesic": false,
        "type": "Point",
        "coordinates": [
          73.80149293750368,
          18.489291953471035
        ]
      },
      "properties": {
        "location_id": "unknown",
        "timestamp": "2024-11-10",
        "source": "landsat-8",
        "features": {
          "lst": 32.40898808000003
        },
        "quality": {
          "valid": true
        },
        "temporal_context": {}
      }
    },
    {
      "type": "Feature",
      "geometry": {
        "geodesic": false,
        "type": "Point",
        "coordinates": [
          73.80177705521282,
          18.489293751809058
        ]
      },
      "properties": {
        "location_id": "unknown",
        "timestamp": "2024-11-10",
        "source": "landsat-8",
        "features": {
          "lst": 32.761044140000024
        },
        "quality": {
          "valid": true
        },
        "temporal_context": {}
      }
    },
    {
      "type": "Feature",
      "geometry": {
        "geodesic": false,
        "type": "Point",
        "coordinates": [
          73.80206117295454,
          18.489295549720943
        ]
      },
      "properties": {
        "location_id": "unknown",
        "timestamp": "2024-11-10",
        "source": "landsat-8",
        "features": {
          "lst": 32.135546480000016
        },
        "quality": {
          "valid": true
        },
        "temporal_context": {}
      }
    },
    {
      "type": "Feature",
      "geometry": {
        "geodesic": false,
        "type": "Point",
        "coordinates": [
          73.80234529072885,
          18.489297347206694
        ]
      },
      "properties": {
        "location_id": "unknown",
        "timestamp": "2024-11-10",
        "source": "landsat-8",
        "features": {
          "lst": 32.562798980000025
        },
        "quality": {
          "valid": true
        },
        "temporal_context": {}
      }
    },
    {
      "type": "Feature",
      "geometry": {
        "geodesic": false,
        "type": "Point",
        "coordinates": [
          73.80262940853574,
          18.489299144266308
        ]
      },
      "properties": {
        "location_id": "unknown",
        "timestamp": "2024-11-10",
        "source": "landsat-8",
        "features": {
          "lst": 32.79864236000003
        },
        "quality": {
          "valid": true
        },
        "temporal_context": {}
      }
    },
    {
      "type": "Feature",
      "geometry": {
        "geodesic": false,
        "type": "Point",
        "coordinates": [
          73.80291352637519,
          18.48930094089979
        ]
      },
      "properties": {
        "location_id": "unknown",
        "timestamp": "2024-11-10",
        "source": "landsat-8",
        "features": {
          "lst": 32.92852712000001
        },
        "quality": {
          "valid": true
        },
        "temporal_context": {}
      }
    },
    {
      "type": "Feature",
      "geometry": {
        "geodesic": false,
        "type": "Point",
        "coordinates": [
          73.8031976442472,
          18.489302737107135
        ]
      },
      "properties": {
        "location_id": "unknown",
        "timestamp": "2024-11-10",
        "source": "landsat-8",
        "features": {
          "lst": 32.95587128
        },
        "quality": {
          "valid": true
        },
        "temporal_context": {}
      }
    },
    {
      "type": "Feature",
      "geometry": {
        "geodesic": false,
        "type": "Point",
        "coordinates": [
          73.80348176215178,
          18.489304532888344
        ]
      },
      "properties": {
        "location_id": "unknown",
        "timestamp": "2024-11-10",
        "source": "landsat-8",
        "features": {
          "lst": 32.877256820000014
        },
        "quality": {
          "valid": true
        },
        "temporal_context": {}
      }
    },
    {
      "type": "Feature",
      "geometry": {
        "geodesic": false,
        "type": "Point",
        "coordinates": [
          73.8037658800889,
          18.489306328243416
        ]
      },
      "properties": {
        "location_id": "unknown",
        "timestamp": "2024-11-10",
        "source": "landsat-8",
        "features": {
          "lst": 32.73028196000001
        },
        "quality": {
          "valid": true
        },
        "temporal_context": {}
      }
    },
    {
      "type": "Feature",
      "geometry": {
        "geodesic": false,
        "type": "Point",
        "coordinates": [
          73.80404999805855,
          18.489308123172357
        ]
      },
      "properties": {
        "location_id": "unknown",
        "timestamp": "2024-11-10",
        "source": "landsat-8",
        "features": {
          "lst": 33.430976060000035
        },
        "quality": {
          "valid": true
        },
        "temporal_context": {}
      }
    },
    {
      "type": "Feature",
      "geometry": {
        "geodesic": false,
        "type": "Point",
        "coordinates": [
          73.80433411606074,
          18.489309917675158
        ]
      },
      "properties": {
        "location_id": "unknown",
        "timestamp": "2024-11-10",
        "source": "landsat-8",
        "features": {
          "lst": 33.297673280000026
        },
        "quality": {
          "valid": true
        },
        "temporal_context": {}
      }
    },
    {
      "type": "Feature",
      "geometry": {
        "geodesic": false,
        "type": "Point",
        "coordinates": [
          73.80461823409544,
          18.48931171175182
        ]
      },
      "properties": {
        "location_id": "unknown",
        "timestamp": "2024-11-10",
        "source": "landsat-8",
        "features": {
          "lst": 33.284001200000034
        },
        "quality": {
          "valid": true
        },
        "temporal_context": {}
      }
    },
    {
      "type": "Feature",
      "geometry": {
        "geodesic": false,
        "type": "Point",
        "coordinates": [
          73.80490235216267,
          18.48931350540235
        ]
      },
      "properties": {
        "location_id": "unknown",
        "timestamp": "2024-11-10",
        "source": "landsat-8",
        "features": {
          "lst": 33.335271499999976
        },
        "quality": {
          "valid": true
        },
        "temporal_context": {}
      }
    },
    {
      "type": "Feature",
      "geometry": {
        "geodesic": false,
        "type": "Point",
        "coordinates": [
          73.80518647026241,
          18.489315298626742
        ]
      },
      "properties": {
        "location_id": "unknown",
        "timestamp": "2024-11-10",
        "source": "landsat-8",
        "features": {
          "lst": 32.808896419999996
        },
        "quality": {
          "valid": true
        },
        "temporal_context": {}
      }
    },
    {
      "type": "Feature",
      "geometry": {
        "geodesic": false,
        "type": "Point",
        "coordinates": [
          73.80547058839464,
          18.489317091424997
        ]
      },
      "properties": {
        "location_id": "unknown",
        "timestamp": "2024-11-10",
        "source": "landsat-8",
        "features": {
          "lst": 32.610651260000054
        },
        "quality": {
          "valid": true
        },
        "temporal_context": {}
      }
    },
    {
      "type": "Feature",
      "geometry": {
        "geodesic": false,
        "type": "Point",
        "coordinates": [
          73.80575470655937,
          18.489318883797115
        ]
      },
      "properties": {
        "location_id": "unknown",
        "timestamp": "2024-11-10",
        "source": "landsat-8",
        "features": {
          "lst": 32.4124061
        },
        "quality": {
          "valid": true
        },
        "temporal_context": {}
      }
    },
    {
      "type": "Feature",
      "geometry": {
        "geodesic": false,
        "type": "Point",
        "coordinates": [
          73.80603882475658,
          18.489320675743098
        ]
      },
      "properties": {
        "location_id": "unknown",
        "timestamp": "2024-11-10",
        "source": "landsat-8",
        "features": {
          "lst": 32.631159379999986
        },
        "quality": {
          "valid": true
        },
        "temporal_context": {}
      }
    },
    {
      "type": "Feature",
      "geometry": {
        "geodesic": false,
        "type": "Point",
        "coordinates": [
          73.80632294298626,
          18.48932246726294
        ]
      },
      "properties": {
        "location_id": "unknown",
        "timestamp": "2024-11-10",
        "source": "landsat-8",
        "features": {
          "lst": 32.38164391999999
        },
        "quality": {
          "valid": true
        },
        "temporal_context": {}
      }
    },
    {
      "type": "Feature",
      "geometry": {
        "geodesic": false,
        "type": "Point",
        "coordinates": [
          73.80660706124841,
          18.489324258356646
        ]
      },
      "properties": {
        "location_id": "unknown",
        "timestamp": "2024-11-10",
        "source": "landsat-8",
        "features": {
          "lst": 32.214160940000056
        },
        "quality": {
          "valid": true
        },
        "temporal_context": {}
      }
    },
    {
      "type": "Feature",
      "geometry": {
        "geodesic": false,
        "type": "Point",
        "coordinates": [
          73.80689117954303,
          18.48932604902421
        ]
      },
      "properties": {
        "location_id": "unknown",
        "timestamp": "2024-11-10",
        "source": "landsat-8",
        "features": {
          "lst": 32.11162034000006
        },
        "quality": {
          "valid": true
        },
        "temporal_context": {}
      }
    },
    {
      "type": "Feature",
      "geometry": {
        "geodesic": false,
        "type": "Point",
        "coordinates": [
          73.80717529787009,
          18.489327839265638
        ]
      },
      "properties": {
        "location_id": "unknown",
        "timestamp": "2024-11-10",
        "source": "landsat-8",
        "features": {
          "lst": 31.762982300000033
        },
        "quality": {
          "valid": true
        },
        "temporal_context": {}
      }
    },
    {
      "type": "Feature",
      "geometry": {
        "geodesic": false,
        "type": "Point",
        "coordinates": [
          73.8074594162296,
          18.489329629080927
        ]
      },
      "properties": {
        "location_id": "unknown",
        "timestamp": "2024-11-10",
        "source": "landsat-8",
        "features": {
          "lst": 31.86552290000003
        },
        "quality": {
          "valid": true
        },
        "temporal_context": {}
      }
    },
    {
      "type": "Feature",
      "geometry": {
        "geodesic": false,
        "type": "Point",
        "coordinates": [
          73.80774353462155,
          18.48933141847008
        ]
      },
      "properties": {
        "location_id": "unknown",
        "timestamp": "2024-11-10",
        "source": "landsat-8",
        "features": {
          "lst": 32.03300588000002
        },
        "quality": {
          "valid": true
        },
        "temporal_context": {}
      }
    },
    {
      "type": "Feature",
      "geometry": {
        "geodesic": false,
        "type": "Point",
        "coordinates": [
          73.80802765304594,
          18.489333207433088
        ]
      },
      "properties": {
        "location_id": "unknown",
        "timestamp": "2024-11-10",
        "source": "landsat-8",
        "features": {
          "lst": 32.25517718000003
        },
        "quality": {
          "valid": true
        },
        "temporal_context": {}
      }
    },
    {
      "type": "Feature",
      "geometry": {
        "geodesic": false,
        "type": "Point",
        "coordinates": [
          73.80831177150274,
          18.489334995969962
        ]
      },
      "properties": {
        "location_id": "unknown",
        "timestamp": "2024-11-10",
        "source": "landsat-8",
        "features": {
          "lst": 32.53887284000001
        },
        "quality": {
          "valid": true
        },
        "temporal_context": {}
      }
    },
    {
      "type": "Feature",
      "geometry": {
        "geodesic": false,
        "type": "Point",
        "coordinates": [
          73.80859588999196,
          18.489336784080695
        ]
      },
      "properties": {
        "location_id": "unknown",
        "timestamp": "2024-11-10",
        "source": "landsat-8",
        "features": {
          "lst": 32.856748700000026
        },
        "quality": {
          "valid": true
        },
        "temporal_context": {}
      }
    },
    {
      "type": "Feature",
      "geometry": {
        "geodesic": false,
        "type": "Point",
        "coordinates": [
          73.8088800085136,
          18.48933857176529
        ]
      },
      "properties": {
        "location_id": "unknown",
        "timestamp": "2024-11-10",
        "source": "landsat-8",
        "features": {
          "lst": 33.11651821999999
        },
        "quality": {
          "valid": true
        },
        "temporal_context": {}
      }
    },
    {
      "type": "Feature",
      "geometry": {
        "geodesic": false,
        "type": "Point",
        "coordinates": [
          73.80916412706763,
          18.489340359023743
        ]
      },
      "properties": {
        "location_id": "unknown",
        "timestamp": "2024-11-10",
        "source": "landsat-8",
        "features": {
          "lst": 32.39189798000001
        },
        "quality": {
          "valid": true
        },
        "temporal_context": {}
      }
    },
    {
      "type": "Feature",
      "geometry": {
        "geodesic": false,
        "type": "Point",
        "coordinates": [
          73.79836953476611,
          18.489001058220794
        ]
      },
      "properties": {
        "location_id": "unknown",
        "timestamp": "2024-11-10",
        "source": "landsat-8",
        "features": {
          "lst": 30.97000165999998
        },
        "quality": {
          "valid": true
        },
        "temporal_context": {}
      }
    },
    {
      "type": "Feature",
      "geometry": {
        "geodesic": false,
        "type": "Point",
        "coordinates": [
          73.79865365166962,
          18.489002861217983
        ]
      },
      "properties": {
        "location_id": "unknown",
        "timestamp": "2024-11-10",
        "source": "landsat-8",
        "features": {
          "lst": 31.09646840000005
        },
        "quality": {
          "valid": true
        },
        "temporal_context": {}
      }
    },
    {
      "type": "Feature",
      "geometry": {
        "geodesic": false,
        "type": "Point",
        "coordinates": [
          73.79893776860582,
          18.489004663789046
        ]
      },
      "properties": {
        "location_id": "unknown",
        "timestamp": "2024-11-10",
        "source": "landsat-8",
        "features": {
          "lst": 31.434852380000052
        },
        "quality": {
          "valid": true
        },
        "temporal_context": {}
      }
    },
    {
      "type": "Feature",
      "geometry": {
        "geodesic": false,
        "type": "Point",
        "coordinates": [
          73.79922188557468,
          18.489006465933986
        ]
      },
      "properties": {
        "location_id": "unknown",
        "timestamp": "2024-11-10",
        "source": "landsat-8",
        "features": {
          "lst": 31.882612999999992
        },
        "quality": {
          "valid": true
        },
        "temporal_context": {}
      }
    },
    {
      "type": "Feature",
      "geometry": {
        "geodesic": false,
        "type": "Point",
        "coordinates": [
          73.7995060025762,
          18.4890082676528
        ]
      },
      "properties": {
        "location_id": "unknown",
        "timestamp": "2024-11-10",
        "source": "landsat-8",
        "features": {
          "lst": 32.02616984000002
        },
        "quality": {
          "valid": true
        },
        "temporal_context": {}
      }
    },
    {
      "type": "Feature",
      "geometry": {
        "geodesic": false,
        "type": "Point",
        "coordinates": [
          73.79979011961036,
          18.489010068945483
        ]
      },
      "properties": {
        "location_id": "unknown",
        "timestamp": "2024-11-10",
        "source": "landsat-8",
        "features": {
          "lst": 32.05351400000001
        },
        "quality": {
          "valid": true
        },
        "temporal_context": {}
      }
    },
    {
      "type": "Feature",
      "geometry": {
        "geodesic": false,
        "type": "Point",
        "coordinates": [
          73.80007423667719,
          18.489011869812046
        ]
      },
      "properties": {
        "location_id": "unknown",
        "timestamp": "2024-11-10",
        "source": "landsat-8",
        "features": {
          "lst": 32.039841920000015
        },
        "quality": {
          "valid": true
        },
        "temporal_context": {}
      }
    },
    {
      "type": "Feature",
      "geometry": {
        "geodesic": false,
        "type": "Point",
        "coordinates": [
          73.80035835377666,
          18.48901367025248
        ]
      },
      "properties": {
        "location_id": "unknown",
        "timestamp": "2024-11-10",
        "source": "landsat-8",
        "features": {
          "lst": 31.97831756000005
        },
        "quality": {
          "valid": true
        },
        "temporal_context": {}
      }
    },
    {
      "type": "Feature",
      "geometry": {
        "geodesic": false,
        "type": "Point",
        "coordinates": [
          73.80064247090874,
          18.489015470266786
        ]
      },
      "properties": {
        "location_id": "unknown",
        "timestamp": "2024-11-10",
        "source": "landsat-8",
        "features": {
          "lst": 31.875776960000053
        },
        "quality": {
          "valid": true
        },
        "temporal_context": {}
      }
    },
    {
      "type": "Feature",
      "geometry": {
        "geodesic": false,
        "type": "Point",
        "coordinates": [
          73.80092658807345,
          18.48901726985497
        ]
      },
      "properties": {
        "location_id": "unknown",
        "timestamp": "2024-11-10",
        "source": "landsat-8",
        "features": {
          "lst": 31.728802100000053
        },
        "quality": {
          "valid": true
        },
        "temporal_context": {}
      }
    },
    {
      "type": "Feature",
      "geometry": {
        "geodesic": false,
        "type": "Point",
        "coordinates": [
          73.80121070527078,
          18.48901906901702
        ]
      },
      "properties": {
        "location_id": "unknown",
        "timestamp": "2024-11-10",
        "source": "landsat-8",
        "features": {
          "lst": 32.08769419999999
        },
        "quality": {
          "valid": true
        },
        "temporal_context": {}
      }
    },
    {
      "type": "Feature",
      "geometry": {
        "geodesic": false,
        "type": "Point",
        "coordinates": [
          73.80149482250071,
          18.489020867752945
        ]
      },
      "properties": {
        "location_id": "unknown",
        "timestamp": "2024-11-10",
        "source": "landsat-8",
        "features": {
          "lst": 32.08769419999999
        },
        "quality": {
          "valid": true
        },
        "temporal_context": {}
      }
    },
    {
      "type": "Feature",
      "geometry": {
        "geodesic": false,
        "type": "Point",
        "coordinates": [
          73.80177893976325,
          18.489022666062745
        ]
      },
      "properties": {
        "location_id": "unknown",
        "timestamp": "2024-11-10",
        "source": "landsat-8",
        "features": {
          "lst": 32.38164391999999
        },
        "quality": {
          "valid": true
        },
        "temporal_context": {}
      }
    },
    {
      "type": "Feature",
      "geometry": {
        "geodesic": false,
        "type": "Point",
        "coordinates": [
          73.80206305705838,
          18.489024463946414
        ]
      },
      "properties": {
        "location_id": "unknown",
        "timestamp": "2024-11-10",
        "source": "landsat-8",
        "features": {
          "lst": 31.694621900000016
        },
        "quality": {
          "valid": true
        },
        "temporal_context": {}
      }
    },
    {
      "type": "Feature",
      "geometry": {
        "geodesic": false,
        "type": "Point",
        "coordinates": [
          73.8023471743861,
          18.489026261403954
        ]
      },
      "properties": {
        "location_id": "unknown",
        "timestamp": "2024-11-10",
        "source": "landsat-8",
        "features": {
          "lst": 32.135546480000016
        },
        "quality": {
          "valid": true
        },
        "temporal_context": {}
      }
    },
    {
      "type": "Feature",
      "geometry": {
        "geodesic": false,
        "type": "Point",
        "coordinates": [
          73.8026312917464,
          18.48902805843537
        ]
      },
      "properties": {
        "location_id": "unknown",
        "timestamp": "2024-11-10",
        "source": "landsat-8",
        "features": {
          "lst": 32.32695560000002
        },
        "quality": {
          "valid": true
        },
        "temporal_context": {}
      }
    },
    {
      "type": "Feature",
      "geometry": {
        "geodesic": false,
        "type": "Point",
        "coordinates": [
          73.80291540913925,
          18.489029855040656
        ]
      },
      "properties": {
        "location_id": "unknown",
        "timestamp": "2024-11-10",
        "source": "landsat-8",
        "features": {
          "lst": 32.55596294000003
        },
        "quality": {
          "valid": true
        },
        "temporal_context": {}
      }
    },
    {
      "type": "Feature",
      "geometry": {
        "geodesic": false,
        "type": "Point",
        "coordinates": [
          73.80319952656467,
          18.48903165121981
        ]
      },
      "properties": {
        "location_id": "unknown",
        "timestamp": "2024-11-10",
        "source": "landsat-8",
        "features": {
          "lst": 32.631159379999986
        },
        "quality": {
          "valid": true
        },
        "temporal_context": {}
      }
    },
    {
      "type": "Feature",
      "geometry": {
        "geodesic": false,
        "type": "Point",
        "coordinates": [
          73.80348364402263,
          18.48903344697284
        ]
      },
      "properties": {
        "location_id": "unknown",
        "timestamp": "2024-11-10",
        "source": "landsat-8",
        "features": {
          "lst": 32.661921559999996
        },
        "quality": {
          "valid": true
        },
        "temporal_context": {}
      }
    },
    {
      "type": "Feature",
      "geometry": {
        "geodesic": false,
        "type": "Point",
        "coordinates": [
          73.80376776151316,
          18.48903524229974
        ]
      },
      "properties": {
        "location_id": "unknown",
        "timestamp": "2024-11-10",
        "source": "landsat-8",
        "features": {
          "lst": 32.562798980000025
        },
        "quality": {
          "valid": true
        },
        "temporal_context": {}
      }
    },
    {
      "type": "Feature",
      "geometry": {
        "geodesic": false,
        "type": "Point",
        "coordinates": [
          73.80405187903621,
          18.48903703720051
        ]
      },
      "properties": {
        "location_id": "unknown",
        "timestamp": "2024-11-10",
        "source": "landsat-8",
        "features": {
          "lst": 33.42072200000001
        },
        "quality": {
          "valid": true
        },
        "temporal_context": {}
      }
    },
    {
      "type": "Feature",
      "geometry": {
        "geodesic": false,
        "type": "Point",
        "coordinates": [
          73.8043359965918,
          18.48903883167515
        ]
      },
      "properties": {
        "location_id": "unknown",
        "timestamp": "2024-11-10",
        "source": "landsat-8",
        "features": {
          "lst": 33.39337784000003
        },
        "quality": {
          "valid": true
        },
        "temporal_context": {}
      }
    },
    {
      "type": "Feature",
      "geometry": {
        "geodesic": false,
        "type": "Point",
        "coordinates": [
          73.80462011417991,
          18.489040625723657
        ]
      },
      "properties": {
        "location_id": "unknown",
        "timestamp": "2024-11-10",
        "source": "landsat-8",
        "features": {
          "lst": 33.560860820000016
        },
        "quality": {
          "valid": true
        },
        "temporal_context": {}
      }
    },
    {
      "type": "Feature",
      "geometry": {
        "geodesic": false,
        "type": "Point",
        "coordinates": [
          73.80490423180053,
          18.489042419346042
        ]
      },
      "properties": {
        "location_id": "unknown",
        "timestamp": "2024-11-10",
        "source": "landsat-8",
        "features": {
          "lst": 33.84797450000002
        },
        "quality": {
          "valid": true
        },
        "temporal_context": {}
      }
    },
    {
      "type": "Feature",
      "geometry": {
        "geodesic": false,
        "type": "Point",
        "coordinates": [
          73.80518834945367,
          18.48904421254229
        ]
      },
      "properties": {
        "location_id": "unknown",
        "timestamp": "2024-11-10",
        "source": "landsat-8",
        "features": {
          "lst": 33.54377072
        },
        "quality": {
          "valid": true
        },
        "temporal_context": {}
      }
    },
    {
      "type": "Feature",
      "geometry": {
        "geodesic": false,
        "type": "Point",
        "coordinates": [
          73.80547246713931,
          18.48904600531241
        ]
      },
      "properties": {
        "location_id": "unknown",
        "timestamp": "2024-11-10",
        "source": "landsat-8",
        "features": {
          "lst": 33.48566438
        },
        "quality": {
          "valid": true
        },
        "temporal_context": {}
      }
    },
    {
      "type": "Feature",
      "geometry": {
        "geodesic": false,
        "type": "Point",
        "coordinates": [
          73.80575658485743,
          18.4890477976564
        ]
      },
      "properties": {
        "location_id": "unknown",
        "timestamp": "2024-11-10",
        "source": "landsat-8",
        "features": {
          "lst": 33.36261566000002
        },
        "quality": {
          "valid": true
        },
        "temporal_context": {}
      }
    },
    {
      "type": "Feature",
      "geometry": {
        "geodesic": false,
        "type": "Point",
        "coordinates": [
          73.80604070260803,
          18.48904958957426
        ]
      },
      "properties": {
        "location_id": "unknown",
        "timestamp": "2024-11-10",
        "source": "landsat-8",
        "features": {
          "lst": 33.59162300000003
        },
        "quality": {
          "valid": true
        },
        "temporal_context": {}
      }
    },
    {
      "type": "Feature",
      "geometry": {
        "geodesic": false,
        "type": "Point",
        "coordinates": [
          73.80632482039113,
          18.489051381065988
        ]
      },
      "properties": {
        "location_id": "unknown",
        "timestamp": "2024-11-10",
        "source": "landsat-8",
        "features": {
          "lst": 33.31134536000002
        },
        "quality": {
          "valid": true
        },
        "temporal_context": {}
      }
    },
    {
      "type": "Feature",
      "geometry": {
        "geodesic": false,
        "type": "Point",
        "coordinates": [
          73.80660893820668,
          18.48905317213158
        ]
      },
      "properties": {
        "location_id": "unknown",
        "timestamp": "2024-11-10",
        "source": "landsat-8",
        "features": {
          "lst": 32.99346950000006
        },
        "quality": {
          "valid": true
        },
        "temporal_context": {}
      }
    },
    {
      "type": "Feature",
      "geometry": {
        "geodesic": false,
        "type": "Point",
        "coordinates": [
          73.80689305605469,
          18.489054962771046
        ]
      },
      "properties": {
        "location_id": "unknown",
        "timestamp": "2024-11-10",
        "source": "landsat-8",
        "features": {
          "lst": 32.68926571999998
        },
        "quality": {
          "valid": true
        },
        "temporal_context": {}
      }
    },
    {
      "type": "Feature",
      "geometry": {
        "geodesic": false,
        "type": "Point",
        "coordinates": [
          73.80717717393516,
          18.489056752984382
        ]
      },
      "properties": {
        "location_id": "unknown",
        "timestamp": "2024-11-10",
        "source": "landsat-8",
        "features": {
          "lst": 32.09453024000004
        },
        "quality": {
          "valid": true
        },
        "temporal_context": {}
      }
    },
    {
      "type": "Feature",
      "geometry": {
        "geodesic": false,
        "type": "Point",
        "coordinates": [
          73.80746129184807,
          18.489058542771584
        ]
      },
      "properties": {
        "location_id": "unknown",
        "timestamp": "2024-11-10",
        "source": "landsat-8",
        "features": {
          "lst": 32.02958785999999
        },
        "quality": {
          "valid": true
        },
        "temporal_context": {}
      }
    },
    {
      "type": "Feature",
      "geometry": {
        "geodesic": false,
        "type": "Point",
        "coordinates": [
          73.80774540979341,
          18.489060332132652
        ]
      },
      "properties": {
        "location_id": "unknown",
        "timestamp": "2024-11-10",
        "source": "landsat-8",
        "features": {
          "lst": 32.08085816000005
        },
        "quality": {
          "valid": true
        },
        "temporal_context": {}
      }
    },
    {
      "type": "Feature",
      "geometry": {
        "geodesic": false,
        "type": "Point",
        "coordinates": [
          73.8080295277712,
          18.48906212106759
        ]
      },
      "properties": {
        "location_id": "unknown",
        "timestamp": "2024-11-10",
        "source": "landsat-8",
        "features": {
          "lst": 32.214160940000056
        },
        "quality": {
          "valid": true
        },
        "temporal_context": {}
      }
    },
    {
      "type": "Feature",
      "geometry": {
        "geodesic": false,
        "type": "Point",
        "coordinates": [
          73.80831364578141,
          18.489063909576394
        ]
      },
      "properties": {
        "location_id": "unknown",
        "timestamp": "2024-11-10",
        "source": "landsat-8",
        "features": {
          "lst": 32.415824120000025
        },
        "quality": {
          "valid": true
        },
        "temporal_context": {}
      }
    },
    {
      "type": "Feature",
      "geometry": {
        "geodesic": false,
        "type": "Point",
        "coordinates": [
          73.80859776382403,
          18.48906569765907
        ]
      },
      "properties": {
        "location_id": "unknown",
        "timestamp": "2024-11-10",
        "source": "landsat-8",
        "features": {
          "lst": 32.808896419999996
        },
        "quality": {
          "valid": true
        },
        "temporal_context": {}
      }
    },
    {
      "type": "Feature",
      "geometry": {
        "geodesic": false,
        "type": "Point",
        "coordinates": [
          73.80888188189905,
          18.48906748531561
        ]
      },
      "properties": {
        "location_id": "unknown",
        "timestamp": "2024-11-10",
        "source": "landsat-8",
        "features": {
          "lst": 33.22931288000001
        },
        "quality": {
          "valid": true
        },
        "temporal_context": {}
      }
    },
    {
      "type": "Feature",
      "geometry": {
        "geodesic": false,
        "type": "Point",
        "coordinates": [
          73.80916600000647,
          18.489069272546015
        ]
      },
      "properties": {
        "location_id": "unknown",
        "timestamp": "2024-11-10",
        "source": "landsat-8",
        "features": {
          "lst": 32.67559363999999
        },
        "quality": {
          "valid": true
        },
        "temporal_context": {}
      }
    },
    {
      "type": "Feature",
      "geometry": {
        "geodesic": false,
        "type": "Point",
        "coordinates": [
          73.79837142464301,
          18.488729972805647
        ]
      },
      "properties": {
        "location_id": "unknown",
        "timestamp": "2024-11-10",
        "source": "landsat-8",
        "features": {
          "lst": 30.826444820000006
        },
        "quality": {
          "valid": true
        },
        "temporal_context": {}
      }
    },
    {
      "type": "Feature",
      "geometry": {
        "geodesic": false,
        "type": "Point",
        "coordinates": [
          73.79865554109993,
          18.48873177577454
        ]
      },
      "properties": {
        "location_id": "unknown",
        "timestamp": "2024-11-10",
        "source": "landsat-8",
        "features": {
          "lst": 31.004181860000017
        },
        "quality": {
          "valid": true
        },
        "temporal_context": {}
      }
    },
    {
      "type": "Feature",
      "geometry": {
        "geodesic": false,
        "type": "Point",
        "coordinates": [
          73.79893965758953,
          18.488733578317316
        ]
      },
      "properties": {
        "location_id": "unknown",
        "timestamp": "2024-11-10",
        "source": "landsat-8",
        "features": {
          "lst": 31.431434360000026
        },
        "quality": {
          "valid": true
        },
        "temporal_context": {}
      }
    },
    {
      "type": "Feature",
      "geometry": {
        "geodesic": false,
        "type": "Point",
        "coordinates": [
          73.79922377411181,
          18.488735380433972
        ]
      },
      "properties": {
        "location_id": "unknown",
        "timestamp": "2024-11-10",
        "source": "landsat-8",
        "features": {
          "lst": 31.267369400000007
        },
        "quality": {
          "valid": true
        },
        "temporal_context": {}
      }
    },
    {
      "type": "Feature",
      "geometry": {
        "geodesic": false,
        "type": "Point",
        "coordinates": [
          73.79950789066675,
          18.48873718212451
        ]
      },
      "properties": {
        "location_id": "unknown",
        "timestamp": "2024-11-10",
        "source": "landsat-8",
        "features": {
          "lst": 31.41092623999998
        },
        "quality": {
          "valid": true
        },
        "temporal_context": {}
      }
    },
    {
      "type": "Feature",
      "geometry": {
        "geodesic": false,
        "type": "Point",
        "coordinates": [
          73.79979200725433,
          18.488738983388927
        ]
      },
      "properties": {
        "location_id": "unknown",
        "timestamp": "2024-11-10",
        "source": "landsat-8",
        "features": {
          "lst": 31.448524460000044
        },
        "quality": {
          "valid": true
        },
        "temporal_context": {}
      }
    },
    {
      "type": "Feature",
      "geometry": {
        "geodesic": false,
        "type": "Point",
        "coordinates": [
          73.80007612387456,
          18.48874078422723
        ]
      },
      "properties": {
        "location_id": "unknown",
        "timestamp": "2024-11-10",
        "source": "landsat-8",
        "features": {
          "lst": 31.14432068000002
        },
        "quality": {
          "valid": true
        },
        "temporal_context": {}
      }
    },
    {
      "type": "Feature",
      "geometry": {
        "geodesic": false,
        "type": "Point",
        "coordinates": [
          73.80036024052743,
          18.488742584639404
        ]
      },
      "properties": {
        "location_id": "unknown",
        "timestamp": "2024-11-10",
        "source": "landsat-8",
        "features": {
          "lst": 31.11355850000001
        },
        "quality": {
          "valid": true
        },
        "temporal_context": {}
      }
    },
    {
      "type": "Feature",
      "geometry": {
        "geodesic": false,
        "type": "Point",
        "coordinates": [
          73.80064435721293,
          18.488744384625463
        ]
      },
      "properties": {
        "location_id": "unknown",
        "timestamp": "2024-11-10",
        "source": "landsat-8",
        "features": {
          "lst": 31.014435919999983
        },
        "quality": {
          "valid": true
        },
        "temporal_context": {}
      }
    },
    {
      "type": "Feature",
      "geometry": {
        "geodesic": false,
        "type": "Point",
        "coordinates": [
          73.80092847393107,
          18.488746184185402
        ]
      },
      "properties": {
        "location_id": "unknown",
        "timestamp": "2024-11-10",
        "source": "landsat-8",
        "features": {
          "lst": 30.83669888000003
        },
        "quality": {
          "valid": true
        },
        "temporal_context": {}
      }
    },
    {
      "type": "Feature",
      "geometry": {
        "geodesic": false,
        "type": "Point",
        "coordinates": [
          73.8012125906818,
          18.48874798331922
        ]
      },
      "properties": {
        "location_id": "unknown",
        "timestamp": "2024-11-10",
        "source": "landsat-8",
        "features": {
          "lst": 31.879194980000022
        },
        "quality": {
          "valid": true
        },
        "temporal_context": {}
      }
    },
    {
      "type": "Feature",
      "geometry": {
        "geodesic": false,
        "type": "Point",
        "coordinates": [
          73.80149670746515,
          18.488749782026918
        ]
      },
      "properties": {
        "location_id": "unknown",
        "timestamp": "2024-11-10",
        "source": "landsat-8",
        "features": {
          "lst": 31.91679320000003
        },
        "quality": {
          "valid": true
        },
        "temporal_context": {}
      }
    },
    {
      "type": "Feature",
      "geometry": {
        "geodesic": false,
        "type": "Point",
        "coordinates": [
          73.8017808242811,
          18.488751580308495
        ]
      },
      "properties": {
        "location_id": "unknown",
        "timestamp": "2024-11-10",
        "source": "landsat-8",
        "features": {
          "lst": 32.183398760000046
        },
        "quality": {
          "valid": true
        },
        "temporal_context": {}
      }
    },
    {
      "type": "Feature",
      "geometry": {
        "geodesic": false,
        "type": "Point",
        "coordinates": [
          73.80206494112964,
          18.48875337816395
        ]
      },
      "properties": {
        "location_id": "unknown",
        "timestamp": "2024-11-10",
        "source": "landsat-8",
        "features": {
          "lst": 32.64483145999998
        },
        "quality": {
          "valid": true
        },
        "temporal_context": {}
      }
    },
    {
      "type": "Feature",
      "geometry": {
        "geodesic": false,
        "type": "Point",
        "coordinates": [
          73.80234905801076,
          18.488755175593283
        ]
      },
      "properties": {
        "location_id": "unknown",
        "timestamp": "2024-11-10",
        "source": "landsat-8",
        "features": {
          "lst": 32.942199200000005
        },
        "quality": {
          "valid": true
        },
        "temporal_context": {}
      }
    },
    {
      "type": "Feature",
      "geometry": {
        "geodesic": false,
        "type": "Point",
        "coordinates": [
          73.80263317492445,
          18.488756972596494
        ]
      },
      "properties": {
        "location_id": "unknown",
        "timestamp": "2024-11-10",
        "source": "landsat-8",
        "features": {
          "lst": 33.13360832000001
        },
        "quality": {
          "valid": true
        },
        "temporal_context": {}
      }
    },
    {
      "type": "Feature",
      "geometry": {
        "geodesic": false,
        "type": "Point",
        "coordinates": [
          73.80291729187073,
          18.488758769173586
        ]
      },
      "properties": {
        "location_id": "unknown",
        "timestamp": "2024-11-10",
        "source": "landsat-8",
        "features": {
          "lst": 33.29083724000003
        },
        "quality": {
          "valid": true
        },
        "temporal_context": {}
      }
    },
    {
      "type": "Feature",
      "geometry": {
        "geodesic": false,
        "type": "Point",
        "coordinates": [
          73.80320140884956,
          18.488760565324554
        ]
      },
      "properties": {
        "location_id": "unknown",
        "timestamp": "2024-11-10",
        "source": "landsat-8",
        "features": {
          "lst": 33.41046793999999
        },
        "quality": {
          "valid": true
        },
        "temporal_context": {}
      }
    },
    {
      "type": "Feature",
      "geometry": {
        "geodesic": false,
        "type": "Point",
        "coordinates": [
          73.80348552586095,
          18.488762361049403
        ]
      },
      "properties": {
        "location_id": "unknown",
        "timestamp": "2024-11-10",
        "source": "landsat-8",
        "features": {
          "lst": 33.47541032000004
        },
        "quality": {
          "valid": true
        },
        "temporal_context": {}
      }
    },
    {
      "type": "Feature",
      "geometry": {
        "geodesic": false,
        "type": "Point",
        "coordinates": [
          73.80376964290488,
          18.488764156348125
        ]
      },
      "properties": {
        "location_id": "unknown",
        "timestamp": "2024-11-10",
        "source": "landsat-8",
        "features": {
          "lst": 33.40363190000005
        },
        "quality": {
          "valid": true
        },
        "temporal_context": {}
      }
    },
    {
      "type": "Feature",
      "geometry": {
        "geodesic": false,
        "type": "Point",
        "coordinates": [
          73.80405375998134,
          18.488765951220728
        ]
      },
      "properties": {
        "location_id": "unknown",
        "timestamp": "2024-11-10",
        "source": "landsat-8",
        "features": {
          "lst": 32.99346950000006
        },
        "quality": {
          "valid": true
        },
        "temporal_context": {}
      }
    },
    {
      "type": "Feature",
      "geometry": {
        "geodesic": false,
        "type": "Point",
        "coordinates": [
          73.80433787709035,
          18.488767745667204
        ]
      },
      "properties": {
        "location_id": "unknown",
        "timestamp": "2024-11-10",
        "source": "landsat-8",
        "features": {
          "lst": 33.06182990000002
        },
        "quality": {
          "valid": true
        },
        "temporal_context": {}
      }
    },
    {
      "type": "Feature",
      "geometry": {
        "geodesic": false,
        "type": "Point",
        "coordinates": [
          73.80462199423185,
          18.48876953968756
        ]
      },
      "properties": {
        "location_id": "unknown",
        "timestamp": "2024-11-10",
        "source": "landsat-8",
        "features": {
          "lst": 33.47882834000001
        },
        "quality": {
          "valid": true
        },
        "temporal_context": {}
      }
    },
    {
      "type": "Feature",
      "geometry": {
        "geodesic": false,
        "type": "Point",
        "coordinates": [
          73.8049061114059,
          18.488771333281793
        ]
      },
      "properties": {
        "location_id": "unknown",
        "timestamp": "2024-11-10",
        "source": "landsat-8",
        "features": {
          "lst": 33.971023220000006
        },
        "quality": {
          "valid": true
        },
        "temporal_context": {}
      }
    },
    {
      "type": "Feature",
      "geometry": {
        "geodesic": false,
        "type": "Point",
        "coordinates": [
          73.80519022861243,
          18.488773126449903
        ]
      },
      "properties": {
        "location_id": "unknown",
        "timestamp": "2024-11-10",
        "source": "landsat-8",
        "features": {
          "lst": 34.189776499999994
        },
        "quality": {
          "valid": true
        },
        "temporal_context": {}
      }
    },
    {
      "type": "Feature",
      "geometry": {
        "geodesic": false,
        "type": "Point",
        "coordinates": [
          73.80547434585148,
          18.488774919191886
        ]
      },
      "properties": {
        "location_id": "unknown",
        "timestamp": "2024-11-10",
        "source": "landsat-8",
        "features": {
          "lst": 34.25471888000004
        },
        "quality": {
          "valid": true
        },
        "temporal_context": {}
      }
    },
    {
      "type": "Feature",
      "geometry": {
        "geodesic": false,
        "type": "Point",
        "coordinates": [
          73.80575846312301,
          18.48877671150775
        ]
      },
      "properties": {
        "location_id": "unknown",
        "timestamp": "2024-11-10",
        "source": "landsat-8",
        "features": {
          "lst": 34.21712065999998
        },
        "quality": {
          "valid": true
        },
        "temporal_context": {}
      }
    },
    {
      "type": "Feature",
      "geometry": {
        "geodesic": false,
        "type": "Point",
        "coordinates": [
          73.80604258042703,
          18.488778503397487
        ]
      },
      "properties": {
        "location_id": "unknown",
        "timestamp": "2024-11-10",
        "source": "landsat-8",
        "features": {
          "lst": 34.28889908000002
        },
        "quality": {
          "valid": true
        },
        "temporal_context": {}
      }
    },
    {
      "type": "Feature",
      "geometry": {
        "geodesic": false,
        "type": "Point",
        "coordinates": [
          73.80632669776352,
          18.4887802948611
        ]
      },
      "properties": {
        "location_id": "unknown",
        "timestamp": "2024-11-10",
        "source": "landsat-8",
        "features": {
          "lst": 34.039383620000024
        },
        "quality": {
          "valid": true
        },
        "temporal_context": {}
      }
    },
    {
      "type": "Feature",
      "geometry": {
        "geodesic": false,
        "type": "Point",
        "coordinates": [
          73.80661081513249,
          18.48878208589859
        ]
      },
      "properties": {
        "location_id": "unknown",
        "timestamp": "2024-11-10",
        "source": "landsat-8",
        "features": {
          "lst": 33.58478696000003
        },
        "quality": {
          "valid": true
        },
        "temporal_context": {}
      }
    },
    {
      "type": "Feature",
      "geometry": {
        "geodesic": false,
        "type": "Point",
        "coordinates": [
          73.8068949325339,
          18.488783876509952
        ]
      },
      "properties": {
        "location_id": "unknown",
        "timestamp": "2024-11-10",
        "source": "landsat-8",
        "features": {
          "lst": 33.1472804
        },
        "quality": {
          "valid": true
        },
        "temporal_context": {}
      }
    },
    {
      "type": "Feature",
      "geometry": {
        "geodesic": false,
        "type": "Point",
        "coordinates": [
          73.80717904996777,
          18.48878566669519
        ]
      },
      "properties": {
        "location_id": "unknown",
        "timestamp": "2024-11-10",
        "source": "landsat-8",
        "features": {
          "lst": 33.00714158000005
        },
        "quality": {
          "valid": true
        },
        "temporal_context": {}
      }
    },
    {
      "type": "Feature",
      "geometry": {
        "geodesic": false,
        "type": "Point",
        "coordinates": [
          73.80746316743411,
          18.488787456454308
        ]
      },
      "properties": {
        "location_id": "unknown",
        "timestamp": "2024-11-10",
        "source": "landsat-8",
        "features": {
          "lst": 32.84649464000006
        },
        "quality": {
          "valid": true
        },
        "temporal_context": {}
      }
    },
    {
      "type": "Feature",
      "geometry": {
        "geodesic": false,
        "type": "Point",
        "coordinates": [
          73.80774728493286,
          18.488789245787295
        ]
      },
      "properties": {
        "location_id": "unknown",
        "timestamp": "2024-11-10",
        "source": "landsat-8",
        "features": {
          "lst": 32.79180631999998
        },
        "quality": {
          "valid": true
        },
        "temporal_context": {}
      }
    },
    {
      "type": "Feature",
      "geometry": {
        "geodesic": false,
        "type": "Point",
        "coordinates": [
          73.80803140246404,
          18.488791034694156
        ]
      },
      "properties": {
        "location_id": "unknown",
        "timestamp": "2024-11-10",
        "source": "landsat-8",
        "features": {
          "lst": 32.887510880000036
        },
        "quality": {
          "valid": true
        },
        "temporal_context": {}
      }
    },
    {
      "type": "Feature",
      "geometry": {
        "geodesic": false,
        "type": "Point",
        "coordinates": [
          73.80831552002765,
          18.488792823174897
        ]
      },
      "properties": {
        "location_id": "unknown",
        "timestamp": "2024-11-10",
        "source": "landsat-8",
        "features": {
          "lst": 33.10284614
        },
        "quality": {
          "valid": true
        },
        "temporal_context": {}
      }
    },
    {
      "type": "Feature",
      "geometry": {
        "geodesic": false,
        "type": "Point",
        "coordinates": [
          73.80859963762369,
          18.488794611229505
        ]
      },
      "properties": {
        "location_id": "unknown",
        "timestamp": "2024-11-10",
        "source": "landsat-8",
        "features": {
          "lst": 33.48908240000003
        },
        "quality": {
          "valid": true
        },
        "temporal_context": {}
      }
    },
    {
      "type": "Feature",
      "geometry": {
        "geodesic": false,
        "type": "Point",
        "coordinates": [
          73.80888375525211,
          18.48879639885799
        ]
      },
      "properties": {
        "location_id": "unknown",
        "timestamp": "2024-11-10",
        "source": "landsat-8",
        "features": {
          "lst": 33.92317093999998
        },
        "quality": {
          "valid": true
        },
        "temporal_context": {}
      }
    },
    {
      "type": "Feature",
      "geometry": {
        "geodesic": false,
        "type": "Point",
        "coordinates": [
          73.80916787291292,
          18.48879818606035
        ]
      },
      "properties": {
        "location_id": "unknown",
        "timestamp": "2024-11-10",
        "source": "landsat-8",
        "features": {
          "lst": 33.33868952
        },
        "quality": {
          "valid": true
        },
        "temporal_context": {}
      }
    },
    {
      "type": "Feature",
      "geometry": {
        "geodesic": false,
        "type": "Point",
        "coordinates": [
          73.79837331448721,
          18.488458887382553
        ]
      },
      "properties": {
        "location_id": "unknown",
        "timestamp": "2024-11-10",
        "source": "landsat-8",
        "features": {
          "lst": 30.68630600000006
        },
        "quality": {
          "valid": true
        },
        "temporal_context": {}
      }
    },
    {
      "type": "Feature",
      "geometry": {
        "geodesic": false,
        "type": "Point",
        "coordinates": [
          73.79865743049756,
          18.488460690323155
        ]
      },
      "properties": {
        "location_id": "unknown",
        "timestamp": "2024-11-10",
        "source": "landsat-8",
        "features": {
          "lst": 30.867461059999982
        },
        "quality": {
          "valid": true
        },
        "temporal_context": {}
      }
    },
    {
      "type": "Feature",
      "geometry": {
        "geodesic": false,
        "type": "Point",
        "coordinates": [
          73.79894154654058,
          18.48846249283764
        ]
      },
      "properties": {
        "location_id": "unknown",
        "timestamp": "2024-11-10",
        "source": "landsat-8",
        "features": {
          "lst": 31.28104148
        },
        "quality": {
          "valid": true
        },
        "temporal_context": {}
      }
    },
    {
      "type": "Feature",
      "geometry": {
        "geodesic": false,
        "type": "Point",
        "coordinates": [
          73.79922566261627,
          18.488464294926015
        ]
      },
      "properties": {
        "location_id": "unknown",
        "timestamp": "2024-11-10",
        "source": "landsat-8",
        "features": {
          "lst": 31.11697651999998
        },
        "quality": {
          "valid": true
        },
        "temporal_context": {}
      }
    },
    {
      "type": "Feature",
      "geometry": {
        "geodesic": false,
        "type": "Point",
        "coordinates": [
          73.79950977872463,
          18.48846609658828
        ]
      },
      "properties": {
        "location_id": "unknown",
        "timestamp": "2024-11-10",
        "source": "landsat-8",
        "features": {
          "lst": 31.188754940000024
        },
        "quality": {
          "valid": true
        },
        "temporal_context": {}
      }
    },
    {
      "type": "Feature",
      "geometry": {
        "geodesic": false,
        "type": "Point",
        "coordinates": [
          73.79979389486563,
          18.488467897824428
        ]
      },
      "properties": {
        "location_id": "unknown",
        "timestamp": "2024-11-10",
        "source": "landsat-8",
        "features": {
          "lst": 31.222935140000004
        },
        "quality": {
          "valid": true
        },
        "temporal_context": {}
      }
    },
    {
      "type": "Feature",
      "geometry": {
        "geodesic": false,
        "type": "Point",
        "coordinates": [
          73.80007801103929,
          18.488469698634464
        ]
      },
      "properties": {
        "location_id": "unknown",
        "timestamp": "2024-11-10",
        "source": "landsat-8",
        "features": {
          "lst": 30.935821460000057
        },
        "quality": {
          "valid": true
        },
        "temporal_context": {}
      }
    },
    {
      "type": "Feature",
      "geometry": {
        "geodesic": false,
        "type": "Point",
        "coordinates": [
          73.80036212724558,
          18.488471499018388
        ]
      },
      "properties": {
        "location_id": "unknown",
        "timestamp": "2024-11-10",
        "source": "landsat-8",
        "features": {
          "lst": 30.935821460000057
        },
        "quality": {
          "valid": true
        },
        "temporal_context": {}
      }
    },
    {
      "type": "Feature",
      "geometry": {
        "geodesic": false,
        "type": "Point",
        "coordinates": [
          73.80064624348451,
          18.4884732989762
        ]
      },
      "properties": {
        "location_id": "unknown",
        "timestamp": "2024-11-10",
        "source": "landsat-8",
        "features": {
          "lst": 30.877715120000005
        },
        "quality": {
          "valid": true
        },
        "temporal_context": {}
      }
    },
    {
      "type": "Feature",
      "geometry": {
        "geodesic": false,
        "type": "Point",
        "coordinates": [
          73.80093035975605,
          18.488475098507898
        ]
      },
      "properties": {
        "location_id": "unknown",
        "timestamp": "2024-11-10",
        "source": "landsat-8",
        "features": {
          "lst": 30.764920459999985
        },
        "quality": {
          "valid": true
        },
        "temporal_context": {}
      }
    },
    {
      "type": "Feature",
      "geometry": {
        "geodesic": false,
        "type": "Point",
        "coordinates": [
          73.80121447606021,
          18.48847689761348
        ]
      },
      "properties": {
        "location_id": "unknown",
        "timestamp": "2024-11-10",
        "source": "landsat-8",
        "features": {
          "lst": 31.845014780000042
        },
        "quality": {
          "valid": true
        },
        "temporal_context": {}
      }
    },
    {
      "type": "Feature",
      "geometry": {
        "geodesic": false,
        "type": "Point",
        "coordinates": [
          73.80149859239698,
          18.488478696292947
        ]
      },
      "properties": {
        "location_id": "unknown",
        "timestamp": "2024-11-10",
        "source": "landsat-8",
        "features": {
          "lst": 31.906539140000007
        },
        "quality": {
          "valid": true
        },
        "temporal_context": {}
      }
    },
    {
      "type": "Feature",
      "geometry": {
        "geodesic": false,
        "type": "Point",
        "coordinates": [
          73.80178270876634,
          18.488480494546305
        ]
      },
      "properties": {
        "location_id": "unknown",
        "timestamp": "2024-11-10",
        "source": "landsat-8",
        "features": {
          "lst": 32.16289064
        },
        "quality": {
          "valid": true
        },
        "temporal_context": {}
      }
    },
    {
      "type": "Feature",
      "geometry": {
        "geodesic": false,
        "type": "Point",
        "coordinates": [
          73.8020668251683,
          18.488482292373543
        ]
      },
      "properties": {
        "location_id": "unknown",
        "timestamp": "2024-11-10",
        "source": "landsat-8",
        "features": {
          "lst": 32.56621700000005
        },
        "quality": {
          "valid": true
        },
        "temporal_context": {}
      }
    },
    {
      "type": "Feature",
      "geometry": {
        "geodesic": false,
        "type": "Point",
        "coordinates": [
          73.80235094160285,
          18.48848408977467
        ]
      },
      "properties": {
        "location_id": "unknown",
        "timestamp": "2024-11-10",
        "source": "landsat-8",
        "features": {
          "lst": 32.757626120000054
        },
        "quality": {
          "valid": true
        },
        "temporal_context": {}
      }
    },
    {
      "type": "Feature",
      "geometry": {
        "geodesic": false,
        "type": "Point",
        "coordinates": [
          73.80263505806997,
          18.488485886749682
        ]
      },
      "properties": {
        "location_id": "unknown",
        "timestamp": "2024-11-10",
        "source": "landsat-8",
        "features": {
          "lst": 32.89434692000003
        },
        "quality": {
          "valid": true
        },
        "temporal_context": {}
      }
    },
    {
      "type": "Feature",
      "geometry": {
        "geodesic": false,
        "type": "Point",
        "coordinates": [
          73.80291917456967,
          18.488487683298576
        ]
      },
      "properties": {
        "location_id": "unknown",
        "timestamp": "2024-11-10",
        "source": "landsat-8",
        "features": {
          "lst": 33.01397761999999
        },
        "quality": {
          "valid": true
        },
        "temporal_context": {}
      }
    },
    {
      "type": "Feature",
      "geometry": {
        "geodesic": false,
        "type": "Point",
        "coordinates": [
          73.80320329110191,
          18.488489479421357
        ]
      },
      "properties": {
        "location_id": "unknown",
        "timestamp": "2024-11-10",
        "source": "landsat-8",
        "features": {
          "lst": 33.119936240000015
        },
        "quality": {
          "valid": true
        },
        "temporal_context": {}
      }
    },
    {
      "type": "Feature",
      "geometry": {
        "geodesic": false,
        "type": "Point",
        "coordinates": [
          73.80348740766671,
          18.488491275118022
        ]
      },
      "properties": {
        "location_id": "unknown",
        "timestamp": "2024-11-10",
        "source": "landsat-8",
        "features": {
          "lst": 33.1472804
        },
        "quality": {
          "valid": true
        },
        "temporal_context": {}
      }
    },
    {
      "type": "Feature",
      "geometry": {
        "geodesic": false,
        "type": "Point",
        "coordinates": [
          73.80377152426405,
          18.48849307038857
        ]
      },
      "properties": {
        "location_id": "unknown",
        "timestamp": "2024-11-10",
        "source": "landsat-8",
        "features": {
          "lst": 33.051575840000055
        },
        "quality": {
          "valid": true
        },
        "temporal_context": {}
      }
    },
    {
      "type": "Feature",
      "geometry": {
        "geodesic": false,
        "type": "Point",
        "coordinates": [
          73.80405564089394,
          18.488494865233005
        ]
      },
      "properties": {
        "location_id": "unknown",
        "timestamp": "2024-11-10",
        "source": "landsat-8",
        "features": {
          "lst": 32.648249480000004
        },
        "quality": {
          "valid": true
        },
        "temporal_context": {}
      }
    },
    {
      "type": "Feature",
      "geometry": {
        "geodesic": false,
        "type": "Point",
        "coordinates": [
          73.80433975755635,
          18.48849665965132
        ]
      },
      "properties": {
        "location_id": "unknown",
        "timestamp": "2024-11-10",
        "source": "landsat-8",
        "features": {
          "lst": 32.825986520000015
        },
        "quality": {
          "valid": true
        },
        "temporal_context": {}
      }
    },
    {
      "type": "Feature",
      "geometry": {
        "geodesic": false,
        "type": "Point",
        "coordinates": [
          73.80462387425129,
          18.488498453643523
        ]
      },
      "properties": {
        "location_id": "unknown",
        "timestamp": "2024-11-10",
        "source": "landsat-8",
        "features": {
          "lst": 33.461738240000045
        },
        "quality": {
          "valid": true
        },
        "temporal_context": {}
      }
    },
    {
      "type": "Feature",
      "geometry": {
        "geodesic": false,
        "type": "Point",
        "coordinates": [
          73.80490799097875,
          18.488500247209608
        ]
      },
      "properties": {
        "location_id": "unknown",
        "timestamp": "2024-11-10",
        "source": "landsat-8",
        "features": {
          "lst": 34.11116204000001
        },
        "quality": {
          "valid": true
        },
        "temporal_context": {}
      }
    },
    {
      "type": "Feature",
      "geometry": {
        "geodesic": false,
        "type": "Point",
        "coordinates": [
          73.8051921077387,
          18.488502040349577
        ]
      },
      "properties": {
        "location_id": "unknown",
        "timestamp": "2024-11-10",
        "source": "landsat-8",
        "features": {
          "lst": 34.316243240000006
        },
        "quality": {
          "valid": true
        },
        "temporal_context": {}
      }
    },
    {
      "type": "Feature",
      "geometry": {
        "geodesic": false,
        "type": "Point",
        "coordinates": [
          73.80547622453116,
          18.488503833063426
        ]
      },
      "properties": {
        "location_id": "unknown",
        "timestamp": "2024-11-10",
        "source": "landsat-8",
        "features": {
          "lst": 34.38460364000002
        },
        "quality": {
          "valid": true
        },
        "temporal_context": {}
      }
    },
    {
      "type": "Feature",
      "geometry": {
        "geodesic": false,
        "type": "Point",
        "coordinates": [
          73.8057603413561,
          18.48850562535116
        ]
      },
      "properties": {
        "location_id": "unknown",
        "timestamp": "2024-11-10",
        "source": "landsat-8",
        "features": {
          "lst": 34.38460364000002
        },
        "quality": {
          "valid": true
        },
        "temporal_context": {}
      }
    },
    {
      "type": "Feature",
      "geometry": {
        "geodesic": false,
        "type": "Point",
        "coordinates": [
          73.80604445821353,
          18.488507417212777
        ]
      },
      "properties": {
        "location_id": "unknown",
        "timestamp": "2024-11-10",
        "source": "landsat-8",
        "features": {
          "lst": 34.476890180000055
        },
        "quality": {
          "valid": true
        },
        "temporal_context": {}
      }
    },
    {
      "type": "Feature",
      "geometry": {
        "geodesic": false,
        "type": "Point",
        "coordinates": [
          73.80632857510345,
          18.488509208648278
        ]
      },
      "properties": {
        "location_id": "unknown",
        "timestamp": "2024-11-10",
        "source": "landsat-8",
        "features": {
          "lst": 34.23079274000003
        },
        "quality": {
          "valid": true
        },
        "temporal_context": {}
      }
    },
    {
      "type": "Feature",
      "geometry": {
        "geodesic": false,
        "type": "Point",
        "coordinates": [
          73.80661269202582,
          18.488510999657656
        ]
      },
      "properties": {
        "location_id": "unknown",
        "timestamp": "2024-11-10",
        "source": "landsat-8",
        "features": {
          "lst": 33.83772044
        },
        "quality": {
          "valid": true
        },
        "temporal_context": {}
      }
    },
    {
      "type": "Feature",
      "geometry": {
        "geodesic": false,
        "type": "Point",
        "coordinates": [
          73.80689680898067,
          18.488512790240918
        ]
      },
      "properties": {
        "location_id": "unknown",
        "timestamp": "2024-11-10",
        "source": "landsat-8",
        "features": {
          "lst": 33.41046793999999
        },
        "quality": {
          "valid": true
        },
        "temporal_context": {}
      }
    },
    {
      "type": "Feature",
      "geometry": {
        "geodesic": false,
        "type": "Point",
        "coordinates": [
          73.80718092596794,
          18.488514580398064
        ]
      },
      "properties": {
        "location_id": "unknown",
        "timestamp": "2024-11-10",
        "source": "landsat-8",
        "features": {
          "lst": 33.27032912000004
        },
        "quality": {
          "valid": true
        },
        "temporal_context": {}
      }
    },
    {
      "type": "Feature",
      "geometry": {
        "geodesic": false,
        "type": "Point",
        "coordinates": [
          73.80746504298769,
          18.488516370129087
        ]
      },
      "properties": {
        "location_id": "unknown",
        "timestamp": "2024-11-10",
        "source": "landsat-8",
        "features": {
          "lst": 33.04815782000003
        },
        "quality": {
          "valid": true
        },
        "temporal_context": {}
      }
    },
    {
      "type": "Feature",
      "geometry": {
        "geodesic": false,
        "type": "Point",
        "coordinates": [
          73.80774916003986,
          18.488518159433998
        ]
      },
      "properties": {
        "location_id": "unknown",
        "timestamp": "2024-11-10",
        "source": "landsat-8",
        "features": {
          "lst": 32.942199200000005
        },
        "quality": {
          "valid": true
        },
        "temporal_context": {}
      }
    },
    {
      "type": "Feature",
      "geometry": {
        "geodesic": false,
        "type": "Point",
        "coordinates": [
          73.80803327712447,
          18.488519948312785
        ]
      },
      "properties": {
        "location_id": "unknown",
        "timestamp": "2024-11-10",
        "source": "landsat-8",
        "features": {
          "lst": 33.0447398
        },
        "quality": {
          "valid": true
        },
        "temporal_context": {}
      }
    },
    {
      "type": "Feature",
      "geometry": {
        "geodesic": false,
        "type": "Point",
        "coordinates": [
          73.80831739424148,
          18.488521736765453
        ]
      },
      "properties": {
        "location_id": "unknown",
        "timestamp": "2024-11-10",
        "source": "landsat-8",
        "features": {
          "lst": 33.29425526
        },
        "quality": {
          "valid": true
        },
        "temporal_context": {}
      }
    },
    {
      "type": "Feature",
      "geometry": {
        "geodesic": false,
        "type": "Point",
        "coordinates": [
          73.80860151139092,
          18.488523524792004
        ]
      },
      "properties": {
        "location_id": "unknown",
        "timestamp": "2024-11-10",
        "source": "landsat-8",
        "features": {
          "lst": 33.615549139999985
        },
        "quality": {
          "valid": true
        },
        "temporal_context": {}
      }
    },
    {
      "type": "Feature",
      "geometry": {
        "geodesic": false,
        "type": "Point",
        "coordinates": [
          73.80888562857277,
          18.488525312392436
        ]
      },
      "properties": {
        "location_id": "unknown",
        "timestamp": "2024-11-10",
        "source": "landsat-8",
        "features": {
          "lst": 33.97785926000006
        },
        "quality": {
          "valid": true
        },
        "temporal_context": {}
      }
    },
    {
      "type": "Feature",
      "geometry": {
        "geodesic": false,
        "type": "Point",
        "coordinates": [
          73.809169745787,
          18.488527099566745
        ]
      },
      "properties": {
        "location_id": "unknown",
        "timestamp": "2024-11-10",
        "source": "landsat-8",
        "features": {
          "lst": 33.41046793999999
        },
        "quality": {
          "valid": true
        },
        "temporal_context": {}
      }
    },
    {
      "type": "Feature",
      "geometry": {
        "geodesic": false,
        "type": "Point",
        "coordinates": [
          73.79837520429874,
          18.48818780195153
        ]
      },
      "properties": {
        "location_id": "unknown",
        "timestamp": "2024-11-10",
        "source": "landsat-8",
        "features": {
          "lst": 30.860625020000043
        },
        "quality": {
          "valid": true
        },
        "temporal_context": {}
      }
    },
    {
      "type": "Feature",
      "geometry": {
        "geodesic": false,
        "type": "Point",
        "coordinates": [
          73.79865931986251,
          18.48818960486383
        ]
      },
      "properties": {
        "location_id": "unknown",
        "timestamp": "2024-11-10",
        "source": "landsat-8",
        "features": {
          "lst": 30.99734582000002
        },
        "quality": {
          "valid": true
        },
        "temporal_context": {}
      }
    },
    {
      "type": "Feature",
      "geometry": {
        "geodesic": false,
        "type": "Point",
        "coordinates": [
          73.79894343545897,
          18.488191407350033
        ]
      },
      "properties": {
        "location_id": "unknown",
        "timestamp": "2024-11-10",
        "source": "landsat-8",
        "features": {
          "lst": 31.301549600000044
        },
        "quality": {
          "valid": true
        },
        "temporal_context": {}
      }
    },
    {
      "type": "Feature",
      "geometry": {
        "geodesic": false,
        "type": "Point",
        "coordinates": [
          73.79922755108808,
          18.488193209410124
        ]
      },
      "properties": {
        "location_id": "unknown",
        "timestamp": "2024-11-10",
        "source": "landsat-8",
        "features": {
          "lst": 31.014435919999983
        },
        "quality": {
          "valid": true
        },
        "temporal_context": {}
      }
    },
    {
      "type": "Feature",
      "geometry": {
        "geodesic": false,
        "type": "Point",
        "coordinates": [
          73.79951166674986,
          18.488195011044112
        ]
      },
      "properties": {
        "location_id": "unknown",
        "timestamp": "2024-11-10",
        "source": "landsat-8",
        "features": {
          "lst": 31.045198099999993
        },
        "quality": {
          "valid": true
        },
        "temporal_context": {}
      }
    },
    {
      "type": "Feature",
      "geometry": {
        "geodesic": false,
        "type": "Point",
        "coordinates": [
          73.7997957824443,
          18.488196812251992
        ]
      },
      "properties": {
        "location_id": "unknown",
        "timestamp": "2024-11-10",
        "source": "landsat-8",
        "features": {
          "lst": 31.045198099999993
        },
        "quality": {
          "valid": true
        },
        "temporal_context": {}
      }
    },
    {
      "type": "Feature",
      "geometry": {
        "geodesic": false,
        "type": "Point",
        "coordinates": [
          73.80007989817139,
          18.48819861303377
        ]
      },
      "properties": {
        "location_id": "unknown",
        "timestamp": "2024-11-10",
        "source": "landsat-8",
        "features": {
          "lst": 30.730740260000005
        },
        "quality": {
          "valid": true
        },
        "temporal_context": {}
      }
    },
    {
      "type": "Feature",
      "geometry": {
        "geodesic": false,
        "type": "Point",
        "coordinates": [
          73.80036401393112,
          18.48820041338944
        ]
      },
      "properties": {
        "location_id": "unknown",
        "timestamp": "2024-11-10",
        "source": "landsat-8",
        "features": {
          "lst": 30.761502440000015
        },
        "quality": {
          "valid": true
        },
        "temporal_context": {}
      }
    },
    {
      "type": "Feature",
      "geometry": {
        "geodesic": false,
        "type": "Point",
        "coordinates": [
          73.80064812972346,
          18.488202213319003
        ]
      },
      "properties": {
        "location_id": "unknown",
        "timestamp": "2024-11-10",
        "source": "landsat-8",
        "features": {
          "lst": 30.771756500000038
        },
        "quality": {
          "valid": true
        },
        "temporal_context": {}
      }
    },
    {
      "type": "Feature",
      "geometry": {
        "geodesic": false,
        "type": "Point",
        "coordinates": [
          73.80093224554844,
          18.488204012822457
        ]
      },
      "properties": {
        "location_id": "unknown",
        "timestamp": "2024-11-10",
        "source": "landsat-8",
        "features": {
          "lst": 30.751248379999993
        },
        "quality": {
          "valid": true
        },
        "temporal_context": {}
      }
    },
    {
      "type": "Feature",
      "geometry": {
        "geodesic": false,
        "type": "Point",
        "coordinates": [
          73.80121636140602,
          18.488205811899807
        ]
      },
      "properties": {
        "location_id": "unknown",
        "timestamp": "2024-11-10",
        "source": "landsat-8",
        "features": {
          "lst": 31.889449040000045
        },
        "quality": {
          "valid": true
        },
        "temporal_context": {}
      }
    },
    {
      "type": "Feature",
      "geometry": {
        "geodesic": false,
        "type": "Point",
        "coordinates": [
          73.80150047729622,
          18.488207610551047
        ]
      },
      "properties": {
        "location_id": "unknown",
        "timestamp": "2024-11-10",
        "source": "landsat-8",
        "features": {
          "lst": 31.991989640000043
        },
        "quality": {
          "valid": true
        },
        "temporal_context": {}
      }
    },
    {
      "type": "Feature",
      "geometry": {
        "geodesic": false,
        "type": "Point",
        "coordinates": [
          73.801784593219,
          18.48820940877618
        ]
      },
      "properties": {
        "location_id": "unknown",
        "timestamp": "2024-11-10",
        "source": "landsat-8",
        "features": {
          "lst": 32.25859520000006
        },
        "quality": {
          "valid": true
        },
        "temporal_context": {}
      }
    },
    {
      "type": "Feature",
      "geometry": {
        "geodesic": false,
        "type": "Point",
        "coordinates": [
          73.80206870917439,
          18.488211206575205
        ]
      },
      "properties": {
        "location_id": "unknown",
        "timestamp": "2024-11-10",
        "source": "landsat-8",
        "features": {
          "lst": 32.614069280000024
        },
        "quality": {
          "valid": true
        },
        "temporal_context": {}
      }
    },
    {
      "type": "Feature",
      "geometry": {
        "geodesic": false,
        "type": "Point",
        "coordinates": [
          73.80235282516236,
          18.488213003948122
        ]
      },
      "properties": {
        "location_id": "unknown",
        "timestamp": "2024-11-10",
        "source": "landsat-8",
        "features": {
          "lst": 32.72002789999999
        },
        "quality": {
          "valid": true
        },
        "temporal_context": {}
      }
    },
    {
      "type": "Feature",
      "geometry": {
        "geodesic": false,
        "type": "Point",
        "coordinates": [
          73.8026369411829,
          18.48821480089493
        ]
      },
      "properties": {
        "location_id": "unknown",
        "timestamp": "2024-11-10",
        "source": "landsat-8",
        "features": {
          "lst": 32.808896419999996
        },
        "quality": {
          "valid": true
        },
        "temporal_context": {}
      }
    },
    {
      "type": "Feature",
      "geometry": {
        "geodesic": false,
        "type": "Point",
        "coordinates": [
          73.80292105723603,
          18.488216597415633
        ]
      },
      "properties": {
        "location_id": "unknown",
        "timestamp": "2024-11-10",
        "source": "landsat-8",
        "features": {
          "lst": 32.887510880000036
        },
        "quality": {
          "valid": true
        },
        "temporal_context": {}
      }
    },
    {
      "type": "Feature",
      "geometry": {
        "geodesic": false,
        "type": "Point",
        "coordinates": [
          73.8032051733217,
          18.488218393510227
        ]
      },
      "properties": {
        "location_id": "unknown",
        "timestamp": "2024-11-10",
        "source": "landsat-8",
        "features": {
          "lst": 32.96270732000005
        },
        "quality": {
          "valid": true
        },
        "temporal_context": {}
      }
    },
    {
      "type": "Feature",
      "geometry": {
        "geodesic": false,
        "type": "Point",
        "coordinates": [
          73.80348928943992,
          18.48822018917871
        ]
      },
      "properties": {
        "location_id": "unknown",
        "timestamp": "2024-11-10",
        "source": "landsat-8",
        "features": {
          "lst": 32.93878117999998
        },
        "quality": {
          "valid": true
        },
        "temporal_context": {}
      }
    },
    {
      "type": "Feature",
      "geometry": {
        "geodesic": false,
        "type": "Point",
        "coordinates": [
          73.80377340559069,
          18.488221984421084
        ]
      },
      "properties": {
        "location_id": "unknown",
        "timestamp": "2024-11-10",
        "source": "landsat-8",
        "features": {
          "lst": 32.82256849999999
        },
        "quality": {
          "valid": true
        },
        "temporal_context": {}
      }
    },
    {
      "type": "Feature",
      "geometry": {
        "geodesic": false,
        "type": "Point",
        "coordinates": [
          73.804057521774,
          18.488223779237348
        ]
      },
      "properties": {
        "location_id": "unknown",
        "timestamp": "2024-11-10",
        "source": "landsat-8",
        "features": {
          "lst": 32.41924214000005
        },
        "quality": {
          "valid": true
        },
        "temporal_context": {}
      }
    },
    {
      "type": "Feature",
      "geometry": {
        "geodesic": false,
        "type": "Point",
        "coordinates": [
          73.80434163798985,
          18.488225573627503
        ]
      },
      "properties": {
        "location_id": "unknown",
        "timestamp": "2024-11-10",
        "source": "landsat-8",
        "features": {
          "lst": 32.69610176000003
        },
        "quality": {
          "valid": true
        },
        "temporal_context": {}
      }
    },
    {
      "type": "Feature",
      "geometry": {
        "geodesic": false,
        "type": "Point",
        "coordinates": [
          73.8046257542382,
          18.488227367591552
        ]
      },
      "properties": {
        "location_id": "unknown",
        "timestamp": "2024-11-10",
        "source": "landsat-8",
        "features": {
          "lst": 33.47541032000004
        },
        "quality": {
          "valid": true
        },
        "temporal_context": {}
      }
    },
    {
      "type": "Feature",
      "geometry": {
        "geodesic": false,
        "type": "Point",
        "coordinates": [
          73.80490987051908,
          18.48822916112949
        ]
      },
      "properties": {
        "location_id": "unknown",
        "timestamp": "2024-11-10",
        "source": "landsat-8",
        "features": {
          "lst": 34.16243234000001
        },
        "quality": {
          "valid": true
        },
        "temporal_context": {}
      }
    },
    {
      "type": "Feature",
      "geometry": {
        "geodesic": false,
        "type": "Point",
        "coordinates": [
          73.80519398683248,
          18.488230954241317
        ]
      },
      "properties": {
        "location_id": "unknown",
        "timestamp": "2024-11-10",
        "source": "landsat-8",
        "features": {
          "lst": 34.23079274000003
        },
        "quality": {
          "valid": true
        },
        "temporal_context": {}
      }
    },
    {
      "type": "Feature",
      "geometry": {
        "geodesic": false,
        "type": "Point",
        "coordinates": [
          73.80547810317834,
          18.488232746927032
        ]
      },
      "properties": {
        "location_id": "unknown",
        "timestamp": "2024-11-10",
        "source": "landsat-8",
        "features": {
          "lst": 34.22737472000006
        },
        "quality": {
          "valid": true
        },
        "temporal_context": {}
      }
    },
    {
      "type": "Feature",
      "geometry": {
        "geodesic": false,
        "type": "Point",
        "coordinates": [
          73.80576221955671,
          18.488234539186635
        ]
      },
      "properties": {
        "location_id": "unknown",
        "timestamp": "2024-11-10",
        "source": "landsat-8",
        "features": {
          "lst": 34.23079274000003
        },
        "quality": {
          "valid": true
        },
        "temporal_context": {}
      }
    },
    {
      "type": "Feature",
      "geometry": {
        "geodesic": false,
        "type": "Point",
        "coordinates": [
          73.80604633596758,
          18.488236331020133
        ]
      },
      "properties": {
        "location_id": "unknown",
        "timestamp": "2024-11-10",
        "source": "landsat-8",
        "features": {
          "lst": 34.35384146000001
        },
        "quality": {
          "valid": true
        },
        "temporal_context": {}
      }
    },
    {
      "type": "Feature",
      "geometry": {
        "geodesic": false,
        "type": "Point",
        "coordinates": [
          73.8063304524109,
          18.488238122427518
        ]
      },
      "properties": {
        "location_id": "unknown",
        "timestamp": "2024-11-10",
        "source": "landsat-8",
        "features": {
          "lst": 34.17952244000003
        },
        "quality": {
          "valid": true
        },
        "temporal_context": {}
      }
    },
    {
      "type": "Feature",
      "geometry": {
        "geodesic": false,
        "type": "Point",
        "coordinates": [
          73.8066145688867,
          18.48823991340879
        ]
      },
      "properties": {
        "location_id": "unknown",
        "timestamp": "2024-11-10",
        "source": "landsat-8",
        "features": {
          "lst": 33.93000698000003
        },
        "quality": {
          "valid": true
        },
        "temporal_context": {}
      }
    },
    {
      "type": "Feature",
      "geometry": {
        "geodesic": false,
        "type": "Point",
        "coordinates": [
          73.80689868539497,
          18.48824170396395
        ]
      },
      "properties": {
        "location_id": "unknown",
        "timestamp": "2024-11-10",
        "source": "landsat-8",
        "features": {
          "lst": 33.62922121999998
        },
        "quality": {
          "valid": true
        },
        "temporal_context": {}
      }
    },
    {
      "type": "Feature",
      "geometry": {
        "geodesic": false,
        "type": "Point",
        "coordinates": [
          73.80718280193567,
          18.488243494093
        ]
      },
      "properties": {
        "location_id": "unknown",
        "timestamp": "2024-11-10",
        "source": "landsat-8",
        "features": {
          "lst": 33.51642656000001
        },
        "quality": {
          "valid": true
        },
        "temporal_context": {}
      }
    },
    {
      "type": "Feature",
      "geometry": {
        "geodesic": false,
        "type": "Point",
        "coordinates": [
          73.80746691850884,
          18.488245283795937
        ]
      },
      "properties": {
        "location_id": "unknown",
        "timestamp": "2024-11-10",
        "source": "landsat-8",
        "features": {
          "lst": 33.236148920000005
        },
        "quality": {
          "valid": true
        },
        "temporal_context": {}
      }
    },
    {
      "type": "Feature",
      "geometry": {
        "geodesic": false,
        "type": "Point",
        "coordinates": [
          73.80775103511444,
          18.488247073072763
        ]
      },
      "properties": {
        "location_id": "unknown",
        "timestamp": "2024-11-10",
        "source": "landsat-8",
        "features": {
          "lst": 33.089174060000005
        },
        "quality": {
          "valid": true
        },
        "temporal_context": {}
      }
    },
    {
      "type": "Feature",
      "geometry": {
        "geodesic": false,
        "type": "Point",
        "coordinates": [
          73.80803515175245,
          18.488248861923477
        ]
      },
      "properties": {
        "location_id": "unknown",
        "timestamp": "2024-11-10",
        "source": "landsat-8",
        "features": {
          "lst": 33.167788520000045
        },
        "quality": {
          "valid": true
        },
        "temporal_context": {}
      }
    },
    {
      "type": "Feature",
      "geometry": {
        "geodesic": false,
        "type": "Point",
        "coordinates": [
          73.80831926842289,
          18.488250650348082
        ]
      },
      "properties": {
        "location_id": "unknown",
        "timestamp": "2024-11-10",
        "source": "landsat-8",
        "features": {
          "lst": 33.400213880000024
        },
        "quality": {
          "valid": true
        },
        "temporal_context": {}
      }
    },
    {
      "type": "Feature",
      "geometry": {
        "geodesic": false,
        "type": "Point",
        "coordinates": [
          73.80860338512576,
          18.48825243834657
        ]
      },
      "properties": {
        "location_id": "unknown",
        "timestamp": "2024-11-10",
        "source": "landsat-8",
        "features": {
          "lst": 33.677073500000006
        },
        "quality": {
          "valid": true
        },
        "temporal_context": {}
      }
    },
    {
      "type": "Feature",
      "geometry": {
        "geodesic": false,
        "type": "Point",
        "coordinates": [
          73.80888750186102,
          18.488254225918947
        ]
      },
      "properties": {
        "location_id": "unknown",
        "timestamp": "2024-11-10",
        "source": "landsat-8",
        "features": {
          "lst": 33.96418718000001
        },
        "quality": {
          "valid": true
        },
        "temporal_context": {}
      }
    },
    {
      "type": "Feature",
      "geometry": {
        "geodesic": false,
        "type": "Point",
        "coordinates": [
          73.80917161862868,
          18.48825601306521
        ]
      },
      "properties": {
        "location_id": "unknown",
        "timestamp": "2024-11-10",
        "source": "landsat-8",
        "features": {
          "lst": 33.38654180000003
        },
        "quality": {
          "valid": true
        },
        "temporal_context": {}
      }
    }
  ]
}