{
  "type": "FeatureCollection",
  "features": [
    {
      "type": "Feature",
      "geometry": {
        "type": "Polygon",
        "coordinates": [
          [
            [
              73.795,
              18.395
            ],
            [
              73.80499999999999,
              18.395
            ],
            [
              73.80499999999999,
              18.404999999999998
            ],
            [
              73.795,
              18.404999999999998
            ],
            [
              73.795,
              18.395
            ]
          ]
        ]
      },
      "properties": {
        "cell_id": "R00C00",
        "row": 0,
        "col": 0,
        "week": 10,
        "week_label": "Wk10",
        "date_start": "2024-08-03",
        "date_end": "2024-08-09",
        "phase": "post",
        "avg_risk": 0.1808,
        "avg_gt": 0.0044,
        "risk_category": 1,
        "risk_category_label": "Medium"
      }
    },
    {
      "type": "Feature",
      "geometry": {
        "type": "Polygon",
        "coordinates": [
          [
            [
              73.80552631578948,
              18.395
            ],
            [
              73.81552631578947,
              18.395
            ],
            [
              73.81552631578947,
              18.404999999999998
            ],
            [
              73.80552631578948,
              18.404999999999998
            ],
            [
              73.80552631578948,
              18.395
            ]
          ]
        ]
      },
      "properties": {
        "cell_id": "R00C01",
        "row": 0,
        "col": 1,
        "week": 10,
        "week_label": "Wk10",
        "date_start": "2024-08-03",
        "date_end": "2024-08-09",
        "phase": "post",
        "avg_risk": 0.165,
        "avg_gt": 0.0107,
        "risk_category": 1,
        "risk_category_label": "Medium"
      }
    },
    {
      "type": "Feature",
      "geometry": {
        "type": "Polygon",
        "coordinates": [
          [
            [
              73.81605263157896,
              18.395
            ],
            [
              73.82605263157895,
              18.395
            ],
            [
              73.82605263157895,
              18.404999999999998
            ],
            [
              73.81605263157896,
              18.404999999999998
            ],
            [
              73.81605263157896,
              18.395
            ]
          ]
        ]
      },
      "properties": {
        "cell_id": "R00C02",
        "row": 0,
        "col": 2,
        "week": 10,
        "week_label": "Wk10",
        "date_start": "2024-08-03",
        "date_end": "2024-08-09",
        "phase": "post",
        "avg_risk": 0.1646,
        "avg_gt": 0.0201,
        "risk_category": 1,
        "risk_category_label": "Medium"
      }
    },
    {
      "type": "Feature",
      "geometry": {
        "type": "Polygon",
        "coordinates": [
          [
            [
              73.82657894736842,
              18.395
            ],
            [
              73.83657894736841,
              18.395
            ],
            [
              73.83657894736841,
              18.404999999999998
            ],
            [
              73.82657894736842,
              18.404999999999998
            ],
            [
              73.82657894736842,
              18.395
            ]
          ]
        ]
      },
      "properties": {
        "cell_id": "R00C03",
        "row": 0,
        "col": 3,
        "week": 10,
        "week_label": "Wk10",
        "date_start": "2024-08-03",
        "date_end": "2024-08-09",
        "phase": "post",
        "avg_risk": 0.1674,
        "avg_gt": 0.0292,
        "risk_category": 1,
        "risk_category_label": "Medium"
      }
    },
    {
      "type": "Feature",
      "geometry": {
        "type": "Polygon",
        "coordinates": [
          [
            [
              73.8371052631579,
              18.395
            ],
            [
              73.84710526315789,
              18.395
            ],
            [
              73.84710526315789,
              18.404999999999998
            ],
            [
              73.8371052631579,
              18.404999999999998
            ],
            [
              73.8371052631579,
              18.395
            ]
          ]
        ]
      },
      "properties": {
        "cell_id": "R00C04",
        "row": 0,
        "col": 4,
        "week": 10,
        "week_label": "Wk10",
        "date_start": "2024-08-03",
        "date_end": "2024-08-09",
        "phase": "post",
        "avg_risk": 0.1699,
        "avg_gt": 0.0331,
        "risk_category": 1,
        "risk_category_label": "Medium"
      }
    },
    {
      "type": "Feature",
      "geometry": {
        "type": "Polygon",
        "coordinates": [
          [
            [
              73.84763157894737,
              18.395
            ],
            [
              73.85763157894736,
              18.395
            ],
            [
              73.85763157894736,
              18.404999999999998
            ],
            [
              73.84763157894737,
              18.404999999999998
            ],
            [
              73.84763157894737,
              18.395
            ]
          ]
        ]
      },
      "properties": {
        "cell_id": "R00C05",
        "row": 0,
        "col": 5,
        "week": 10,
        "week_label": "Wk10",
        "date_start": "2024-08-03",
        "date_end": "2024-08-09",
        "phase": "post",
        "avg_risk": 0.1716,
        "avg_gt": 0.0292,
        "risk_category": 1,
        "risk_category_label": "Medium"
      }
    },
    {
      "type": "Feature",
      "geometry": {
        "type": "Polygon",
        "coordinates": [
          [
            [
              73.85815789473685,
              18.395
            ],
            [
              73.86815789473684,
              18.395
            ],
            [
              73.86815789473684,
              18.404999999999998
            ],
            [
              73.85815789473685,
              18.404999999999998
            ],
            [
              73.85815789473685,
              18.395
            ]
          ]
        ]
      },
      "properties": {
        "cell_id": "R00C06",
        "row": 0,
        "col": 6,
        "week": 10,
        "week_label": "Wk10",
        "date_start": "2024-08-03",
        "date_end": "2024-08-09",
        "phase": "post",
        "avg_risk": 0.1722,
        "avg_gt": 0.0201,
        "risk_category": 1,
        "risk_category_label": "Medium"
      }
    },
    {
      "type": "Feature",
      "geometry": {
        "type": "Polygon",
        "coordinates": [
          [
            [
              73.86868421052633,
              18.395
            ],
            [
              73.87868421052632,
              18.395
            ],
            [
              73.87868421052632,
              18.404999999999998
            ],
            [
              73.86868421052633,
              18.404999999999998
            ],
            [
              73.86868421052633,
              18.395
            ]
          ]
        ]
      },
      "properties": {
        "cell_id": "R00C07",
        "row": 0,
        "col": 7,
        "week": 10,
        "week_label": "Wk10",
        "date_start": "2024-08-03",
        "date_end": "2024-08-09",
        "phase": "post",
        "avg_risk": 0.1723,
        "avg_gt": 0.0107,
        "risk_category": 1,
        "risk_category_label": "Medium"
      }
    },
    {
      "type": "Feature",
      "geometry": {
        "type": "Polygon",
        "coordinates": [
          [
            [
              73.87921052631579,
              18.395
            ],
            [
              73.88921052631578,
              18.395
            ],
            [
              73.88921052631578,
              18.404999999999998
            ],
            [
              73.87921052631579,
              18.404999999999998
            ],
            [
              73.87921052631579,
              18.395
            ]
          ]
        ]
      },
      "properties": {
        "cell_id": "R00C08",
        "row": 0,
        "col": 8,
        "week": 10,
        "week_label": "Wk10",
        "date_start": "2024-08-03",
        "date_end": "2024-08-09",
        "phase": "post",
        "avg_risk": 0.1721,
        "avg_gt": 0.0045,
        "risk_category": 1,
        "risk_category_label": "Medium"
      }
    },
    {
      "type": "Feature",
      "geometry": {
        "type": "Polygon",
        "coordinates": [
          [
            [
              73.88973684210526,
              18.395
            ],
            [
              73.89973684210526,
              18.395
            ],
            [
              73.89973684210526,
              18.404999999999998
            ],
            [
              73.88973684210526,
              18.404999999999998
            ],
            [
              73.88973684210526,
              18.395
            ]
          ]
        ]
      },
      "properties": {
        "cell_id": "R00C09",
        "row": 0,
        "col": 9,
        "week": 10,
        "week_label": "Wk10",
        "date_start": "2024-08-03",
        "date_end": "2024-08-09",
        "phase": "post",
        "avg_risk": 0.1635,
        "avg_gt": 0.0014,
        "risk_category": 1,
        "risk_category_label": "Medium"
      }
    },
    {
      "type": "Feature",
      "geometry": {
        "type": "Polygon",
        "coordinates": [
          [
            [
              73.90026315789474,
              18.395
            ],
            [
              73.91026315789473,
              18.395
            ],
            [
              73.91026315789473,
              18.404999999999998
            ],
            [
              73.90026315789474,
              18.404999999999998
            ],
            [
              73.90026315789474,
              18.395
            ]
          ]
        ]
      },
      "properties": {
        "cell_id": "R00C10",
        "row": 0,
        "col": 10,
        "week": 10,
        "week_label": "Wk10",
        "date_start": "2024-08-03",
        "date_end": "2024-08-09",
        "phase": "post",
        "avg_risk": 0.1478,
        "avg_gt": 0.0003,
        "risk_category": 0,
        "risk_category_label": "Low"
      }
    },
    {
      "type": "Feature",
      "geometry": {
        "type": "Polygon",
        "coordinates": [
          [
            [
              73.91078947368422,
              18.395
            ],
            [
              73.92078947368421,
              18.395
            ],
            [
              73.92078947368421,
              18.404999999999998
            ],
            [
              73.91078947368422,
              18.404999999999998
            ],
            [
              73.91078947368422,
              18.395
            ]
          ]
        ]
      },
      "properties": {
        "cell_id": "R00C11",
        "row": 0,
        "col": 11,
        "week": 10,
        "week_label": "Wk10",
        "date_start": "2024-08-03",
        "date_end": "2024-08-09",
        "phase": "post",
        "avg_risk": 0.1423,
        "avg_gt": 0.0,
        "risk_category": 0,
        "risk_category_label": "Low"
      }
    },
    {
      "type": "Feature",
      "geometry": {
        "type": "Polygon",
        "coordinates": [
          [
            [
              73.92131578947368,
              18.395
            ],
            [
              73.93131578947367,
              18.395
            ],
            [
              73.93131578947367,
              18.404999999999998
            ],
            [
              73.92131578947368,
              18.404999999999998
            ],
            [
              73.92131578947368,
              18.395
            ]
          ]
        ]
      },
      "properties": {
        "cell_id": "R00C12",
        "row": 0,
        "col": 12,
        "week": 10,
        "week_label": "Wk10",
        "date_start": "2024-08-03",
        "date_end": "2024-08-09",
        "phase": "post",
        "avg_risk": 0.1505,
        "avg_gt": 0.0,
        "risk_category": 1,
        "risk_category_label": "Medium"
      }
    },
    {
      "type": "Feature",
      "geometry": {
        "type": "Polygon",
        "coordinates": [
          [
            [
              73.93184210526316,
              18.395
            ],
            [
              73.94184210526315,
              18.395
            ],
            [
              73.94184210526315,
              18.404999999999998
            ],
            [
              73.93184210526316,
              18.404999999999998
            ],
            [
              73.93184210526316,
              18.395
            ]
          ]
        ]
      },
      "properties": {
        "cell_id": "R00C13",
        "row": 0,
        "col": 13,
        "week": 10,
        "week_label": "Wk10",
        "date_start": "2024-08-03",
        "date_end": "2024-08-09",
        "phase": "post",
        "avg_risk": 0.1616,
        "avg_gt": 0.0003,
        "risk_category": 1,
        "risk_category_label": "Medium"
      }
    },
    {
      "type": "Feature",
      "geometry": {
        "type": "Polygon",
        "coordinates": [
          [
            [
              73.94236842105263,
              18.395
            ],
            [
              73.95236842105263,
              18.395
            ],
            [
              73.95236842105263,
              18.404999999999998
            ],
            [
              73.94236842105263,
              18.404999999999998
            ],
            [
              73.94236842105263,
              18.395
            ]
          ]
        ]
      },
      "properties": {
        "cell_id": "R00C14",
        "row": 0,
        "col": 14,
        "week": 10,
        "week_label": "Wk10",
        "date_start": "2024-08-03",
        "date_end": "2024-08-09",
        "phase": "post",
        "avg_risk": 0.1648,
        "avg_gt": 0.0024,
        "risk_category": 1,
        "risk_category_label": "Medium"
      }
    },
    {
      "type": "Feature",
      "geometry": {
        "type": "Polygon",
        "coordinates": [
          [
            [
              73.95289473684211,
              18.395
            ],
            [
              73.9628947368421,
              18.395
            ],
            [
              73.9628947368421,
              18.404999999999998
            ],
            [
              73.95289473684211,
              18.404999999999998
            ],
            [
              73.95289473684211,
              18.395
            ]
          ]
        ]
      },
      "properties": {
        "cell_id": "R00C15",
        "row": 0,
        "col": 15,
        "week": 10,
        "week_label": "Wk10",
        "date_start": "2024-08-03",
        "date_end": "2024-08-09",
        "phase": "post",
        "avg_risk": 0.1638,
        "avg_gt": 0.0116,
        "risk_category": 1,
        "risk_category_label": "Medium"
      }
    },
    {
      "type": "Feature",
      "geometry": {
        "type": "Polygon",
        "coordinates": [
          [
            [
              73.96342105263159,
              18.395
            ],
            [
              73.97342105263158,
              18.395
            ],
            [
              73.97342105263158,
              18.404999999999998
            ],
            [
              73.96342105263159,
              18.404999999999998
            ],
            [
              73.96342105263159,
              18.395
            ]
          ]
        ]
      },
      "properties": {
        "cell_id": "R00C16",
        "row": 0,
        "col": 16,
        "week": 10,
        "week_label": "Wk10",
        "date_start": "2024-08-03",
        "date_end": "2024-08-09",
        "phase": "post",
        "avg_risk": 0.1624,
        "avg_gt": 0.0352,
        "risk_category": 1,
        "risk_category_label": "Medium"
      }
    },
    {
      "type": "Feature",
      "geometry": {
        "type": "Polygon",
        "coordinates": [
          [
            [
              73.97394736842105,
              18.395
            ],
            [
              73.98394736842104,
              18.395
            ],
            [
              73.98394736842104,
              18.404999999999998
            ],
            [
              73.97394736842105,
              18.404999999999998
            ],
            [
              73.97394736842105,
              18.395
            ]
          ]
        ]
      },
      "properties": {
        "cell_id": "R00C17",
        "row": 0,
        "col": 17,
        "week": 10,
        "week_label": "Wk10",
        "date_start": "2024-08-03",
        "date_end": "2024-08-09",
        "phase": "post",
        "avg_risk": 0.1627,
        "avg_gt": 0.0685,
        "risk_category": 1,
        "risk_category_label": "Medium"
      }
    },
    {
      "type": "Feature",
      "geometry": {
        "type": "Polygon",
        "coordinates": [
          [
            [
              73.98447368421053,
              18.395
            ],
            [
              73.99447368421052,
              18.395
            ],
            [
              73.99447368421052,
              18.404999999999998
            ],
            [
              73.98447368421053,
              18.404999999999998
            ],
            [
              73.98447368421053,
              18.395
            ]
          ]
        ]
      },
      "properties": {
        "cell_id": "R00C18",
        "row": 0,
        "col": 18,
        "week": 10,
        "week_label": "Wk10",
        "date_start": "2024-08-03",
        "date_end": "2024-08-09",
        "phase": "post",
        "avg_risk": 0.1663,
        "avg_gt": 0.0856,
        "risk_category": 1,
        "risk_category_label": "Medium"
      }
    },
    {
      "type": "Feature",
      "geometry": {
        "type": "Polygon",
        "coordinates": [
          [
            [
              73.995,
              18.395
            ],
            [
              74.005,
              18.395
            ],
            [
              74.005,
              18.404999999999998
            ],
            [
              73.995,
              18.404999999999998
            ],
            [
              73.995,
              18.395
            ]
          ]
        ]
      },
      "properties": {
        "cell_id": "R00C19",
        "row": 0,
        "col": 19,
        "week": 10,
        "week_label": "Wk10",
        "date_start": "2024-08-03",
        "date_end": "2024-08-09",
        "phase": "post",
        "avg_risk": 0.1764,
        "avg_gt": 0.0685,
        "risk_category": 1,
        "risk_category_label": "Medium"
      }
    },
    {
      "type": "Feature",
      "geometry": {
        "type": "Polygon",
        "coordinates": [
          [
            [
              73.795,
              18.405526315789473
            ],
            [
              73.80499999999999,
              18.405526315789473
            ],
            [
              73.80499999999999,
              18.41552631578947
            ],
            [
              73.795,
              18.41552631578947
            ],
            [
              73.795,
              18.405526315789473
            ]
          ]
        ]
      },
      "properties": {
        "cell_id": "R01C00",
        "row": 1,
        "col": 0,
        "week": 10,
        "week_label": "Wk10",
        "date_start": "2024-08-03",
        "date_end": "2024-08-09",
        "phase": "post",
        "avg_risk": 0.158,
        "avg_gt": 0.0107,
        "risk_category": 1,
        "risk_category_label": "Medium"
      }
    },
    {
      "type": "Feature",
      "geometry": {
        "type": "Polygon",
        "coordinates": [
          [
            [
              73.80552631578948,
              18.405526315789473
            ],
            [
              73.81552631578947,
              18.405526315789473
            ],
            [
              73.81552631578947,
              18.41552631578947
            ],
            [
              73.80552631578948,
              18.41552631578947
            ],
            [
              73.80552631578948,
              18.405526315789473
            ]
          ]
        ]
      },
      "properties": {
        "cell_id": "R01C01",
        "row": 1,
        "col": 1,
        "week": 10,
        "week_label": "Wk10",
        "date_start": "2024-08-03",
        "date_end": "2024-08-09",
        "phase": "post",
        "avg_risk": 0.1499,
        "avg_gt": 0.0258,
        "risk_category": 0,
        "risk_category_label": "Low"
      }
    },
    {
      "type": "Feature",
      "geometry": {
        "type": "Polygon",
        "coordinates": [
          [
            [
              73.81605263157896,
              18.405526315789473
            ],
            [
              73.82605263157895,
              18.405526315789473
            ],
            [
              73.82605263157895,
              18.41552631578947
            ],
            [
              73.81605263157896,
              18.41552631578947
            ],
            [
              73.81605263157896,
              18.405526315789473
            ]
          ]
        ]
      },
      "properties": {
        "cell_id": "R01C02",
        "row": 1,
        "col": 2,
        "week": 10,
        "week_label": "Wk10",
        "date_start": "2024-08-03",
        "date_end": "2024-08-09",
        "phase": "post",
        "avg_risk": 0.1511,
        "avg_gt": 0.0482,
        "risk_category": 1,
        "risk_category_label": "Medium"
      }
    },
    {
      "type": "Feature",
      "geometry": {
        "type": "Polygon",
        "coordinates": [
          [
            [
              73.82657894736842,
              18.405526315789473
            ],
            [
              73.83657894736841,
              18.405526315789473
            ],
            [
              73.83657894736841,
              18.41552631578947
            ],
            [
              73.82657894736842,
              18.41552631578947
            ],
            [
              73.82657894736842,
              18.405526315789473
            ]
          ]
        ]
      },
      "properties": {
        "cell_id": "R01C03",
        "row": 1,
        "col": 3,
        "week": 10,
        "week_label": "Wk10",
        "date_start": "2024-08-03",
        "date_end": "2024-08-09",
        "phase": "post",
        "avg_risk": 0.1564,
        "avg_gt": 0.0702,
        "risk_category": 1,
        "risk_category_label": "Medium"
      }
    },
    {
      "type": "Feature",
      "geometry": {
        "type": "Polygon",
        "coordinates": [
          [
            [
              73.8371052631579,
              18.405526315789473
            ],
            [
              73.84710526315789,
              18.405526315789473
            ],
            [
              73.84710526315789,
              18.41552631578947
            ],
            [
              73.8371052631579,
              18.41552631578947
            ],
            [
              73.8371052631579,
              18.405526315789473
            ]
          ]
        ]
      },
      "properties": {
        "cell_id": "R01C04",
        "row": 1,
        "col": 4,
        "week": 10,
        "week_label": "Wk10",
        "date_start": "2024-08-03",
        "date_end": "2024-08-09",
        "phase": "post",
        "avg_risk": 0.1624,
        "avg_gt": 0.0795,
        "risk_category": 1,
        "risk_category_label": "Medium"
      }
    },
    {
      "type": "Feature",
      "geometry": {
        "type": "Polygon",
        "coordinates": [
          [
            [
              73.84763157894737,
              18.405526315789473
            ],
            [
              73.85763157894736,
              18.405526315789473
            ],
            [
              73.85763157894736,
              18.41552631578947
            ],
            [
              73.84763157894737,
              18.41552631578947
            ],
            [
              73.84763157894737,
              18.405526315789473
            ]
          ]
        ]
      },
      "properties": {
        "cell_id": "R01C05",
        "row": 1,
        "col": 5,
        "week": 10,
        "week_label": "Wk10",
        "date_start": "2024-08-03",
        "date_end": "2024-08-09",
        "phase": "post",
        "avg_risk": 0.1663,
        "avg_gt": 0.0702,
        "risk_category": 1,
        "risk_category_label": "Medium"
      }
    },
    {
      "type": "Feature",
      "geometry": {
        "type": "Polygon",
        "coordinates": [
          [
            [
              73.85815789473685,
              18.405526315789473
            ],
            [
              73.86815789473684,
              18.405526315789473
            ],
            [
              73.86815789473684,
              18.41552631578947
            ],
            [
              73.85815789473685,
              18.41552631578947
            ],
            [
              73.85815789473685,
              18.405526315789473
            ]
          ]
        ]
      },
      "properties": {
        "cell_id": "R01C06",
        "row": 1,
        "col": 6,
        "week": 10,
        "week_label": "Wk10",
        "date_start": "2024-08-03",
        "date_end": "2024-08-09",
        "phase": "post",
        "avg_risk": 0.1678,
        "avg_gt": 0.0482,
        "risk_category": 1,
        "risk_category_label": "Medium"
      }
    },
    {
      "type": "Feature",
      "geometry": {
        "type": "Polygon",
        "coordinates": [
          [
            [
              73.86868421052633,
              18.405526315789473
            ],
            [
              73.87868421052632,
              18.405526315789473
            ],
            [
              73.87868421052632,
              18.41552631578947
            ],
            [
              73.86868421052633,
              18.41552631578947
            ],
            [
              73.86868421052633,
              18.405526315789473
            ]
          ]
        ]
      },
      "properties": {
        "cell_id": "R01C07",
        "row": 1,
        "col": 7,
        "week": 10,
        "week_label": "Wk10",
        "date_start": "2024-08-03",
        "date_end": "2024-08-09",
        "phase": "post",
        "avg_risk": 0.1684,
        "avg_gt": 0.0258,
        "risk_category": 1,
        "risk_category_label": "Medium"
      }
    },
    {
      "type": "Feature",
      "geometry": {
        "type": "Polygon",
        "coordinates": [
          [
            [
              73.87921052631579,
              18.405526315789473
            ],
            [
              73.88921052631578,
              18.405526315789473
            ],
            [
              73.88921052631578,
              18.41552631578947
            ],
            [
              73.87921052631579,
              18.41552631578947
            ],
            [
              73.87921052631579,
              18.405526315789473
            ]
          ]
        ]
      },
      "properties": {
        "cell_id": "R01C08",
        "row": 1,
        "col": 8,
        "week": 10,
        "week_label": "Wk10",
        "date_start": "2024-08-03",
        "date_end": "2024-08-09",
        "phase": "post",
        "avg_risk": 0.1677,
        "avg_gt": 0.0107,
        "risk_category": 1,
        "risk_category_label": "Medium"
      }
    },
    {
      "type": "Feature",
      "geometry": {
        "type": "Polygon",
        "coordinates": [
          [
            [
              73.88973684210526,
              18.405526315789473
            ],
            [
              73.89973684210526,
              18.405526315789473
            ],
            [
              73.89973684210526,
              18.41552631578947
            ],
            [
              73.88973684210526,
              18.41552631578947
            ],
            [
              73.88973684210526,
              18.405526315789473
            ]
          ]
        ]
      },
      "properties": {
        "cell_id": "R01C09",
        "row": 1,
        "col": 9,
        "week": 10,
        "week_label": "Wk10",
        "date_start": "2024-08-03",
        "date_end": "2024-08-09",
        "phase": "post",
        "avg_risk": 0.1627,
        "avg_gt": 0.0035,
        "risk_category": 1,
        "risk_category_label": "Medium"
      }
    },
    {
      "type": "Feature",
      "geometry": {
        "type": "Polygon",
        "coordinates": [
          [
            [
              73.90026315789474,
              18.405526315789473
            ],
            [
              73.91026315789473,
              18.405526315789473
            ],
            [
              73.91026315789473,
              18.41552631578947
            ],
            [
              73.90026315789474,
              18.41552631578947
            ],
            [
              73.90026315789474,
              18.405526315789473
            ]
          ]
        ]
      },
      "properties": {
        "cell_id": "R01C10",
        "row": 1,
        "col": 10,
        "week": 10,
        "week_label": "Wk10",
        "date_start": "2024-08-03",
        "date_end": "2024-08-09",
        "phase": "post",
        "avg_risk": 0.1517,
        "avg_gt": 0.0008,
        "risk_category": 1,
        "risk_category_label": "Medium"
      }
    },
    {
      "type": "Feature",
      "geometry": {
        "type": "Polygon",
        "coordinates": [
          [
            [
              73.91078947368422,
              18.405526315789473
            ],
            [
              73.92078947368421,
              18.405526315789473
            ],
            [
              73.92078947368421,
              18.41552631578947
            ],
            [
              73.91078947368422,
              18.41552631578947
            ],
            [
              73.91078947368422,
              18.405526315789473
            ]
          ]
        ]
      },
      "properties": {
        "cell_id": "R01C11",
        "row": 1,
        "col": 11,
        "week": 10,
        "week_label": "Wk10",
        "date_start": "2024-08-03",
        "date_end": "2024-08-09",
        "phase": "post",
        "avg_risk": 0.1466,
        "avg_gt": 0.0001,
        "risk_category": 0,
        "risk_category_label": "Low"
      }
    },
    {
      "type": "Feature",
      "geometry": {
        "type": "Polygon",
        "coordinates": [
          [
            [
              73.92131578947368,
              18.405526315789473
            ],
            [
              73.93131578947367,
              18.405526315789473
            ],
            [
              73.93131578947367,
              18.41552631578947
            ],
            [
              73.92131578947368,
              18.41552631578947
            ],
            [
              73.92131578947368,
              18.405526315789473
            ]
          ]
        ]
      },
      "properties": {
        "cell_id": "R01C12",
        "row": 1,
        "col": 12,
        "week": 10,
        "week_label": "Wk10",
        "date_start": "2024-08-03",
        "date_end": "2024-08-09",
        "phase": "post",
        "avg_risk": 0.1521,
        "avg_gt": 0.0,
        "risk_category": 1,
        "risk_category_label": "Medium"
      }
    },
    {
      "type": "Feature",
      "geometry": {
        "type": "Polygon",
        "coordinates": [
          [
            [
              73.93184210526316,
              18.405526315789473
            ],
            [
              73.94184210526315,
              18.405526315789473
            ],
            [
              73.94184210526315,
              18.41552631578947
            ],
            [
              73.93184210526316,
              18.41552631578947
            ],
            [
              73.93184210526316,
              18.405526315789473
            ]
          ]
        ]
      },
      "properties": {
        "cell_id": "R01C13",
        "row": 1,
        "col": 13,
        "week": 10,
        "week_label": "Wk10",
        "date_start": "2024-08-03",
        "date_end": "2024-08-09",
        "phase": "post",
        "avg_risk": 0.1589,
        "avg_gt": 0.0006,
        "risk_category": 1,
        "risk_category_label": "Medium"
      }
    },
    {
      "type": "Feature",
      "geometry": {
        "type": "Polygon",
        "coordinates": [
          [
            [
              73.94236842105263,
              18.405526315789473
            ],
            [
              73.95236842105263,
              18.405526315789473
            ],
            [
              73.95236842105263,
              18.41552631578947
            ],
            [
              73.94236842105263,
              18.41552631578947
            ],
            [
              73.94236842105263,
              18.405526315789473
            ]
          ]
        ]
      },
      "properties": {
        "cell_id": "R01C14",
        "row": 1,
        "col": 14,
        "week": 10,
        "week_label": "Wk10",
        "date_start": "2024-08-03",
        "date_end": "2024-08-09",
        "phase": "post",
        "avg_risk": 0.1595,
        "avg_gt": 0.0047,
        "risk_category": 1,
        "risk_category_label": "Medium"
      }
    },
    {
      "type": "Feature",
      "geometry": {
        "type": "Polygon",
        "coordinates": [
          [
            [
              73.95289473684211,
              18.405526315789473
            ],
            [
              73.9628947368421,
              18.405526315789473
            ],
            [
              73.9628947368421,
              18.41552631578947
            ],
            [
              73.95289473684211,
              18.41552631578947
            ],
            [
              73.95289473684211,
              18.405526315789473
            ]
          ]
        ]
      },
      "properties": {
        "cell_id": "R01C15",
        "row": 1,
        "col": 15,
        "week": 10,
        "week_label": "Wk10",
        "date_start": "2024-08-03",
        "date_end": "2024-08-09",
        "phase": "post",
        "avg_risk": 0.1574,
        "avg_gt": 0.0225,
        "risk_category": 1,
        "risk_category_label": "Medium"
      }
    },
    {
      "type": "Feature",
      "geometry": {
        "type": "Polygon",
        "coordinates": [
          [
            [
              73.96342105263159,
              18.405526315789473
            ],
            [
              73.97342105263158,
              18.405526315789473
            ],
            [
              73.97342105263158,
              18.41552631578947
            ],
            [
              73.96342105263159,
              18.41552631578947
            ],
            [
              73.96342105263159,
              18.405526315789473
            ]
          ]
        ]
      },
      "properties": {
        "cell_id": "R01C16",
        "row": 1,
        "col": 16,
        "week": 10,
        "week_label": "Wk10",
        "date_start": "2024-08-03",
        "date_end": "2024-08-09",
        "phase": "post",
        "avg_risk": 0.1558,
        "avg_gt": 0.0685,
        "risk_category": 1,
        "risk_category_label": "Medium"
      }
    },
    {
      "type": "Feature",
      "geometry": {
        "type": "Polygon",
        "coordinates": [
          [
            [
              73.97394736842105,
              18.405526315789473
            ],
            [
              73.98394736842104,
              18.405526315789473
            ],
            [
              73.98394736842104,
              18.41552631578947
            ],
            [
              73.97394736842105,
              18.41552631578947
            ],
            [
              73.97394736842105,
              18.405526315789473
            ]
          ]
        ]
      },
      "properties": {
        "cell_id": "R01C17",
        "row": 1,
        "col": 17,
        "week": 10,
        "week_label": "Wk10",
        "date_start": "2024-08-03",
        "date_end": "2024-08-09",
        "phase": "post",
        "avg_risk": 0.1563,
        "avg_gt": 0.1335,
        "risk_category": 1,
        "risk_category_label": "Medium"
      }
    },
    {
      "type": "Feature",
      "geometry": {
        "type": "Polygon",
        "coordinates": [
          [
            [
              73.98447368421053,
              18.405526315789473
            ],
            [
              73.99447368421052,
              18.405526315789473
            ],
            [
              73.99447368421052,
              18.41552631578947
            ],
            [
              73.98447368421053,
              18.41552631578947
            ],
            [
              73.98447368421053,
              18.405526315789473
            ]
          ]
        ]
      },
      "properties": {
        "cell_id": "R01C18",
        "row": 1,
        "col": 18,
        "week": 10,
        "week_label": "Wk10",
        "date_start": "2024-08-03",
        "date_end": "2024-08-09",
        "phase": "post",
        "avg_risk": 0.1596,
        "avg_gt": 0.1668,
        "risk_category": 1,
        "risk_category_label": "Medium"
      }
    },
    {
      "type": "Feature",
      "geometry": {
        "type": "Polygon",
        "coordinates": [
          [
            [
              73.995,
              18.405526315789473
            ],
            [
              74.005,
              18.405526315789473
            ],
            [
              74.005,
              18.41552631578947
            ],
            [
              73.995,
              18.41552631578947
            ],
            [
              73.995,
              18.405526315789473
            ]
          ]
        ]
      },
      "properties": {
        "cell_id": "R01C19",
        "row": 1,
        "col": 19,
        "week": 10,
        "week_label": "Wk10",
        "date_start": "2024-08-03",
        "date_end": "2024-08-09",
        "phase": "post",
        "avg_risk": 0.1685,
        "avg_gt": 0.1335,
        "risk_category": 1,
        "risk_category_label": "Medium"
      }
    },
    {
      "type": "Feature",
      "geometry": {
        "type": "Polygon",
        "coordinates": [
          [
            [
              73.795,
              18.416052631578946
            ],
            [
              73.80499999999999,
              18.416052631578946
            ],
            [
              73.80499999999999,
              18.426052631578944
            ],
            [
              73.795,
              18.426052631578944
            ],
            [
              73.795,
              18.416052631578946
            ]
          ]
        ]
      },
      "properties": {
        "cell_id": "R02C00",
        "row": 2,
        "col": 0,
        "week": 10,
        "week_label": "Wk10",
        "date_start": "2024-08-03",
        "date_end": "2024-08-09",
        "phase": "post",
        "avg_risk": 0.1514,
        "avg_gt": 0.0201,
        "risk_category": 1,
        "risk_category_label": "Medium"
      }
    },
    {
      "type": "Feature",
      "geometry": {
        "type": "Polygon",
        "coordinates": [
          [
            [
              73.80552631578948,
              18.416052631578946
            ],
            [
              73.81552631578947,
              18.416052631578946
            ],
            [
              73.81552631578947,
              18.426052631578944
            ],
            [
              73.80552631578948,
              18.426052631578944
            ],
            [
              73.80552631578948,
              18.416052631578946
            ]
          ]
        ]
      },
      "properties": {
        "cell_id": "R02C01",
        "row": 2,
        "col": 1,
        "week": 10,
        "week_label": "Wk10",
        "date_start": "2024-08-03",
        "date_end": "2024-08-09",
        "phase": "post",
        "avg_risk": 0.1458,
        "avg_gt": 0.0482,
        "risk_category": 0,
        "risk_category_label": "Low"
      }
    },
    {
      "type": "Feature",
      "geometry": {
        "type": "Polygon",
        "coordinates": [
          [
            [
              73.81605263157896,
              18.416052631578946
            ],
            [
              73.82605263157895,
              18.416052631578946
            ],
            [
              73.82605263157895,
              18.426052631578944
            ],
            [
              73.81605263157896,
              18.426052631578944
            ],
            [
              73.81605263157896,
              18.416052631578946
            ]
          ]
        ]
      },
      "properties": {
        "cell_id": "R02C02",
        "row": 2,
        "col": 2,
        "week": 10,
        "week_label": "Wk10",
        "date_start": "2024-08-03",
        "date_end": "2024-08-09",
        "phase": "post",
        "avg_risk": 0.1499,
        "avg_gt": 0.0901,
        "risk_category": 0,
        "risk_category_label": "Low"
      }
    },
    {
      "type": "Feature",
      "geometry": {
        "type": "Polygon",
        "coordinates": [
          [
            [
              73.82657894736842,
              18.416052631578946
            ],
            [
              73.83657894736841,
              18.416052631578946
            ],
            [
              73.83657894736841,
              18.426052631578944
            ],
            [
              73.82657894736842,
              18.426052631578944
            ],
            [
              73.82657894736842,
              18.416052631578946
            ]
          ]
        ]
      },
      "properties": {
        "cell_id": "R02C03",
        "row": 2,
        "col": 3,
        "week": 10,
        "week_label": "Wk10",
        "date_start": "2024-08-03",
        "date_end": "2024-08-09",
        "phase": "post",
        "avg_risk": 0.1603,
        "avg_gt": 0.1312,
        "risk_category": 1,
        "risk_category_label": "Medium"
      }
    },
    {
      "type": "Feature",
      "geometry": {
        "type": "Polygon",
        "coordinates": [
          [
            [
              73.8371052631579,
              18.416052631578946
            ],
            [
              73.84710526315789,
              18.416052631578946
            ],
            [
              73.84710526315789,
              18.426052631578944
            ],
            [
              73.8371052631579,
              18.426052631578944
            ],
            [
              73.8371052631579,
              18.416052631578946
            ]
          ]
        ]
      },
      "properties": {
        "cell_id": "R02C04",
        "row": 2,
        "col": 4,
        "week": 10,
        "week_label": "Wk10",
        "date_start": "2024-08-03",
        "date_end": "2024-08-09",
        "phase": "post",
        "avg_risk": 0.1717,
        "avg_gt": 0.1486,
        "risk_category": 1,
        "risk_category_label": "Medium"
      }
    },
    {
      "type": "Feature",
      "geometry": {
        "type": "Polygon",
        "coordinates": [
          [
            [
              73.84763157894737,
              18.416052631578946
            ],
            [
              73.85763157894736,
              18.416052631578946
            ],
            [
              73.85763157894736,
              18.426052631578944
            ],
            [
              73.84763157894737,
              18.426052631578944
            ],
            [
              73.84763157894737,
              18.416052631578946
            ]
          ]
        ]
      },
      "properties": {
        "cell_id": "R02C05",
        "row": 2,
        "col": 5,
        "week": 10,
        "week_label": "Wk10",
        "date_start": "2024-08-03",
        "date_end": "2024-08-09",
        "phase": "post",
        "avg_risk": 0.1795,
        "avg_gt": 0.1312,
        "risk_category": 1,
        "risk_category_label": "Medium"
      }
    },
    {
      "type": "Feature",
      "geometry": {
        "type": "Polygon",
        "coordinates": [
          [
            [
              73.85815789473685,
              18.416052631578946
            ],
            [
              73.86815789473684,
              18.416052631578946
            ],
            [
              73.86815789473684,
              18.426052631578944
            ],
            [
              73.85815789473685,
              18.426052631578944
            ],
            [
              73.85815789473685,
              18.416052631578946
            ]
          ]
        ]
      },
      "properties": {
        "cell_id": "R02C06",
        "row": 2,
        "col": 6,
        "week": 10,
        "week_label": "Wk10",
        "date_start": "2024-08-03",
        "date_end": "2024-08-09",
        "phase": "post",
        "avg_risk": 0.1826,
        "avg_gt": 0.0902,
        "risk_category": 1,
        "risk_category_label": "Medium"
      }
    },
    {
      "type": "Feature",
      "geometry": {
        "type": "Polygon",
        "coordinates": [
          [
            [
              73.86868421052633,
              18.416052631578946
            ],
            [
              73.87868421052632,
              18.416052631578946
            ],
            [
              73.87868421052632,
              18.426052631578944
            ],
            [
              73.86868421052633,
              18.426052631578944
            ],
            [
              73.86868421052633,
              18.416052631578946
            ]
          ]
        ]
      },
      "properties": {
        "cell_id": "R02C07",
        "row": 2,
        "col": 7,
        "week": 10,
        "week_label": "Wk10",
        "date_start": "2024-08-03",
        "date_end": "2024-08-09",
        "phase": "post",
        "avg_risk": 0.182,
        "avg_gt": 0.0483,
        "risk_category": 1,
        "risk_category_label": "Medium"
      }
    },
    {
      "type": "Feature",
      "geometry": {
        "type": "Polygon",
        "coordinates": [
          [
            [
              73.87921052631579,
              18.416052631578946
            ],
            [
              73.88921052631578,
              18.416052631578946
            ],
            [
              73.88921052631578,
              18.426052631578944
            ],
            [
              73.87921052631579,
              18.426052631578944
            ],
            [
              73.87921052631579,
              18.416052631578946
            ]
          ]
        ]
      },
      "properties": {
        "cell_id": "R02C08",
        "row": 2,
        "col": 8,
        "week": 10,
        "week_label": "Wk10",
        "date_start": "2024-08-03",
        "date_end": "2024-08-09",
        "phase": "post",
        "avg_risk": 0.1796,
        "avg_gt": 0.0202,
        "risk_category": 1,
        "risk_category_label": "Medium"
      }
    },
    {
      "type": "Feature",
      "geometry": {
        "type": "Polygon",
        "coordinates": [
          [
            [
              73.88973684210526,
              18.416052631578946
            ],
            [
              73.89973684210526,
              18.416052631578946
            ],
            [
              73.89973684210526,
              18.426052631578944
            ],
            [
              73.88973684210526,
              18.426052631578944
            ],
            [
              73.88973684210526,
              18.416052631578946
            ]
          ]
        ]
      },
      "properties": {
        "cell_id": "R02C09",
        "row": 2,
        "col": 9,
        "week": 10,
        "week_label": "Wk10",
        "date_start": "2024-08-03",
        "date_end": "2024-08-09",
        "phase": "post",
        "avg_risk": 0.1741,
        "avg_gt": 0.0066,
        "risk_category": 1,
        "risk_category_label": "Medium"
      }
    },
    {
      "type": "Feature",
      "geometry": {
        "type": "Polygon",
        "coordinates": [
          [
            [
              73.90026315789474,
              18.416052631578946
            ],
            [
              73.91026315789473,
              18.416052631578946
            ],
            [
              73.91026315789473,
              18.426052631578944
            ],
            [
              73.90026315789474,
              18.426052631578944
            ],
            [
              73.90026315789474,
              18.416052631578946
            ]
          ]
        ]
      },
      "properties": {
        "cell_id": "R02C10",
        "row": 2,
        "col": 10,
        "week": 10,
        "week_label": "Wk10",
        "date_start": "2024-08-03",
        "date_end": "2024-08-09",
        "phase": "post",
        "avg_risk": 0.1649,
        "avg_gt": 0.0017,
        "risk_category": 1,
        "risk_category_label": "Medium"
      }
    },
    {
      "type": "Feature",
      "geometry": {
        "type": "Polygon",
        "coordinates": [
          [
            [
              73.91078947368422,
              18.416052631578946
            ],
            [
              73.92078947368421,
              18.416052631578946
            ],
            [
              73.92078947368421,
              18.426052631578944
            ],
            [
              73.91078947368422,
              18.426052631578944
            ],
            [
              73.91078947368422,
              18.416052631578946
            ]
          ]
        ]
      },
      "properties": {
        "cell_id": "R02C11",
        "row": 2,
        "col": 11,
        "week": 10,
        "week_label": "Wk10",
        "date_start": "2024-08-03",
        "date_end": "2024-08-09",
        "phase": "post",
        "avg_risk": 0.1569,
        "avg_gt": 0.0003,
        "risk_category": 1,
        "risk_category_label": "Medium"
      }
    },
    {
      "type": "Feature",
      "geometry": {
        "type": "Polygon",
        "coordinates": [
          [
            [
              73.92131578947368,
              18.416052631578946
            ],
            [
              73.93131578947367,
              18.416052631578946
            ],
            [
              73.93131578947367,
              18.426052631578944
            ],
            [
              73.92131578947368,
              18.426052631578944
            ],
            [
              73.92131578947368,
              18.416052631578946
            ]
          ]
        ]
      },
      "properties": {
        "cell_id": "R02C12",
        "row": 2,
        "col": 12,
        "week": 10,
        "week_label": "Wk10",
        "date_start": "2024-08-03",
        "date_end": "2024-08-09",
        "phase": "post",
        "avg_risk": 0.1577,
        "avg_gt": 0.0001,
        "risk_category": 1,
        "risk_category_label": "Medium"
      }
    },
    {
      "type": "Feature",
      "geometry": {
        "type": "Polygon",
        "coordinates": [
          [
            [
              73.93184210526316,
              18.416052631578946
            ],
            [
              73.94184210526315,
              18.416052631578946
            ],
            [
              73.94184210526315,
              18.426052631578944
            ],
            [
              73.93184210526316,
              18.426052631578944
            ],
            [
              73.93184210526316,
              18.416052631578946
            ]
          ]
        ]
      },
      "properties": {
        "cell_id": "R02C13",
        "row": 2,
        "col": 13,
        "week": 10,
        "week_label": "Wk10",
        "date_start": "2024-08-03",
        "date_end": "2024-08-09",
        "phase": "post",
        "avg_risk": 0.1599,
        "avg_gt": 0.0008,
        "risk_category": 1,
        "risk_category_label": "Medium"
      }
    },
    {
      "type": "Feature",
      "geometry": {
        "type": "Polygon",
        "coordinates": [
          [
            [
              73.94236842105263,
              18.416052631578946
            ],
            [
              73.95236842105263,
              18.416052631578946
            ],
            [
              73.95236842105263,
              18.426052631578944
            ],
            [
              73.94236842105263,
              18.426052631578944
            ],
            [
              73.94236842105263,
              18.416052631578946
            ]
          ]
        ]
      },
      "properties": {
        "cell_id": "R02C14",
        "row": 2,
        "col": 14,
        "week": 10,
        "week_label": "Wk10",
        "date_start": "2024-08-03",
        "date_end": "2024-08-09",
        "phase": "post",
        "avg_risk": 0.1578,
        "avg_gt": 0.0059,
        "risk_category": 1,
        "risk_category_label": "Medium"
      }
    },
    {
      "type": "Feature",
      "geometry": {
        "type": "Polygon",
        "coordinates": [
          [
            [
              73.95289473684211,
              18.416052631578946
            ],
            [
              73.9628947368421,
              18.416052631578946
            ],
            [
              73.9628947368421,
              18.426052631578944
            ],
            [
              73.95289473684211,
              18.426052631578944
            ],
            [
              73.95289473684211,
              18.416052631578946
            ]
          ]
        ]
      },
      "properties": {
        "cell_id": "R02C15",
        "row": 2,
        "col": 15,
        "week": 10,
        "week_label": "Wk10",
        "date_start": "2024-08-03",
        "date_end": "2024-08-09",
        "phase": "post",
        "avg_risk": 0.1544,
        "avg_gt": 0.0282,
        "risk_category": 1,
        "risk_category_label": "Medium"
      }
    },
    {
      "type": "Feature",
      "geometry": {
        "type": "Polygon",
        "coordinates": [
          [
            [
              73.96342105263159,
              18.416052631578946
            ],
            [
              73.97342105263158,
              18.416052631578946
            ],
            [
              73.97342105263158,
              18.426052631578944
            ],
            [
              73.96342105263159,
              18.426052631578944
            ],
            [
              73.96342105263159,
              18.416052631578946
            ]
          ]
        ]
      },
      "properties": {
        "cell_id": "R02C16",
        "row": 2,
        "col": 16,
        "week": 10,
        "week_label": "Wk10",
        "date_start": "2024-08-03",
        "date_end": "2024-08-09",
        "phase": "post",
        "avg_risk": 0.1525,
        "avg_gt": 0.0856,
        "risk_category": 1,
        "risk_category_label": "Medium"
      }
    },
    {
      "type": "Feature",
      "geometry": {
        "type": "Polygon",
        "coordinates": [
          [
            [
              73.97394736842105,
              18.416052631578946
            ],
            [
              73.98394736842104,
              18.416052631578946
            ],
            [
              73.98394736842104,
              18.426052631578944
            ],
            [
              73.97394736842105,
              18.426052631578944
            ],
            [
              73.97394736842105,
              18.416052631578946
            ]
          ]
        ]
      },
      "properties": {
        "cell_id": "R02C17",
        "row": 2,
        "col": 17,
        "week": 10,
        "week_label": "Wk10",
        "date_start": "2024-08-03",
        "date_end": "2024-08-09",
        "phase": "post",
        "avg_risk": 0.153,
        "avg_gt": 0.1668,
        "risk_category": 1,
        "risk_category_label": "Medium"
      }
    },
    {
      "type": "Feature",
      "geometry": {
        "type": "Polygon",
        "coordinates": [
          [
            [
              73.98447368421053,
              18.416052631578946
            ],
            [
              73.99447368421052,
              18.416052631578946
            ],
            [
              73.99447368421052,
              18.426052631578944
            ],
            [
              73.98447368421053,
              18.426052631578944
            ],
            [
              73.98447368421053,
              18.416052631578946
            ]
          ]
        ]
      },
      "properties": {
        "cell_id": "R02C18",
        "row": 2,
        "col": 18,
        "week": 10,
        "week_label": "Wk10",
        "date_start": "2024-08-03",
        "date_end": "2024-08-09",
        "phase": "post",
        "avg_risk": 0.1565,
        "avg_gt": 0.2083,
        "risk_category": 1,
        "risk_category_label": "Medium"
      }
    },
    {
      "type": "Feature",
      "geometry": {
        "type": "Polygon",
        "coordinates": [
          [
            [
              73.995,
              18.416052631578946
            ],
            [
              74.005,
              18.416052631578946
            ],
            [
              74.005,
              18.426052631578944
            ],
            [
              73.995,
              18.426052631578944
            ],
            [
              73.995,
              18.416052631578946
            ]
          ]
        ]
      },
      "properties": {
        "cell_id": "R02C19",
        "row": 2,
        "col": 19,
        "week": 10,
        "week_label": "Wk10",
        "date_start": "2024-08-03",
        "date_end": "2024-08-09",
        "phase": "post",
        "avg_risk": 0.165,
        "avg_gt": 0.1668,
        "risk_category": 1,
        "risk_category_label": "Medium"
      }
    },
    {
      "type": "Feature",
      "geometry": {
        "type": "Polygon",
        "coordinates": [
          [
            [
              73.795,
              18.42657894736842
            ],
            [
              73.80499999999999,
              18.42657894736842
            ],
            [
              73.80499999999999,
              18.436578947368417
            ],
            [
              73.795,
              18.436578947368417
            ],
            [
              73.795,
              18.42657894736842
            ]
          ]
        ]
      },
      "properties": {
        "cell_id": "R03C00",
        "row": 3,
        "col": 0,
        "week": 10,
        "week_label": "Wk10",
        "date_start": "2024-08-03",
        "date_end": "2024-08-09",
        "phase": "post",
        "avg_risk": 0.1521,
        "avg_gt": 0.0292,
        "risk_category": 1,
        "risk_category_label": "Medium"
      }
    },
    {
      "type": "Feature",
      "geometry": {
        "type": "Polygon",
        "coordinates": [
          [
            [
              73.80552631578948,
              18.42657894736842
            ],
            [
              73.81552631578947,
              18.42657894736842
            ],
            [
              73.81552631578947,
              18.436578947368417
            ],
            [
              73.80552631578948,
              18.436578947368417
            ],
            [
              73.80552631578948,
              18.42657894736842
            ]
          ]
        ]
      },
      "properties": {
        "cell_id": "R03C01",
        "row": 3,
        "col": 1,
        "week": 10,
        "week_label": "Wk10",
        "date_start": "2024-08-03",
        "date_end": "2024-08-09",
        "phase": "post",
        "avg_risk": 0.1501,
        "avg_gt": 0.0702,
        "risk_category": 1,
        "risk_category_label": "Medium"
      }
    },
    {
      "type": "Feature",
      "geometry": {
        "type": "Polygon",
        "coordinates": [
          [
            [
              73.81605263157896,
              18.42657894736842
            ],
            [
              73.82605263157895,
              18.42657894736842
            ],
            [
              73.82605263157895,
              18.436578947368417
            ],
            [
              73.81605263157896,
              18.436578947368417
            ],
            [
              73.81605263157896,
              18.42657894736842
            ]
          ]
        ]
      },
      "properties": {
        "cell_id": "R03C02",
        "row": 3,
        "col": 2,
        "week": 10,
        "week_label": "Wk10",
        "date_start": "2024-08-03",
        "date_end": "2024-08-09",
        "phase": "post",
        "avg_risk": 0.1603,
        "avg_gt": 0.1312,
        "risk_category": 1,
        "risk_category_label": "Medium"
      }
    },
    {
      "type": "Feature",
      "geometry": {
        "type": "Polygon",
        "coordinates": [
          [
            [
              73.82657894736842,
              18.42657894736842
            ],
            [
              73.83657894736841,
              18.42657894736842
            ],
            [
              73.83657894736841,
              18.436578947368417
            ],
            [
              73.82657894736842,
              18.436578947368417
            ],
            [
              73.82657894736842,
              18.42657894736842
            ]
          ]
        ]
      },
      "properties": {
        "cell_id": "R03C03",
        "row": 3,
        "col": 3,
        "week": 10,
        "week_label": "Wk10",
        "date_start": "2024-08-03",
        "date_end": "2024-08-09",
        "phase": "post",
        "avg_risk": 0.1782,
        "avg_gt": 0.1909,
        "risk_category": 1,
        "risk_category_label": "Medium"
      }
    },
    {
      "type": "Feature",
      "geometry": {
        "type": "Polygon",
        "coordinates": [
          [
            [
              73.8371052631579,
              18.42657894736842
            ],
            [
              73.84710526315789,
              18.42657894736842
            ],
            [
              73.84710526315789,
              18.436578947368417
            ],
            [
              73.8371052631579,
              18.436578947368417
            ],
            [
              73.8371052631579,
              18.42657894736842
            ]
          ]
        ]
      },
      "properties": {
        "cell_id": "R03C04",
        "row": 3,
        "col": 4,
        "week": 10,
        "week_label": "Wk10",
        "date_start": "2024-08-03",
        "date_end": "2024-08-09",
        "phase": "post",
        "avg_risk": 0.1962,
        "avg_gt": 0.2163,
        "risk_category": 1,
        "risk_category_label": "Medium"
      }
    },
    {
      "type": "Feature",
      "geometry": {
        "type": "Polygon",
        "coordinates": [
          [
            [
              73.84763157894737,
              18.42657894736842
            ],
            [
              73.85763157894736,
              18.42657894736842
            ],
            [
              73.85763157894736,
              18.436578947368417
            ],
            [
              73.84763157894737,
              18.436578947368417
            ],
            [
              73.84763157894737,
              18.42657894736842
            ]
          ]
        ]
      },
      "properties": {
        "cell_id": "R03C05",
        "row": 3,
        "col": 5,
        "week": 10,
        "week_label": "Wk10",
        "date_start": "2024-08-03",
        "date_end": "2024-08-09",
        "phase": "post",
        "avg_risk": 0.2076,
        "avg_gt": 0.191,
        "risk_category": 1,
        "risk_category_label": "Medium"
      }
    },
    {
      "type": "Feature",
      "geometry": {
        "type": "Polygon",
        "coordinates": [
          [
            [
              73.85815789473685,
              18.42657894736842
            ],
            [
              73.86815789473684,
              18.42657894736842
            ],
            [
              73.86815789473684,
              18.436578947368417
            ],
            [
              73.85815789473685,
              18.436578947368417
            ],
            [
              73.85815789473685,
              18.42657894736842
            ]
          ]
        ]
      },
      "properties": {
        "cell_id": "R03C06",
        "row": 3,
        "col": 6,
        "week": 10,
        "week_label": "Wk10",
        "date_start": "2024-08-03",
        "date_end": "2024-08-09",
        "phase": "post",
        "avg_risk": 0.2106,
        "avg_gt": 0.1314,
        "risk_category": 1,
        "risk_category_label": "Medium"
      }
    },
    {
      "type": "Feature",
      "geometry": {
        "type": "Polygon",
        "coordinates": [
          [
            [
              73.86868421052633,
              18.42657894736842
            ],
            [
              73.87868421052632,
              18.42657894736842
            ],
            [
              73.87868421052632,
              18.436578947368417
            ],
            [
              73.86868421052633,
              18.436578947368417
            ],
            [
              73.86868421052633,
              18.42657894736842
            ]
          ]
        ]
      },
      "properties": {
        "cell_id": "R03C07",
        "row": 3,
        "col": 7,
        "week": 10,
        "week_label": "Wk10",
        "date_start": "2024-08-03",
        "date_end": "2024-08-09",
        "phase": "post",
        "avg_risk": 0.2074,
        "avg_gt": 0.0706,
        "risk_category": 1,
        "risk_category_label": "Medium"
      }
    },
    {
      "type": "Feature",
      "geometry": {
        "type": "Polygon",
        "coordinates": [
          [
            [
              73.87921052631579,
              18.42657894736842
            ],
            [
              73.88921052631578,
              18.42657894736842
            ],
            [
              73.88921052631578,
              18.436578947368417
            ],
            [
              73.87921052631579,
              18.436578947368417
            ],
            [
              73.87921052631579,
              18.42657894736842
            ]
          ]
        ]
      },
      "properties": {
        "cell_id": "R03C08",
        "row": 3,
        "col": 8,
        "week": 10,
        "week_label": "Wk10",
        "date_start": "2024-08-03",
        "date_end": "2024-08-09",
        "phase": "post",
        "avg_risk": 0.2019,
        "avg_gt": 0.0297,
        "risk_category": 1,
        "risk_category_label": "Medium"
      }
    },
    {
      "type": "Feature",
      "geometry": {
        "type": "Polygon",
        "coordinates": [
          [
            [
              73.88973684210526,
              18.42657894736842
            ],
            [
              73.89973684210526,
              18.42657894736842
            ],
            [
              73.89973684210526,
              18.436578947368417
            ],
            [
              73.88973684210526,
              18.436578947368417
            ],
            [
              73.88973684210526,
              18.42657894736842
            ]
          ]
        ]
      },
      "properties": {
        "cell_id": "R03C09",
        "row": 3,
        "col": 9,
        "week": 10,
        "week_label": "Wk10",
        "date_start": "2024-08-03",
        "date_end": "2024-08-09",
        "phase": "post",
        "avg_risk": 0.1954,
        "avg_gt": 0.0099,
        "risk_category": 1,
        "risk_category_label": "Medium"
      }
    },
    {
      "type": "Feature",
      "geometry": {
        "type": "Polygon",
        "coordinates": [
          [
            [
              73.90026315789474,
              18.42657894736842
            ],
            [
              73.91026315789473,
              18.42657894736842
            ],
            [
              73.91026315789473,
              18.436578947368417
            ],
            [
              73.90026315789474,
              18.436578947368417
            ],
            [
              73.90026315789474,
              18.42657894736842
            ]
          ]
        ]
      },
      "properties": {
        "cell_id": "R03C10",
        "row": 3,
        "col": 10,
        "week": 10,
        "week_label": "Wk10",
        "date_start": "2024-08-03",
        "date_end": "2024-08-09",
        "phase": "post",
        "avg_risk": 0.1866,
        "avg_gt": 0.0026,
        "risk_category": 1,
        "risk_category_label": "Medium"
      }
    },
    {
      "type": "Feature",
      "geometry": {
        "type": "Polygon",
        "coordinates": [
          [
            [
              73.91078947368422,
              18.42657894736842
            ],
            [
              73.92078947368421,
              18.42657894736842
            ],
            [
              73.92078947368421,
              18.436578947368417
            ],
            [
              73.91078947368422,
              18.436578947368417
            ],
            [
              73.91078947368422,
              18.42657894736842
            ]
          ]
        ]
      },
      "properties": {
        "cell_id": "R03C11",
        "row": 3,
        "col": 11,
        "week": 10,
        "week_label": "Wk10",
        "date_start": "2024-08-03",
        "date_end": "2024-08-09",
        "phase": "post",
        "avg_risk": 0.1771,
        "avg_gt": 0.0006,
        "risk_category": 1,
        "risk_category_label": "Medium"
      }
    },
    {
      "type": "Feature",
      "geometry": {
        "type": "Polygon",
        "coordinates": [
          [
            [
              73.92131578947368,
              18.42657894736842
            ],
            [
              73.93131578947367,
              18.42657894736842
            ],
            [
              73.93131578947367,
              18.436578947368417
            ],
            [
              73.92131578947368,
              18.436578947368417
            ],
            [
              73.92131578947368,
              18.42657894736842
            ]
          ]
        ]
      },
      "properties": {
        "cell_id": "R03C12",
        "row": 3,
        "col": 12,
        "week": 10,
        "week_label": "Wk10",
        "date_start": "2024-08-03",
        "date_end": "2024-08-09",
        "phase": "post",
        "avg_risk": 0.1714,
        "avg_gt": 0.0002,
        "risk_category": 1,
        "risk_category_label": "Medium"
      }
    },
    {
      "type": "Feature",
      "geometry": {
        "type": "Polygon",
        "coordinates": [
          [
            [
              73.93184210526316,
              18.42657894736842
            ],
            [
              73.94184210526315,
              18.42657894736842
            ],
            [
              73.94184210526315,
              18.436578947368417
            ],
            [
              73.93184210526316,
              18.436578947368417
            ],
            [
              73.93184210526316,
              18.42657894736842
            ]
          ]
        ]
      },
      "properties": {
        "cell_id": "R03C13",
        "row": 3,
        "col": 13,
        "week": 10,
        "week_label": "Wk10",
        "date_start": "2024-08-03",
        "date_end": "2024-08-09",
        "phase": "post",
        "avg_risk": 0.1672,
        "avg_gt": 0.0006,
        "risk_category": 1,
        "risk_category_label": "Medium"
      }
    },
    {
      "type": "Feature",
      "geometry": {
        "type": "Polygon",
        "coordinates": [
          [
            [
              73.94236842105263,
              18.42657894736842
            ],
            [
              73.95236842105263,
              18.42657894736842
            ],
            [
              73.95236842105263,
              18.436578947368417
            ],
            [
              73.94236842105263,
              18.436578947368417
            ],
            [
              73.94236842105263,
              18.42657894736842
            ]
          ]
        ]
      },
      "properties": {
        "cell_id": "R03C14",
        "row": 3,
        "col": 14,
        "week": 10,
        "week_label": "Wk10",
        "date_start": "2024-08-03",
        "date_end": "2024-08-09",
        "phase": "post",
        "avg_risk": 0.1608,
        "avg_gt": 0.0047,
        "risk_category": 1,
        "risk_category_label": "Medium"
      }
    },
    {
      "type": "Feature",
      "geometry": {
        "type": "Polygon",
        "coordinates": [
          [
            [
              73.95289473684211,
              18.42657894736842
            ],
            [
              73.9628947368421,
              18.42657894736842
            ],
            [
              73.9628947368421,
              18.436578947368417
            ],
            [
              73.95289473684211,
              18.436578947368417
            ],
            [
              73.95289473684211,
              18.42657894736842
            ]
          ]
        ]
      },
      "properties": {
        "cell_id": "R03C15",
        "row": 3,
        "col": 15,
        "week": 10,
        "week_label": "Wk10",
        "date_start": "2024-08-03",
        "date_end": "2024-08-09",
        "phase": "post",
        "avg_risk": 0.1544,
        "avg_gt": 0.0225,
        "risk_category": 1,
        "risk_category_label": "Medium"
      }
    },
    {
      "type": "Feature",
      "geometry": {
        "type": "Polygon",
        "coordinates": [
          [
            [
              73.96342105263159,
              18.42657894736842
            ],
            [
              73.97342105263158,
              18.42657894736842
            ],
            [
              73.97342105263158,
              18.436578947368417
            ],
            [
              73.96342105263159,
              18.436578947368417
            ],
            [
              73.96342105263159,
              18.42657894736842
            ]
          ]
        ]
      },
      "properties": {
        "cell_id": "R03C16",
        "row": 3,
        "col": 16,
        "week": 10,
        "week_label": "Wk10",
        "date_start": "2024-08-03",
        "date_end": "2024-08-09",
        "phase": "post",
        "avg_risk": 0.1509,
        "avg_gt": 0.0685,
        "risk_category": 1,
        "risk_category_label": "Medium"
      }
    },
    {
      "type": "Feature",
      "geometry": {
        "type": "Polygon",
        "coordinates": [
          [
            [
              73.97394736842105,
              18.42657894736842
            ],
            [
              73.98394736842104,
              18.42657894736842
            ],
            [
              73.98394736842104,
              18.436578947368417
            ],
            [
              73.97394736842105,
              18.436578947368417
            ],
            [
              73.97394736842105,
              18.42657894736842
            ]
          ]
        ]
      },
      "properties": {
        "cell_id": "R03C17",
        "row": 3,
        "col": 17,
        "week": 10,
        "week_label": "Wk10",
        "date_start": "2024-08-03",
        "date_end": "2024-08-09",
        "phase": "post",
        "avg_risk": 0.1507,
        "avg_gt": 0.1335,
        "risk_category": 1,
        "risk_category_label": "Medium"
      }
    },
    {
      "type": "Feature",
      "geometry": {
        "type": "Polygon",
        "coordinates": [
          [
            [
              73.98447368421053,
              18.42657894736842
            ],
            [
              73.99447368421052,
              18.42657894736842
            ],
            [
              73.99447368421052,
              18.436578947368417
            ],
            [
              73.98447368421053,
              18.436578947368417
            ],
            [
              73.98447368421053,
              18.42657894736842
            ]
          ]
        ]
      },
      "properties": {
        "cell_id": "R03C18",
        "row": 3,
        "col": 18,
        "week": 10,
        "week_label": "Wk10",
        "date_start": "2024-08-03",
        "date_end": "2024-08-09",
        "phase": "post",
        "avg_risk": 0.1541,
        "avg_gt": 0.1668,
        "risk_category": 1,
        "risk_category_label": "Medium"
      }
    },
    {
      "type": "Feature",
      "geometry": {
        "type": "Polygon",
        "coordinates": [
          [
            [
              73.995,
              18.42657894736842
            ],
            [
              74.005,
              18.42657894736842
            ],
            [
              74.005,
              18.436578947368417
            ],
            [
              73.995,
              18.436578947368417
            ],
            [
              73.995,
              18.42657894736842
            ]
          ]
        ]
      },
      "properties": {
        "cell_id": "R03C19",
        "row": 3,
        "col": 19,
        "week": 10,
        "week_label": "Wk10",
        "date_start": "2024-08-03",
        "date_end": "2024-08-09",
        "phase": "post",
        "avg_risk": 0.1627,
        "avg_gt": 0.1335,
        "risk_category": 1,
        "risk_category_label": "Medium"
      }
    },
    {
      "type": "Feature",
      "geometry": {
        "type": "Polygon",
        "coordinates": [
          [
            [
              73.795,
              18.437105263157896
            ],
            [
              73.80499999999999,
              18.437105263157896
            ],
            [
              73.80499999999999,
              18.447105263157894
            ],
            [
              73.795,
              18.447105263157894
            ],
            [
              73.795,
              18.437105263157896
            ]
          ]
        ]
      },
      "properties": {
        "cell_id": "R04C00",
        "row": 4,
        "col": 0,
        "week": 10,
        "week_label": "Wk10",
        "date_start": "2024-08-03",
        "date_end": "2024-08-09",
        "phase": "post",
        "avg_risk": 0.1595,
        "avg_gt": 0.0331,
        "risk_category": 1,
        "risk_category_label": "Medium"
      }
    },
    {
      "type": "Feature",
      "geometry": {
        "type": "Polygon",
        "coordinates": [
          [
            [
              73.80552631578948,
              18.437105263157896
            ],
            [
              73.81552631578947,
              18.437105263157896
            ],
            [
              73.81552631578947,
              18.447105263157894
            ],
            [
              73.80552631578948,
              18.447105263157894
            ],
            [
              73.80552631578948,
              18.437105263157896
            ]
          ]
        ]
      },
      "properties": {
        "cell_id": "R04C01",
        "row": 4,
        "col": 1,
        "week": 10,
        "week_label": "Wk10",
        "date_start": "2024-08-03",
        "date_end": "2024-08-09",
        "phase": "post",
        "avg_risk": 0.1621,
        "avg_gt": 0.0795,
        "risk_category": 1,
        "risk_category_label": "Medium"
      }
    },
    {
      "type": "Feature",
      "geometry": {
        "type": "Polygon",
        "coordinates": [
          [
            [
              73.81605263157896,
              18.437105263157896
            ],
            [
              73.82605263157895,
              18.437105263157896
            ],
            [
              73.82605263157895,
              18.447105263157894
            ],
            [
              73.81605263157896,
              18.447105263157894
            ],
            [
              73.81605263157896,
              18.437105263157896
            ]
          ]
        ]
      },
      "properties": {
        "cell_id": "R04C02",
        "row": 4,
        "col": 2,
        "week": 10,
        "week_label": "Wk10",
        "date_start": "2024-08-03",
        "date_end": "2024-08-09",
        "phase": "post",
        "avg_risk": 0.1798,
        "avg_gt": 0.1487,
        "risk_category": 1,
        "risk_category_label": "Medium"
      }
    },
    {
      "type": "Feature",
      "geometry": {
        "type": "Polygon",
        "coordinates": [
          [
            [
              73.82657894736842,
              18.437105263157896
            ],
            [
              73.83657894736841,
              18.437105263157896
            ],
            [
              73.83657894736841,
              18.447105263157894
            ],
            [
              73.82657894736842,
              18.447105263157894
            ],
            [
              73.82657894736842,
              18.437105263157896
            ]
          ]
        ]
      },
      "properties": {
        "cell_id": "R04C03",
        "row": 4,
        "col": 3,
        "week": 10,
        "week_label": "Wk10",
        "date_start": "2024-08-03",
        "date_end": "2024-08-09",
        "phase": "post",
        "avg_risk": 0.2046,
        "avg_gt": 0.2164,
        "risk_category": 1,
        "risk_category_label": "Medium"
      }
    },
    {
      "type": "Feature",
      "geometry": {
        "type": "Polygon",
        "coordinates": [
          [
            [
              73.8371052631579,
              18.437105263157896
            ],
            [
              73.84710526315789,
              18.437105263157896
            ],
            [
              73.84710526315789,
              18.447105263157894
            ],
            [
              73.8371052631579,
              18.447105263157894
            ],
            [
              73.8371052631579,
              18.437105263157896
            ]
          ]
        ]
      },
      "properties": {
        "cell_id": "R04C04",
        "row": 4,
        "col": 4,
        "week": 10,
        "week_label": "Wk10",
        "date_start": "2024-08-03",
        "date_end": "2024-08-09",
        "phase": "post",
        "avg_risk": 0.2256,
        "avg_gt": 0.2454,
        "risk_category": 1,
        "risk_category_label": "Medium"
      }
    },
    {
      "type": "Feature",
      "geometry": {
        "type": "Polygon",
        "coordinates": [
          [
            [
              73.84763157894737,
              18.437105263157896
            ],
            [
              73.85763157894736,
              18.437105263157896
            ],
            [
              73.85763157894736,
              18.447105263157894
            ],
            [
              73.84763157894737,
              18.447105263157894
            ],
            [
              73.84763157894737,
              18.437105263157896
            ]
          ]
        ]
      },
      "properties": {
        "cell_id": "R04C05",
        "row": 4,
        "col": 5,
        "week": 10,
        "week_label": "Wk10",
        "date_start": "2024-08-03",
        "date_end": "2024-08-09",
        "phase": "post",
        "avg_risk": 0.2354,
        "avg_gt": 0.217,
        "risk_category": 1,
        "risk_category_label": "Medium"
      }
    },
    {
      "type": "Feature",
      "geometry": {
        "type": "Polygon",
        "coordinates": [
          [
            [
              73.85815789473685,
              18.437105263157896
            ],
            [
              73.86815789473684,
              18.437105263157896
            ],
            [
              73.86815789473684,
              18.447105263157894
            ],
            [
              73.85815789473685,
              18.447105263157894
            ],
            [
              73.85815789473685,
              18.437105263157896
            ]
          ]
        ]
      },
      "properties": {
        "cell_id": "R04C06",
        "row": 4,
        "col": 6,
        "week": 10,
        "week_label": "Wk10",
        "date_start": "2024-08-03",
        "date_end": "2024-08-09",
        "phase": "post",
        "avg_risk": 0.2341,
        "avg_gt": 0.15,
        "risk_category": 1,
        "risk_category_label": "Medium"
      }
    },
    {
      "type": "Feature",
      "geometry": {
        "type": "Polygon",
        "coordinates": [
          [
            [
              73.86868421052633,
              18.437105263157896
            ],
            [
              73.87868421052632,
              18.437105263157896
            ],
            [
              73.87868421052632,
              18.447105263157894
            ],
            [
              73.86868421052633,
              18.447105263157894
            ],
            [
              73.86868421052633,
              18.437105263157896
            ]
          ]
        ]
      },
      "properties": {
        "cell_id": "R04C07",
        "row": 4,
        "col": 7,
        "week": 10,
        "week_label": "Wk10",
        "date_start": "2024-08-03",
        "date_end": "2024-08-09",
        "phase": "post",
        "avg_risk": 0.2269,
        "avg_gt": 0.0816,
        "risk_category": 1,
        "risk_category_label": "Medium"
      }
    },
    {
      "type": "Feature",
      "geometry": {
        "type": "Polygon",
        "coordinates": [
          [
            [
              73.87921052631579,
              18.437105263157896
            ],
            [
              73.88921052631578,
              18.437105263157896
            ],
            [
              73.88921052631578,
              18.447105263157894
            ],
            [
              73.87921052631579,
              18.447105263157894
            ],
            [
              73.87921052631579,
              18.437105263157896
            ]
          ]
        ]
      },
      "properties": {
        "cell_id": "R04C08",
        "row": 4,
        "col": 8,
        "week": 10,
        "week_label": "Wk10",
        "date_start": "2024-08-03",
        "date_end": "2024-08-09",
        "phase": "post",
        "avg_risk": 0.2193,
        "avg_gt": 0.0354,
        "risk_category": 1,
        "risk_category_label": "Medium"
      }
    },
    {
      "type": "Feature",
      "geometry": {
        "type": "Polygon",
        "coordinates": [
          [
            [
              73.88973684210526,
              18.437105263157896
            ],
            [
              73.89973684210526,
              18.437105263157896
            ],
            [
              73.89973684210526,
              18.447105263157894
            ],
            [
              73.88973684210526,
              18.447105263157894
            ],
            [
              73.88973684210526,
              18.437105263157896
            ]
          ]
        ]
      },
      "properties": {
        "cell_id": "R04C09",
        "row": 4,
        "col": 9,
        "week": 10,
        "week_label": "Wk10",
        "date_start": "2024-08-03",
        "date_end": "2024-08-09",
        "phase": "post",
        "avg_risk": 0.2143,
        "avg_gt": 0.0128,
        "risk_category": 1,
        "risk_category_label": "Medium"
      }
    },
    {
      "type": "Feature",
      "geometry": {
        "type": "Polygon",
        "coordinates": [
          [
            [
              73.90026315789474,
              18.437105263157896
            ],
            [
              73.91026315789473,
              18.437105263157896
            ],
            [
              73.91026315789473,
              18.447105263157894
            ],
            [
              73.90026315789474,
              18.447105263157894
            ],
            [
              73.90026315789474,
              18.437105263157896
            ]
          ]
        ]
      },
      "properties": {
        "cell_id": "R04C10",
        "row": 4,
        "col": 10,
        "week": 10,
        "week_label": "Wk10",
        "date_start": "2024-08-03",
        "date_end": "2024-08-09",
        "phase": "post",
        "avg_risk": 0.2101,
        "avg_gt": 0.0041,
        "risk_category": 1,
        "risk_category_label": "Medium"
      }
    },
    {
      "type": "Feature",
      "geometry": {
        "type": "Polygon",
        "coordinates": [
          [
            [
              73.91078947368422,
              18.437105263157896
            ],
            [
              73.92078947368421,
              18.437105263157896
            ],
            [
              73.92078947368421,
              18.447105263157894
            ],
            [
              73.91078947368422,
              18.447105263157894
            ],
            [
              73.91078947368422,
              18.437105263157896
            ]
          ]
        ]
      },
      "properties": {
        "cell_id": "R04C11",
        "row": 4,
        "col": 11,
        "week": 10,
        "week_label": "Wk10",
        "date_start": "2024-08-03",
        "date_end": "2024-08-09",
        "phase": "post",
        "avg_risk": 0.2032,
        "avg_gt": 0.0012,
        "risk_category": 1,
        "risk_category_label": "Medium"
      }
    },
    {
      "type": "Feature",
      "geometry": {
        "type": "Polygon",
        "coordinates": [
          [
            [
              73.92131578947368,
              18.437105263157896
            ],
            [
              73.93131578947367,
              18.437105263157896
            ],
            [
              73.93131578947367,
              18.447105263157894
            ],
            [
              73.92131578947368,
              18.447105263157894
            ],
            [
              73.92131578947368,
              18.437105263157896
            ]
          ]
        ]
      },
      "properties": {
        "cell_id": "R04C12",
        "row": 4,
        "col": 12,
        "week": 10,
        "week_label": "Wk10",
        "date_start": "2024-08-03",
        "date_end": "2024-08-09",
        "phase": "post",
        "avg_risk": 0.1943,
        "avg_gt": 0.0004,
        "risk_category": 1,
        "risk_category_label": "Medium"
      }
    },
    {
      "type": "Feature",
      "geometry": {
        "type": "Polygon",
        "coordinates": [
          [
            [
              73.93184210526316,
              18.437105263157896
            ],
            [
              73.94184210526315,
              18.437105263157896
            ],
            [
              73.94184210526315,
              18.447105263157894
            ],
            [
              73.93184210526316,
              18.447105263157894
            ],
            [
              73.93184210526316,
              18.437105263157896
            ]
          ]
        ]
      },
      "properties": {
        "cell_id": "R04C13",
        "row": 4,
        "col": 13,
        "week": 10,
        "week_label": "Wk10",
        "date_start": "2024-08-03",
        "date_end": "2024-08-09",
        "phase": "post",
        "avg_risk": 0.1837,
        "avg_gt": 0.0004,
        "risk_category": 1,
        "risk_category_label": "Medium"
      }
    },
    {
      "type": "Feature",
      "geometry": {
        "type": "Polygon",
        "coordinates": [
          [
            [
              73.94236842105263,
              18.437105263157896
            ],
            [
              73.95236842105263,
              18.437105263157896
            ],
            [
              73.95236842105263,
              18.447105263157894
            ],
            [
              73.94236842105263,
              18.447105263157894
            ],
            [
              73.94236842105263,
              18.437105263157896
            ]
          ]
        ]
      },
      "properties": {
        "cell_id": "R04C14",
        "row": 4,
        "col": 14,
        "week": 10,
        "week_label": "Wk10",
        "date_start": "2024-08-03",
        "date_end": "2024-08-09",
        "phase": "post",
        "avg_risk": 0.1705,
        "avg_gt": 0.0024,
        "risk_category": 1,
        "risk_category_label": "Medium"
      }
    },
    {
      "type": "Feature",
      "geometry": {
        "type": "Polygon",
        "coordinates": [
          [
            [
              73.95289473684211,
              18.437105263157896
            ],
            [
              73.9628947368421,
              18.437105263157896
            ],
            [
              73.9628947368421,
              18.447105263157894
            ],
            [
              73.95289473684211,
              18.447105263157894
            ],
            [
              73.95289473684211,
              18.437105263157896
            ]
          ]
        ]
      },
      "properties": {
        "cell_id": "R04C15",
        "row": 4,
        "col": 15,
        "week": 10,
        "week_label": "Wk10",
        "date_start": "2024-08-03",
        "date_end": "2024-08-09",
        "phase": "post",
        "avg_risk": 0.1586,
        "avg_gt": 0.0116,
        "risk_category": 1,
        "risk_category_label": "Medium"
      }
    },
    {
      "type": "Feature",
      "geometry": {
        "type": "Polygon",
        "coordinates": [
          [
            [
              73.96342105263159,
              18.437105263157896
            ],
            [
              73.97342105263158,
              18.437105263157896
            ],
            [
              73.97342105263158,
              18.447105263157894
            ],
            [
              73.96342105263159,
              18.447105263157894
            ],
            [
              73.96342105263159,
              18.437105263157896
            ]
          ]
        ]
      },
      "properties": {
        "cell_id": "R04C16",
        "row": 4,
        "col": 16,
        "week": 10,
        "week_label": "Wk10",
        "date_start": "2024-08-03",
        "date_end": "2024-08-09",
        "phase": "post",
        "avg_risk": 0.1513,
        "avg_gt": 0.0352,
        "risk_category": 1,
        "risk_category_label": "Medium"
      }
    },
    {
      "type": "Feature",
      "geometry": {
        "type": "Polygon",
        "coordinates": [
          [
            [
              73.97394736842105,
              18.437105263157896
            ],
            [
              73.98394736842104,
              18.437105263157896
            ],
            [
              73.98394736842104,
              18.447105263157894
            ],
            [
              73.97394736842105,
              18.447105263157894
            ],
            [
              73.97394736842105,
              18.437105263157896
            ]
          ]
        ]
      },
      "properties": {
        "cell_id": "R04C17",
        "row": 4,
        "col": 17,
        "week": 10,
        "week_label": "Wk10",
        "date_start": "2024-08-03",
        "date_end": "2024-08-09",
        "phase": "post",
        "avg_risk": 0.149,
        "avg_gt": 0.0685,
        "risk_category": 0,
        "risk_category_label": "Low"
      }
    },
    {
      "type": "Feature",
      "geometry": {
        "type": "Polygon",
        "coordinates": [
          [
            [
              73.98447368421053,
              18.437105263157896
            ],
            [
              73.99447368421052,
              18.437105263157896
            ],
            [
              73.99447368421052,
              18.447105263157894
            ],
            [
              73.98447368421053,
              18.447105263157894
            ],
            [
              73.98447368421053,
              18.437105263157896
            ]
          ]
        ]
      },
      "properties": {
        "cell_id": "R04C18",
        "row": 4,
        "col": 18,
        "week": 10,
        "week_label": "Wk10",
        "date_start": "2024-08-03",
        "date_end": "2024-08-09",
        "phase": "post",
        "avg_risk": 0.1517,
        "avg_gt": 0.0856,
        "risk_category": 1,
        "risk_category_label": "Medium"
      }
    },
    {
      "type": "Feature",
      "geometry": {
        "type": "Polygon",
        "coordinates": [
          [
            [
              73.995,
              18.437105263157896
            ],
            [
              74.005,
              18.437105263157896
            ],
            [
              74.005,
              18.447105263157894
            ],
            [
              73.995,
              18.447105263157894
            ],
            [
              73.995,
              18.437105263157896
            ]
          ]
        ]
      },
      "properties": {
        "cell_id": "R04C19",
        "row": 4,
        "col": 19,
        "week": 10,
        "week_label": "Wk10",
        "date_start": "2024-08-03",
        "date_end": "2024-08-09",
        "phase": "post",
        "avg_risk": 0.1605,
        "avg_gt": 0.0685,
        "risk_category": 1,
        "risk_category_label": "Medium"
      }
    },
    {
      "type": "Feature",
      "geometry": {
        "type": "Polygon",
        "coordinates": [
          [
            [
              73.795,
              18.44763157894737
            ],
            [
              73.80499999999999,
              18.44763157894737
            ],
            [
              73.80499999999999,
              18.457631578947368
            ],
            [
              73.795,
              18.457631578947368
            ],
            [
              73.795,
              18.44763157894737
            ]
          ]
        ]
      },
      "properties": {
        "cell_id": "R05C00",
        "row": 5,
        "col": 0,
        "week": 10,
        "week_label": "Wk10",
        "date_start": "2024-08-03",
        "date_end": "2024-08-09",
        "phase": "post",
        "avg_risk": 0.1672,
        "avg_gt": 0.0292,
        "risk_category": 1,
        "risk_category_label": "Medium"
      }
    },
    {
      "type": "Feature",
      "geometry": {
        "type": "Polygon",
        "coordinates": [
          [
            [
              73.80552631578948,
              18.44763157894737
            ],
            [
              73.81552631578947,
              18.44763157894737
            ],
            [
              73.81552631578947,
              18.457631578947368
            ],
            [
              73.80552631578948,
              18.457631578947368
            ],
            [
              73.80552631578948,
              18.44763157894737
            ]
          ]
        ]
      },
      "properties": {
        "cell_id": "R05C01",
        "row": 5,
        "col": 1,
        "week": 10,
        "week_label": "Wk10",
        "date_start": "2024-08-03",
        "date_end": "2024-08-09",
        "phase": "post",
        "avg_risk": 0.1776,
        "avg_gt": 0.0702,
        "risk_category": 1,
        "risk_category_label": "Medium"
      }
    },
    {
      "type": "Feature",
      "geometry": {
        "type": "Polygon",
        "coordinates": [
          [
            [
              73.81605263157896,
              18.44763157894737
            ],
            [
              73.82605263157895,
              18.44763157894737
            ],
            [
              73.82605263157895,
              18.457631578947368
            ],
            [
              73.81605263157896,
              18.457631578947368
            ],
            [
              73.81605263157896,
              18.44763157894737
            ]
          ]
        ]
      },
      "properties": {
        "cell_id": "R05C02",
        "row": 5,
        "col": 2,
        "week": 10,
        "week_label": "Wk10",
        "date_start": "2024-08-03",
        "date_end": "2024-08-09",
        "phase": "post",
        "avg_risk": 0.2015,
        "avg_gt": 0.1313,
        "risk_category": 1,
        "risk_category_label": "Medium"
      }
    },
    {
      "type": "Feature",
      "geometry": {
        "type": "Polygon",
        "coordinates": [
          [
            [
              73.82657894736842,
              18.44763157894737
            ],
            [
              73.83657894736841,
              18.44763157894737
            ],
            [
              73.83657894736841,
              18.457631578947368
            ],
            [
              73.82657894736842,
              18.457631578947368
            ],
            [
              73.82657894736842,
              18.44763157894737
            ]
          ]
        ]
      },
      "properties": {
        "cell_id": "R05C03",
        "row": 5,
        "col": 3,
        "week": 10,
        "week_label": "Wk10",
        "date_start": "2024-08-03",
        "date_end": "2024-08-09",
        "phase": "post",
        "avg_risk": 0.2279,
        "avg_gt": 0.1913,
        "risk_category": 1,
        "risk_category_label": "Medium"
      }
    },
    {
      "type": "Feature",
      "geometry": {
        "type": "Polygon",
        "coordinates": [
          [
            [
              73.8371052631579,
              18.44763157894737
            ],
            [
              73.84710526315789,
              18.44763157894737
            ],
            [
              73.84710526315789,
              18.457631578947368
            ],
            [
              73.8371052631579,
              18.457631578947368
            ],
            [
              73.8371052631579,
              18.44763157894737
            ]
          ]
        ]
      },
      "properties": {
        "cell_id": "R05C04",
        "row": 5,
        "col": 4,
        "week": 10,
        "week_label": "Wk10",
        "date_start": "2024-08-03",
        "date_end": "2024-08-09",
        "phase": "post",
        "avg_risk": 0.2446,
        "avg_gt": 0.2175,
        "risk_category": 1,
        "risk_category_label": "Medium"
      }
    },
    {
      "type": "Feature",
      "geometry": {
        "type": "Polygon",
        "coordinates": [
          [
            [
              73.84763157894737,
              18.44763157894737
            ],
            [
              73.85763157894736,
              18.44763157894737
            ],
            [
              73.85763157894736,
              18.457631578947368
            ],
            [
              73.84763157894737,
              18.457631578947368
            ],
            [
              73.84763157894737,
              18.44763157894737
            ]
          ]
        ]
      },
      "properties": {
        "cell_id": "R05C05",
        "row": 5,
        "col": 5,
        "week": 10,
        "week_label": "Wk10",
        "date_start": "2024-08-03",
        "date_end": "2024-08-09",
        "phase": "post",
        "avg_risk": 0.2473,
        "avg_gt": 0.1938,
        "risk_category": 1,
        "risk_category_label": "Medium"
      }
    },
    {
      "type": "Feature",
      "geometry": {
        "type": "Polygon",
        "coordinates": [
          [
            [
              73.85815789473685,
              18.44763157894737
            ],
            [
              73.86815789473684,
              18.44763157894737
            ],
            [
              73.86815789473684,
              18.457631578947368
            ],
            [
              73.85815789473685,
              18.457631578947368
            ],
            [
              73.85815789473685,
              18.44763157894737
            ]
          ]
        ]
      },
      "properties": {
        "cell_id": "R05C06",
        "row": 5,
        "col": 6,
        "week": 10,
        "week_label": "Wk10",
        "date_start": "2024-08-03",
        "date_end": "2024-08-09",
        "phase": "post",
        "avg_risk": 0.2398,
        "avg_gt": 0.1367,
        "risk_category": 1,
        "risk_category_label": "Medium"
      }
    },
    {
      "type": "Feature",
      "geometry": {
        "type": "Polygon",
        "coordinates": [
          [
            [
              73.86868421052633,
              18.44763157894737
            ],
            [
              73.87868421052632,
              18.44763157894737
            ],
            [
              73.87868421052632,
              18.457631578947368
            ],
            [
              73.86868421052633,
              18.457631578947368
            ],
            [
              73.86868421052633,
              18.44763157894737
            ]
          ]
        ]
      },
      "properties": {
        "cell_id": "R05C07",
        "row": 5,
        "col": 7,
        "week": 10,
        "week_label": "Wk10",
        "date_start": "2024-08-03",
        "date_end": "2024-08-09",
        "phase": "post",
        "avg_risk": 0.229,
        "avg_gt": 0.0783,
        "risk_category": 1,
        "risk_category_label": "Medium"
      }
    },
    {
      "type": "Feature",
      "geometry": {
        "type": "Polygon",
        "coordinates": [
          [
            [
              73.87921052631579,
              18.44763157894737
            ],
            [
              73.88921052631578,
              18.44763157894737
            ],
            [
              73.88921052631578,
              18.457631578947368
            ],
            [
              73.87921052631579,
              18.457631578947368
            ],
            [
              73.87921052631579,
              18.44763157894737
            ]
          ]
        ]
      },
      "properties": {
        "cell_id": "R05C08",
        "row": 5,
        "col": 8,
        "week": 10,
        "week_label": "Wk10",
        "date_start": "2024-08-03",
        "date_end": "2024-08-09",
        "phase": "post",
        "avg_risk": 0.2214,
        "avg_gt": 0.0384,
        "risk_category": 1,
        "risk_category_label": "Medium"
      }
    },
    {
      "type": "Feature",
      "geometry": {
        "type": "Polygon",
        "coordinates": [
          [
            [
              73.88973684210526,
              18.44763157894737
            ],
            [
              73.89973684210526,
              18.44763157894737
            ],
            [
              73.89973684210526,
              18.457631578947368
            ],
            [
              73.88973684210526,
              18.457631578947368
            ],
            [
              73.88973684210526,
              18.44763157894737
            ]
          ]
        ]
      },
      "properties": {
        "cell_id": "R05C09",
        "row": 5,
        "col": 9,
        "week": 10,
        "week_label": "Wk10",
        "date_start": "2024-08-03",
        "date_end": "2024-08-09",
        "phase": "post",
        "avg_risk": 0.2201,
        "avg_gt": 0.0175,
        "risk_category": 1,
        "risk_category_label": "Medium"
      }
    },
    {
      "type": "Feature",
      "geometry": {
        "type": "Polygon",
        "coordinates": [
          [
            [
              73.90026315789474,
              18.44763157894737
            ],
            [
              73.91026315789473,
              18.44763157894737
            ],
            [
              73.91026315789473,
              18.457631578947368
            ],
            [
              73.90026315789474,
              18.457631578947368
            ],
            [
              73.90026315789474,
              18.44763157894737
            ]
          ]
        ]
      },
      "properties": {
        "cell_id": "R05C10",
        "row": 5,
        "col": 10,
        "week": 10,
        "week_label": "Wk10",
        "date_start": "2024-08-03",
        "date_end": "2024-08-09",
        "phase": "post",
        "avg_risk": 0.2234,
        "avg_gt": 0.0079,
        "risk_category": 1,
        "risk_category_label": "Medium"
      }
    },
    {
      "type": "Feature",
      "geometry": {
        "type": "Polygon",
        "coordinates": [
          [
            [
              73.91078947368422,
              18.44763157894737
            ],
            [
              73.92078947368421,
              18.44763157894737
            ],
            [
              73.92078947368421,
              18.457631578947368
            ],
            [
              73.91078947368422,
              18.457631578947368
            ],
            [
              73.91078947368422,
              18.44763157894737
            ]
          ]
        ]
      },
      "properties": {
        "cell_id": "R05C11",
        "row": 5,
        "col": 11,
        "week": 10,
        "week_label": "Wk10",
        "date_start": "2024-08-03",
        "date_end": "2024-08-09",
        "phase": "post",
        "avg_risk": 0.2254,
        "avg_gt": 0.0034,
        "risk_category": 1,
        "risk_category_label": "Medium"
      }
    },
    {
      "type": "Feature",
      "geometry": {
        "type": "Polygon",
        "coordinates": [
          [
            [
              73.92131578947368,
              18.44763157894737
            ],
            [
              73.93131578947367,
              18.44763157894737
            ],
            [
              73.93131578947367,
              18.457631578947368
            ],
            [
              73.92131578947368,
              18.457631578947368
            ],
            [
              73.92131578947368,
              18.44763157894737
            ]
          ]
        ]
      },
      "properties": {
        "cell_id": "R05C12",
        "row": 5,
        "col": 12,
        "week": 10,
        "week_label": "Wk10",
        "date_start": "2024-08-03",
        "date_end": "2024-08-09",
        "phase": "post",
        "avg_risk": 0.221,
        "avg_gt": 0.0013,
        "risk_category": 1,
        "risk_category_label": "Medium"
      }
    },
    {
      "type": "Feature",
      "geometry": {
        "type": "Polygon",
        "coordinates": [
          [
            [
              73.93184210526316,
              18.44763157894737
            ],
            [
              73.94184210526315,
              18.44763157894737
            ],
            [
              73.94184210526315,
              18.457631578947368
            ],
            [
              73.93184210526316,
              18.457631578947368
            ],
            [
              73.93184210526316,
              18.44763157894737
            ]
          ]
        ]
      },
      "properties": {
        "cell_id": "R05C13",
        "row": 5,
        "col": 13,
        "week": 10,
        "week_label": "Wk10",
        "date_start": "2024-08-03",
        "date_end": "2024-08-09",
        "phase": "post",
        "avg_risk": 0.2086,
        "avg_gt": 0.0005,
        "risk_category": 1,
        "risk_category_label": "Medium"
      }
    },
    {
      "type": "Feature",
      "geometry": {
        "type": "Polygon",
        "coordinates": [
          [
            [
              73.94236842105263,
              18.44763157894737
            ],
            [
              73.95236842105263,
              18.44763157894737
            ],
            [
              73.95236842105263,
              18.457631578947368
            ],
            [
              73.94236842105263,
              18.457631578947368
            ],
            [
              73.94236842105263,
              18.44763157894737
            ]
          ]
        ]
      },
      "properties": {
        "cell_id": "R05C14",
        "row": 5,
        "col": 14,
        "week": 10,
        "week_label": "Wk10",
        "date_start": "2024-08-03",
        "date_end": "2024-08-09",
        "phase": "post",
        "avg_risk": 0.1893,
        "avg_gt": 0.0009,
        "risk_category": 1,
        "risk_category_label": "Medium"
      }
    },
    {
      "type": "Feature",
      "geometry": {
        "type": "Polygon",
        "coordinates": [
          [
            [
              73.95289473684211,
              18.44763157894737
            ],
            [
              73.9628947368421,
              18.44763157894737
            ],
            [
              73.9628947368421,
              18.457631578947368
            ],
            [
              73.95289473684211,
              18.457631578947368
            ],
            [
              73.95289473684211,
              18.44763157894737
            ]
          ]
        ]
      },
      "properties": {
        "cell_id": "R05C15",
        "row": 5,
        "col": 15,
        "week": 10,
        "week_label": "Wk10",
        "date_start": "2024-08-03",
        "date_end": "2024-08-09",
        "phase": "post",
        "avg_risk": 0.17,
        "avg_gt": 0.0038,
        "risk_category": 1,
        "risk_category_label": "Medium"
      }
    },
    {
      "type": "Feature",
      "geometry": {
        "type": "Polygon",
        "coordinates": [
          [
            [
              73.96342105263159,
              18.44763157894737
            ],
            [
              73.97342105263158,
              18.44763157894737
            ],
            [
              73.97342105263158,
              18.457631578947368
            ],
            [
              73.96342105263159,
              18.457631578947368
            ],
            [
              73.96342105263159,
              18.44763157894737
            ]
          ]
        ]
      },
      "properties": {
        "cell_id": "R05C16",
        "row": 5,
        "col": 16,
        "week": 10,
        "week_label": "Wk10",
        "date_start": "2024-08-03",
        "date_end": "2024-08-09",
        "phase": "post",
        "avg_risk": 0.1564,
        "avg_gt": 0.0116,
        "risk_category": 1,
        "risk_category_label": "Medium"
      }
    },
    {
      "type": "Feature",
      "geometry": {
        "type": "Polygon",
        "coordinates": [
          [
            [
              73.97394736842105,
              18.44763157894737
            ],
            [
              73.98394736842104,
              18.44763157894737
            ],
            [
              73.98394736842104,
              18.457631578947368
            ],
            [
              73.97394736842105,
              18.457631578947368
            ],
            [
              73.97394736842105,
              18.44763157894737
            ]
          ]
        ]
      },
      "properties": {
        "cell_id": "R05C17",
        "row": 5,
        "col": 17,
        "week": 10,
        "week_label": "Wk10",
        "date_start": "2024-08-03",
        "date_end": "2024-08-09",
        "phase": "post",
        "avg_risk": 0.1502,
        "avg_gt": 0.0226,
        "risk_category": 1,
        "risk_category_label": "Medium"
      }
    },
    {
      "type": "Feature",
      "geometry": {
        "type": "Polygon",
        "coordinates": [
          [
            [
              73.98447368421053,
              18.44763157894737
            ],
            [
              73.99447368421052,
              18.44763157894737
            ],
            [
              73.99447368421052,
              18.457631578947368
            ],
            [
              73.98447368421053,
              18.457631578947368
            ],
            [
              73.98447368421053,
              18.44763157894737
            ]
          ]
        ]
      },
      "properties": {
        "cell_id": "R05C18",
        "row": 5,
        "col": 18,
        "week": 10,
        "week_label": "Wk10",
        "date_start": "2024-08-03",
        "date_end": "2024-08-09",
        "phase": "post",
        "avg_risk": 0.1511,
        "avg_gt": 0.0282,
        "risk_category": 1,
        "risk_category_label": "Medium"
      }
    },
    {
      "type": "Feature",
      "geometry": {
        "type": "Polygon",
        "coordinates": [
          [
            [
              73.995,
              18.44763157894737
            ],
            [
              74.005,
              18.44763157894737
            ],
            [
              74.005,
              18.457631578947368
            ],
            [
              73.995,
              18.457631578947368
            ],
            [
              73.995,
              18.44763157894737
            ]
          ]
        ]
      },
      "properties": {
        "cell_id": "R05C19",
        "row": 5,
        "col": 19,
        "week": 10,
        "week_label": "Wk10",
        "date_start": "2024-08-03",
        "date_end": "2024-08-09",
        "phase": "post",
        "avg_risk": 0.1593,
        "avg_gt": 0.0225,
        "risk_category": 1,
        "risk_category_label": "Medium"
      }
    },
    {
      "type": "Feature",
      "geometry": {
        "type": "Polygon",
        "coordinates": [
          [
            [
              73.795,
              18.458157894736843
            ],
            [
              73.80499999999999,
              18.458157894736843
            ],
            [
              73.80499999999999,
              18.46815789473684
            ],
            [
              73.795,
              18.46815789473684
            ],
            [
              73.795,
              18.458157894736843
            ]
          ]
        ]
      },
      "properties": {
        "cell_id": "R06C00",
        "row": 6,
        "col": 0,
        "week": 10,
        "week_label": "Wk10",
        "date_start": "2024-08-03",
        "date_end": "2024-08-09",
        "phase": "post",
        "avg_risk": 0.1758,
        "avg_gt": 0.0201,
        "risk_category": 1,
        "risk_category_label": "Medium"
      }
    },
    {
      "type": "Feature",
      "geometry": {
        "type": "Polygon",
        "coordinates": [
          [
            [
              73.80552631578948,
              18.458157894736843
            ],
            [
              73.81552631578947,
              18.458157894736843
            ],
            [
              73.81552631578947,
              18.46815789473684
            ],
            [
              73.80552631578948,
              18.46815789473684
            ],
            [
              73.80552631578948,
              18.458157894736843
            ]
          ]
        ]
      },
      "properties": {
        "cell_id": "R06C01",
        "row": 6,
        "col": 1,
        "week": 10,
        "week_label": "Wk10",
        "date_start": "2024-08-03",
        "date_end": "2024-08-09",
        "phase": "post",
        "avg_risk": 0.1916,
        "avg_gt": 0.0483,
        "risk_category": 1,
        "risk_category_label": "Medium"
      }
    },
    {
      "type": "Feature",
      "geometry": {
        "type": "Polygon",
        "coordinates": [
          [
            [
              73.81605263157896,
              18.458157894736843
            ],
            [
              73.82605263157895,
              18.458157894736843
            ],
            [
              73.82605263157895,
              18.46815789473684
            ],
            [
              73.81605263157896,
              18.46815789473684
            ],
            [
              73.81605263157896,
              18.458157894736843
            ]
          ]
        ]
      },
      "properties": {
        "cell_id": "R06C02",
        "row": 6,
        "col": 2,
        "week": 10,
        "week_label": "Wk10",
        "date_start": "2024-08-03",
        "date_end": "2024-08-09",
        "phase": "post",
        "avg_risk": 0.2171,
        "avg_gt": 0.0904,
        "risk_category": 1,
        "risk_category_label": "Medium"
      }
    },
    {
      "type": "Feature",
      "geometry": {
        "type": "Polygon",
        "coordinates": [
          [
            [
              73.82657894736842,
              18.458157894736843
            ],
            [
              73.83657894736841,
              18.458157894736843
            ],
            [
              73.83657894736841,
              18.46815789473684
            ],
            [
              73.82657894736842,
              18.46815789473684
            ],
            [
              73.82657894736842,
              18.458157894736843
            ]
          ]
        ]
      },
      "properties": {
        "cell_id": "R06C03",
        "row": 6,
        "col": 3,
        "week": 10,
        "week_label": "Wk10",
        "date_start": "2024-08-03",
        "date_end": "2024-08-09",
        "phase": "post",
        "avg_risk": 0.2386,
        "avg_gt": 0.1324,
        "risk_category": 1,
        "risk_category_label": "Medium"
      }
    },
    {
      "type": "Feature",
      "geometry": {
        "type": "Polygon",
        "coordinates": [
          [
            [
              73.8371052631579,
              18.458157894736843
            ],
            [
              73.84710526315789,
              18.458157894736843
            ],
            [
              73.84710526315789,
              18.46815789473684
            ],
            [
              73.8371052631579,
              18.46815789473684
            ],
            [
              73.8371052631579,
              18.458157894736843
            ]
          ]
        ]
      },
      "properties": {
        "cell_id": "R06C04",
        "row": 6,
        "col": 4,
        "week": 10,
        "week_label": "Wk10",
        "date_start": "2024-08-03",
        "date_end": "2024-08-09",
        "phase": "post",
        "avg_risk": 0.2469,
        "avg_gt": 0.1524,
        "risk_category": 1,
        "risk_category_label": "Medium"
      }
    },
    {
      "type": "Feature",
      "geometry": {
        "type": "Polygon",
        "coordinates": [
          [
            [
              73.84763157894737,
              18.458157894736843
            ],
            [
              73.85763157894736,
              18.458157894736843
            ],
            [
              73.85763157894736,
              18.46815789473684
            ],
            [
              73.84763157894737,
              18.46815789473684
            ],
            [
              73.84763157894737,
              18.458157894736843
            ]
          ]
        ]
      },
      "properties": {
        "cell_id": "R06C05",
        "row": 6,
        "col": 5,
        "week": 10,
        "week_label": "Wk10",
        "date_start": "2024-08-03",
        "date_end": "2024-08-09",
        "phase": "post",
        "avg_risk": 0.2423,
        "avg_gt": 0.1403,
        "risk_category": 1,
        "risk_category_label": "Medium"
      }
    },
    {
      "type": "Feature",
      "geometry": {
        "type": "Polygon",
        "coordinates": [
          [
            [
              73.85815789473685,
              18.458157894736843
            ],
            [
              73.86815789473684,
              18.458157894736843
            ],
            [
              73.86815789473684,
              18.46815789473684
            ],
            [
              73.85815789473685,
              18.46815789473684
            ],
            [
              73.85815789473685,
              18.458157894736843
            ]
          ]
        ]
      },
      "properties": {
        "cell_id": "R06C06",
        "row": 6,
        "col": 6,
        "week": 10,
        "week_label": "Wk10",
        "date_start": "2024-08-03",
        "date_end": "2024-08-09",
        "phase": "post",
        "avg_risk": 0.2308,
        "avg_gt": 0.1072,
        "risk_category": 1,
        "risk_category_label": "Medium"
      }
    },
    {
      "type": "Feature",
      "geometry": {
        "type": "Polygon",
        "coordinates": [
          [
            [
              73.86868421052633,
              18.458157894736843
            ],
            [
              73.87868421052632,
              18.458157894736843
            ],
            [
              73.87868421052632,
              18.46815789473684
            ],
            [
              73.86868421052633,
              18.46815789473684
            ],
            [
              73.86868421052633,
              18.458157894736843
            ]
          ]
        ]
      },
      "properties": {
        "cell_id": "R06C07",
        "row": 6,
        "col": 7,
        "week": 10,
        "week_label": "Wk10",
        "date_start": "2024-08-03",
        "date_end": "2024-08-09",
        "phase": "post",
        "avg_risk": 0.2194,
        "avg_gt": 0.0731,
        "risk_category": 1,
        "risk_category_label": "Medium"
      }
    },
    {
      "type": "Feature",
      "geometry": {
        "type": "Polygon",
        "coordinates": [
          [
            [
              73.87921052631579,
              18.458157894736843
            ],
            [
              73.88921052631578,
              18.458157894736843
            ],
            [
              73.88921052631578,
              18.46815789473684
            ],
            [
              73.87921052631579,
              18.46815789473684
            ],
            [
              73.87921052631579,
              18.458157894736843
            ]
          ]
        ]
      },
      "properties": {
        "cell_id": "R06C08",
        "row": 6,
        "col": 8,
        "week": 10,
        "week_label": "Wk10",
        "date_start": "2024-08-03",
        "date_end": "2024-08-09",
        "phase": "post",
        "avg_risk": 0.2138,
        "avg_gt": 0.0483,
        "risk_category": 1,
        "risk_category_label": "Medium"
      }
    },
    {
      "type": "Feature",
      "geometry": {
        "type": "Polygon",
        "coordinates": [
          [
            [
              73.88973684210526,
              18.458157894736843
            ],
            [
              73.89973684210526,
              18.458157894736843
            ],
            [
              73.89973684210526,
              18.46815789473684
            ],
            [
              73.88973684210526,
              18.46815789473684
            ],
            [
              73.88973684210526,
              18.458157894736843
            ]
          ]
        ]
      },
      "properties": {
        "cell_id": "R06C09",
        "row": 6,
        "col": 9,
        "week": 10,
        "week_label": "Wk10",
        "date_start": "2024-08-03",
        "date_end": "2024-08-09",
        "phase": "post",
        "avg_risk": 0.217,
        "avg_gt": 0.0314,
        "risk_category": 1,
        "risk_category_label": "Medium"
      }
    },
    {
      "type": "Feature",
      "geometry": {
        "type": "Polygon",
        "coordinates": [
          [
            [
              73.90026315789474,
              18.458157894736843
            ],
            [
              73.91026315789473,
              18.458157894736843
            ],
            [
              73.91026315789473,
              18.46815789473684
            ],
            [
              73.90026315789474,
              18.46815789473684
            ],
            [
              73.90026315789474,
              18.458157894736843
            ]
          ]
        ]
      },
      "properties": {
        "cell_id": "R06C10",
        "row": 6,
        "col": 10,
        "week": 10,
        "week_label": "Wk10",
        "date_start": "2024-08-03",
        "date_end": "2024-08-09",
        "phase": "post",
        "avg_risk": 0.2276,
        "avg_gt": 0.0187,
        "risk_category": 1,
        "risk_category_label": "Medium"
      }
    },
    {
      "type": "Feature",
      "geometry": {
        "type": "Polygon",
        "coordinates": [
          [
            [
              73.91078947368422,
              18.458157894736843
            ],
            [
              73.92078947368421,
              18.458157894736843
            ],
            [
              73.92078947368421,
              18.46815789473684
            ],
            [
              73.91078947368422,
              18.46815789473684
            ],
            [
              73.91078947368422,
              18.458157894736843
            ]
          ]
        ]
      },
      "properties": {
        "cell_id": "R06C11",
        "row": 6,
        "col": 11,
        "week": 10,
        "week_label": "Wk10",
        "date_start": "2024-08-03",
        "date_end": "2024-08-09",
        "phase": "post",
        "avg_risk": 0.24,
        "avg_gt": 0.0095,
        "risk_category": 1,
        "risk_category_label": "Medium"
      }
    },
    {
      "type": "Feature",
      "geometry": {
        "type": "Polygon",
        "coordinates": [
          [
            [
              73.92131578947368,
              18.458157894736843
            ],
            [
              73.93131578947367,
              18.458157894736843
            ],
            [
              73.93131578947367,
              18.46815789473684
            ],
            [
              73.92131578947368,
              18.46815789473684
            ],
            [
              73.92131578947368,
              18.458157894736843
            ]
          ]
        ]
      },
      "properties": {
        "cell_id": "R06C12",
        "row": 6,
        "col": 12,
        "week": 10,
        "week_label": "Wk10",
        "date_start": "2024-08-03",
        "date_end": "2024-08-09",
        "phase": "post",
        "avg_risk": 0.2458,
        "avg_gt": 0.0039,
        "risk_category": 1,
        "risk_category_label": "Medium"
      }
    },
    {
      "type": "Feature",
      "geometry": {
        "type": "Polygon",
        "coordinates": [
          [
            [
              73.93184210526316,
              18.458157894736843
            ],
            [
              73.94184210526315,
              18.458157894736843
            ],
            [
              73.94184210526315,
              18.46815789473684
            ],
            [
              73.93184210526316,
              18.46815789473684
            ],
            [
              73.93184210526316,
              18.458157894736843
            ]
          ]
        ]
      },
      "properties": {
        "cell_id": "R06C13",
        "row": 6,
        "col": 13,
        "week": 10,
        "week_label": "Wk10",
        "date_start": "2024-08-03",
        "date_end": "2024-08-09",
        "phase": "post",
        "avg_risk": 0.2385,
        "avg_gt": 0.0014,
        "risk_category": 1,
        "risk_category_label": "Medium"
      }
    },
    {
      "type": "Feature",
      "geometry": {
        "type": "Polygon",
        "coordinates": [
          [
            [
              73.94236842105263,
              18.458157894736843
            ],
            [
              73.95236842105263,
              18.458157894736843
            ],
            [
              73.95236842105263,
              18.46815789473684
            ],
            [
              73.94236842105263,
              18.46815789473684
            ],
            [
              73.94236842105263,
              18.458157894736843
            ]
          ]
        ]
      },
      "properties": {
        "cell_id": "R06C14",
        "row": 6,
        "col": 14,
        "week": 10,
        "week_label": "Wk10",
        "date_start": "2024-08-03",
        "date_end": "2024-08-09",
        "phase": "post",
        "avg_risk": 0.2185,
        "avg_gt": 0.0007,
        "risk_category": 1,
        "risk_category_label": "Medium"
      }
    },
    {
      "type": "Feature",
      "geometry": {
        "type": "Polygon",
        "coordinates": [
          [
            [
              73.95289473684211,
              18.458157894736843
            ],
            [
              73.9628947368421,
              18.458157894736843
            ],
            [
              73.9628947368421,
              18.46815789473684
            ],
            [
              73.95289473684211,
              18.46815789473684
            ],
            [
              73.95289473684211,
              18.458157894736843
            ]
          ]
        ]
      },
      "properties": {
        "cell_id": "R06C15",
        "row": 6,
        "col": 15,
        "week": 10,
        "week_label": "Wk10",
        "date_start": "2024-08-03",
        "date_end": "2024-08-09",
        "phase": "post",
        "avg_risk": 0.1931,
        "avg_gt": 0.0011,
        "risk_category": 1,
        "risk_category_label": "Medium"
      }
    },
    {
      "type": "Feature",
      "geometry": {
        "type": "Polygon",
        "coordinates": [
          [
            [
              73.96342105263159,
              18.458157894736843
            ],
            [
              73.97342105263158,
              18.458157894736843
            ],
            [
              73.97342105263158,
              18.46815789473684
            ],
            [
              73.96342105263159,
              18.46815789473684
            ],
            [
              73.96342105263159,
              18.458157894736843
            ]
          ]
        ]
      },
      "properties": {
        "cell_id": "R06C16",
        "row": 6,
        "col": 16,
        "week": 10,
        "week_label": "Wk10",
        "date_start": "2024-08-03",
        "date_end": "2024-08-09",
        "phase": "post",
        "avg_risk": 0.1715,
        "avg_gt": 0.0027,
        "risk_category": 1,
        "risk_category_label": "Medium"
      }
    },
    {
      "type": "Feature",
      "geometry": {
        "type": "Polygon",
        "coordinates": [
          [
            [
              73.97394736842105,
              18.458157894736843
            ],
            [
              73.98394736842104,
              18.458157894736843
            ],
            [
              73.98394736842104,
              18.46815789473684
            ],
            [
              73.97394736842105,
              18.46815789473684
            ],
            [
              73.97394736842105,
              18.458157894736843
            ]
          ]
        ]
      },
      "properties": {
        "cell_id": "R06C17",
        "row": 6,
        "col": 17,
        "week": 10,
        "week_label": "Wk10",
        "date_start": "2024-08-03",
        "date_end": "2024-08-09",
        "phase": "post",
        "avg_risk": 0.1588,
        "avg_gt": 0.0049,
        "risk_category": 1,
        "risk_category_label": "Medium"
      }
    },
    {
      "type": "Feature",
      "geometry": {
        "type": "Polygon",
        "coordinates": [
          [
            [
              73.98447368421053,
              18.458157894736843
            ],
            [
              73.99447368421052,
              18.458157894736843
            ],
            [
              73.99447368421052,
              18.46815789473684
            ],
            [
              73.98447368421053,
              18.46815789473684
            ],
            [
              73.98447368421053,
              18.458157894736843
            ]
          ]
        ]
      },
      "properties": {
        "cell_id": "R06C18",
        "row": 6,
        "col": 18,
        "week": 10,
        "week_label": "Wk10",
        "date_start": "2024-08-03",
        "date_end": "2024-08-09",
        "phase": "post",
        "avg_risk": 0.1555,
        "avg_gt": 0.006,
        "risk_category": 1,
        "risk_category_label": "Medium"
      }
    },
    {
      "type": "Feature",
      "geometry": {
        "type": "Polygon",
        "coordinates": [
          [
            [
              73.995,
              18.458157894736843
            ],
            [
              74.005,
              18.458157894736843
            ],
            [
              74.005,
              18.46815789473684
            ],
            [
              73.995,
              18.46815789473684
            ],
            [
              73.995,
              18.458157894736843
            ]
          ]
        ]
      },
      "properties": {
        "cell_id": "R06C19",
        "row": 6,
        "col": 19,
        "week": 10,
        "week_label": "Wk10",
        "date_start": "2024-08-03",
        "date_end": "2024-08-09",
        "phase": "post",
        "avg_risk": 0.1615,
        "avg_gt": 0.0048,
        "risk_category": 1,
        "risk_category_label": "Medium"
      }
    },
    {
      "type": "Feature",
      "geometry": {
        "type": "Polygon",
        "coordinates": [
          [
            [
              73.795,
              18.468684210526316
            ],
            [
              73.80499999999999,
              18.468684210526316
            ],
            [
              73.80499999999999,
              18.478684210526314
            ],
            [
              73.795,
              18.478684210526314
            ],
            [
              73.795,
              18.468684210526316
            ]
          ]
        ]
      },
      "properties": {
        "cell_id": "R07C00",
        "row": 7,
        "col": 0,
        "week": 10,
        "week_label": "Wk10",
        "date_start": "2024-08-03",
        "date_end": "2024-08-09",
        "phase": "post",
        "avg_risk": 0.18,
        "avg_gt": 0.0108,
        "risk_category": 1,
        "risk_category_label": "Medium"
      }
    },
    {
      "type": "Feature",
      "geometry": {
        "type": "Polygon",
        "coordinates": [
          [
            [
              73.80552631578948,
              18.468684210526316
            ],
            [
              73.81552631578947,
              18.468684210526316
            ],
            [
              73.81552631578947,
              18.478684210526314
            ],
            [
              73.80552631578948,
              18.478684210526314
            ],
            [
              73.80552631578948,
              18.468684210526316
            ]
          ]
        ]
      },
      "properties": {
        "cell_id": "R07C01",
        "row": 7,
        "col": 1,
        "week": 10,
        "week_label": "Wk10",
        "date_start": "2024-08-03",
        "date_end": "2024-08-09",
        "phase": "post",
        "avg_risk": 0.1998,
        "avg_gt": 0.0259,
        "risk_category": 1,
        "risk_category_label": "Medium"
      }
    },
    {
      "type": "Feature",
      "geometry": {
        "type": "Polygon",
        "coordinates": [
          [
            [
              73.81605263157896,
              18.468684210526316
            ],
            [
              73.82605263157895,
              18.468684210526316
            ],
            [
              73.82605263157895,
              18.478684210526314
            ],
            [
              73.81605263157896,
              18.478684210526314
            ],
            [
              73.81605263157896,
              18.468684210526316
            ]
          ]
        ]
      },
      "properties": {
        "cell_id": "R07C02",
        "row": 7,
        "col": 2,
        "week": 10,
        "week_label": "Wk10",
        "date_start": "2024-08-03",
        "date_end": "2024-08-09",
        "phase": "post",
        "avg_risk": 0.2227,
        "avg_gt": 0.049,
        "risk_category": 1,
        "risk_category_label": "Medium"
      }
    },
    {
      "type": "Feature",
      "geometry": {
        "type": "Polygon",
        "coordinates": [
          [
            [
              73.82657894736842,
              18.468684210526316
            ],
            [
              73.83657894736841,
              18.468684210526316
            ],
            [
              73.83657894736841,
              18.478684210526314
            ],
            [
              73.82657894736842,
              18.478684210526314
            ],
            [
              73.82657894736842,
              18.468684210526316
            ]
          ]
        ]
      },
      "properties": {
        "cell_id": "R07C03",
        "row": 7,
        "col": 3,
        "week": 10,
        "week_label": "Wk10",
        "date_start": "2024-08-03",
        "date_end": "2024-08-09",
        "phase": "post",
        "avg_risk": 0.2369,
        "avg_gt": 0.0732,
        "risk_category": 1,
        "risk_category_label": "Medium"
      }
    },
    {
      "type": "Feature",
      "geometry": {
        "type": "Polygon",
        "coordinates": [
          [
            [
              73.8371052631579,
              18.468684210526316
            ],
            [
              73.84710526315789,
              18.468684210526316
            ],
            [
              73.84710526315789,
              18.478684210526314
            ],
            [
              73.8371052631579,
              18.478684210526314
            ],
            [
              73.8371052631579,
              18.468684210526316
            ]
          ]
        ]
      },
      "properties": {
        "cell_id": "R07C04",
        "row": 7,
        "col": 4,
        "week": 10,
        "week_label": "Wk10",
        "date_start": "2024-08-03",
        "date_end": "2024-08-09",
        "phase": "post",
        "avg_risk": 0.2378,
        "avg_gt": 0.0887,
        "risk_category": 1,
        "risk_category_label": "Medium"
      }
    },
    {
      "type": "Feature",
      "geometry": {
        "type": "Polygon",
        "coordinates": [
          [
            [
              73.84763157894737,
              18.468684210526316
            ],
            [
              73.85763157894736,
              18.468684210526316
            ],
            [
              73.85763157894736,
              18.478684210526314
            ],
            [
              73.84763157894737,
              18.478684210526314
            ],
            [
              73.84763157894737,
              18.468684210526316
            ]
          ]
        ]
      },
      "properties": {
        "cell_id": "R07C05",
        "row": 7,
        "col": 5,
        "week": 10,
        "week_label": "Wk10",
        "date_start": "2024-08-03",
        "date_end": "2024-08-09",
        "phase": "post",
        "avg_risk": 0.2294,
        "avg_gt": 0.0921,
        "risk_category": 1,
        "risk_category_label": "Medium"
      }
    },
    {
      "type": "Feature",
      "geometry": {
        "type": "Polygon",
        "coordinates": [
          [
            [
              73.85815789473685,
              18.468684210526316
            ],
            [
              73.86815789473684,
              18.468684210526316
            ],
            [
              73.86815789473684,
              18.478684210526314
            ],
            [
              73.85815789473685,
              18.478684210526314
            ],
            [
              73.85815789473685,
              18.468684210526316
            ]
          ]
        ]
      },
      "properties": {
        "cell_id": "R07C06",
        "row": 7,
        "col": 6,
        "week": 10,
        "week_label": "Wk10",
        "date_start": "2024-08-03",
        "date_end": "2024-08-09",
        "phase": "post",
        "avg_risk": 0.2179,
        "avg_gt": 0.0893,
        "risk_category": 1,
        "risk_category_label": "Medium"
      }
    },
    {
      "type": "Feature",
      "geometry": {
        "type": "Polygon",
        "coordinates": [
          [
            [
              73.86868421052633,
              18.468684210526316
            ],
            [
              73.87868421052632,
              18.468684210526316
            ],
            [
              73.87868421052632,
              18.478684210526314
            ],
            [
              73.86868421052633,
              18.478684210526314
            ],
            [
              73.86868421052633,
              18.468684210526316
            ]
          ]
        ]
      },
      "properties": {
        "cell_id": "R07C07",
        "row": 7,
        "col": 7,
        "week": 10,
        "week_label": "Wk10",
        "date_start": "2024-08-03",
        "date_end": "2024-08-09",
        "phase": "post",
        "avg_risk": 0.2095,
        "avg_gt": 0.0855,
        "risk_category": 1,
        "risk_category_label": "Medium"
      }
    },
    {
      "type": "Feature",
      "geometry": {
        "type": "Polygon",
        "coordinates": [
          [
            [
              73.87921052631579,
              18.468684210526316
            ],
            [
              73.88921052631578,
              18.468684210526316
            ],
            [
              73.88921052631578,
              18.478684210526314
            ],
            [
              73.87921052631579,
              18.478684210526314
            ],
            [
              73.87921052631579,
              18.468684210526316
            ]
          ]
        ]
      },
      "properties": {
        "cell_id": "R07C08",
        "row": 7,
        "col": 8,
        "week": 10,
        "week_label": "Wk10",
        "date_start": "2024-08-03",
        "date_end": "2024-08-09",
        "phase": "post",
        "avg_risk": 0.209,
        "avg_gt": 0.0784,
        "risk_category": 1,
        "risk_category_label": "Medium"
      }
    },
    {
      "type": "Feature",
      "geometry": {
        "type": "Polygon",
        "coordinates": [
          [
            [
              73.88973684210526,
              18.468684210526316
            ],
            [
              73.89973684210526,
              18.468684210526316
            ],
            [
              73.89973684210526,
              18.478684210526314
            ],
            [
              73.88973684210526,
              18.478684210526314
            ],
            [
              73.88973684210526,
              18.468684210526316
            ]
          ]
        ]
      },
      "properties": {
        "cell_id": "R07C09",
        "row": 7,
        "col": 9,
        "week": 10,
        "week_label": "Wk10",
        "date_start": "2024-08-03",
        "date_end": "2024-08-09",
        "phase": "post",
        "avg_risk": 0.2189,
        "avg_gt": 0.0632,
        "risk_category": 1,
        "risk_category_label": "Medium"
      }
    },
    {
      "type": "Feature",
      "geometry": {
        "type": "Polygon",
        "coordinates": [
          [
            [
              73.90026315789474,
              18.468684210526316
            ],
            [
              73.91026315789473,
              18.468684210526316
            ],
            [
              73.91026315789473,
              18.478684210526314
            ],
            [
              73.90026315789474,
              18.478684210526314
            ],
            [
              73.90026315789474,
              18.468684210526316
            ]
          ]
        ]
      },
      "properties": {
        "cell_id": "R07C10",
        "row": 7,
        "col": 10,
        "week": 10,
        "week_label": "Wk10",
        "date_start": "2024-08-03",
        "date_end": "2024-08-09",
        "phase": "post",
        "avg_risk": 0.2374,
        "avg_gt": 0.042,
        "risk_category": 1,
        "risk_category_label": "Medium"
      }
    },
    {
      "type": "Feature",
      "geometry": {
        "type": "Polygon",
        "coordinates": [
          [
            [
              73.91078947368422,
              18.468684210526316
            ],
            [
              73.92078947368421,
              18.468684210526316
            ],
            [
              73.92078947368421,
              18.478684210526314
            ],
            [
              73.91078947368422,
              18.478684210526314
            ],
            [
              73.91078947368422,
              18.468684210526316
            ]
          ]
        ]
      },
      "properties": {
        "cell_id": "R07C11",
        "row": 7,
        "col": 11,
        "week": 10,
        "week_label": "Wk10",
        "date_start": "2024-08-03",
        "date_end": "2024-08-09",
        "phase": "post",
        "avg_risk": 0.259,
        "avg_gt": 0.0224,
        "risk_category": 1,
        "risk_category_label": "Medium"
      }
    },
    {
      "type": "Feature",
      "geometry": {
        "type": "Polygon",
        "coordinates": [
          [
            [
              73.92131578947368,
              18.468684210526316
            ],
            [
              73.93131578947367,
              18.468684210526316
            ],
            [
              73.93131578947367,
              18.478684210526314
            ],
            [
              73.92131578947368,
              18.478684210526314
            ],
            [
              73.92131578947368,
              18.468684210526316
            ]
          ]
        ]
      },
      "properties": {
        "cell_id": "R07C12",
        "row": 7,
        "col": 12,
        "week": 10,
        "week_label": "Wk10",
        "date_start": "2024-08-03",
        "date_end": "2024-08-09",
        "phase": "post",
        "avg_risk": 0.2751,
        "avg_gt": 0.0098,
        "risk_category": 1,
        "risk_category_label": "Medium"
      }
    },
    {
      "type": "Feature",
      "geometry": {
        "type": "Polygon",
        "coordinates": [
          [
            [
              73.93184210526316,
              18.468684210526316
            ],
            [
              73.94184210526315,
              18.468684210526316
            ],
            [
              73.94184210526315,
              18.478684210526314
            ],
            [
              73.93184210526316,
              18.478684210526314
            ],
            [
              73.93184210526316,
              18.468684210526316
            ]
          ]
        ]
      },
      "properties": {
        "cell_id": "R07C13",
        "row": 7,
        "col": 13,
        "week": 10,
        "week_label": "Wk10",
        "date_start": "2024-08-03",
        "date_end": "2024-08-09",
        "phase": "post",
        "avg_risk": 0.2775,
        "avg_gt": 0.0041,
        "risk_category": 1,
        "risk_category_label": "Medium"
      }
    },
    {
      "type": "Feature",
      "geometry": {
        "type": "Polygon",
        "coordinates": [
          [
            [
              73.94236842105263,
              18.468684210526316
            ],
            [
              73.95236842105263,
              18.468684210526316
            ],
            [
              73.95236842105263,
              18.478684210526314
            ],
            [
              73.94236842105263,
              18.478684210526314
            ],
            [
              73.94236842105263,
              18.468684210526316
            ]
          ]
        ]
      },
      "properties": {
        "cell_id": "R07C14",
        "row": 7,
        "col": 14,
        "week": 10,
        "week_label": "Wk10",
        "date_start": "2024-08-03",
        "date_end": "2024-08-09",
        "phase": "post",
        "avg_risk": 0.2618,
        "avg_gt": 0.0024,
        "risk_category": 1,
        "risk_category_label": "Medium"
      }
    },
    {
      "type": "Feature",
      "geometry": {
        "type": "Polygon",
        "coordinates": [
          [
            [
              73.95289473684211,
              18.468684210526316
            ],
            [
              73.9628947368421,
              18.468684210526316
            ],
            [
              73.9628947368421,
              18.478684210526314
            ],
            [
              73.95289473684211,
              18.478684210526314
            ],
            [
              73.95289473684211,
              18.468684210526316
            ]
          ]
        ]
      },
      "properties": {
        "cell_id": "R07C15",
        "row": 7,
        "col": 15,
        "week": 10,
        "week_label": "Wk10",
        "date_start": "2024-08-03",
        "date_end": "2024-08-09",
        "phase": "post",
        "avg_risk": 0.2332,
        "avg_gt": 0.0021,
        "risk_category": 1,
        "risk_category_label": "Medium"
      }
    },
    {
      "type": "Feature",
      "geometry": {
        "type": "Polygon",
        "coordinates": [
          [
            [
              73.96342105263159,
              18.468684210526316
            ],
            [
              73.97342105263158,
              18.468684210526316
            ],
            [
              73.97342105263158,
              18.478684210526314
            ],
            [
              73.96342105263159,
              18.478684210526314
            ],
            [
              73.96342105263159,
              18.468684210526316
            ]
          ]
        ]
      },
      "properties": {
        "cell_id": "R07C16",
        "row": 7,
        "col": 16,
        "week": 10,
        "week_label": "Wk10",
        "date_start": "2024-08-03",
        "date_end": "2024-08-09",
        "phase": "post",
        "avg_risk": 0.203,
        "avg_gt": 0.002,
        "risk_category": 1,
        "risk_category_label": "Medium"
      }
    },
    {
      "type": "Feature",
      "geometry": {
        "type": "Polygon",
        "coordinates": [
          [
            [
              73.97394736842105,
              18.468684210526316
            ],
            [
              73.98394736842104,
              18.468684210526316
            ],
            [
              73.98394736842104,
              18.478684210526314
            ],
            [
              73.97394736842105,
              18.478684210526314
            ],
            [
              73.97394736842105,
              18.468684210526316
            ]
          ]
        ]
      },
      "properties": {
        "cell_id": "R07C17",
        "row": 7,
        "col": 17,
        "week": 10,
        "week_label": "Wk10",
        "date_start": "2024-08-03",
        "date_end": "2024-08-09",
        "phase": "post",
        "avg_risk": 0.1803,
        "avg_gt": 0.0017,
        "risk_category": 1,
        "risk_category_label": "Medium"
      }
    },
    {
      "type": "Feature",
      "geometry": {
        "type": "Polygon",
        "coordinates": [
          [
            [
              73.98447368421053,
              18.468684210526316
            ],
            [
              73.99447368421052,
              18.468684210526316
            ],
            [
              73.99447368421052,
              18.478684210526314
            ],
            [
              73.98447368421053,
              18.478684210526314
            ],
            [
              73.98447368421053,
              18.468684210526316
            ]
          ]
        ]
      },
      "properties": {
        "cell_id": "R07C18",
        "row": 7,
        "col": 18,
        "week": 10,
        "week_label": "Wk10",
        "date_start": "2024-08-03",
        "date_end": "2024-08-09",
        "phase": "post",
        "avg_risk": 0.1685,
        "avg_gt": 0.0014,
        "risk_category": 1,
        "risk_category_label": "Medium"
      }
    },
    {
      "type": "Feature",
      "geometry": {
        "type": "Polygon",
        "coordinates": [
          [
            [
              73.995,
              18.468684210526316
            ],
            [
              74.005,
              18.468684210526316
            ],
            [
              74.005,
              18.478684210526314
            ],
            [
              73.995,
              18.478684210526314
            ],
            [
              73.995,
              18.468684210526316
            ]
          ]
        ]
      },
      "properties": {
        "cell_id": "R07C19",
        "row": 7,
        "col": 19,
        "week": 10,
        "week_label": "Wk10",
        "date_start": "2024-08-03",
        "date_end": "2024-08-09",
        "phase": "post",
        "avg_risk": 0.1681,
        "avg_gt": 0.0009,
        "risk_category": 1,
        "risk_category_label": "Medium"
      }
    },
    {
      "type": "Feature",
      "geometry": {
        "type": "Polygon",
        "coordinates": [
          [
            [
              73.795,
              18.47921052631579
            ],
            [
              73.80499999999999,
              18.47921052631579
            ],
            [
              73.80499999999999,
              18.489210526315787
            ],
            [
              73.795,
              18.489210526315787
            ],
            [
              73.795,
              18.47921052631579
            ]
          ]
        ]
      },
      "properties": {
        "cell_id": "R08C00",
        "row": 8,
        "col": 0,
        "week": 10,
        "week_label": "Wk10",
        "date_start": "2024-08-03",
        "date_end": "2024-08-09",
        "phase": "post",
        "avg_risk": 0.1797,
        "avg_gt": 0.0045,
        "risk_category": 1,
        "risk_category_label": "Medium"
      }
    },
    {
      "type": "Feature",
      "geometry": {
        "type": "Polygon",
        "coordinates": [
          [
            [
              73.80552631578948,
              18.47921052631579
            ],
            [
              73.81552631578947,
              18.47921052631579
            ],
            [
              73.81552631578947,
              18.489210526315787
            ],
            [
              73.80552631578948,
              18.489210526315787
            ],
            [
              73.80552631578948,
              18.47921052631579
            ]
          ]
        ]
      },
      "properties": {
        "cell_id": "R08C01",
        "row": 8,
        "col": 1,
        "week": 10,
        "week_label": "Wk10",
        "date_start": "2024-08-03",
        "date_end": "2024-08-09",
        "phase": "post",
        "avg_risk": 0.2018,
        "avg_gt": 0.011,
        "risk_category": 1,
        "risk_category_label": "Medium"
      }
    },
    {
      "type": "Feature",
      "geometry": {
        "type": "Polygon",
        "coordinates": [
          [
            [
              73.81605263157896,
              18.47921052631579
            ],
            [
              73.82605263157895,
              18.47921052631579
            ],
            [
              73.82605263157895,
              18.489210526315787
            ],
            [
              73.81605263157896,
              18.489210526315787
            ],
            [
              73.81605263157896,
              18.47921052631579
            ]
          ]
        ]
      },
      "properties": {
        "cell_id": "R08C02",
        "row": 8,
        "col": 2,
        "week": 10,
        "week_label": "Wk10",
        "date_start": "2024-08-03",
        "date_end": "2024-08-09",
        "phase": "post",
        "avg_risk": 0.2209,
        "avg_gt": 0.0215,
        "risk_category": 1,
        "risk_category_label": "Medium"
      }
    },
    {
      "type": "Feature",
      "geometry": {
        "type": "Polygon",
        "coordinates": [
          [
            [
              73.82657894736842,
              18.47921052631579
            ],
            [
              73.83657894736841,
              18.47921052631579
            ],
            [
              73.83657894736841,
              18.489210526315787
            ],
            [
              73.82657894736842,
              18.489210526315787
            ],
            [
              73.82657894736842,
              18.47921052631579
            ]
          ]
        ]
      },
      "properties": {
        "cell_id": "R08C03",
        "row": 8,
        "col": 3,
        "week": 10,
        "week_label": "Wk10",
        "date_start": "2024-08-03",
        "date_end": "2024-08-09",
        "phase": "post",
        "avg_risk": 0.229,
        "avg_gt": 0.0348,
        "risk_category": 1,
        "risk_category_label": "Medium"
      }
    },
    {
      "type": "Feature",
      "geometry": {
        "type": "Polygon",
        "coordinates": [
          [
            [
              73.8371052631579,
              18.47921052631579
            ],
            [
              73.84710526315789,
              18.47921052631579
            ],
            [
              73.84710526315789,
              18.489210526315787
            ],
            [
              73.8371052631579,
              18.489210526315787
            ],
            [
              73.8371052631579,
              18.47921052631579
            ]
          ]
        ]
      },
      "properties": {
        "cell_id": "R08C04",
        "row": 8,
        "col": 4,
        "week": 10,
        "week_label": "Wk10",
        "date_start": "2024-08-03",
        "date_end": "2024-08-09",
        "phase": "post",
        "avg_risk": 0.2257,
        "avg_gt": 0.0502,
        "risk_category": 1,
        "risk_category_label": "Medium"
      }
    },
    {
      "type": "Feature",
      "geometry": {
        "type": "Polygon",
        "coordinates": [
          [
            [
              73.84763157894737,
              18.47921052631579
            ],
            [
              73.85763157894736,
              18.47921052631579
            ],
            [
              73.85763157894736,
              18.489210526315787
            ],
            [
              73.84763157894737,
              18.489210526315787
            ],
            [
              73.84763157894737,
              18.47921052631579
            ]
          ]
        ]
      },
      "properties": {
        "cell_id": "R08C05",
        "row": 8,
        "col": 5,
        "week": 10,
        "week_label": "Wk10",
        "date_start": "2024-08-03",
        "date_end": "2024-08-09",
        "phase": "post",
        "avg_risk": 0.2168,
        "avg_gt": 0.0703,
        "risk_category": 1,
        "risk_category_label": "Medium"
      }
    },
    {
      "type": "Feature",
      "geometry": {
        "type": "Polygon",
        "coordinates": [
          [
            [
              73.85815789473685,
              18.47921052631579
            ],
            [
              73.86815789473684,
              18.47921052631579
            ],
            [
              73.86815789473684,
              18.489210526315787
            ],
            [
              73.85815789473685,
              18.489210526315787
            ],
            [
              73.85815789473685,
              18.47921052631579
            ]
          ]
        ]
      },
      "properties": {
        "cell_id": "R08C06",
        "row": 8,
        "col": 6,
        "week": 10,
        "week_label": "Wk10",
        "date_start": "2024-08-03",
        "date_end": "2024-08-09",
        "phase": "post",
        "avg_risk": 0.2089,
        "avg_gt": 0.0967,
        "risk_category": 1,
        "risk_category_label": "Medium"
      }
    },
    {
      "type": "Feature",
      "geometry": {
        "type": "Polygon",
        "coordinates": [
          [
            [
              73.86868421052633,
              18.47921052631579
            ],
            [
              73.87868421052632,
              18.47921052631579
            ],
            [
              73.87868421052632,
              18.489210526315787
            ],
            [
              73.86868421052633,
              18.489210526315787
            ],
            [
              73.86868421052633,
              18.47921052631579
            ]
          ]
        ]
      },
      "properties": {
        "cell_id": "R08C07",
        "row": 8,
        "col": 7,
        "week": 10,
        "week_label": "Wk10",
        "date_start": "2024-08-03",
        "date_end": "2024-08-09",
        "phase": "post",
        "avg_risk": 0.2076,
        "avg_gt": 0.1223,
        "risk_category": 1,
        "risk_category_label": "Medium"
      }
    },
    {
      "type": "Feature",
      "geometry": {
        "type": "Polygon",
        "coordinates": [
          [
            [
              73.87921052631579,
              18.47921052631579
            ],
            [
              73.88921052631578,
              18.47921052631579
            ],
            [
              73.88921052631578,
              18.489210526315787
            ],
            [
              73.87921052631579,
              18.489210526315787
            ],
            [
              73.87921052631579,
              18.47921052631579
            ]
          ]
        ]
      },
      "properties": {
        "cell_id": "R08C08",
        "row": 8,
        "col": 8,
        "week": 10,
        "week_label": "Wk10",
        "date_start": "2024-08-03",
        "date_end": "2024-08-09",
        "phase": "post",
        "avg_risk": 0.2175,
        "avg_gt": 0.1308,
        "risk_category": 1,
        "risk_category_label": "Medium"
      }
    },
    {
      "type": "Feature",
      "geometry": {
        "type": "Polygon",
        "coordinates": [
          [
            [
              73.88973684210526,
              18.47921052631579
            ],
            [
              73.89973684210526,
              18.47921052631579
            ],
            [
              73.89973684210526,
              18.489210526315787
            ],
            [
              73.88973684210526,
              18.489210526315787
            ],
            [
              73.88973684210526,
              18.47921052631579
            ]
          ]
        ]
      },
      "properties": {
        "cell_id": "R08C09",
        "row": 8,
        "col": 9,
        "week": 10,
        "week_label": "Wk10",
        "date_start": "2024-08-03",
        "date_end": "2024-08-09",
        "phase": "post",
        "avg_risk": 0.2393,
        "avg_gt": 0.1131,
        "risk_category": 1,
        "risk_category_label": "Medium"
      }
    },
    {
      "type": "Feature",
      "geometry": {
        "type": "Polygon",
        "coordinates": [
          [
            [
              73.90026315789474,
              18.47921052631579
            ],
            [
              73.91026315789473,
              18.47921052631579
            ],
            [
              73.91026315789473,
              18.489210526315787
            ],
            [
              73.90026315789474,
              18.489210526315787
            ],
            [
              73.90026315789474,
              18.47921052631579
            ]
          ]
        ]
      },
      "properties": {
        "cell_id": "R08C10",
        "row": 8,
        "col": 10,
        "week": 10,
        "week_label": "Wk10",
        "date_start": "2024-08-03",
        "date_end": "2024-08-09",
        "phase": "post",
        "avg_risk": 0.2693,
        "avg_gt": 0.0774,
        "risk_category": 1,
        "risk_category_label": "Medium"
      }
    },
    {
      "type": "Feature",
      "geometry": {
        "type": "Polygon",
        "coordinates": [
          [
            [
              73.91078947368422,
              18.47921052631579
            ],
            [
              73.92078947368421,
              18.47921052631579
            ],
            [
              73.92078947368421,
              18.489210526315787
            ],
            [
              73.91078947368422,
              18.489210526315787
            ],
            [
              73.91078947368422,
              18.47921052631579
            ]
          ]
        ]
      },
      "properties": {
        "cell_id": "R08C11",
        "row": 8,
        "col": 11,
        "week": 10,
        "week_label": "Wk10",
        "date_start": "2024-08-03",
        "date_end": "2024-08-09",
        "phase": "post",
        "avg_risk": 0.3003,
        "avg_gt": 0.0424,
        "risk_category": 1,
        "risk_category_label": "Medium"
      }
    },
    {
      "type": "Feature",
      "geometry": {
        "type": "Polygon",
        "coordinates": [
          [
            [
              73.92131578947368,
              18.47921052631579
            ],
            [
              73.93131578947367,
              18.47921052631579
            ],
            [
              73.93131578947367,
              18.489210526315787
            ],
            [
              73.92131578947368,
              18.489210526315787
            ],
            [
              73.92131578947368,
              18.47921052631579
            ]
          ]
        ]
      },
      "properties": {
        "cell_id": "R08C12",
        "row": 8,
        "col": 12,
        "week": 10,
        "week_label": "Wk10",
        "date_start": "2024-08-03",
        "date_end": "2024-08-09",
        "phase": "post",
        "avg_risk": 0.3249,
        "avg_gt": 0.0202,
        "risk_category": 1,
        "risk_category_label": "Medium"
      }
    },
    {
      "type": "Feature",
      "geometry": {
        "type": "Polygon",
        "coordinates": [
          [
            [
              73.93184210526316,
              18.47921052631579
            ],
            [
              73.94184210526315,
              18.47921052631579
            ],
            [
              73.94184210526315,
              18.489210526315787
            ],
            [
              73.93184210526316,
              18.489210526315787
            ],
            [
              73.93184210526316,
              18.47921052631579
            ]
          ]
        ]
      },
      "properties": {
        "cell_id": "R08C13",
        "row": 8,
        "col": 13,
        "week": 10,
        "week_label": "Wk10",
        "date_start": "2024-08-03",
        "date_end": "2024-08-09",
        "phase": "post",
        "avg_risk": 0.3353,
        "avg_gt": 0.0113,
        "risk_category": 1,
        "risk_category_label": "Medium"
      }
    },
    {
      "type": "Feature",
      "geometry": {
        "type": "Polygon",
        "coordinates": [
          [
            [
              73.94236842105263,
              18.47921052631579
            ],
            [
              73.95236842105263,
              18.47921052631579
            ],
            [
              73.95236842105263,
              18.489210526315787
            ],
            [
              73.94236842105263,
              18.489210526315787
            ],
            [
              73.94236842105263,
              18.47921052631579
            ]
          ]
        ]
      },
      "properties": {
        "cell_id": "R08C14",
        "row": 8,
        "col": 14,
        "week": 10,
        "week_label": "Wk10",
        "date_start": "2024-08-03",
        "date_end": "2024-08-09",
        "phase": "post",
        "avg_risk": 0.325,
        "avg_gt": 0.0098,
        "risk_category": 1,
        "risk_category_label": "Medium"
      }
    },
    {
      "type": "Feature",
      "geometry": {
        "type": "Polygon",
        "coordinates": [
          [
            [
              73.95289473684211,
              18.47921052631579
            ],
            [
              73.9628947368421,
              18.47921052631579
            ],
            [
              73.9628947368421,
              18.489210526315787
            ],
            [
              73.95289473684211,
              18.489210526315787
            ],
            [
              73.95289473684211,
              18.47921052631579
            ]
          ]
        ]
      },
      "properties": {
        "cell_id": "R08C15",
        "row": 8,
        "col": 15,
        "week": 10,
        "week_label": "Wk10",
        "date_start": "2024-08-03",
        "date_end": "2024-08-09",
        "phase": "post",
        "avg_risk": 0.2952,
        "avg_gt": 0.0098,
        "risk_category": 1,
        "risk_category_label": "Medium"
      }
    },
    {
      "type": "Feature",
      "geometry": {
        "type": "Polygon",
        "coordinates": [
          [
            [
              73.96342105263159,
              18.47921052631579
            ],
            [
              73.97342105263158,
              18.47921052631579
            ],
            [
              73.97342105263158,
              18.489210526315787
            ],
            [
              73.96342105263159,
              18.489210526315787
            ],
            [
              73.96342105263159,
              18.47921052631579
            ]
          ]
        ]
      },
      "properties": {
        "cell_id": "R08C16",
        "row": 8,
        "col": 16,
        "week": 10,
        "week_label": "Wk10",
        "date_start": "2024-08-03",
        "date_end": "2024-08-09",
        "phase": "post",
        "avg_risk": 0.2555,
        "avg_gt": 0.0084,
        "risk_category": 1,
        "risk_category_label": "Medium"
      }
    },
    {
      "type": "Feature",
      "geometry": {
        "type": "Polygon",
        "coordinates": [
          [
            [
              73.97394736842105,
              18.47921052631579
            ],
            [
              73.98394736842104,
              18.47921052631579
            ],
            [
              73.98394736842104,
              18.489210526315787
            ],
            [
              73.97394736842105,
              18.489210526315787
            ],
            [
              73.97394736842105,
              18.47921052631579
            ]
          ]
        ]
      },
      "properties": {
        "cell_id": "R08C17",
        "row": 8,
        "col": 17,
        "week": 10,
        "week_label": "Wk10",
        "date_start": "2024-08-03",
        "date_end": "2024-08-09",
        "phase": "post",
        "avg_risk": 0.2183,
        "avg_gt": 0.0058,
        "risk_category": 1,
        "risk_category_label": "Medium"
      }
    },
    {
      "type": "Feature",
      "geometry": {
        "type": "Polygon",
        "coordinates": [
          [
            [
              73.98447368421053,
              18.47921052631579
            ],
            [
              73.99447368421052,
              18.47921052631579
            ],
            [
              73.99447368421052,
              18.489210526315787
            ],
            [
              73.98447368421053,
              18.489210526315787
            ],
            [
              73.98447368421053,
              18.47921052631579
            ]
          ]
        ]
      },
      "properties": {
        "cell_id": "R08C18",
        "row": 8,
        "col": 18,
        "week": 10,
        "week_label": "Wk10",
        "date_start": "2024-08-03",
        "date_end": "2024-08-09",
        "phase": "post",
        "avg_risk": 0.1918,
        "avg_gt": 0.0031,
        "risk_category": 1,
        "risk_category_label": "Medium"
      }
    },
    {
      "type": "Feature",
      "geometry": {
        "type": "Polygon",
        "coordinates": [
          [
            [
              73.995,
              18.47921052631579
            ],
            [
              74.005,
              18.47921052631579
            ],
            [
              74.005,
              18.489210526315787
            ],
            [
              73.995,
              18.489210526315787
            ],
            [
              73.995,
              18.47921052631579
            ]
          ]
        ]
      },
      "properties": {
        "cell_id": "R08C19",
        "row": 8,
        "col": 19,
        "week": 10,
        "week_label": "Wk10",
        "date_start": "2024-08-03",
        "date_end": "2024-08-09",
        "phase": "post",
        "avg_risk": 0.1776,
        "avg_gt": 0.0013,
        "risk_category": 1,
        "risk_category_label": "Medium"
      }
    },
    {
      "type": "Feature",
      "geometry": {
        "type": "Polygon",
        "coordinates": [
          [
            [
              73.795,
              18.489736842105263
            ],
            [
              73.80499999999999,
              18.489736842105263
            ],
            [
              73.80499999999999,
              18.49973684210526
            ],
            [
              73.795,
              18.49973684210526
            ],
            [
              73.795,
              18.489736842105263
            ]
          ]
        ]
      },
      "properties": {
        "cell_id": "R09C00",
        "row": 9,
        "col": 0,
        "week": 10,
        "week_label": "Wk10",
        "date_start": "2024-08-03",
        "date_end": "2024-08-09",
        "phase": "post",
        "avg_risk": 0.173,
        "avg_gt": 0.0015,
        "risk_category": 1,
        "risk_category_label": "Medium"
      }
    },
    {
      "type": "Feature",
      "geometry": {
        "type": "Polygon",
        "coordinates": [
          [
            [
              73.80552631578948,
              18.489736842105263
            ],
            [
              73.81552631578947,
              18.489736842105263
            ],
            [
              73.81552631578947,
              18.49973684210526
            ],
            [
              73.80552631578948,
              18.49973684210526
            ],
            [
              73.80552631578948,
              18.489736842105263
            ]
          ]
        ]
      },
      "properties": {
        "cell_id": "R09C01",
        "row": 9,
        "col": 1,
        "week": 10,
        "week_label": "Wk10",
        "date_start": "2024-08-03",
        "date_end": "2024-08-09",
        "phase": "post",
        "avg_risk": 0.1989,
        "avg_gt": 0.0039,
        "risk_category": 1,
        "risk_category_label": "Medium"
      }
    },
    {
      "type": "Feature",
      "geometry": {
        "type": "Polygon",
        "coordinates": [
          [
            [
              73.81605263157896,
              18.489736842105263
            ],
            [
              73.82605263157895,
              18.489736842105263
            ],
            [
              73.82605263157895,
              18.49973684210526
            ],
            [
              73.81605263157896,
              18.49973684210526
            ],
            [
              73.81605263157896,
              18.489736842105263
            ]
          ]
        ]
      },
      "properties": {
        "cell_id": "R09C02",
        "row": 9,
        "col": 2,
        "week": 10,
        "week_label": "Wk10",
        "date_start": "2024-08-03",
        "date_end": "2024-08-09",
        "phase": "post",
        "avg_risk": 0.2162,
        "avg_gt": 0.0086,
        "risk_category": 1,
        "risk_category_label": "Medium"
      }
    },
    {
      "type": "Feature",
      "geometry": {
        "type": "Polygon",
        "coordinates": [
          [
            [
              73.82657894736842,
              18.489736842105263
            ],
            [
              73.83657894736841,
              18.489736842105263
            ],
            [
              73.83657894736841,
              18.49973684210526
            ],
            [
              73.82657894736842,
              18.49973684210526
            ],
            [
              73.82657894736842,
              18.489736842105263
            ]
          ]
        ]
      },
      "properties": {
        "cell_id": "R09C03",
        "row": 9,
        "col": 3,
        "week": 10,
        "week_label": "Wk10",
        "date_start": "2024-08-03",
        "date_end": "2024-08-09",
        "phase": "post",
        "avg_risk": 0.2212,
        "avg_gt": 0.0176,
        "risk_category": 1,
        "risk_category_label": "Medium"
      }
    },
    {
      "type": "Feature",
      "geometry": {
        "type": "Polygon",
        "coordinates": [
          [
            [
              73.8371052631579,
              18.489736842105263
            ],
            [
              73.84710526315789,
              18.489736842105263
            ],
            [
              73.84710526315789,
              18.49973684210526
            ],
            [
              73.8371052631579,
              18.49973684210526
            ],
            [
              73.8371052631579,
              18.489736842105263
            ]
          ]
        ]
      },
      "properties": {
        "cell_id": "R09C04",
        "row": 9,
        "col": 4,
        "week": 10,
        "week_label": "Wk10",
        "date_start": "2024-08-03",
        "date_end": "2024-08-09",
        "phase": "post",
        "avg_risk": 0.2164,
        "avg_gt": 0.0356,
        "risk_category": 1,
        "risk_category_label": "Medium"
      }
    },
    {
      "type": "Feature",
      "geometry": {
        "type": "Polygon",
        "coordinates": [
          [
            [
              73.84763157894737,
              18.489736842105263
            ],
            [
              73.85763157894736,
              18.489736842105263
            ],
            [
              73.85763157894736,
              18.49973684210526
            ],
            [
              73.84763157894737,
              18.49973684210526
            ],
            [
              73.84763157894737,
              18.489736842105263
            ]
          ]
        ]
      },
      "properties": {
        "cell_id": "R09C05",
        "row": 9,
        "col": 5,
        "week": 10,
        "week_label": "Wk10",
        "date_start": "2024-08-03",
        "date_end": "2024-08-09",
        "phase": "post",
        "avg_risk": 0.2094,
        "avg_gt": 0.0692,
        "risk_category": 1,
        "risk_category_label": "Medium"
      }
    },
    {
      "type": "Feature",
      "geometry": {
        "type": "Polygon",
        "coordinates": [
          [
            [
              73.85815789473685,
              18.489736842105263
            ],
            [
              73.86815789473684,
              18.489736842105263
            ],
            [
              73.86815789473684,
              18.49973684210526
            ],
            [
              73.85815789473685,
              18.49973684210526
            ],
            [
              73.85815789473685,
              18.489736842105263
            ]
          ]
        ]
      },
      "properties": {
        "cell_id": "R09C06",
        "row": 9,
        "col": 6,
        "week": 10,
        "week_label": "Wk10",
        "date_start": "2024-08-03",
        "date_end": "2024-08-09",
        "phase": "post",
        "avg_risk": 0.208,
        "avg_gt": 0.118,
        "risk_category": 1,
        "risk_category_label": "Medium"
      }
    },
    {
      "type": "Feature",
      "geometry": {
        "type": "Polygon",
        "coordinates": [
          [
            [
              73.86868421052633,
              18.489736842105263
            ],
            [
              73.87868421052632,
              18.489736842105263
            ],
            [
              73.87868421052632,
              18.49973684210526
            ],
            [
              73.86868421052633,
              18.49973684210526
            ],
            [
              73.86868421052633,
              18.489736842105263
            ]
          ]
        ]
      },
      "properties": {
        "cell_id": "R09C07",
        "row": 9,
        "col": 7,
        "week": 10,
        "week_label": "Wk10",
        "date_start": "2024-08-03",
        "date_end": "2024-08-09",
        "phase": "post",
        "avg_risk": 0.2186,
        "avg_gt": 0.1657,
        "risk_category": 1,
        "risk_category_label": "Medium"
      }
    },
    {
      "type": "Feature",
      "geometry": {
        "type": "Polygon",
        "coordinates": [
          [
            [
              73.87921052631579,
              18.489736842105263
            ],
            [
              73.88921052631578,
              18.489736842105263
            ],
            [
              73.88921052631578,
              18.49973684210526
            ],
            [
              73.87921052631579,
              18.49973684210526
            ],
            [
              73.87921052631579,
              18.489736842105263
            ]
          ]
        ]
      },
      "properties": {
        "cell_id": "R09C08",
        "row": 9,
        "col": 8,
        "week": 10,
        "week_label": "Wk10",
        "date_start": "2024-08-03",
        "date_end": "2024-08-09",
        "phase": "post",
        "avg_risk": 0.2448,
        "avg_gt": 0.1854,
        "risk_category": 1,
        "risk_category_label": "Medium"
      }
    },
    {
      "type": "Feature",
      "geometry": {
        "type": "Polygon",
        "coordinates": [
          [
            [
              73.88973684210526,
              18.489736842105263
            ],
            [
              73.89973684210526,
              18.489736842105263
            ],
            [
              73.89973684210526,
              18.49973684210526
            ],
            [
              73.88973684210526,
              18.49973684210526
            ],
            [
              73.88973684210526,
              18.489736842105263
            ]
          ]
        ]
      },
      "properties": {
        "cell_id": "R09C09",
        "row": 9,
        "col": 9,
        "week": 10,
        "week_label": "Wk10",
        "date_start": "2024-08-03",
        "date_end": "2024-08-09",
        "phase": "post",
        "avg_risk": 0.2839,
        "avg_gt": 0.1632,
        "risk_category": 1,
        "risk_category_label": "Medium"
      }
    },
    {
      "type": "Feature",
      "geometry": {
        "type": "Polygon",
        "coordinates": [
          [
            [
              73.90026315789474,
              18.489736842105263
            ],
            [
              73.91026315789473,
              18.489736842105263
            ],
            [
              73.91026315789473,
              18.49973684210526
            ],
            [
              73.90026315789474,
              18.49973684210526
            ],
            [
              73.90026315789474,
              18.489736842105263
            ]
          ]
        ]
      },
      "properties": {
        "cell_id": "R09C10",
        "row": 9,
        "col": 10,
        "week": 10,
        "week_label": "Wk10",
        "date_start": "2024-08-03",
        "date_end": "2024-08-09",
        "phase": "post",
        "avg_risk": 0.3274,
        "avg_gt": 0.1134,
        "risk_category": 1,
        "risk_category_label": "Medium"
      }
    },
    {
      "type": "Feature",
      "geometry": {
        "type": "Polygon",
        "coordinates": [
          [
            [
              73.91078947368422,
              18.489736842105263
            ],
            [
              73.92078947368421,
              18.489736842105263
            ],
            [
              73.92078947368421,
              18.49973684210526
            ],
            [
              73.91078947368422,
              18.49973684210526
            ],
            [
              73.91078947368422,
              18.489736842105263
            ]
          ]
        ]
      },
      "properties": {
        "cell_id": "R09C11",
        "row": 9,
        "col": 11,
        "week": 10,
        "week_label": "Wk10",
        "date_start": "2024-08-03",
        "date_end": "2024-08-09",
        "phase": "post",
        "avg_risk": 0.3667,
        "avg_gt": 0.065,
        "risk_category": 1,
        "risk_category_label": "Medium"
      }
    },
    {
      "type": "Feature",
      "geometry": {
        "type": "Polygon",
        "coordinates": [
          [
            [
              73.92131578947368,
              18.489736842105263
            ],
            [
              73.93131578947367,
              18.489736842105263
            ],
            [
              73.93131578947367,
              18.49973684210526
            ],
            [
              73.92131578947368,
              18.49973684210526
            ],
            [
              73.92131578947368,
              18.489736842105263
            ]
          ]
        ]
      },
      "properties": {
        "cell_id": "R09C12",
        "row": 9,
        "col": 12,
        "week": 10,
        "week_label": "Wk10",
        "date_start": "2024-08-03",
        "date_end": "2024-08-09",
        "phase": "post",
        "avg_risk": 0.396,
        "avg_gt": 0.0373,
        "risk_category": 1,
        "risk_category_label": "Medium"
      }
    },
    {
      "type": "Feature",
      "geometry": {
        "type": "Polygon",
        "coordinates": [
          [
            [
              73.93184210526316,
              18.489736842105263
            ],
            [
              73.94184210526315,
              18.489736842105263
            ],
            [
              73.94184210526315,
              18.49973684210526
            ],
            [
              73.93184210526316,
              18.49973684210526
            ],
            [
              73.93184210526316,
              18.489736842105263
            ]
          ]
        ]
      },
      "properties": {
        "cell_id": "R09C13",
        "row": 9,
        "col": 13,
        "week": 10,
        "week_label": "Wk10",
        "date_start": "2024-08-03",
        "date_end": "2024-08-09",
        "phase": "post",
        "avg_risk": 0.4106,
        "avg_gt": 0.0311,
        "risk_category": 1,
        "risk_category_label": "Medium"
      }
    },
    {
      "type": "Feature",
      "geometry": {
        "type": "Polygon",
        "coordinates": [
          [
            [
              73.94236842105263,
              18.489736842105263
            ],
            [
              73.95236842105263,
              18.489736842105263
            ],
            [
              73.95236842105263,
              18.49973684210526
            ],
            [
              73.94236842105263,
              18.49973684210526
            ],
            [
              73.94236842105263,
              18.489736842105263
            ]
          ]
        ]
      },
      "properties": {
        "cell_id": "R09C14",
        "row": 9,
        "col": 14,
        "week": 10,
        "week_label": "Wk10",
        "date_start": "2024-08-03",
        "date_end": "2024-08-09",
        "phase": "post",
        "avg_risk": 0.4047,
        "avg_gt": 0.0354,
        "risk_category": 1,
        "risk_category_label": "Medium"
      }
    },
    {
      "type": "Feature",
      "geometry": {
        "type": "Polygon",
        "coordinates": [
          [
            [
              73.95289473684211,
              18.489736842105263
            ],
            [
              73.9628947368421,
              18.489736842105263
            ],
            [
              73.9628947368421,
              18.49973684210526
            ],
            [
              73.95289473684211,
              18.49973684210526
            ],
            [
              73.95289473684211,
              18.489736842105263
            ]
          ]
        ]
      },
      "properties": {
        "cell_id": "R09C15",
        "row": 9,
        "col": 15,
        "week": 10,
        "week_label": "Wk10",
        "date_start": "2024-08-03",
        "date_end": "2024-08-09",
        "phase": "post",
        "avg_risk": 0.3759,
        "avg_gt": 0.0381,
        "risk_category": 1,
        "risk_category_label": "Medium"
      }
    },
    {
      "type": "Feature",
      "geometry": {
        "type": "Polygon",
        "coordinates": [
          [
            [
              73.96342105263159,
              18.489736842105263
            ],
            [
              73.97342105263158,
              18.489736842105263
            ],
            [
              73.97342105263158,
              18.49973684210526
            ],
            [
              73.96342105263159,
              18.49973684210526
            ],
            [
              73.96342105263159,
              18.489736842105263
            ]
          ]
        ]
      },
      "properties": {
        "cell_id": "R09C16",
        "row": 9,
        "col": 16,
        "week": 10,
        "week_label": "Wk10",
        "date_start": "2024-08-03",
        "date_end": "2024-08-09",
        "phase": "post",
        "avg_risk": 0.3281,
        "avg_gt": 0.0333,
        "risk_category": 1,
        "risk_category_label": "Medium"
      }
    },
    {
      "type": "Feature",
      "geometry": {
        "type": "Polygon",
        "coordinates": [
          [
            [
              73.97394736842105,
              18.489736842105263
            ],
            [
              73.98394736842104,
              18.489736842105263
            ],
            [
              73.98394736842104,
              18.49973684210526
            ],
            [
              73.97394736842105,
              18.49973684210526
            ],
            [
              73.97394736842105,
              18.489736842105263
            ]
          ]
        ]
      },
      "properties": {
        "cell_id": "R09C17",
        "row": 9,
        "col": 17,
        "week": 10,
        "week_label": "Wk10",
        "date_start": "2024-08-03",
        "date_end": "2024-08-09",
        "phase": "post",
        "avg_risk": 0.2736,
        "avg_gt": 0.0229,
        "risk_category": 1,
        "risk_category_label": "Medium"
      }
    },
    {
      "type": "Feature",
      "geometry": {
        "type": "Polygon",
        "coordinates": [
          [
            [
              73.98447368421053,
              18.489736842105263
            ],
            [
              73.99447368421052,
              18.489736842105263
            ],
            [
              73.99447368421052,
              18.49973684210526
            ],
            [
              73.98447368421053,
              18.49973684210526
            ],
            [
              73.98447368421053,
              18.489736842105263
            ]
          ]
        ]
      },
      "properties": {
        "cell_id": "R09C18",
        "row": 9,
        "col": 18,
        "week": 10,
        "week_label": "Wk10",
        "date_start": "2024-08-03",
        "date_end": "2024-08-09",
        "phase": "post",
        "avg_risk": 0.2251,
        "avg_gt": 0.0122,
        "risk_category": 1,
        "risk_category_label": "Medium"
      }
    },
    {
      "type": "Feature",
      "geometry": {
        "type": "Polygon",
        "coordinates": [
          [
            [
              73.995,
              18.489736842105263
            ],
            [
              74.005,
              18.489736842105263
            ],
            [
              74.005,
              18.49973684210526
            ],
            [
              73.995,
              18.49973684210526
            ],
            [
              73.995,
              18.489736842105263
            ]
          ]
        ]
      },
      "properties": {
        "cell_id": "R09C19",
        "row": 9,
        "col": 19,
        "week": 10,
        "week_label": "Wk10",
        "date_start": "2024-08-03",
        "date_end": "2024-08-09",
        "phase": "post",
        "avg_risk": 0.1882,
        "avg_gt": 0.0051,
        "risk_category": 1,
        "risk_category_label": "Medium"
      }
    },
    {
      "type": "Feature",
      "geometry": {
        "type": "Polygon",
        "coordinates": [
          [
            [
              73.795,
              18.50026315789474
            ],
            [
              73.80499999999999,
              18.50026315789474
            ],
            [
              73.80499999999999,
              18.510263157894737
            ],
            [
              73.795,
              18.510263157894737
            ],
            [
              73.795,
              18.50026315789474
            ]
          ]
        ]
      },
      "properties": {
        "cell_id": "R10C00",
        "row": 10,
        "col": 0,
        "week": 10,
        "week_label": "Wk10",
        "date_start": "2024-08-03",
        "date_end": "2024-08-09",
        "phase": "post",
        "avg_risk": 0.1646,
        "avg_gt": 0.0005,
        "risk_category": 1,
        "risk_category_label": "Medium"
      }
    },
    {
      "type": "Feature",
      "geometry": {
        "type": "Polygon",
        "coordinates": [
          [
            [
              73.80552631578948,
              18.50026315789474
            ],
            [
              73.81552631578947,
              18.50026315789474
            ],
            [
              73.81552631578947,
              18.510263157894737
            ],
            [
              73.80552631578948,
              18.510263157894737
            ],
            [
              73.80552631578948,
              18.50026315789474
            ]
          ]
        ]
      },
      "properties": {
        "cell_id": "R10C01",
        "row": 10,
        "col": 1,
        "week": 10,
        "week_label": "Wk10",
        "date_start": "2024-08-03",
        "date_end": "2024-08-09",
        "phase": "post",
        "avg_risk": 0.1947,
        "avg_gt": 0.0014,
        "risk_category": 1,
        "risk_category_label": "Medium"
      }
    },
    {
      "type": "Feature",
      "geometry": {
        "type": "Polygon",
        "coordinates": [
          [
            [
              73.81605263157896,
              18.50026315789474
            ],
            [
              73.82605263157895,
              18.50026315789474
            ],
            [
              73.82605263157895,
              18.510263157894737
            ],
            [
              73.81605263157896,
              18.510263157894737
            ],
            [
              73.81605263157896,
              18.50026315789474
            ]
          ]
        ]
      },
      "properties": {
        "cell_id": "R10C02",
        "row": 10,
        "col": 2,
        "week": 10,
        "week_label": "Wk10",
        "date_start": "2024-08-03",
        "date_end": "2024-08-09",
        "phase": "post",
        "avg_risk": 0.2131,
        "avg_gt": 0.0042,
        "risk_category": 1,
        "risk_category_label": "Medium"
      }
    },
    {
      "type": "Feature",
      "geometry": {
        "type": "Polygon",
        "coordinates": [
          [
            [
              73.82657894736842,
              18.50026315789474
            ],
            [
              73.83657894736841,
              18.50026315789474
            ],
            [
              73.83657894736841,
              18.510263157894737
            ],
            [
              73.82657894736842,
              18.510263157894737
            ],
            [
              73.82657894736842,
              18.50026315789474
            ]
          ]
        ]
      },
      "properties": {
        "cell_id": "R10C03",
        "row": 10,
        "col": 3,
        "week": 10,
        "week_label": "Wk10",
        "date_start": "2024-08-03",
        "date_end": "2024-08-09",
        "phase": "post",
        "avg_risk": 0.2181,
        "avg_gt": 0.0118,
        "risk_category": 1,
        "risk_category_label": "Medium"
      }
    },
    {
      "type": "Feature",
      "geometry": {
        "type": "Polygon",
        "coordinates": [
          [
            [
              73.8371052631579,
              18.50026315789474
            ],
            [
              73.84710526315789,
              18.50026315789474
            ],
            [
              73.84710526315789,
              18.510263157894737
            ],
            [
              73.8371052631579,
              18.510263157894737
            ],
            [
              73.8371052631579,
              18.50026315789474
            ]
          ]
        ]
      },
      "properties": {
        "cell_id": "R10C04",
        "row": 10,
        "col": 4,
        "week": 10,
        "week_label": "Wk10",
        "date_start": "2024-08-03",
        "date_end": "2024-08-09",
        "phase": "post",
        "avg_risk": 0.2141,
        "avg_gt": 0.0311,
        "risk_category": 1,
        "risk_category_label": "Medium"
      }
    },
    {
      "type": "Feature",
      "geometry": {
        "type": "Polygon",
        "coordinates": [
          [
            [
              73.84763157894737,
              18.50026315789474
            ],
            [
              73.85763157894736,
              18.50026315789474
            ],
            [
              73.85763157894736,
              18.510263157894737
            ],
            [
              73.84763157894737,
              18.510263157894737
            ],
            [
              73.84763157894737,
              18.50026315789474
            ]
          ]
        ]
      },
      "properties": {
        "cell_id": "R10C05",
        "row": 10,
        "col": 5,
        "week": 10,
        "week_label": "Wk10",
        "date_start": "2024-08-03",
        "date_end": "2024-08-09",
        "phase": "post",
        "avg_risk": 0.2106,
        "avg_gt": 0.0702,
        "risk_category": 1,
        "risk_category_label": "Medium"
      }
    },
    {
      "type": "Feature",
      "geometry": {
        "type": "Polygon",
        "coordinates": [
          [
            [
              73.85815789473685,
              18.50026315789474
            ],
            [
              73.86815789473684,
              18.50026315789474
            ],
            [
              73.86815789473684,
              18.510263157894737
            ],
            [
              73.85815789473685,
              18.510263157894737
            ],
            [
              73.85815789473685,
              18.50026315789474
            ]
          ]
        ]
      },
      "properties": {
        "cell_id": "R10C06",
        "row": 10,
        "col": 6,
        "week": 10,
        "week_label": "Wk10",
        "date_start": "2024-08-03",
        "date_end": "2024-08-09",
        "phase": "post",
        "avg_risk": 0.2178,
        "avg_gt": 0.1281,
        "risk_category": 1,
        "risk_category_label": "Medium"
      }
    },
    {
      "type": "Feature",
      "geometry": {
        "type": "Polygon",
        "coordinates": [
          [
            [
              73.86868421052633,
              18.50026315789474
            ],
            [
              73.87868421052632,
              18.50026315789474
            ],
            [
              73.87868421052632,
              18.510263157894737
            ],
            [
              73.86868421052633,
              18.510263157894737
            ],
            [
              73.86868421052633,
              18.50026315789474
            ]
          ]
        ]
      },
      "properties": {
        "cell_id": "R10C07",
        "row": 10,
        "col": 7,
        "week": 10,
        "week_label": "Wk10",
        "date_start": "2024-08-03",
        "date_end": "2024-08-09",
        "phase": "post",
        "avg_risk": 0.2437,
        "avg_gt": 0.1849,
        "risk_category": 1,
        "risk_category_label": "Medium"
      }
    },
    {
      "type": "Feature",
      "geometry": {
        "type": "Polygon",
        "coordinates": [
          [
            [
              73.87921052631579,
              18.50026315789474
            ],
            [
              73.88921052631578,
              18.50026315789474
            ],
            [
              73.88921052631578,
              18.510263157894737
            ],
            [
              73.87921052631579,
              18.510263157894737
            ],
            [
              73.87921052631579,
              18.50026315789474
            ]
          ]
        ]
      },
      "properties": {
        "cell_id": "R10C08",
        "row": 10,
        "col": 8,
        "week": 10,
        "week_label": "Wk10",
        "date_start": "2024-08-03",
        "date_end": "2024-08-09",
        "phase": "post",
        "avg_risk": 0.2891,
        "avg_gt": 0.2092,
        "risk_category": 1,
        "risk_category_label": "Medium"
      }
    },
    {
      "type": "Feature",
      "geometry": {
        "type": "Polygon",
        "coordinates": [
          [
            [
              73.88973684210526,
              18.50026315789474
            ],
            [
              73.89973684210526,
              18.50026315789474
            ],
            [
              73.89973684210526,
              18.510263157894737
            ],
            [
              73.88973684210526,
              18.510263157894737
            ],
            [
              73.88973684210526,
              18.50026315789474
            ]
          ]
        ]
      },
      "properties": {
        "cell_id": "R10C09",
        "row": 10,
        "col": 9,
        "week": 10,
        "week_label": "Wk10",
        "date_start": "2024-08-03",
        "date_end": "2024-08-09",
        "phase": "post",
        "avg_risk": 0.3445,
        "avg_gt": 0.1857,
        "risk_category": 1,
        "risk_category_label": "Medium"
      }
    },
    {
      "type": "Feature",
      "geometry": {
        "type": "Polygon",
        "coordinates": [
          [
            [
              73.90026315789474,
              18.50026315789474
            ],
            [
              73.91026315789473,
              18.50026315789474
            ],
            [
              73.91026315789473,
              18.510263157894737
            ],
            [
              73.90026315789474,
              18.510263157894737
            ],
            [
              73.90026315789474,
              18.50026315789474
            ]
          ]
        ]
      },
      "properties": {
        "cell_id": "R10C10",
        "row": 10,
        "col": 10,
        "week": 10,
        "week_label": "Wk10",
        "date_start": "2024-08-03",
        "date_end": "2024-08-09",
        "phase": "post",
        "avg_risk": 0.3972,
        "avg_gt": 0.1322,
        "risk_category": 1,
        "risk_category_label": "Medium"
      }
    },
    {
      "type": "Feature",
      "geometry": {
        "type": "Polygon",
        "coordinates": [
          [
            [
              73.91078947368422,
              18.50026315789474
            ],
            [
              73.92078947368421,
              18.50026315789474
            ],
            [
              73.92078947368421,
              18.510263157894737
            ],
            [
              73.91078947368422,
              18.510263157894737
            ],
            [
              73.91078947368422,
              18.50026315789474
            ]
          ]
        ]
      },
      "properties": {
        "cell_id": "R10C11",
        "row": 10,
        "col": 11,
        "week": 10,
        "week_label": "Wk10",
        "date_start": "2024-08-03",
        "date_end": "2024-08-09",
        "phase": "post",
        "avg_risk": 0.4396,
        "avg_gt": 0.0844,
        "risk_category": 1,
        "risk_category_label": "Medium"
      }
    },
    {
      "type": "Feature",
      "geometry": {
        "type": "Polygon",
        "coordinates": [
          [
            [
              73.92131578947368,
              18.50026315789474
            ],
            [
              73.93131578947367,
              18.50026315789474
            ],
            [
              73.93131578947367,
              18.510263157894737
            ],
            [
              73.92131578947368,
              18.510263157894737
            ],
            [
              73.92131578947368,
              18.50026315789474
            ]
          ]
        ]
      },
      "properties": {
        "cell_id": "R10C12",
        "row": 10,
        "col": 12,
        "week": 10,
        "week_label": "Wk10",
        "date_start": "2024-08-03",
        "date_end": "2024-08-09",
        "phase": "post",
        "avg_risk": 0.4695,
        "avg_gt": 0.067,
        "risk_category": 1,
        "risk_category_label": "Medium"
      }
    },
    {
      "type": "Feature",
      "geometry": {
        "type": "Polygon",
        "coordinates": [
          [
            [
              73.93184210526316,
              18.50026315789474
            ],
            [
              73.94184210526315,
              18.50026315789474
            ],
            [
              73.94184210526315,
              18.510263157894737
            ],
            [
              73.93184210526316,
              18.510263157894737
            ],
            [
              73.93184210526316,
              18.50026315789474
            ]
          ]
        ]
      },
      "properties": {
        "cell_id": "R10C13",
        "row": 10,
        "col": 13,
        "week": 10,
        "week_label": "Wk10",
        "date_start": "2024-08-03",
        "date_end": "2024-08-09",
        "phase": "post",
        "avg_risk": 0.4855,
        "avg_gt": 0.0806,
        "risk_category": 1,
        "risk_category_label": "Medium"
      }
    },
    {
      "type": "Feature",
      "geometry": {
        "type": "Polygon",
        "coordinates": [
          [
            [
              73.94236842105263,
              18.50026315789474
            ],
            [
              73.95236842105263,
              18.50026315789474
            ],
            [
              73.95236842105263,
              18.510263157894737
            ],
            [
              73.94236842105263,
              18.510263157894737
            ],
            [
              73.94236842105263,
              18.50026315789474
            ]
          ]
        ]
      },
      "properties": {
        "cell_id": "R10C14",
        "row": 10,
        "col": 14,
        "week": 10,
        "week_label": "Wk10",
        "date_start": "2024-08-03",
        "date_end": "2024-08-09",
        "phase": "post",
        "avg_risk": 0.4835,
        "avg_gt": 0.1055,
        "risk_category": 1,
        "risk_category_label": "Medium"
      }
    },
    {
      "type": "Feature",
      "geometry": {
        "type": "Polygon",
        "coordinates": [
          [
            [
              73.95289473684211,
              18.50026315789474
            ],
            [
              73.9628947368421,
              18.50026315789474
            ],
            [
              73.9628947368421,
              18.510263157894737
            ],
            [
              73.95289473684211,
              18.510263157894737
            ],
            [
              73.95289473684211,
              18.50026315789474
            ]
          ]
        ]
      },
      "properties": {
        "cell_id": "R10C15",
        "row": 10,
        "col": 15,
        "week": 10,
        "week_label": "Wk10",
        "date_start": "2024-08-03",
        "date_end": "2024-08-09",
        "phase": "post",
        "avg_risk": 0.4585,
        "avg_gt": 0.117,
        "risk_category": 1,
        "risk_category_label": "Medium"
      }
    },
    {
      "type": "Feature",
      "geometry": {
        "type": "Polygon",
        "coordinates": [
          [
            [
              73.96342105263159,
              18.50026315789474
            ],
            [
              73.97342105263158,
              18.50026315789474
            ],
            [
              73.97342105263158,
              18.510263157894737
            ],
            [
              73.96342105263159,
              18.510263157894737
            ],
            [
              73.96342105263159,
              18.50026315789474
            ]
          ]
        ]
      },
      "properties": {
        "cell_id": "R10C16",
        "row": 10,
        "col": 16,
        "week": 10,
        "week_label": "Wk10",
        "date_start": "2024-08-03",
        "date_end": "2024-08-09",
        "phase": "post",
        "avg_risk": 0.4086,
        "avg_gt": 0.1027,
        "risk_category": 1,
        "risk_category_label": "Medium"
      }
    },
    {
      "type": "Feature",
      "geometry": {
        "type": "Polygon",
        "coordinates": [
          [
            [
              73.97394736842105,
              18.50026315789474
            ],
            [
              73.98394736842104,
              18.50026315789474
            ],
            [
              73.98394736842104,
              18.510263157894737
            ],
            [
              73.97394736842105,
              18.510263157894737
            ],
            [
              73.97394736842105,
              18.50026315789474
            ]
          ]
        ]
      },
      "properties": {
        "cell_id": "R10C17",
        "row": 10,
        "col": 17,
        "week": 10,
        "week_label": "Wk10",
        "date_start": "2024-08-03",
        "date_end": "2024-08-09",
        "phase": "post",
        "avg_risk": 0.3415,
        "avg_gt": 0.0705,
        "risk_category": 1,
        "risk_category_label": "Medium"
      }
    },
    {
      "type": "Feature",
      "geometry": {
        "type": "Polygon",
        "coordinates": [
          [
            [
              73.98447368421053,
              18.50026315789474
            ],
            [
              73.99447368421052,
              18.50026315789474
            ],
            [
              73.99447368421052,
              18.510263157894737
            ],
            [
              73.98447368421053,
              18.510263157894737
            ],
            [
              73.98447368421053,
              18.50026315789474
            ]
          ]
        ]
      },
      "properties": {
        "cell_id": "R10C18",
        "row": 10,
        "col": 18,
        "week": 10,
        "week_label": "Wk10",
        "date_start": "2024-08-03",
        "date_end": "2024-08-09",
        "phase": "post",
        "avg_risk": 0.2727,
        "avg_gt": 0.0377,
        "risk_category": 1,
        "risk_category_label": "Medium"
      }
    },
    {
      "type": "Feature",
      "geometry": {
        "type": "Polygon",
        "coordinates": [
          [
            [
              73.995,
              18.50026315789474
            ],
            [
              74.005,
              18.50026315789474
            ],
            [
              74.005,
              18.510263157894737
            ],
            [
              73.995,
              18.510263157894737
            ],
            [
              73.995,
              18.50026315789474
            ]
          ]
        ]
      },
      "properties": {
        "cell_id": "R10C19",
        "row": 10,
        "col": 19,
        "week": 10,
        "week_label": "Wk10",
        "date_start": "2024-08-03",
        "date_end": "2024-08-09",
        "phase": "post",
        "avg_risk": 0.2106,
        "avg_gt": 0.0157,
        "risk_category": 1,
        "risk_category_label": "Medium"
      }
    },
    {
      "type": "Feature",
      "geometry": {
        "type": "Polygon",
        "coordinates": [
          [
            [
              73.795,
              18.510789473684213
            ],
            [
              73.80499999999999,
              18.510789473684213
            ],
            [
              73.80499999999999,
              18.52078947368421
            ],
            [
              73.795,
              18.52078947368421
            ],
            [
              73.795,
              18.510789473684213
            ]
          ]
        ]
      },
      "properties": {
        "cell_id": "R11C00",
        "row": 11,
        "col": 0,
        "week": 10,
        "week_label": "Wk10",
        "date_start": "2024-08-03",
        "date_end": "2024-08-09",
        "phase": "post",
        "avg_risk": 0.1579,
        "avg_gt": 0.0006,
        "risk_category": 1,
        "risk_category_label": "Medium"
      }
    },
    {
      "type": "Feature",
      "geometry": {
        "type": "Polygon",
        "coordinates": [
          [
            [
              73.80552631578948,
              18.510789473684213
            ],
            [
              73.81552631578947,
              18.510789473684213
            ],
            [
              73.81552631578947,
              18.52078947368421
            ],
            [
              73.80552631578948,
              18.52078947368421
            ],
            [
              73.80552631578948,
              18.510789473684213
            ]
          ]
        ]
      },
      "properties": {
        "cell_id": "R11C01",
        "row": 11,
        "col": 1,
        "week": 10,
        "week_label": "Wk10",
        "date_start": "2024-08-03",
        "date_end": "2024-08-09",
        "phase": "post",
        "avg_risk": 0.1927,
        "avg_gt": 0.0016,
        "risk_category": 1,
        "risk_category_label": "Medium"
      }
    },
    {
      "type": "Feature",
      "geometry": {
        "type": "Polygon",
        "coordinates": [
          [
            [
              73.81605263157896,
              18.510789473684213
            ],
            [
              73.82605263157895,
              18.510789473684213
            ],
            [
              73.82605263157895,
              18.52078947368421
            ],
            [
              73.81605263157896,
              18.52078947368421
            ],
            [
              73.81605263157896,
              18.510789473684213
            ]
          ]
        ]
      },
      "properties": {
        "cell_id": "R11C02",
        "row": 11,
        "col": 2,
        "week": 10,
        "week_label": "Wk10",
        "date_start": "2024-08-03",
        "date_end": "2024-08-09",
        "phase": "post",
        "avg_risk": 0.2153,
        "avg_gt": 0.004,
        "risk_category": 1,
        "risk_category_label": "Medium"
      }
    },
    {
      "type": "Feature",
      "geometry": {
        "type": "Polygon",
        "coordinates": [
          [
            [
              73.82657894736842,
              18.510789473684213
            ],
            [
              73.83657894736841,
              18.510789473684213
            ],
            [
              73.83657894736841,
              18.52078947368421
            ],
            [
              73.82657894736842,
              18.52078947368421
            ],
            [
              73.82657894736842,
              18.510789473684213
            ]
          ]
        ]
      },
      "properties": {
        "cell_id": "R11C03",
        "row": 11,
        "col": 3,
        "week": 10,
        "week_label": "Wk10",
        "date_start": "2024-08-03",
        "date_end": "2024-08-09",
        "phase": "post",
        "avg_risk": 0.2238,
        "avg_gt": 0.0105,
        "risk_category": 1,
        "risk_category_label": "Medium"
      }
    },
    {
      "type": "Feature",
      "geometry": {
        "type": "Polygon",
        "coordinates": [
          [
            [
              73.8371052631579,
              18.510789473684213
            ],
            [
              73.84710526315789,
              18.510789473684213
            ],
            [
              73.84710526315789,
              18.52078947368421
            ],
            [
              73.8371052631579,
              18.52078947368421
            ],
            [
              73.8371052631579,
              18.510789473684213
            ]
          ]
        ]
      },
      "properties": {
        "cell_id": "R11C04",
        "row": 11,
        "col": 4,
        "week": 10,
        "week_label": "Wk10",
        "date_start": "2024-08-03",
        "date_end": "2024-08-09",
        "phase": "post",
        "avg_risk": 0.2223,
        "avg_gt": 0.0271,
        "risk_category": 1,
        "risk_category_label": "Medium"
      }
    },
    {
      "type": "Feature",
      "geometry": {
        "type": "Polygon",
        "coordinates": [
          [
            [
              73.84763157894737,
              18.510789473684213
            ],
            [
              73.85763157894736,
              18.510789473684213
            ],
            [
              73.85763157894736,
              18.52078947368421
            ],
            [
              73.84763157894737,
              18.52078947368421
            ],
            [
              73.84763157894737,
              18.510789473684213
            ]
          ]
        ]
      },
      "properties": {
        "cell_id": "R11C05",
        "row": 11,
        "col": 5,
        "week": 10,
        "week_label": "Wk10",
        "date_start": "2024-08-03",
        "date_end": "2024-08-09",
        "phase": "post",
        "avg_risk": 0.2229,
        "avg_gt": 0.0612,
        "risk_category": 1,
        "risk_category_label": "Medium"
      }
    },
    {
      "type": "Feature",
      "geometry": {
        "type": "Polygon",
        "coordinates": [
          [
            [
              73.85815789473685,
              18.510789473684213
            ],
            [
              73.86815789473684,
              18.510789473684213
            ],
            [
              73.86815789473684,
              18.52078947368421
            ],
            [
              73.85815789473685,
              18.52078947368421
            ],
            [
              73.85815789473685,
              18.510789473684213
            ]
          ]
        ]
      },
      "properties": {
        "cell_id": "R11C06",
        "row": 11,
        "col": 6,
        "week": 10,
        "week_label": "Wk10",
        "date_start": "2024-08-03",
        "date_end": "2024-08-09",
        "phase": "post",
        "avg_risk": 0.2387,
        "avg_gt": 0.1124,
        "risk_category": 1,
        "risk_category_label": "Medium"
      }
    },
    {
      "type": "Feature",
      "geometry": {
        "type": "Polygon",
        "coordinates": [
          [
            [
              73.86868421052633,
              18.510789473684213
            ],
            [
              73.87868421052632,
              18.510789473684213
            ],
            [
              73.87868421052632,
              18.52078947368421
            ],
            [
              73.86868421052633,
              18.52078947368421
            ],
            [
              73.86868421052633,
              18.510789473684213
            ]
          ]
        ]
      },
      "properties": {
        "cell_id": "R11C07",
        "row": 11,
        "col": 7,
        "week": 10,
        "week_label": "Wk10",
        "date_start": "2024-08-03",
        "date_end": "2024-08-09",
        "phase": "post",
        "avg_risk": 0.2792,
        "avg_gt": 0.1631,
        "risk_category": 1,
        "risk_category_label": "Medium"
      }
    },
    {
      "type": "Feature",
      "geometry": {
        "type": "Polygon",
        "coordinates": [
          [
            [
              73.87921052631579,
              18.510789473684213
            ],
            [
              73.88921052631578,
              18.510789473684213
            ],
            [
              73.88921052631578,
              18.52078947368421
            ],
            [
              73.87921052631579,
              18.52078947368421
            ],
            [
              73.87921052631579,
              18.510789473684213
            ]
          ]
        ]
      },
      "properties": {
        "cell_id": "R11C08",
        "row": 11,
        "col": 8,
        "week": 10,
        "week_label": "Wk10",
        "date_start": "2024-08-03",
        "date_end": "2024-08-09",
        "phase": "post",
        "avg_risk": 0.3402,
        "avg_gt": 0.1856,
        "risk_category": 1,
        "risk_category_label": "Medium"
      }
    },
    {
      "type": "Feature",
      "geometry": {
        "type": "Polygon",
        "coordinates": [
          [
            [
              73.88973684210526,
              18.510789473684213
            ],
            [
              73.89973684210526,
              18.510789473684213
            ],
            [
              73.89973684210526,
              18.52078947368421
            ],
            [
              73.88973684210526,
              18.52078947368421
            ],
            [
              73.88973684210526,
              18.510789473684213
            ]
          ]
        ]
      },
      "properties": {
        "cell_id": "R11C09",
        "row": 11,
        "col": 9,
        "week": 10,
        "week_label": "Wk10",
        "date_start": "2024-08-03",
        "date_end": "2024-08-09",
        "phase": "post",
        "avg_risk": 0.4049,
        "avg_gt": 0.1675,
        "risk_category": 1,
        "risk_category_label": "Medium"
      }
    },
    {
      "type": "Feature",
      "geometry": {
        "type": "Polygon",
        "coordinates": [
          [
            [
              73.90026315789474,
              18.510789473684213
            ],
            [
              73.91026315789473,
              18.510789473684213
            ],
            [
              73.91026315789473,
              18.52078947368421
            ],
            [
              73.90026315789474,
              18.52078947368421
            ],
            [
              73.90026315789474,
              18.510789473684213
            ]
          ]
        ]
      },
      "properties": {
        "cell_id": "R11C10",
        "row": 11,
        "col": 10,
        "week": 10,
        "week_label": "Wk10",
        "date_start": "2024-08-03",
        "date_end": "2024-08-09",
        "phase": "post",
        "avg_risk": 0.4595,
        "avg_gt": 0.1273,
        "risk_category": 1,
        "risk_category_label": "Medium"
      }
    },
    {
      "type": "Feature",
      "geometry": {
        "type": "Polygon",
        "coordinates": [
          [
            [
              73.91078947368422,
              18.510789473684213
            ],
            [
              73.92078947368421,
              18.510789473684213
            ],
            [
              73.92078947368421,
              18.52078947368421
            ],
            [
              73.91078947368422,
              18.52078947368421
            ],
            [
              73.91078947368422,
              18.510789473684213
            ]
          ]
        ]
      },
      "properties": {
        "cell_id": "R11C11",
        "row": 11,
        "col": 11,
        "week": 10,
        "week_label": "Wk10",
        "date_start": "2024-08-03",
        "date_end": "2024-08-09",
        "phase": "post",
        "avg_risk": 0.5001,
        "avg_gt": 0.1023,
        "risk_category": 1,
        "risk_category_label": "Medium"
      }
    },
    {
      "type": "Feature",
      "geometry": {
        "type": "Polygon",
        "coordinates": [
          [
            [
              73.92131578947368,
              18.510789473684213
            ],
            [
              73.93131578947367,
              18.510789473684213
            ],
            [
              73.93131578947367,
              18.52078947368421
            ],
            [
              73.92131578947368,
              18.52078947368421
            ],
            [
              73.92131578947368,
              18.510789473684213
            ]
          ]
        ]
      },
      "properties": {
        "cell_id": "R11C12",
        "row": 11,
        "col": 12,
        "week": 10,
        "week_label": "Wk10",
        "date_start": "2024-08-03",
        "date_end": "2024-08-09",
        "phase": "post",
        "avg_risk": 0.5283,
        "avg_gt": 0.1207,
        "risk_category": 1,
        "risk_category_label": "Medium"
      }
    },
    {
      "type": "Feature",
      "geometry": {
        "type": "Polygon",
        "coordinates": [
          [
            [
              73.93184210526316,
              18.510789473684213
            ],
            [
              73.94184210526315,
              18.510789473684213
            ],
            [
              73.94184210526315,
              18.52078947368421
            ],
            [
              73.93184210526316,
              18.52078947368421
            ],
            [
              73.93184210526316,
              18.510789473684213
            ]
          ]
        ]
      },
      "properties": {
        "cell_id": "R11C13",
        "row": 11,
        "col": 13,
        "week": 10,
        "week_label": "Wk10",
        "date_start": "2024-08-03",
        "date_end": "2024-08-09",
        "phase": "post",
        "avg_risk": 0.5446,
        "avg_gt": 0.1819,
        "risk_category": 1,
        "risk_category_label": "Medium"
      }
    },
    {
      "type": "Feature",
      "geometry": {
        "type": "Polygon",
        "coordinates": [
          [
            [
              73.94236842105263,
              18.510789473684213
            ],
            [
              73.95236842105263,
              18.510789473684213
            ],
            [
              73.95236842105263,
              18.52078947368421
            ],
            [
              73.94236842105263,
              18.52078947368421
            ],
            [
              73.94236842105263,
              18.510789473684213
            ]
          ]
        ]
      },
      "properties": {
        "cell_id": "R11C14",
        "row": 11,
        "col": 14,
        "week": 10,
        "week_label": "Wk10",
        "date_start": "2024-08-03",
        "date_end": "2024-08-09",
        "phase": "post",
        "avg_risk": 0.5471,
        "avg_gt": 0.2515,
        "risk_category": 1,
        "risk_category_label": "Medium"
      }
    },
    {
      "type": "Feature",
      "geometry": {
        "type": "Polygon",
        "coordinates": [
          [
            [
              73.95289473684211,
              18.510789473684213
            ],
            [
              73.9628947368421,
              18.510789473684213
            ],
            [
              73.9628947368421,
              18.52078947368421
            ],
            [
              73.95289473684211,
              18.52078947368421
            ],
            [
              73.95289473684211,
              18.510789473684213
            ]
          ]
        ]
      },
      "properties": {
        "cell_id": "R11C15",
        "row": 11,
        "col": 15,
        "week": 10,
        "week_label": "Wk10",
        "date_start": "2024-08-03",
        "date_end": "2024-08-09",
        "phase": "post",
        "avg_risk": 0.5292,
        "avg_gt": 0.2811,
        "risk_category": 1,
        "risk_category_label": "Medium"
      }
    },
    {
      "type": "Feature",
      "geometry": {
        "type": "Polygon",
        "coordinates": [
          [
            [
              73.96342105263159,
              18.510789473684213
            ],
            [
              73.97342105263158,
              18.510789473684213
            ],
            [
              73.97342105263158,
              18.52078947368421
            ],
            [
              73.96342105263159,
              18.52078947368421
            ],
            [
              73.96342105263159,
              18.510789473684213
            ]
          ]
        ]
      },
      "properties": {
        "cell_id": "R11C16",
        "row": 11,
        "col": 16,
        "week": 10,
        "week_label": "Wk10",
        "date_start": "2024-08-03",
        "date_end": "2024-08-09",
        "phase": "post",
        "avg_risk": 0.4845,
        "avg_gt": 0.2469,
        "risk_category": 1,
        "risk_category_label": "Medium"
      }
    },
    {
      "type": "Feature",
      "geometry": {
        "type": "Polygon",
        "coordinates": [
          [
            [
              73.97394736842105,
              18.510789473684213
            ],
            [
              73.98394736842104,
              18.510789473684213
            ],
            [
              73.98394736842104,
              18.52078947368421
            ],
            [
              73.97394736842105,
              18.52078947368421
            ],
            [
              73.97394736842105,
              18.510789473684213
            ]
          ]
        ]
      },
      "properties": {
        "cell_id": "R11C17",
        "row": 11,
        "col": 17,
        "week": 10,
        "week_label": "Wk10",
        "date_start": "2024-08-03",
        "date_end": "2024-08-09",
        "phase": "post",
        "avg_risk": 0.4113,
        "avg_gt": 0.1694,
        "risk_category": 1,
        "risk_category_label": "Medium"
      }
    },
    {
      "type": "Feature",
      "geometry": {
        "type": "Polygon",
        "coordinates": [
          [
            [
              73.98447368421053,
              18.510789473684213
            ],
            [
              73.99447368421052,
              18.510789473684213
            ],
            [
              73.99447368421052,
              18.52078947368421
            ],
            [
              73.98447368421053,
              18.52078947368421
            ],
            [
              73.98447368421053,
              18.510789473684213
            ]
          ]
        ]
      },
      "properties": {
        "cell_id": "R11C18",
        "row": 11,
        "col": 18,
        "week": 10,
        "week_label": "Wk10",
        "date_start": "2024-08-03",
        "date_end": "2024-08-09",
        "phase": "post",
        "avg_risk": 0.3293,
        "avg_gt": 0.0905,
        "risk_category": 1,
        "risk_category_label": "Medium"
      }
    },
    {
      "type": "Feature",
      "geometry": {
        "type": "Polygon",
        "coordinates": [
          [
            [
              73.995,
              18.510789473684213
            ],
            [
              74.005,
              18.510789473684213
            ],
            [
              74.005,
              18.52078947368421
            ],
            [
              73.995,
              18.52078947368421
            ],
            [
              73.995,
              18.510789473684213
            ]
          ]
        ]
      },
      "properties": {
        "cell_id": "R11C19",
        "row": 11,
        "col": 19,
        "week": 10,
        "week_label": "Wk10",
        "date_start": "2024-08-03",
        "date_end": "2024-08-09",
        "phase": "post",
        "avg_risk": 0.2441,
        "avg_gt": 0.0377,
        "risk_category": 1,
        "risk_category_label": "Medium"
      }
    },
    {
      "type": "Feature",
      "geometry": {
        "type": "Polygon",
        "coordinates": [
          [
            [
              73.795,
              18.521315789473686
            ],
            [
              73.80499999999999,
              18.521315789473686
            ],
            [
              73.80499999999999,
              18.531315789473684
            ],
            [
              73.795,
              18.531315789473684
            ],
            [
              73.795,
              18.521315789473686
            ]
          ]
        ]
      },
      "properties": {
        "cell_id": "R12C00",
        "row": 12,
        "col": 0,
        "week": 10,
        "week_label": "Wk10",
        "date_start": "2024-08-03",
        "date_end": "2024-08-09",
        "phase": "post",
        "avg_risk": 0.1744,
        "avg_gt": 0.0027,
        "risk_category": 1,
        "risk_category_label": "Medium"
      }
    },
    {
      "type": "Feature",
      "geometry": {
        "type": "Polygon",
        "coordinates": [
          [
            [
              73.80552631578948,
              18.521315789473686
            ],
            [
              73.81552631578947,
              18.521315789473686
            ],
            [
              73.81552631578947,
              18.531315789473684
            ],
            [
              73.80552631578948,
              18.531315789473684
            ],
            [
              73.80552631578948,
              18.521315789473686
            ]
          ]
        ]
      },
      "properties": {
        "cell_id": "R12C01",
        "row": 12,
        "col": 1,
        "week": 10,
        "week_label": "Wk10",
        "date_start": "2024-08-03",
        "date_end": "2024-08-09",
        "phase": "post",
        "avg_risk": 0.2055,
        "avg_gt": 0.0061,
        "risk_category": 1,
        "risk_category_label": "Medium"
      }
    },
    {
      "type": "Feature",
      "geometry": {
        "type": "Polygon",
        "coordinates": [
          [
            [
              73.81605263157896,
              18.521315789473686
            ],
            [
              73.82605263157895,
              18.521315789473686
            ],
            [
              73.82605263157895,
              18.531315789473684
            ],
            [
              73.81605263157896,
              18.531315789473684
            ],
            [
              73.81605263157896,
              18.521315789473686
            ]
          ]
        ]
      },
      "properties": {
        "cell_id": "R12C02",
        "row": 12,
        "col": 2,
        "week": 10,
        "week_label": "Wk10",
        "date_start": "2024-08-03",
        "date_end": "2024-08-09",
        "phase": "post",
        "avg_risk": 0.23,
        "avg_gt": 0.0107,
        "risk_category": 1,
        "risk_category_label": "Medium"
      }
    },
    {
      "type": "Feature",
      "geometry": {
        "type": "Polygon",
        "coordinates": [
          [
            [
              73.82657894736842,
              18.521315789473686
            ],
            [
              73.83657894736841,
              18.521315789473686
            ],
            [
              73.83657894736841,
              18.531315789473684
            ],
            [
              73.82657894736842,
              18.531315789473684
            ],
            [
              73.82657894736842,
              18.521315789473686
            ]
          ]
        ]
      },
      "properties": {
        "cell_id": "R12C03",
        "row": 12,
        "col": 3,
        "week": 10,
        "week_label": "Wk10",
        "date_start": "2024-08-03",
        "date_end": "2024-08-09",
        "phase": "post",
        "avg_risk": 0.2408,
        "avg_gt": 0.0165,
        "risk_category": 1,
        "risk_category_label": "Medium"
      }
    },
    {
      "type": "Feature",
      "geometry": {
        "type": "Polygon",
        "coordinates": [
          [
            [
              73.8371052631579,
              18.521315789473686
            ],
            [
              73.84710526315789,
              18.521315789473686
            ],
            [
              73.84710526315789,
              18.531315789473684
            ],
            [
              73.8371052631579,
              18.531315789473684
            ],
            [
              73.8371052631579,
              18.521315789473686
            ]
          ]
        ]
      },
      "properties": {
        "cell_id": "R12C04",
        "row": 12,
        "col": 4,
        "week": 10,
        "week_label": "Wk10",
        "date_start": "2024-08-03",
        "date_end": "2024-08-09",
        "phase": "post",
        "avg_risk": 0.2424,
        "avg_gt": 0.0265,
        "risk_category": 1,
        "risk_category_label": "Medium"
      }
    },
    {
      "type": "Feature",
      "geometry": {
        "type": "Polygon",
        "coordinates": [
          [
            [
              73.84763157894737,
              18.521315789473686
            ],
            [
              73.85763157894736,
              18.521315789473686
            ],
            [
              73.85763157894736,
              18.531315789473684
            ],
            [
              73.84763157894737,
              18.531315789473684
            ],
            [
              73.84763157894737,
              18.521315789473686
            ]
          ]
        ]
      },
      "properties": {
        "cell_id": "R12C05",
        "row": 12,
        "col": 5,
        "week": 10,
        "week_label": "Wk10",
        "date_start": "2024-08-03",
        "date_end": "2024-08-09",
        "phase": "post",
        "avg_risk": 0.2458,
        "avg_gt": 0.0471,
        "risk_category": 1,
        "risk_category_label": "Medium"
      }
    },
    {
      "type": "Feature",
      "geometry": {
        "type": "Polygon",
        "coordinates": [
          [
            [
              73.85815789473685,
              18.521315789473686
            ],
            [
              73.86815789473684,
              18.521315789473686
            ],
            [
              73.86815789473684,
              18.531315789473684
            ],
            [
              73.85815789473685,
              18.531315789473684
            ],
            [
              73.85815789473685,
              18.521315789473686
            ]
          ]
        ]
      },
      "properties": {
        "cell_id": "R12C06",
        "row": 12,
        "col": 6,
        "week": 10,
        "week_label": "Wk10",
        "date_start": "2024-08-03",
        "date_end": "2024-08-09",
        "phase": "post",
        "avg_risk": 0.2672,
        "avg_gt": 0.0799,
        "risk_category": 1,
        "risk_category_label": "Medium"
      }
    },
    {
      "type": "Feature",
      "geometry": {
        "type": "Polygon",
        "coordinates": [
          [
            [
              73.86868421052633,
              18.521315789473686
            ],
            [
              73.87868421052632,
              18.521315789473686
            ],
            [
              73.87868421052632,
              18.531315789473684
            ],
            [
              73.86868421052633,
              18.531315789473684
            ],
            [
              73.86868421052633,
              18.521315789473686
            ]
          ]
        ]
      },
      "properties": {
        "cell_id": "R12C07",
        "row": 12,
        "col": 7,
        "week": 10,
        "week_label": "Wk10",
        "date_start": "2024-08-03",
        "date_end": "2024-08-09",
        "phase": "post",
        "avg_risk": 0.3172,
        "avg_gt": 0.1142,
        "risk_category": 1,
        "risk_category_label": "Medium"
      }
    },
    {
      "type": "Feature",
      "geometry": {
        "type": "Polygon",
        "coordinates": [
          [
            [
              73.87921052631579,
              18.521315789473686
            ],
            [
              73.88921052631578,
              18.521315789473686
            ],
            [
              73.88921052631578,
              18.531315789473684
            ],
            [
              73.87921052631579,
              18.531315789473684
            ],
            [
              73.87921052631579,
              18.521315789473686
            ]
          ]
        ]
      },
      "properties": {
        "cell_id": "R12C08",
        "row": 12,
        "col": 8,
        "week": 10,
        "week_label": "Wk10",
        "date_start": "2024-08-03",
        "date_end": "2024-08-09",
        "phase": "post",
        "avg_risk": 0.3867,
        "avg_gt": 0.1317,
        "risk_category": 1,
        "risk_category_label": "Medium"
      }
    },
    {
      "type": "Feature",
      "geometry": {
        "type": "Polygon",
        "coordinates": [
          [
            [
              73.88973684210526,
              18.521315789473686
            ],
            [
              73.89973684210526,
              18.521315789473686
            ],
            [
              73.89973684210526,
              18.531315789473684
            ],
            [
              73.88973684210526,
              18.531315789473684
            ],
            [
              73.88973684210526,
              18.521315789473686
            ]
          ]
        ]
      },
      "properties": {
        "cell_id": "R12C09",
        "row": 12,
        "col": 9,
        "week": 10,
        "week_label": "Wk10",
        "date_start": "2024-08-03",
        "date_end": "2024-08-09",
        "phase": "post",
        "avg_risk": 0.4538,
        "avg_gt": 0.1255,
        "risk_category": 1,
        "risk_category_label": "Medium"
      }
    },
    {
      "type": "Feature",
      "geometry": {
        "type": "Polygon",
        "coordinates": [
          [
            [
              73.90026315789474,
              18.521315789473686
            ],
            [
              73.91026315789473,
              18.521315789473686
            ],
            [
              73.91026315789473,
              18.531315789473684
            ],
            [
              73.90026315789474,
              18.531315789473684
            ],
            [
              73.90026315789474,
              18.521315789473686
            ]
          ]
        ]
      },
      "properties": {
        "cell_id": "R12C10",
        "row": 12,
        "col": 10,
        "week": 10,
        "week_label": "Wk10",
        "date_start": "2024-08-03",
        "date_end": "2024-08-09",
        "phase": "post",
        "avg_risk": 0.5061,
        "avg_gt": 0.1133,
        "risk_category": 1,
        "risk_category_label": "Medium"
      }
    },
    {
      "type": "Feature",
      "geometry": {
        "type": "Polygon",
        "coordinates": [
          [
            [
              73.91078947368422,
              18.521315789473686
            ],
            [
              73.92078947368421,
              18.521315789473686
            ],
            [
              73.92078947368421,
              18.531315789473684
            ],
            [
              73.91078947368422,
              18.531315789473684
            ],
            [
              73.91078947368422,
              18.521315789473686
            ]
          ]
        ]
      },
      "properties": {
        "cell_id": "R12C11",
        "row": 12,
        "col": 11,
        "week": 10,
        "week_label": "Wk10",
        "date_start": "2024-08-03",
        "date_end": "2024-08-09",
        "phase": "post",
        "avg_risk": 0.5435,
        "avg_gt": 0.1302,
        "risk_category": 1,
        "risk_category_label": "Medium"
      }
    },
    {
      "type": "Feature",
      "geometry": {
        "type": "Polygon",
        "coordinates": [
          [
            [
              73.92131578947368,
              18.521315789473686
            ],
            [
              73.93131578947367,
              18.521315789473686
            ],
            [
              73.93131578947367,
              18.531315789473684
            ],
            [
              73.92131578947368,
              18.531315789473684
            ],
            [
              73.92131578947368,
              18.521315789473686
            ]
          ]
        ]
      },
      "properties": {
        "cell_id": "R12C12",
        "row": 12,
        "col": 12,
        "week": 10,
        "week_label": "Wk10",
        "date_start": "2024-08-03",
        "date_end": "2024-08-09",
        "phase": "post",
        "avg_risk": 0.5695,
        "avg_gt": 0.2069,
        "risk_category": 2,
        "risk_category_label": "High"
      }
    },
    {
      "type": "Feature",
      "geometry": {
        "type": "Polygon",
        "coordinates": [
          [
            [
              73.93184210526316,
              18.521315789473686
            ],
            [
              73.94184210526315,
              18.521315789473686
            ],
            [
              73.94184210526315,
              18.531315789473684
            ],
            [
              73.93184210526316,
              18.531315789473684
            ],
            [
              73.93184210526316,
              18.521315789473686
            ]
          ]
        ]
      },
      "properties": {
        "cell_id": "R12C13",
        "row": 12,
        "col": 13,
        "week": 10,
        "week_label": "Wk10",
        "date_start": "2024-08-03",
        "date_end": "2024-08-09",
        "phase": "post",
        "avg_risk": 0.586,
        "avg_gt": 0.34,
        "risk_category": 2,
        "risk_category_label": "High"
      }
    },
    {
      "type": "Feature",
      "geometry": {
        "type": "Polygon",
        "coordinates": [
          [
            [
              73.94236842105263,
              18.521315789473686
            ],
            [
              73.95236842105263,
              18.521315789473686
            ],
            [
              73.95236842105263,
              18.531315789473684
            ],
            [
              73.94236842105263,
              18.531315789473684
            ],
            [
              73.94236842105263,
              18.521315789473686
            ]
          ]
        ]
      },
      "properties": {
        "cell_id": "R12C14",
        "row": 12,
        "col": 14,
        "week": 10,
        "week_label": "Wk10",
        "date_start": "2024-08-03",
        "date_end": "2024-08-09",
        "phase": "post",
        "avg_risk": 0.5912,
        "avg_gt": 0.4745,
        "risk_category": 2,
        "risk_category_label": "High"
      }
    },
    {
      "type": "Feature",
      "geometry": {
        "type": "Polygon",
        "coordinates": [
          [
            [
              73.95289473684211,
              18.521315789473686
            ],
            [
              73.9628947368421,
              18.521315789473686
            ],
            [
              73.9628947368421,
              18.531315789473684
            ],
            [
              73.95289473684211,
              18.531315789473684
            ],
            [
              73.95289473684211,
              18.521315789473686
            ]
          ]
        ]
      },
      "properties": {
        "cell_id": "R12C15",
        "row": 12,
        "col": 15,
        "week": 10,
        "week_label": "Wk10",
        "date_start": "2024-08-03",
        "date_end": "2024-08-09",
        "phase": "post",
        "avg_risk": 0.5791,
        "avg_gt": 0.5289,
        "risk_category": 2,
        "risk_category_label": "High"
      }
    },
    {
      "type": "Feature",
      "geometry": {
        "type": "Polygon",
        "coordinates": [
          [
            [
              73.96342105263159,
              18.521315789473686
            ],
            [
              73.97342105263158,
              18.521315789473686
            ],
            [
              73.97342105263158,
              18.531315789473684
            ],
            [
              73.96342105263159,
              18.531315789473684
            ],
            [
              73.96342105263159,
              18.521315789473686
            ]
          ]
        ]
      },
      "properties": {
        "cell_id": "R12C16",
        "row": 12,
        "col": 16,
        "week": 10,
        "week_label": "Wk10",
        "date_start": "2024-08-03",
        "date_end": "2024-08-09",
        "phase": "post",
        "avg_risk": 0.5433,
        "avg_gt": 0.4633,
        "risk_category": 1,
        "risk_category_label": "Medium"
      }
    },
    {
      "type": "Feature",
      "geometry": {
        "type": "Polygon",
        "coordinates": [
          [
            [
              73.97394736842105,
              18.521315789473686
            ],
            [
              73.98394736842104,
              18.521315789473686
            ],
            [
              73.98394736842104,
              18.531315789473684
            ],
            [
              73.97394736842105,
              18.531315789473684
            ],
            [
              73.97394736842105,
              18.521315789473686
            ]
          ]
        ]
      },
      "properties": {
        "cell_id": "R12C17",
        "row": 12,
        "col": 17,
        "week": 10,
        "week_label": "Wk10",
        "date_start": "2024-08-03",
        "date_end": "2024-08-09",
        "phase": "post",
        "avg_risk": 0.4767,
        "avg_gt": 0.3172,
        "risk_category": 1,
        "risk_category_label": "Medium"
      }
    },
    {
      "type": "Feature",
      "geometry": {
        "type": "Polygon",
        "coordinates": [
          [
            [
              73.98447368421053,
              18.521315789473686
            ],
            [
              73.99447368421052,
              18.521315789473686
            ],
            [
              73.99447368421052,
              18.531315789473684
            ],
            [
              73.98447368421053,
              18.531315789473684
            ],
            [
              73.98447368421053,
              18.521315789473686
            ]
          ]
        ]
      },
      "properties": {
        "cell_id": "R12C18",
        "row": 12,
        "col": 18,
        "week": 10,
        "week_label": "Wk10",
        "date_start": "2024-08-03",
        "date_end": "2024-08-09",
        "phase": "post",
        "avg_risk": 0.3813,
        "avg_gt": 0.1694,
        "risk_category": 1,
        "risk_category_label": "Medium"
      }
    },
    {
      "type": "Feature",
      "geometry": {
        "type": "Polygon",
        "coordinates": [
          [
            [
              73.995,
              18.521315789473686
            ],
            [
              74.005,
              18.521315789473686
            ],
            [
              74.005,
              18.531315789473684
            ],
            [
              73.995,
              18.531315789473684
            ],
            [
              73.995,
              18.521315789473686
            ]
          ]
        ]
      },
      "properties": {
        "cell_id": "R12C19",
        "row": 12,
        "col": 19,
        "week": 10,
        "week_label": "Wk10",
        "date_start": "2024-08-03",
        "date_end": "2024-08-09",
        "phase": "post",
        "avg_risk": 0.2953,
        "avg_gt": 0.0705,
        "risk_category": 1,
        "risk_category_label": "Medium"
      }
    },
    {
      "type": "Feature",
      "geometry": {
        "type": "Polygon",
        "coordinates": [
          [
            [
              73.795,
              18.53184210526316
            ],
            [
              73.80499999999999,
              18.53184210526316
            ],
            [
              73.80499999999999,
              18.541842105263157
            ],
            [
              73.795,
              18.541842105263157
            ],
            [
              73.795,
              18.53184210526316
            ]
          ]
        ]
      },
      "properties": {
        "cell_id": "R13C00",
        "row": 13,
        "col": 0,
        "week": 10,
        "week_label": "Wk10",
        "date_start": "2024-08-03",
        "date_end": "2024-08-09",
        "phase": "post",
        "avg_risk": 0.2073,
        "avg_gt": 0.0109,
        "risk_category": 1,
        "risk_category_label": "Medium"
      }
    },
    {
      "type": "Feature",
      "geometry": {
        "type": "Polygon",
        "coordinates": [
          [
            [
              73.80552631578948,
              18.53184210526316
            ],
            [
              73.81552631578947,
              18.53184210526316
            ],
            [
              73.81552631578947,
              18.541842105263157
            ],
            [
              73.80552631578948,
              18.541842105263157
            ],
            [
              73.80552631578948,
              18.53184210526316
            ]
          ]
        ]
      },
      "properties": {
        "cell_id": "R13C01",
        "row": 13,
        "col": 1,
        "week": 10,
        "week_label": "Wk10",
        "date_start": "2024-08-03",
        "date_end": "2024-08-09",
        "phase": "post",
        "avg_risk": 0.2375,
        "avg_gt": 0.0236,
        "risk_category": 1,
        "risk_category_label": "Medium"
      }
    },
    {
      "type": "Feature",
      "geometry": {
        "type": "Polygon",
        "coordinates": [
          [
            [
              73.81605263157896,
              18.53184210526316
            ],
            [
              73.82605263157895,
              18.53184210526316
            ],
            [
              73.82605263157895,
              18.541842105263157
            ],
            [
              73.81605263157896,
              18.541842105263157
            ],
            [
              73.81605263157896,
              18.53184210526316
            ]
          ]
        ]
      },
      "properties": {
        "cell_id": "R13C02",
        "row": 13,
        "col": 2,
        "week": 10,
        "week_label": "Wk10",
        "date_start": "2024-08-03",
        "date_end": "2024-08-09",
        "phase": "post",
        "avg_risk": 0.2581,
        "avg_gt": 0.0381,
        "risk_category": 1,
        "risk_category_label": "Medium"
      }
    },
    {
      "type": "Feature",
      "geometry": {
        "type": "Polygon",
        "coordinates": [
          [
            [
              73.82657894736842,
              18.53184210526316
            ],
            [
              73.83657894736841,
              18.53184210526316
            ],
            [
              73.83657894736841,
              18.541842105263157
            ],
            [
              73.82657894736842,
              18.541842105263157
            ],
            [
              73.82657894736842,
              18.53184210526316
            ]
          ]
        ]
      },
      "properties": {
        "cell_id": "R13C03",
        "row": 13,
        "col": 3,
        "week": 10,
        "week_label": "Wk10",
        "date_start": "2024-08-03",
        "date_end": "2024-08-09",
        "phase": "post",
        "avg_risk": 0.2678,
        "avg_gt": 0.0465,
        "risk_category": 1,
        "risk_category_label": "Medium"
      }
    },
    {
      "type": "Feature",
      "geometry": {
        "type": "Polygon",
        "coordinates": [
          [
            [
              73.8371052631579,
              18.53184210526316
            ],
            [
              73.84710526315789,
              18.53184210526316
            ],
            [
              73.84710526315789,
              18.541842105263157
            ],
            [
              73.8371052631579,
              18.541842105263157
            ],
            [
              73.8371052631579,
              18.53184210526316
            ]
          ]
        ]
      },
      "properties": {
        "cell_id": "R13C04",
        "row": 13,
        "col": 4,
        "week": 10,
        "week_label": "Wk10",
        "date_start": "2024-08-03",
        "date_end": "2024-08-09",
        "phase": "post",
        "avg_risk": 0.2703,
        "avg_gt": 0.0466,
        "risk_category": 1,
        "risk_category_label": "Medium"
      }
    },
    {
      "type": "Feature",
      "geometry": {
        "type": "Polygon",
        "coordinates": [
          [
            [
              73.84763157894737,
              18.53184210526316
            ],
            [
              73.85763157894736,
              18.53184210526316
            ],
            [
              73.85763157894736,
              18.541842105263157
            ],
            [
              73.84763157894737,
              18.541842105263157
            ],
            [
              73.84763157894737,
              18.53184210526316
            ]
          ]
        ]
      },
      "properties": {
        "cell_id": "R13C05",
        "row": 13,
        "col": 5,
        "week": 10,
        "week_label": "Wk10",
        "date_start": "2024-08-03",
        "date_end": "2024-08-09",
        "phase": "post",
        "avg_risk": 0.2745,
        "avg_gt": 0.0458,
        "risk_category": 1,
        "risk_category_label": "Medium"
      }
    },
    {
      "type": "Feature",
      "geometry": {
        "type": "Polygon",
        "coordinates": [
          [
            [
              73.85815789473685,
              18.53184210526316
            ],
            [
              73.86815789473684,
              18.53184210526316
            ],
            [
              73.86815789473684,
              18.541842105263157
            ],
            [
              73.85815789473685,
              18.541842105263157
            ],
            [
              73.85815789473685,
              18.53184210526316
            ]
          ]
        ]
      },
      "properties": {
        "cell_id": "R13C06",
        "row": 13,
        "col": 6,
        "week": 10,
        "week_label": "Wk10",
        "date_start": "2024-08-03",
        "date_end": "2024-08-09",
        "phase": "post",
        "avg_risk": 0.2976,
        "avg_gt": 0.0535,
        "risk_category": 1,
        "risk_category_label": "Medium"
      }
    },
    {
      "type": "Feature",
      "geometry": {
        "type": "Polygon",
        "coordinates": [
          [
            [
              73.86868421052633,
              18.53184210526316
            ],
            [
              73.87868421052632,
              18.53184210526316
            ],
            [
              73.87868421052632,
              18.541842105263157
            ],
            [
              73.86868421052633,
              18.541842105263157
            ],
            [
              73.86868421052633,
              18.53184210526316
            ]
          ]
        ]
      },
      "properties": {
        "cell_id": "R13C07",
        "row": 13,
        "col": 7,
        "week": 10,
        "week_label": "Wk10",
        "date_start": "2024-08-03",
        "date_end": "2024-08-09",
        "phase": "post",
        "avg_risk": 0.3505,
        "avg_gt": 0.0685,
        "risk_category": 1,
        "risk_category_label": "Medium"
      }
    },
    {
      "type": "Feature",
      "geometry": {
        "type": "Polygon",
        "coordinates": [
          [
            [
              73.87921052631579,
              18.53184210526316
            ],
            [
              73.88921052631578,
              18.53184210526316
            ],
            [
              73.88921052631578,
              18.541842105263157
            ],
            [
              73.87921052631579,
              18.541842105263157
            ],
            [
              73.87921052631579,
              18.53184210526316
            ]
          ]
        ]
      },
      "properties": {
        "cell_id": "R13C08",
        "row": 13,
        "col": 8,
        "week": 10,
        "week_label": "Wk10",
        "date_start": "2024-08-03",
        "date_end": "2024-08-09",
        "phase": "post",
        "avg_risk": 0.4226,
        "avg_gt": 0.0826,
        "risk_category": 1,
        "risk_category_label": "Medium"
      }
    },
    {
      "type": "Feature",
      "geometry": {
        "type": "Polygon",
        "coordinates": [
          [
            [
              73.88973684210526,
              18.53184210526316
            ],
            [
              73.89973684210526,
              18.53184210526316
            ],
            [
              73.89973684210526,
              18.541842105263157
            ],
            [
              73.88973684210526,
              18.541842105263157
            ],
            [
              73.88973684210526,
              18.53184210526316
            ]
          ]
        ]
      },
      "properties": {
        "cell_id": "R13C09",
        "row": 13,
        "col": 9,
        "week": 10,
        "week_label": "Wk10",
        "date_start": "2024-08-03",
        "date_end": "2024-08-09",
        "phase": "post",
        "avg_risk": 0.4889,
        "avg_gt": 0.0938,
        "risk_category": 1,
        "risk_category_label": "Medium"
      }
    },
    {
      "type": "Feature",
      "geometry": {
        "type": "Polygon",
        "coordinates": [
          [
            [
              73.90026315789474,
              18.53184210526316
            ],
            [
              73.91026315789473,
              18.53184210526316
            ],
            [
              73.91026315789473,
              18.541842105263157
            ],
            [
              73.90026315789474,
              18.541842105263157
            ],
            [
              73.90026315789474,
              18.53184210526316
            ]
          ]
        ]
      },
      "properties": {
        "cell_id": "R13C10",
        "row": 13,
        "col": 10,
        "week": 10,
        "week_label": "Wk10",
        "date_start": "2024-08-03",
        "date_end": "2024-08-09",
        "phase": "post",
        "avg_risk": 0.5385,
        "avg_gt": 0.1172,
        "risk_category": 1,
        "risk_category_label": "Medium"
      }
    },
    {
      "type": "Feature",
      "geometry": {
        "type": "Polygon",
        "coordinates": [
          [
            [
              73.91078947368422,
              18.53184210526316
            ],
            [
              73.92078947368421,
              18.53184210526316
            ],
            [
              73.92078947368421,
              18.541842105263157
            ],
            [
              73.91078947368422,
              18.541842105263157
            ],
            [
              73.91078947368422,
              18.53184210526316
            ]
          ]
        ]
      },
      "properties": {
        "cell_id": "R13C11",
        "row": 13,
        "col": 11,
        "week": 10,
        "week_label": "Wk10",
        "date_start": "2024-08-03",
        "date_end": "2024-08-09",
        "phase": "post",
        "avg_risk": 0.5731,
        "avg_gt": 0.1829,
        "risk_category": 2,
        "risk_category_label": "High"
      }
    },
    {
      "type": "Feature",
      "geometry": {
        "type": "Polygon",
        "coordinates": [
          [
            [
              73.92131578947368,
              18.53184210526316
            ],
            [
              73.93131578947367,
              18.53184210526316
            ],
            [
              73.93131578947367,
              18.541842105263157
            ],
            [
              73.92131578947368,
              18.541842105263157
            ],
            [
              73.92131578947368,
              18.53184210526316
            ]
          ]
        ]
      },
      "properties": {
        "cell_id": "R13C12",
        "row": 13,
        "col": 12,
        "week": 10,
        "week_label": "Wk10",
        "date_start": "2024-08-03",
        "date_end": "2024-08-09",
        "phase": "post",
        "avg_risk": 0.5975,
        "avg_gt": 0.3198,
        "risk_category": 2,
        "risk_category_label": "High"
      }
    },
    {
      "type": "Feature",
      "geometry": {
        "type": "Polygon",
        "coordinates": [
          [
            [
              73.93184210526316,
              18.53184210526316
            ],
            [
              73.94184210526315,
              18.53184210526316
            ],
            [
              73.94184210526315,
              18.541842105263157
            ],
            [
              73.93184210526316,
              18.541842105263157
            ],
            [
              73.93184210526316,
              18.53184210526316
            ]
          ]
        ]
      },
      "properties": {
        "cell_id": "R13C13",
        "row": 13,
        "col": 13,
        "week": 10,
        "week_label": "Wk10",
        "date_start": "2024-08-03",
        "date_end": "2024-08-09",
        "phase": "post",
        "avg_risk": 0.6137,
        "avg_gt": 0.5207,
        "risk_category": 2,
        "risk_category_label": "High"
      }
    },
    {
      "type": "Feature",
      "geometry": {
        "type": "Polygon",
        "coordinates": [
          [
            [
              73.94236842105263,
              18.53184210526316
            ],
            [
              73.95236842105263,
              18.53184210526316
            ],
            [
              73.95236842105263,
              18.541842105263157
            ],
            [
              73.94236842105263,
              18.541842105263157
            ],
            [
              73.94236842105263,
              18.53184210526316
            ]
          ]
        ]
      },
      "properties": {
        "cell_id": "R13C14",
        "row": 13,
        "col": 14,
        "week": 10,
        "week_label": "Wk10",
        "date_start": "2024-08-03",
        "date_end": "2024-08-09",
        "phase": "post",
        "avg_risk": 0.6205,
        "avg_gt": 0.7119,
        "risk_category": 2,
        "risk_category_label": "High"
      }
    },
    {
      "type": "Feature",
      "geometry": {
        "type": "Polygon",
        "coordinates": [
          [
            [
              73.95289473684211,
              18.53184210526316
            ],
            [
              73.9628947368421,
              18.53184210526316
            ],
            [
              73.9628947368421,
              18.541842105263157
            ],
            [
              73.95289473684211,
              18.541842105263157
            ],
            [
              73.95289473684211,
              18.53184210526316
            ]
          ]
        ]
      },
      "properties": {
        "cell_id": "R13C15",
        "row": 13,
        "col": 15,
        "week": 10,
        "week_label": "Wk10",
        "date_start": "2024-08-03",
        "date_end": "2024-08-09",
        "phase": "post",
        "avg_risk": 0.6141,
        "avg_gt": 0.783,
        "risk_category": 2,
        "risk_category_label": "High"
      }
    },
    {
      "type": "Feature",
      "geometry": {
        "type": "Polygon",
        "coordinates": [
          [
            [
              73.96342105263159,
              18.53184210526316
            ],
            [
              73.97342105263158,
              18.53184210526316
            ],
            [
              73.97342105263158,
              18.541842105263157
            ],
            [
              73.96342105263159,
              18.541842105263157
            ],
            [
              73.96342105263159,
              18.53184210526316
            ]
          ]
        ]
      },
      "properties": {
        "cell_id": "R13C16",
        "row": 13,
        "col": 16,
        "week": 10,
        "week_label": "Wk10",
        "date_start": "2024-08-03",
        "date_end": "2024-08-09",
        "phase": "post",
        "avg_risk": 0.5841,
        "avg_gt": 0.6807,
        "risk_category": 2,
        "risk_category_label": "High"
      }
    },
    {
      "type": "Feature",
      "geometry": {
        "type": "Polygon",
        "coordinates": [
          [
            [
              73.97394736842105,
              18.53184210526316
            ],
            [
              73.98394736842104,
              18.53184210526316
            ],
            [
              73.98394736842104,
              18.541842105263157
            ],
            [
              73.97394736842105,
              18.541842105263157
            ],
            [
              73.97394736842105,
              18.53184210526316
            ]
          ]
        ]
      },
      "properties": {
        "cell_id": "R13C17",
        "row": 13,
        "col": 17,
        "week": 10,
        "week_label": "Wk10",
        "date_start": "2024-08-03",
        "date_end": "2024-08-09",
        "phase": "post",
        "avg_risk": 0.5261,
        "avg_gt": 0.4642,
        "risk_category": 1,
        "risk_category_label": "Medium"
      }
    },
    {
      "type": "Feature",
      "geometry": {
        "type": "Polygon",
        "coordinates": [
          [
            [
              73.98447368421053,
              18.53184210526316
            ],
            [
              73.99447368421052,
              18.53184210526316
            ],
            [
              73.99447368421052,
              18.541842105263157
            ],
            [
              73.98447368421053,
              18.541842105263157
            ],
            [
              73.98447368421053,
              18.53184210526316
            ]
          ]
        ]
      },
      "properties": {
        "cell_id": "R13C18",
        "row": 13,
        "col": 18,
        "week": 10,
        "week_label": "Wk10",
        "date_start": "2024-08-03",
        "date_end": "2024-08-09",
        "phase": "post",
        "avg_risk": 0.426,
        "avg_gt": 0.2474,
        "risk_category": 1,
        "risk_category_label": "Medium"
      }
    },
    {
      "type": "Feature",
      "geometry": {
        "type": "Polygon",
        "coordinates": [
          [
            [
              73.995,
              18.53184210526316
            ],
            [
              74.005,
              18.53184210526316
            ],
            [
              74.005,
              18.541842105263157
            ],
            [
              73.995,
              18.541842105263157
            ],
            [
              73.995,
              18.53184210526316
            ]
          ]
        ]
      },
      "properties": {
        "cell_id": "R13C19",
        "row": 13,
        "col": 19,
        "week": 10,
        "week_label": "Wk10",
        "date_start": "2024-08-03",
        "date_end": "2024-08-09",
        "phase": "post",
        "avg_risk": 0.3277,
        "avg_gt": 0.1029,
        "risk_category": 1,
        "risk_category_label": "Medium"
      }
    },
    {
      "type": "Feature",
      "geometry": {
        "type": "Polygon",
        "coordinates": [
          [
            [
              73.795,
              18.542368421052632
            ],
            [
              73.80499999999999,
              18.542368421052632
            ],
            [
              73.80499999999999,
              18.55236842105263
            ],
            [
              73.795,
              18.55236842105263
            ],
            [
              73.795,
              18.542368421052632
            ]
          ]
        ]
      },
      "properties": {
        "cell_id": "R14C00",
        "row": 14,
        "col": 0,
        "week": 10,
        "week_label": "Wk10",
        "date_start": "2024-08-03",
        "date_end": "2024-08-09",
        "phase": "post",
        "avg_risk": 0.2455,
        "avg_gt": 0.032,
        "risk_category": 1,
        "risk_category_label": "Medium"
      }
    },
    {
      "type": "Feature",
      "geometry": {
        "type": "Polygon",
        "coordinates": [
          [
            [
              73.80552631578948,
              18.542368421052632
            ],
            [
              73.81552631578947,
              18.542368421052632
            ],
            [
              73.81552631578947,
              18.55236842105263
            ],
            [
              73.80552631578948,
              18.55236842105263
            ],
            [
              73.80552631578948,
              18.542368421052632
            ]
          ]
        ]
      },
      "properties": {
        "cell_id": "R14C01",
        "row": 14,
        "col": 1,
        "week": 10,
        "week_label": "Wk10",
        "date_start": "2024-08-03",
        "date_end": "2024-08-09",
        "phase": "post",
        "avg_risk": 0.2765,
        "avg_gt": 0.0693,
        "risk_category": 1,
        "risk_category_label": "Medium"
      }
    },
    {
      "type": "Feature",
      "geometry": {
        "type": "Polygon",
        "coordinates": [
          [
            [
              73.81605263157896,
              18.542368421052632
            ],
            [
              73.82605263157895,
              18.542368421052632
            ],
            [
              73.82605263157895,
              18.55236842105263
            ],
            [
              73.81605263157896,
              18.55236842105263
            ],
            [
              73.81605263157896,
              18.542368421052632
            ]
          ]
        ]
      },
      "properties": {
        "cell_id": "R14C02",
        "row": 14,
        "col": 2,
        "week": 10,
        "week_label": "Wk10",
        "date_start": "2024-08-03",
        "date_end": "2024-08-09",
        "phase": "post",
        "avg_risk": 0.2911,
        "avg_gt": 0.1103,
        "risk_category": 1,
        "risk_category_label": "Medium"
      }
    },
    {
      "type": "Feature",
      "geometry": {
        "type": "Polygon",
        "coordinates": [
          [
            [
              73.82657894736842,
              18.542368421052632
            ],
            [
              73.83657894736841,
              18.542368421052632
            ],
            [
              73.83657894736841,
              18.55236842105263
            ],
            [
              73.82657894736842,
              18.55236842105263
            ],
            [
              73.82657894736842,
              18.542368421052632
            ]
          ]
        ]
      },
      "properties": {
        "cell_id": "R14C03",
        "row": 14,
        "col": 3,
        "week": 10,
        "week_label": "Wk10",
        "date_start": "2024-08-03",
        "date_end": "2024-08-09",
        "phase": "post",
        "avg_risk": 0.2968,
        "avg_gt": 0.1296,
        "risk_category": 1,
        "risk_category_label": "Medium"
      }
    },
    {
      "type": "Feature",
      "geometry": {
        "type": "Polygon",
        "coordinates": [
          [
            [
              73.8371052631579,
              18.542368421052632
            ],
            [
              73.84710526315789,
              18.542368421052632
            ],
            [
              73.84710526315789,
              18.55236842105263
            ],
            [
              73.8371052631579,
              18.55236842105263
            ],
            [
              73.8371052631579,
              18.542368421052632
            ]
          ]
        ]
      },
      "properties": {
        "cell_id": "R14C04",
        "row": 14,
        "col": 4,
        "week": 10,
        "week_label": "Wk10",
        "date_start": "2024-08-03",
        "date_end": "2024-08-09",
        "phase": "post",
        "avg_risk": 0.2983,
        "avg_gt": 0.114,
        "risk_category": 1,
        "risk_category_label": "Medium"
      }
    },
    {
      "type": "Feature",
      "geometry": {
        "type": "Polygon",
        "coordinates": [
          [
            [
              73.84763157894737,
              18.542368421052632
            ],
            [
              73.85763157894736,
              18.542368421052632
            ],
            [
              73.85763157894736,
              18.55236842105263
            ],
            [
              73.84763157894737,
              18.55236842105263
            ],
            [
              73.84763157894737,
              18.542368421052632
            ]
          ]
        ]
      },
      "properties": {
        "cell_id": "R14C05",
        "row": 14,
        "col": 5,
        "week": 10,
        "week_label": "Wk10",
        "date_start": "2024-08-03",
        "date_end": "2024-08-09",
        "phase": "post",
        "avg_risk": 0.3017,
        "avg_gt": 0.0794,
        "risk_category": 1,
        "risk_category_label": "Medium"
      }
    },
    {
      "type": "Feature",
      "geometry": {
        "type": "Polygon",
        "coordinates": [
          [
            [
              73.85815789473685,
              18.542368421052632
            ],
            [
              73.86815789473684,
              18.542368421052632
            ],
            [
              73.86815789473684,
              18.55236842105263
            ],
            [
              73.85815789473685,
              18.55236842105263
            ],
            [
              73.85815789473685,
              18.542368421052632
            ]
          ]
        ]
      },
      "properties": {
        "cell_id": "R14C06",
        "row": 14,
        "col": 6,
        "week": 10,
        "week_label": "Wk10",
        "date_start": "2024-08-03",
        "date_end": "2024-08-09",
        "phase": "post",
        "avg_risk": 0.3231,
        "avg_gt": 0.0531,
        "risk_category": 1,
        "risk_category_label": "Medium"
      }
    },
    {
      "type": "Feature",
      "geometry": {
        "type": "Polygon",
        "coordinates": [
          [
            [
              73.86868421052633,
              18.542368421052632
            ],
            [
              73.87868421052632,
              18.542368421052632
            ],
            [
              73.87868421052632,
              18.55236842105263
            ],
            [
              73.86868421052633,
              18.55236842105263
            ],
            [
              73.86868421052633,
              18.542368421052632
            ]
          ]
        ]
      },
      "properties": {
        "cell_id": "R14C07",
        "row": 14,
        "col": 7,
        "week": 10,
        "week_label": "Wk10",
        "date_start": "2024-08-03",
        "date_end": "2024-08-09",
        "phase": "post",
        "avg_risk": 0.3743,
        "avg_gt": 0.0484,
        "risk_category": 1,
        "risk_category_label": "Medium"
      }
    },
    {
      "type": "Feature",
      "geometry": {
        "type": "Polygon",
        "coordinates": [
          [
            [
              73.87921052631579,
              18.542368421052632
            ],
            [
              73.88921052631578,
              18.542368421052632
            ],
            [
              73.88921052631578,
              18.55236842105263
            ],
            [
              73.87921052631579,
              18.55236842105263
            ],
            [
              73.87921052631579,
              18.542368421052632
            ]
          ]
        ]
      },
      "properties": {
        "cell_id": "R14C08",
        "row": 14,
        "col": 8,
        "week": 10,
        "week_label": "Wk10",
        "date_start": "2024-08-03",
        "date_end": "2024-08-09",
        "phase": "post",
        "avg_risk": 0.4452,
        "avg_gt": 0.0642,
        "risk_category": 1,
        "risk_category_label": "Medium"
      }
    },
    {
      "type": "Feature",
      "geometry": {
        "type": "Polygon",
        "coordinates": [
          [
            [
              73.88973684210526,
              18.542368421052632
            ],
            [
              73.89973684210526,
              18.542368421052632
            ],
            [
              73.89973684210526,
              18.55236842105263
            ],
            [
              73.88973684210526,
              18.55236842105263
            ],
            [
              73.88973684210526,
              18.542368421052632
            ]
          ]
        ]
      },
      "properties": {
        "cell_id": "R14C09",
        "row": 14,
        "col": 9,
        "week": 10,
        "week_label": "Wk10",
        "date_start": "2024-08-03",
        "date_end": "2024-08-09",
        "phase": "post",
        "avg_risk": 0.5111,
        "avg_gt": 0.0997,
        "risk_category": 1,
        "risk_category_label": "Medium"
      }
    },
    {
      "type": "Feature",
      "geometry": {
        "type": "Polygon",
        "coordinates": [
          [
            [
              73.90026315789474,
              18.542368421052632
            ],
            [
              73.91026315789473,
              18.542368421052632
            ],
            [
              73.91026315789473,
              18.55236842105263
            ],
            [
              73.90026315789474,
              18.55236842105263
            ],
            [
              73.90026315789474,
              18.542368421052632
            ]
          ]
        ]
      },
      "properties": {
        "cell_id": "R14C10",
        "row": 14,
        "col": 10,
        "week": 10,
        "week_label": "Wk10",
        "date_start": "2024-08-03",
        "date_end": "2024-08-09",
        "phase": "post",
        "avg_risk": 0.5594,
        "avg_gt": 0.1635,
        "risk_category": 2,
        "risk_category_label": "High"
      }
    },
    {
      "type": "Feature",
      "geometry": {
        "type": "Polygon",
        "coordinates": [
          [
            [
              73.91078947368422,
              18.542368421052632
            ],
            [
              73.92078947368421,
              18.542368421052632
            ],
            [
              73.92078947368421,
              18.55236842105263
            ],
            [
              73.91078947368422,
              18.55236842105263
            ],
            [
              73.91078947368422,
              18.542368421052632
            ]
          ]
        ]
      },
      "properties": {
        "cell_id": "R14C11",
        "row": 14,
        "col": 11,
        "week": 10,
        "week_label": "Wk10",
        "date_start": "2024-08-03",
        "date_end": "2024-08-09",
        "phase": "post",
        "avg_risk": 0.5929,
        "avg_gt": 0.2735,
        "risk_category": 2,
        "risk_category_label": "High"
      }
    },
    {
      "type": "Feature",
      "geometry": {
        "type": "Polygon",
        "coordinates": [
          [
            [
              73.92131578947368,
              18.542368421052632
            ],
            [
              73.93131578947367,
              18.542368421052632
            ],
            [
              73.93131578947367,
              18.55236842105263
            ],
            [
              73.92131578947368,
              18.55236842105263
            ],
            [
              73.92131578947368,
              18.542368421052632
            ]
          ]
        ]
      },
      "properties": {
        "cell_id": "R14C12",
        "row": 14,
        "col": 12,
        "week": 10,
        "week_label": "Wk10",
        "date_start": "2024-08-03",
        "date_end": "2024-08-09",
        "phase": "post",
        "avg_risk": 0.616,
        "avg_gt": 0.4467,
        "risk_category": 2,
        "risk_category_label": "High"
      }
    },
    {
      "type": "Feature",
      "geometry": {
        "type": "Polygon",
        "coordinates": [
          [
            [
              73.93184210526316,
              18.542368421052632
            ],
            [
              73.94184210526315,
              18.542368421052632
            ],
            [
              73.94184210526315,
              18.55236842105263
            ],
            [
              73.93184210526316,
              18.55236842105263
            ],
            [
              73.93184210526316,
              18.542368421052632
            ]
          ]
        ]
      },
      "properties": {
        "cell_id": "R14C13",
        "row": 14,
        "col": 13,
        "week": 10,
        "week_label": "Wk10",
        "date_start": "2024-08-03",
        "date_end": "2024-08-09",
        "phase": "post",
        "avg_risk": 0.6314,
        "avg_gt": 0.6699,
        "risk_category": 2,
        "risk_category_label": "High"
      }
    },
    {
      "type": "Feature",
      "geometry": {
        "type": "Polygon",
        "coordinates": [
          [
            [
              73.94236842105263,
              18.542368421052632
            ],
            [
              73.95236842105263,
              18.542368421052632
            ],
            [
              73.95236842105263,
              18.55236842105263
            ],
            [
              73.94236842105263,
              18.55236842105263
            ],
            [
              73.94236842105263,
              18.542368421052632
            ]
          ]
        ]
      },
      "properties": {
        "cell_id": "R14C14",
        "row": 14,
        "col": 14,
        "week": 10,
        "week_label": "Wk10",
        "date_start": "2024-08-03",
        "date_end": "2024-08-09",
        "phase": "post",
        "avg_risk": 0.6384,
        "avg_gt": 0.8663,
        "risk_category": 2,
        "risk_category_label": "High"
      }
    },
    {
      "type": "Feature",
      "geometry": {
        "type": "Polygon",
        "coordinates": [
          [
            [
              73.95289473684211,
              18.542368421052632
            ],
            [
              73.9628947368421,
              18.542368421052632
            ],
            [
              73.9628947368421,
              18.55236842105263
            ],
            [
              73.95289473684211,
              18.55236842105263
            ],
            [
              73.95289473684211,
              18.542368421052632
            ]
          ]
        ]
      },
      "properties": {
        "cell_id": "R14C15",
        "row": 14,
        "col": 15,
        "week": 10,
        "week_label": "Wk10",
        "date_start": "2024-08-03",
        "date_end": "2024-08-09",
        "phase": "post",
        "avg_risk": 0.6318,
        "avg_gt": 0.923,
        "risk_category": 2,
        "risk_category_label": "High"
      }
    },
    {
      "type": "Feature",
      "geometry": {
        "type": "Polygon",
        "coordinates": [
          [
            [
              73.96342105263159,
              18.542368421052632
            ],
            [
              73.97342105263158,
              18.542368421052632
            ],
            [
              73.97342105263158,
              18.55236842105263
            ],
            [
              73.96342105263159,
              18.55236842105263
            ],
            [
              73.96342105263159,
              18.542368421052632
            ]
          ]
        ]
      },
      "properties": {
        "cell_id": "R14C16",
        "row": 14,
        "col": 16,
        "week": 10,
        "week_label": "Wk10",
        "date_start": "2024-08-03",
        "date_end": "2024-08-09",
        "phase": "post",
        "avg_risk": 0.6027,
        "avg_gt": 0.7887,
        "risk_category": 2,
        "risk_category_label": "High"
      }
    },
    {
      "type": "Feature",
      "geometry": {
        "type": "Polygon",
        "coordinates": [
          [
            [
              73.97394736842105,
              18.542368421052632
            ],
            [
              73.98394736842104,
              18.542368421052632
            ],
            [
              73.98394736842104,
              18.55236842105263
            ],
            [
              73.97394736842105,
              18.55236842105263
            ],
            [
              73.97394736842105,
              18.542368421052632
            ]
          ]
        ]
      },
      "properties": {
        "cell_id": "R14C17",
        "row": 14,
        "col": 17,
        "week": 10,
        "week_label": "Wk10",
        "date_start": "2024-08-03",
        "date_end": "2024-08-09",
        "phase": "post",
        "avg_risk": 0.5437,
        "avg_gt": 0.5329,
        "risk_category": 1,
        "risk_category_label": "Medium"
      }
    },
    {
      "type": "Feature",
      "geometry": {
        "type": "Polygon",
        "coordinates": [
          [
            [
              73.98447368421053,
              18.542368421052632
            ],
            [
              73.99447368421052,
              18.542368421052632
            ],
            [
              73.99447368421052,
              18.55236842105263
            ],
            [
              73.98447368421053,
              18.55236842105263
            ],
            [
              73.98447368421053,
              18.542368421052632
            ]
          ]
        ]
      },
      "properties": {
        "cell_id": "R14C18",
        "row": 14,
        "col": 18,
        "week": 10,
        "week_label": "Wk10",
        "date_start": "2024-08-03",
        "date_end": "2024-08-09",
        "phase": "post",
        "avg_risk": 0.4637,
        "avg_gt": 0.2825,
        "risk_category": 1,
        "risk_category_label": "Medium"
      }
    },
    {
      "type": "Feature",
      "geometry": {
        "type": "Polygon",
        "coordinates": [
          [
            [
              73.995,
              18.542368421052632
            ],
            [
              74.005,
              18.542368421052632
            ],
            [
              74.005,
              18.55236842105263
            ],
            [
              73.995,
              18.55236842105263
            ],
            [
              73.995,
              18.542368421052632
            ]
          ]
        ]
      },
      "properties": {
        "cell_id": "R14C19",
        "row": 14,
        "col": 19,
        "week": 10,
        "week_label": "Wk10",
        "date_start": "2024-08-03",
        "date_end": "2024-08-09",
        "phase": "post",
        "avg_risk": 0.3744,
        "avg_gt": 0.1171,
        "risk_category": 1,
        "risk_category_label": "Medium"
      }
    },
    {
      "type": "Feature",
      "geometry": {
        "type": "Polygon",
        "coordinates": [
          [
            [
              73.795,
              18.552894736842106
            ],
            [
              73.80499999999999,
              18.552894736842106
            ],
            [
              73.80499999999999,
              18.562894736842104
            ],
            [
              73.795,
              18.562894736842104
            ],
            [
              73.795,
              18.552894736842106
            ]
          ]
        ]
      },
      "properties": {
        "cell_id": "R15C00",
        "row": 15,
        "col": 0,
        "week": 10,
        "week_label": "Wk10",
        "date_start": "2024-08-03",
        "date_end": "2024-08-09",
        "phase": "post",
        "avg_risk": 0.2813,
        "avg_gt": 0.0692,
        "risk_category": 1,
        "risk_category_label": "Medium"
      }
    },
    {
      "type": "Feature",
      "geometry": {
        "type": "Polygon",
        "coordinates": [
          [
            [
              73.80552631578948,
              18.552894736842106
            ],
            [
              73.81552631578947,
              18.552894736842106
            ],
            [
              73.81552631578947,
              18.562894736842104
            ],
            [
              73.80552631578948,
              18.562894736842104
            ],
            [
              73.80552631578948,
              18.552894736842106
            ]
          ]
        ]
      },
      "properties": {
        "cell_id": "R15C01",
        "row": 15,
        "col": 1,
        "week": 10,
        "week_label": "Wk10",
        "date_start": "2024-08-03",
        "date_end": "2024-08-09",
        "phase": "post",
        "avg_risk": 0.3055,
        "avg_gt": 0.1497,
        "risk_category": 1,
        "risk_category_label": "Medium"
      }
    },
    {
      "type": "Feature",
      "geometry": {
        "type": "Polygon",
        "coordinates": [
          [
            [
              73.81605263157896,
              18.552894736842106
            ],
            [
              73.82605263157895,
              18.552894736842106
            ],
            [
              73.82605263157895,
              18.562894736842104
            ],
            [
              73.81605263157896,
              18.562894736842104
            ],
            [
              73.81605263157896,
              18.552894736842106
            ]
          ]
        ]
      },
      "properties": {
        "cell_id": "R15C02",
        "row": 15,
        "col": 2,
        "week": 10,
        "week_label": "Wk10",
        "date_start": "2024-08-03",
        "date_end": "2024-08-09",
        "phase": "post",
        "avg_risk": 0.318,
        "avg_gt": 0.238,
        "risk_category": 1,
        "risk_category_label": "Medium"
      }
    },
    {
      "type": "Feature",
      "geometry": {
        "type": "Polygon",
        "coordinates": [
          [
            [
              73.82657894736842,
              18.552894736842106
            ],
            [
              73.83657894736841,
              18.552894736842106
            ],
            [
              73.83657894736841,
              18.562894736842104
            ],
            [
              73.82657894736842,
              18.562894736842104
            ],
            [
              73.82657894736842,
              18.552894736842106
            ]
          ]
        ]
      },
      "properties": {
        "cell_id": "R15C03",
        "row": 15,
        "col": 3,
        "week": 10,
        "week_label": "Wk10",
        "date_start": "2024-08-03",
        "date_end": "2024-08-09",
        "phase": "post",
        "avg_risk": 0.3214,
        "avg_gt": 0.2781,
        "risk_category": 1,
        "risk_category_label": "Medium"
      }
    },
    {
      "type": "Feature",
      "geometry": {
        "type": "Polygon",
        "coordinates": [
          [
            [
              73.8371052631579,
              18.552894736842106
            ],
            [
              73.84710526315789,
              18.552894736842106
            ],
            [
              73.84710526315789,
              18.562894736842104
            ],
            [
              73.8371052631579,
              18.562894736842104
            ],
            [
              73.8371052631579,
              18.552894736842106
            ]
          ]
        ]
      },
      "properties": {
        "cell_id": "R15C04",
        "row": 15,
        "col": 4,
        "week": 10,
        "week_label": "Wk10",
        "date_start": "2024-08-03",
        "date_end": "2024-08-09",
        "phase": "post",
        "avg_risk": 0.3201,
        "avg_gt": 0.2396,
        "risk_category": 1,
        "risk_category_label": "Medium"
      }
    },
    {
      "type": "Feature",
      "geometry": {
        "type": "Polygon",
        "coordinates": [
          [
            [
              73.84763157894737,
              18.552894736842106
            ],
            [
              73.85763157894736,
              18.552894736842106
            ],
            [
              73.85763157894736,
              18.562894736842104
            ],
            [
              73.84763157894737,
              18.562894736842104
            ],
            [
              73.84763157894737,
              18.552894736842106
            ]
          ]
        ]
      },
      "properties": {
        "cell_id": "R15C05",
        "row": 15,
        "col": 5,
        "week": 10,
        "week_label": "Wk10",
        "date_start": "2024-08-03",
        "date_end": "2024-08-09",
        "phase": "post",
        "avg_risk": 0.3216,
        "avg_gt": 0.1548,
        "risk_category": 1,
        "risk_category_label": "Medium"
      }
    },
    {
      "type": "Feature",
      "geometry": {
        "type": "Polygon",
        "coordinates": [
          [
            [
              73.85815789473685,
              18.552894736842106
            ],
            [
              73.86815789473684,
              18.552894736842106
            ],
            [
              73.86815789473684,
              18.562894736842104
            ],
            [
              73.85815789473685,
              18.562894736842104
            ],
            [
              73.85815789473685,
              18.552894736842106
            ]
          ]
        ]
      },
      "properties": {
        "cell_id": "R15C06",
        "row": 15,
        "col": 6,
        "week": 10,
        "week_label": "Wk10",
        "date_start": "2024-08-03",
        "date_end": "2024-08-09",
        "phase": "post",
        "avg_risk": 0.3392,
        "avg_gt": 0.083,
        "risk_category": 1,
        "risk_category_label": "Medium"
      }
    },
    {
      "type": "Feature",
      "geometry": {
        "type": "Polygon",
        "coordinates": [
          [
            [
              73.86868421052633,
              18.552894736842106
            ],
            [
              73.87868421052632,
              18.552894736842106
            ],
            [
              73.87868421052632,
              18.562894736842104
            ],
            [
              73.86868421052633,
              18.562894736842104
            ],
            [
              73.86868421052633,
              18.552894736842106
            ]
          ]
        ]
      },
      "properties": {
        "cell_id": "R15C07",
        "row": 15,
        "col": 7,
        "week": 10,
        "week_label": "Wk10",
        "date_start": "2024-08-03",
        "date_end": "2024-08-09",
        "phase": "post",
        "avg_risk": 0.3855,
        "avg_gt": 0.0574,
        "risk_category": 1,
        "risk_category_label": "Medium"
      }
    },
    {
      "type": "Feature",
      "geometry": {
        "type": "Polygon",
        "coordinates": [
          [
            [
              73.87921052631579,
              18.552894736842106
            ],
            [
              73.88921052631578,
              18.552894736842106
            ],
            [
              73.88921052631578,
              18.562894736842104
            ],
            [
              73.87921052631579,
              18.562894736842104
            ],
            [
              73.87921052631579,
              18.552894736842106
            ]
          ]
        ]
      },
      "properties": {
        "cell_id": "R15C08",
        "row": 15,
        "col": 8,
        "week": 10,
        "week_label": "Wk10",
        "date_start": "2024-08-03",
        "date_end": "2024-08-09",
        "phase": "post",
        "avg_risk": 0.4539,
        "avg_gt": 0.0815,
        "risk_category": 1,
        "risk_category_label": "Medium"
      }
    },
    {
      "type": "Feature",
      "geometry": {
        "type": "Polygon",
        "coordinates": [
          [
            [
              73.88973684210526,
              18.552894736842106
            ],
            [
              73.89973684210526,
              18.552894736842106
            ],
            [
              73.89973684210526,
              18.562894736842104
            ],
            [
              73.88973684210526,
              18.562894736842104
            ],
            [
              73.88973684210526,
              18.552894736842106
            ]
          ]
        ]
      },
      "properties": {
        "cell_id": "R15C09",
        "row": 15,
        "col": 9,
        "week": 10,
        "week_label": "Wk10",
        "date_start": "2024-08-03",
        "date_end": "2024-08-09",
        "phase": "post",
        "avg_risk": 0.52,
        "avg_gt": 0.1512,
        "risk_category": 1,
        "risk_category_label": "Medium"
      }
    },
    {
      "type": "Feature",
      "geometry": {
        "type": "Polygon",
        "coordinates": [
          [
            [
              73.90026315789474,
              18.552894736842106
            ],
            [
              73.91026315789473,
              18.552894736842106
            ],
            [
              73.91026315789473,
              18.562894736842104
            ],
            [
              73.90026315789474,
              18.562894736842104
            ],
            [
              73.90026315789474,
              18.552894736842106
            ]
          ]
        ]
      },
      "properties": {
        "cell_id": "R15C10",
        "row": 15,
        "col": 10,
        "week": 10,
        "week_label": "Wk10",
        "date_start": "2024-08-03",
        "date_end": "2024-08-09",
        "phase": "post",
        "avg_risk": 0.5698,
        "avg_gt": 0.263,
        "risk_category": 2,
        "risk_category_label": "High"
      }
    },
    {
      "type": "Feature",
      "geometry": {
        "type": "Polygon",
        "coordinates": [
          [
            [
              73.91078947368422,
              18.552894736842106
            ],
            [
              73.92078947368421,
              18.552894736842106
            ],
            [
              73.92078947368421,
              18.562894736842104
            ],
            [
              73.91078947368422,
              18.562894736842104
            ],
            [
              73.91078947368422,
              18.552894736842106
            ]
          ]
        ]
      },
      "properties": {
        "cell_id": "R15C11",
        "row": 15,
        "col": 11,
        "week": 10,
        "week_label": "Wk10",
        "date_start": "2024-08-03",
        "date_end": "2024-08-09",
        "phase": "post",
        "avg_risk": 0.6032,
        "avg_gt": 0.4109,
        "risk_category": 2,
        "risk_category_label": "High"
      }
    },
    {
      "type": "Feature",
      "geometry": {
        "type": "Polygon",
        "coordinates": [
          [
            [
              73.92131578947368,
              18.552894736842106
            ],
            [
              73.93131578947367,
              18.552894736842106
            ],
            [
              73.93131578947367,
              18.562894736842104
            ],
            [
              73.92131578947368,
              18.562894736842104
            ],
            [
              73.92131578947368,
              18.552894736842106
            ]
          ]
        ]
      },
      "properties": {
        "cell_id": "R15C12",
        "row": 15,
        "col": 12,
        "week": 10,
        "week_label": "Wk10",
        "date_start": "2024-08-03",
        "date_end": "2024-08-09",
        "phase": "post",
        "avg_risk": 0.626,
        "avg_gt": 0.5857,
        "risk_category": 2,
        "risk_category_label": "High"
      }
    },
    {
      "type": "Feature",
      "geometry": {
        "type": "Polygon",
        "coordinates": [
          [
            [
              73.93184210526316,
              18.552894736842106
            ],
            [
              73.94184210526315,
              18.552894736842106
            ],
            [
              73.94184210526315,
              18.562894736842104
            ],
            [
              73.93184210526316,
              18.562894736842104
            ],
            [
              73.93184210526316,
              18.552894736842106
            ]
          ]
        ]
      },
      "properties": {
        "cell_id": "R15C13",
        "row": 15,
        "col": 13,
        "week": 10,
        "week_label": "Wk10",
        "date_start": "2024-08-03",
        "date_end": "2024-08-09",
        "phase": "post",
        "avg_risk": 0.6411,
        "avg_gt": 0.7651,
        "risk_category": 2,
        "risk_category_label": "High"
      }
    },
    {
      "type": "Feature",
      "geometry": {
        "type": "Polygon",
        "coordinates": [
          [
            [
              73.94236842105263,
              18.552894736842106
            ],
            [
              73.95236842105263,
              18.552894736842106
            ],
            [
              73.95236842105263,
              18.562894736842104
            ],
            [
              73.94236842105263,
              18.562894736842104
            ],
            [
              73.94236842105263,
              18.552894736842106
            ]
          ]
        ]
      },
      "properties": {
        "cell_id": "R15C14",
        "row": 15,
        "col": 14,
        "week": 10,
        "week_label": "Wk10",
        "date_start": "2024-08-03",
        "date_end": "2024-08-09",
        "phase": "post",
        "avg_risk": 0.6474,
        "avg_gt": 0.8924,
        "risk_category": 2,
        "risk_category_label": "High"
      }
    },
    {
      "type": "Feature",
      "geometry": {
        "type": "Polygon",
        "coordinates": [
          [
            [
              73.95289473684211,
              18.552894736842106
            ],
            [
              73.9628947368421,
              18.552894736842106
            ],
            [
              73.9628947368421,
              18.562894736842104
            ],
            [
              73.95289473684211,
              18.562894736842104
            ],
            [
              73.95289473684211,
              18.552894736842106
            ]
          ]
        ]
      },
      "properties": {
        "cell_id": "R15C15",
        "row": 15,
        "col": 15,
        "week": 10,
        "week_label": "Wk10",
        "date_start": "2024-08-03",
        "date_end": "2024-08-09",
        "phase": "post",
        "avg_risk": 0.6378,
        "avg_gt": 0.8909,
        "risk_category": 2,
        "risk_category_label": "High"
      }
    },
    {
      "type": "Feature",
      "geometry": {
        "type": "Polygon",
        "coordinates": [
          [
            [
              73.96342105263159,
              18.552894736842106
            ],
            [
              73.97342105263158,
              18.552894736842106
            ],
            [
              73.97342105263158,
              18.562894736842104
            ],
            [
              73.96342105263159,
              18.562894736842104
            ],
            [
              73.96342105263159,
              18.552894736842106
            ]
          ]
        ]
      },
      "properties": {
        "cell_id": "R15C16",
        "row": 15,
        "col": 16,
        "week": 10,
        "week_label": "Wk10",
        "date_start": "2024-08-03",
        "date_end": "2024-08-09",
        "phase": "post",
        "avg_risk": 0.6112,
        "avg_gt": 0.7331,
        "risk_category": 2,
        "risk_category_label": "High"
      }
    },
    {
      "type": "Feature",
      "geometry": {
        "type": "Polygon",
        "coordinates": [
          [
            [
              73.97394736842105,
              18.552894736842106
            ],
            [
              73.98394736842104,
              18.552894736842106
            ],
            [
              73.98394736842104,
              18.562894736842104
            ],
            [
              73.97394736842105,
              18.562894736842104
            ],
            [
              73.97394736842105,
              18.552894736842106
            ]
          ]
        ]
      },
      "properties": {
        "cell_id": "R15C17",
        "row": 15,
        "col": 17,
        "week": 10,
        "week_label": "Wk10",
        "date_start": "2024-08-03",
        "date_end": "2024-08-09",
        "phase": "post",
        "avg_risk": 0.5454,
        "avg_gt": 0.4849,
        "risk_category": 1,
        "risk_category_label": "Medium"
      }
    },
    {
      "type": "Feature",
      "geometry": {
        "type": "Polygon",
        "coordinates": [
          [
            [
              73.98447368421053,
              18.552894736842106
            ],
            [
              73.99447368421052,
              18.552894736842106
            ],
            [
              73.99447368421052,
              18.562894736842104
            ],
            [
              73.98447368421053,
              18.562894736842104
            ],
            [
              73.98447368421053,
              18.552894736842106
            ]
          ]
        ]
      },
      "properties": {
        "cell_id": "R15C18",
        "row": 15,
        "col": 18,
        "week": 10,
        "week_label": "Wk10",
        "date_start": "2024-08-03",
        "date_end": "2024-08-09",
        "phase": "post",
        "avg_risk": 0.4389,
        "avg_gt": 0.254,
        "risk_category": 1,
        "risk_category_label": "Medium"
      }
    },
    {
      "type": "Feature",
      "geometry": {
        "type": "Polygon",
        "coordinates": [
          [
            [
              73.995,
              18.552894736842106
            ],
            [
              74.005,
              18.552894736842106
            ],
            [
              74.005,
              18.562894736842104
            ],
            [
              73.995,
              18.562894736842104
            ],
            [
              73.995,
              18.552894736842106
            ]
          ]
        ]
      },
      "properties": {
        "cell_id": "R15C19",
        "row": 15,
        "col": 19,
        "week": 10,
        "week_label": "Wk10",
        "date_start": "2024-08-03",
        "date_end": "2024-08-09",
        "phase": "post",
        "avg_risk": 0.3523,
        "avg_gt": 0.1046,
        "risk_category": 1,
        "risk_category_label": "Medium"
      }
    },
    {
      "type": "Feature",
      "geometry": {
        "type": "Polygon",
        "coordinates": [
          [
            [
              73.795,
              18.563421052631583
            ],
            [
              73.80499999999999,
              18.563421052631583
            ],
            [
              73.80499999999999,
              18.57342105263158
            ],
            [
              73.795,
              18.57342105263158
            ],
            [
              73.795,
              18.563421052631583
            ]
          ]
        ]
      },
      "properties": {
        "cell_id": "R16C00",
        "row": 16,
        "col": 0,
        "week": 10,
        "week_label": "Wk10",
        "date_start": "2024-08-03",
        "date_end": "2024-08-09",
        "phase": "post",
        "avg_risk": 0.3017,
        "avg_gt": 0.11,
        "risk_category": 1,
        "risk_category_label": "Medium"
      }
    },
    {
      "type": "Feature",
      "geometry": {
        "type": "Polygon",
        "coordinates": [
          [
            [
              73.80552631578948,
              18.563421052631583
            ],
            [
              73.81552631578947,
              18.563421052631583
            ],
            [
              73.81552631578947,
              18.57342105263158
            ],
            [
              73.80552631578948,
              18.57342105263158
            ],
            [
              73.80552631578948,
              18.563421052631583
            ]
          ]
        ]
      },
      "properties": {
        "cell_id": "R16C01",
        "row": 16,
        "col": 1,
        "week": 10,
        "week_label": "Wk10",
        "date_start": "2024-08-03",
        "date_end": "2024-08-09",
        "phase": "post",
        "avg_risk": 0.3233,
        "avg_gt": 0.2379,
        "risk_category": 1,
        "risk_category_label": "Medium"
      }
    },
    {
      "type": "Feature",
      "geometry": {
        "type": "Polygon",
        "coordinates": [
          [
            [
              73.81605263157896,
              18.563421052631583
            ],
            [
              73.82605263157895,
              18.563421052631583
            ],
            [
              73.82605263157895,
              18.57342105263158
            ],
            [
              73.81605263157896,
              18.57342105263158
            ],
            [
              73.81605263157896,
              18.563421052631583
            ]
          ]
        ]
      },
      "properties": {
        "cell_id": "R16C02",
        "row": 16,
        "col": 2,
        "week": 10,
        "week_label": "Wk10",
        "date_start": "2024-08-03",
        "date_end": "2024-08-09",
        "phase": "post",
        "avg_risk": 0.3334,
        "avg_gt": 0.378,
        "risk_category": 1,
        "risk_category_label": "Medium"
      }
    },
    {
      "type": "Feature",
      "geometry": {
        "type": "Polygon",
        "coordinates": [
          [
            [
              73.82657894736842,
              18.563421052631583
            ],
            [
              73.83657894736841,
              18.563421052631583
            ],
            [
              73.83657894736841,
              18.57342105263158
            ],
            [
              73.82657894736842,
              18.57342105263158
            ],
            [
              73.82657894736842,
              18.563421052631583
            ]
          ]
        ]
      },
      "properties": {
        "cell_id": "R16C03",
        "row": 16,
        "col": 3,
        "week": 10,
        "week_label": "Wk10",
        "date_start": "2024-08-03",
        "date_end": "2024-08-09",
        "phase": "post",
        "avg_risk": 0.3354,
        "avg_gt": 0.4413,
        "risk_category": 1,
        "risk_category_label": "Medium"
      }
    },
    {
      "type": "Feature",
      "geometry": {
        "type": "Polygon",
        "coordinates": [
          [
            [
              73.8371052631579,
              18.563421052631583
            ],
            [
              73.84710526315789,
              18.563421052631583
            ],
            [
              73.84710526315789,
              18.57342105263158
            ],
            [
              73.8371052631579,
              18.57342105263158
            ],
            [
              73.8371052631579,
              18.563421052631583
            ]
          ]
        ]
      },
      "properties": {
        "cell_id": "R16C04",
        "row": 16,
        "col": 4,
        "week": 10,
        "week_label": "Wk10",
        "date_start": "2024-08-03",
        "date_end": "2024-08-09",
        "phase": "post",
        "avg_risk": 0.3335,
        "avg_gt": 0.3791,
        "risk_category": 1,
        "risk_category_label": "Medium"
      }
    },
    {
      "type": "Feature",
      "geometry": {
        "type": "Polygon",
        "coordinates": [
          [
            [
              73.84763157894737,
              18.563421052631583
            ],
            [
              73.85763157894736,
              18.563421052631583
            ],
            [
              73.85763157894736,
              18.57342105263158
            ],
            [
              73.84763157894737,
              18.57342105263158
            ],
            [
              73.84763157894737,
              18.563421052631583
            ]
          ]
        ]
      },
      "properties": {
        "cell_id": "R16C05",
        "row": 16,
        "col": 5,
        "week": 10,
        "week_label": "Wk10",
        "date_start": "2024-08-03",
        "date_end": "2024-08-09",
        "phase": "post",
        "avg_risk": 0.3325,
        "avg_gt": 0.2423,
        "risk_category": 1,
        "risk_category_label": "Medium"
      }
    },
    {
      "type": "Feature",
      "geometry": {
        "type": "Polygon",
        "coordinates": [
          [
            [
              73.85815789473685,
              18.563421052631583
            ],
            [
              73.86815789473684,
              18.563421052631583
            ],
            [
              73.86815789473684,
              18.57342105263158
            ],
            [
              73.85815789473685,
              18.57342105263158
            ],
            [
              73.85815789473685,
              18.563421052631583
            ]
          ]
        ]
      },
      "properties": {
        "cell_id": "R16C06",
        "row": 16,
        "col": 6,
        "week": 10,
        "week_label": "Wk10",
        "date_start": "2024-08-03",
        "date_end": "2024-08-09",
        "phase": "post",
        "avg_risk": 0.3446,
        "avg_gt": 0.1252,
        "risk_category": 1,
        "risk_category_label": "Medium"
      }
    },
    {
      "type": "Feature",
      "geometry": {
        "type": "Polygon",
        "coordinates": [
          [
            [
              73.86868421052633,
              18.563421052631583
            ],
            [
              73.87868421052632,
              18.563421052631583
            ],
            [
              73.87868421052632,
              18.57342105263158
            ],
            [
              73.86868421052633,
              18.57342105263158
            ],
            [
              73.86868421052633,
              18.563421052631583
            ]
          ]
        ]
      },
      "properties": {
        "cell_id": "R16C07",
        "row": 16,
        "col": 7,
        "week": 10,
        "week_label": "Wk10",
        "date_start": "2024-08-03",
        "date_end": "2024-08-09",
        "phase": "post",
        "avg_risk": 0.3824,
        "avg_gt": 0.0824,
        "risk_category": 1,
        "risk_category_label": "Medium"
      }
    },
    {
      "type": "Feature",
      "geometry": {
        "type": "Polygon",
        "coordinates": [
          [
            [
              73.87921052631579,
              18.563421052631583
            ],
            [
              73.88921052631578,
              18.563421052631583
            ],
            [
              73.88921052631578,
              18.57342105263158
            ],
            [
              73.87921052631579,
              18.57342105263158
            ],
            [
              73.87921052631579,
              18.563421052631583
            ]
          ]
        ]
      },
      "properties": {
        "cell_id": "R16C08",
        "row": 16,
        "col": 8,
        "week": 10,
        "week_label": "Wk10",
        "date_start": "2024-08-03",
        "date_end": "2024-08-09",
        "phase": "post",
        "avg_risk": 0.4458,
        "avg_gt": 0.1214,
        "risk_category": 1,
        "risk_category_label": "Medium"
      }
    },
    {
      "type": "Feature",
      "geometry": {
        "type": "Polygon",
        "coordinates": [
          [
            [
              73.88973684210526,
              18.563421052631583
            ],
            [
              73.89973684210526,
              18.563421052631583
            ],
            [
              73.89973684210526,
              18.57342105263158
            ],
            [
              73.88973684210526,
              18.57342105263158
            ],
            [
              73.88973684210526,
              18.563421052631583
            ]
          ]
        ]
      },
      "properties": {
        "cell_id": "R16C09",
        "row": 16,
        "col": 9,
        "week": 10,
        "week_label": "Wk10",
        "date_start": "2024-08-03",
        "date_end": "2024-08-09",
        "phase": "post",
        "avg_risk": 0.5124,
        "avg_gt": 0.2335,
        "risk_category": 1,
        "risk_category_label": "Medium"
      }
    },
    {
      "type": "Feature",
      "geometry": {
        "type": "Polygon",
        "coordinates": [
          [
            [
              73.90026315789474,
              18.563421052631583
            ],
            [
              73.91026315789473,
              18.563421052631583
            ],
            [
              73.91026315789473,
              18.57342105263158
            ],
            [
              73.90026315789474,
              18.57342105263158
            ],
            [
              73.90026315789474,
              18.563421052631583
            ]
          ]
        ]
      },
      "properties": {
        "cell_id": "R16C10",
        "row": 16,
        "col": 10,
        "week": 10,
        "week_label": "Wk10",
        "date_start": "2024-08-03",
        "date_end": "2024-08-09",
        "phase": "post",
        "avg_risk": 0.5654,
        "avg_gt": 0.4,
        "risk_category": 2,
        "risk_category_label": "High"
      }
    },
    {
      "type": "Feature",
      "geometry": {
        "type": "Polygon",
        "coordinates": [
          [
            [
              73.91078947368422,
              18.563421052631583
            ],
            [
              73.92078947368421,
              18.563421052631583
            ],
            [
              73.92078947368421,
              18.57342105263158
            ],
            [
              73.91078947368422,
              18.57342105263158
            ],
            [
              73.91078947368422,
              18.563421052631583
            ]
          ]
        ]
      },
      "properties": {
        "cell_id": "R16C11",
        "row": 16,
        "col": 11,
        "week": 10,
        "week_label": "Wk10",
        "date_start": "2024-08-03",
        "date_end": "2024-08-09",
        "phase": "post",
        "avg_risk": 0.6009,
        "avg_gt": 0.5831,
        "risk_category": 2,
        "risk_category_label": "High"
      }
    },
    {
      "type": "Feature",
      "geometry": {
        "type": "Polygon",
        "coordinates": [
          [
            [
              73.92131578947368,
              18.563421052631583
            ],
            [
              73.93131578947367,
              18.563421052631583
            ],
            [
              73.93131578947367,
              18.57342105263158
            ],
            [
              73.92131578947368,
              18.57342105263158
            ],
            [
              73.92131578947368,
              18.563421052631583
            ]
          ]
        ]
      },
      "properties": {
        "cell_id": "R16C12",
        "row": 16,
        "col": 12,
        "week": 10,
        "week_label": "Wk10",
        "date_start": "2024-08-03",
        "date_end": "2024-08-09",
        "phase": "post",
        "avg_risk": 0.6263,
        "avg_gt": 0.7369,
        "risk_category": 2,
        "risk_category_label": "High"
      }
    },
    {
      "type": "Feature",
      "geometry": {
        "type": "Polygon",
        "coordinates": [
          [
            [
              73.93184210526316,
              18.563421052631583
            ],
            [
              73.94184210526315,
              18.563421052631583
            ],
            [
              73.94184210526315,
              18.57342105263158
            ],
            [
              73.93184210526316,
              18.57342105263158
            ],
            [
              73.93184210526316,
              18.563421052631583
            ]
          ]
        ]
      },
      "properties": {
        "cell_id": "R16C13",
        "row": 16,
        "col": 13,
        "week": 10,
        "week_label": "Wk10",
        "date_start": "2024-08-03",
        "date_end": "2024-08-09",
        "phase": "post",
        "avg_risk": 0.6382,
        "avg_gt": 0.8277,
        "risk_category": 2,
        "risk_category_label": "High"
      }
    },
    {
      "type": "Feature",
      "geometry": {
        "type": "Polygon",
        "coordinates": [
          [
            [
              73.94236842105263,
              18.563421052631583
            ],
            [
              73.95236842105263,
              18.563421052631583
            ],
            [
              73.95236842105263,
              18.57342105263158
            ],
            [
              73.94236842105263,
              18.57342105263158
            ],
            [
              73.94236842105263,
              18.563421052631583
            ]
          ]
        ]
      },
      "properties": {
        "cell_id": "R16C14",
        "row": 16,
        "col": 14,
        "week": 10,
        "week_label": "Wk10",
        "date_start": "2024-08-03",
        "date_end": "2024-08-09",
        "phase": "post",
        "avg_risk": 0.6455,
        "avg_gt": 0.8348,
        "risk_category": 2,
        "risk_category_label": "High"
      }
    },
    {
      "type": "Feature",
      "geometry": {
        "type": "Polygon",
        "coordinates": [
          [
            [
              73.95289473684211,
              18.563421052631583
            ],
            [
              73.9628947368421,
              18.563421052631583
            ],
            [
              73.9628947368421,
              18.57342105263158
            ],
            [
              73.95289473684211,
              18.57342105263158
            ],
            [
              73.95289473684211,
              18.563421052631583
            ]
          ]
        ]
      },
      "properties": {
        "cell_id": "R16C15",
        "row": 16,
        "col": 15,
        "week": 10,
        "week_label": "Wk10",
        "date_start": "2024-08-03",
        "date_end": "2024-08-09",
        "phase": "post",
        "avg_risk": 0.6405,
        "avg_gt": 0.7445,
        "risk_category": 2,
        "risk_category_label": "High"
      }
    },
    {
      "type": "Feature",
      "geometry": {
        "type": "Polygon",
        "coordinates": [
          [
            [
              73.96342105263159,
              18.563421052631583
            ],
            [
              73.97342105263158,
              18.563421052631583
            ],
            [
              73.97342105263158,
              18.57342105263158
            ],
            [
              73.96342105263159,
              18.57342105263158
            ],
            [
              73.96342105263159,
              18.563421052631583
            ]
          ]
        ]
      },
      "properties": {
        "cell_id": "R16C16",
        "row": 16,
        "col": 16,
        "week": 10,
        "week_label": "Wk10",
        "date_start": "2024-08-03",
        "date_end": "2024-08-09",
        "phase": "post",
        "avg_risk": 0.5993,
        "avg_gt": 0.568,
        "risk_category": 2,
        "risk_category_label": "High"
      }
    },
    {
      "type": "Feature",
      "geometry": {
        "type": "Polygon",
        "coordinates": [
          [
            [
              73.97394736842105,
              18.563421052631583
            ],
            [
              73.98394736842104,
              18.563421052631583
            ],
            [
              73.98394736842104,
              18.57342105263158
            ],
            [
              73.97394736842105,
              18.57342105263158
            ],
            [
              73.97394736842105,
              18.563421052631583
            ]
          ]
        ]
      },
      "properties": {
        "cell_id": "R16C17",
        "row": 16,
        "col": 17,
        "week": 10,
        "week_label": "Wk10",
        "date_start": "2024-08-03",
        "date_end": "2024-08-09",
        "phase": "post",
        "avg_risk": 0.5311,
        "avg_gt": 0.3585,
        "risk_category": 1,
        "risk_category_label": "Medium"
      }
    },
    {
      "type": "Feature",
      "geometry": {
        "type": "Polygon",
        "coordinates": [
          [
            [
              73.98447368421053,
              18.563421052631583
            ],
            [
              73.99447368421052,
              18.563421052631583
            ],
            [
              73.99447368421052,
              18.57342105263158
            ],
            [
              73.98447368421053,
              18.57342105263158
            ],
            [
              73.98447368421053,
              18.563421052631583
            ]
          ]
        ]
      },
      "properties": {
        "cell_id": "R16C18",
        "row": 16,
        "col": 18,
        "week": 10,
        "week_label": "Wk10",
        "date_start": "2024-08-03",
        "date_end": "2024-08-09",
        "phase": "post",
        "avg_risk": 0.4339,
        "avg_gt": 0.1827,
        "risk_category": 1,
        "risk_category_label": "Medium"
      }
    },
    {
      "type": "Feature",
      "geometry": {
        "type": "Polygon",
        "coordinates": [
          [
            [
              73.995,
              18.563421052631583
            ],
            [
              74.005,
              18.563421052631583
            ],
            [
              74.005,
              18.57342105263158
            ],
            [
              73.995,
              18.57342105263158
            ],
            [
              73.995,
              18.563421052631583
            ]
          ]
        ]
      },
      "properties": {
        "cell_id": "R16C19",
        "row": 16,
        "col": 19,
        "week": 10,
        "week_label": "Wk10",
        "date_start": "2024-08-03",
        "date_end": "2024-08-09",
        "phase": "post",
        "avg_risk": 0.3377,
        "avg_gt": 0.074,
        "risk_category": 1,
        "risk_category_label": "Medium"
      }
    },
    {
      "type": "Feature",
      "geometry": {
        "type": "Polygon",
        "coordinates": [
          [
            [
              73.795,
              18.573947368421056
            ],
            [
              73.80499999999999,
              18.573947368421056
            ],
            [
              73.80499999999999,
              18.583947368421054
            ],
            [
              73.795,
              18.583947368421054
            ],
            [
              73.795,
              18.573947368421056
            ]
          ]
        ]
      },
      "properties": {
        "cell_id": "R17C00",
        "row": 17,
        "col": 0,
        "week": 10,
        "week_label": "Wk10",
        "date_start": "2024-08-03",
        "date_end": "2024-08-09",
        "phase": "post",
        "avg_risk": 0.308,
        "avg_gt": 0.1283,
        "risk_category": 1,
        "risk_category_label": "Medium"
      }
    },
    {
      "type": "Feature",
      "geometry": {
        "type": "Polygon",
        "coordinates": [
          [
            [
              73.80552631578948,
              18.573947368421056
            ],
            [
              73.81552631578947,
              18.573947368421056
            ],
            [
              73.81552631578947,
              18.583947368421054
            ],
            [
              73.80552631578948,
              18.583947368421054
            ],
            [
              73.80552631578948,
              18.573947368421056
            ]
          ]
        ]
      },
      "properties": {
        "cell_id": "R17C01",
        "row": 17,
        "col": 1,
        "week": 10,
        "week_label": "Wk10",
        "date_start": "2024-08-03",
        "date_end": "2024-08-09",
        "phase": "post",
        "avg_risk": 0.3282,
        "avg_gt": 0.2776,
        "risk_category": 1,
        "risk_category_label": "Medium"
      }
    },
    {
      "type": "Feature",
      "geometry": {
        "type": "Polygon",
        "coordinates": [
          [
            [
              73.81605263157896,
              18.573947368421056
            ],
            [
              73.82605263157895,
              18.573947368421056
            ],
            [
              73.82605263157895,
              18.583947368421054
            ],
            [
              73.81605263157896,
              18.583947368421054
            ],
            [
              73.81605263157896,
              18.573947368421056
            ]
          ]
        ]
      },
      "properties": {
        "cell_id": "R17C02",
        "row": 17,
        "col": 2,
        "week": 10,
        "week_label": "Wk10",
        "date_start": "2024-08-03",
        "date_end": "2024-08-09",
        "phase": "post",
        "avg_risk": 0.3383,
        "avg_gt": 0.4411,
        "risk_category": 1,
        "risk_category_label": "Medium"
      }
    },
    {
      "type": "Feature",
      "geometry": {
        "type": "Polygon",
        "coordinates": [
          [
            [
              73.82657894736842,
              18.573947368421056
            ],
            [
              73.83657894736841,
              18.573947368421056
            ],
            [
              73.83657894736841,
              18.583947368421054
            ],
            [
              73.82657894736842,
              18.583947368421054
            ],
            [
              73.82657894736842,
              18.573947368421056
            ]
          ]
        ]
      },
      "properties": {
        "cell_id": "R17C03",
        "row": 17,
        "col": 3,
        "week": 10,
        "week_label": "Wk10",
        "date_start": "2024-08-03",
        "date_end": "2024-08-09",
        "phase": "post",
        "avg_risk": 0.3408,
        "avg_gt": 0.5149,
        "risk_category": 1,
        "risk_category_label": "Medium"
      }
    },
    {
      "type": "Feature",
      "geometry": {
        "type": "Polygon",
        "coordinates": [
          [
            [
              73.8371052631579,
              18.573947368421056
            ],
            [
              73.84710526315789,
              18.573947368421056
            ],
            [
              73.84710526315789,
              18.583947368421054
            ],
            [
              73.8371052631579,
              18.583947368421054
            ],
            [
              73.8371052631579,
              18.573947368421056
            ]
          ]
        ]
      },
      "properties": {
        "cell_id": "R17C04",
        "row": 17,
        "col": 4,
        "week": 10,
        "week_label": "Wk10",
        "date_start": "2024-08-03",
        "date_end": "2024-08-09",
        "phase": "post",
        "avg_risk": 0.3385,
        "avg_gt": 0.4422,
        "risk_category": 1,
        "risk_category_label": "Medium"
      }
    },
    {
      "type": "Feature",
      "geometry": {
        "type": "Polygon",
        "coordinates": [
          [
            [
              73.84763157894737,
              18.573947368421056
            ],
            [
              73.85763157894736,
              18.573947368421056
            ],
            [
              73.85763157894736,
              18.583947368421054
            ],
            [
              73.84763157894737,
              18.583947368421054
            ],
            [
              73.84763157894737,
              18.573947368421056
            ]
          ]
        ]
      },
      "properties": {
        "cell_id": "R17C05",
        "row": 17,
        "col": 5,
        "week": 10,
        "week_label": "Wk10",
        "date_start": "2024-08-03",
        "date_end": "2024-08-09",
        "phase": "post",
        "avg_risk": 0.3365,
        "avg_gt": 0.2827,
        "risk_category": 1,
        "risk_category_label": "Medium"
      }
    },
    {
      "type": "Feature",
      "geometry": {
        "type": "Polygon",
        "coordinates": [
          [
            [
              73.85815789473685,
              18.573947368421056
            ],
            [
              73.86815789473684,
              18.573947368421056
            ],
            [
              73.86815789473684,
              18.583947368421054
            ],
            [
              73.85815789473685,
              18.583947368421054
            ],
            [
              73.85815789473685,
              18.573947368421056
            ]
          ]
        ]
      },
      "properties": {
        "cell_id": "R17C06",
        "row": 17,
        "col": 6,
        "week": 10,
        "week_label": "Wk10",
        "date_start": "2024-08-03",
        "date_end": "2024-08-09",
        "phase": "post",
        "avg_risk": 0.3416,
        "avg_gt": 0.1474,
        "risk_category": 1,
        "risk_category_label": "Medium"
      }
    },
    {
      "type": "Feature",
      "geometry": {
        "type": "Polygon",
        "coordinates": [
          [
            [
              73.86868421052633,
              18.573947368421056
            ],
            [
              73.87868421052632,
              18.573947368421056
            ],
            [
              73.87868421052632,
              18.583947368421054
            ],
            [
              73.86868421052633,
              18.583947368421054
            ],
            [
              73.86868421052633,
              18.573947368421056
            ]
          ]
        ]
      },
      "properties": {
        "cell_id": "R17C07",
        "row": 17,
        "col": 7,
        "week": 10,
        "week_label": "Wk10",
        "date_start": "2024-08-03",
        "date_end": "2024-08-09",
        "phase": "post",
        "avg_risk": 0.3677,
        "avg_gt": 0.1025,
        "risk_category": 1,
        "risk_category_label": "Medium"
      }
    },
    {
      "type": "Feature",
      "geometry": {
        "type": "Polygon",
        "coordinates": [
          [
            [
              73.87921052631579,
              18.573947368421056
            ],
            [
              73.88921052631578,
              18.573947368421056
            ],
            [
              73.88921052631578,
              18.583947368421054
            ],
            [
              73.87921052631579,
              18.583947368421054
            ],
            [
              73.87921052631579,
              18.573947368421056
            ]
          ]
        ]
      },
      "properties": {
        "cell_id": "R17C08",
        "row": 17,
        "col": 8,
        "week": 10,
        "week_label": "Wk10",
        "date_start": "2024-08-03",
        "date_end": "2024-08-09",
        "phase": "post",
        "avg_risk": 0.4176,
        "avg_gt": 0.1601,
        "risk_category": 1,
        "risk_category_label": "Medium"
      }
    },
    {
      "type": "Feature",
      "geometry": {
        "type": "Polygon",
        "coordinates": [
          [
            [
              73.88973684210526,
              18.573947368421056
            ],
            [
              73.89973684210526,
              18.573947368421056
            ],
            [
              73.89973684210526,
              18.583947368421054
            ],
            [
              73.88973684210526,
              18.583947368421054
            ],
            [
              73.88973684210526,
              18.573947368421056
            ]
          ]
        ]
      },
      "properties": {
        "cell_id": "R17C09",
        "row": 17,
        "col": 9,
        "week": 10,
        "week_label": "Wk10",
        "date_start": "2024-08-03",
        "date_end": "2024-08-09",
        "phase": "post",
        "avg_risk": 0.483,
        "avg_gt": 0.3109,
        "risk_category": 1,
        "risk_category_label": "Medium"
      }
    },
    {
      "type": "Feature",
      "geometry": {
        "type": "Polygon",
        "coordinates": [
          [
            [
              73.90026315789474,
              18.573947368421056
            ],
            [
              73.91026315789473,
              18.573947368421056
            ],
            [
              73.91026315789473,
              18.583947368421054
            ],
            [
              73.90026315789474,
              18.583947368421054
            ],
            [
              73.90026315789474,
              18.573947368421056
            ]
          ]
        ]
      },
      "properties": {
        "cell_id": "R17C10",
        "row": 17,
        "col": 10,
        "week": 10,
        "week_label": "Wk10",
        "date_start": "2024-08-03",
        "date_end": "2024-08-09",
        "phase": "post",
        "avg_risk": 0.5389,
        "avg_gt": 0.5247,
        "risk_category": 1,
        "risk_category_label": "Medium"
      }
    },
    {
      "type": "Feature",
      "geometry": {
        "type": "Polygon",
        "coordinates": [
          [
            [
              73.91078947368422,
              18.573947368421056
            ],
            [
              73.92078947368421,
              18.573947368421056
            ],
            [
              73.92078947368421,
              18.583947368421054
            ],
            [
              73.91078947368422,
              18.583947368421054
            ],
            [
              73.91078947368422,
              18.573947368421056
            ]
          ]
        ]
      },
      "properties": {
        "cell_id": "R17C11",
        "row": 17,
        "col": 11,
        "week": 10,
        "week_label": "Wk10",
        "date_start": "2024-08-03",
        "date_end": "2024-08-09",
        "phase": "post",
        "avg_risk": 0.5802,
        "avg_gt": 0.7358,
        "risk_category": 2,
        "risk_category_label": "High"
      }
    },
    {
      "type": "Feature",
      "geometry": {
        "type": "Polygon",
        "coordinates": [
          [
            [
              73.92131578947368,
              18.573947368421056
            ],
            [
              73.93131578947367,
              18.573947368421056
            ],
            [
              73.93131578947367,
              18.583947368421054
            ],
            [
              73.92131578947368,
              18.583947368421054
            ],
            [
              73.92131578947368,
              18.573947368421056
            ]
          ]
        ]
      },
      "properties": {
        "cell_id": "R17C12",
        "row": 17,
        "col": 12,
        "week": 10,
        "week_label": "Wk10",
        "date_start": "2024-08-03",
        "date_end": "2024-08-09",
        "phase": "post",
        "avg_risk": 0.6063,
        "avg_gt": 0.8644,
        "risk_category": 2,
        "risk_category_label": "High"
      }
    },
    {
      "type": "Feature",
      "geometry": {
        "type": "Polygon",
        "coordinates": [
          [
            [
              73.93184210526316,
              18.573947368421056
            ],
            [
              73.94184210526315,
              18.573947368421056
            ],
            [
              73.94184210526315,
              18.583947368421054
            ],
            [
              73.93184210526316,
              18.583947368421054
            ],
            [
              73.93184210526316,
              18.573947368421056
            ]
          ]
        ]
      },
      "properties": {
        "cell_id": "R17C13",
        "row": 17,
        "col": 13,
        "week": 10,
        "week_label": "Wk10",
        "date_start": "2024-08-03",
        "date_end": "2024-08-09",
        "phase": "post",
        "avg_risk": 0.6219,
        "avg_gt": 0.8669,
        "risk_category": 2,
        "risk_category_label": "High"
      }
    },
    {
      "type": "Feature",
      "geometry": {
        "type": "Polygon",
        "coordinates": [
          [
            [
              73.94236842105263,
              18.573947368421056
            ],
            [
              73.95236842105263,
              18.573947368421056
            ],
            [
              73.95236842105263,
              18.583947368421054
            ],
            [
              73.94236842105263,
              18.583947368421054
            ],
            [
              73.94236842105263,
              18.573947368421056
            ]
          ]
        ]
      },
      "properties": {
        "cell_id": "R17C14",
        "row": 17,
        "col": 14,
        "week": 10,
        "week_label": "Wk10",
        "date_start": "2024-08-03",
        "date_end": "2024-08-09",
        "phase": "post",
        "avg_risk": 0.6163,
        "avg_gt": 0.7578,
        "risk_category": 2,
        "risk_category_label": "High"
      }
    },
    {
      "type": "Feature",
      "geometry": {
        "type": "Polygon",
        "coordinates": [
          [
            [
              73.95289473684211,
              18.573947368421056
            ],
            [
              73.9628947368421,
              18.573947368421056
            ],
            [
              73.9628947368421,
              18.583947368421054
            ],
            [
              73.95289473684211,
              18.583947368421054
            ],
            [
              73.95289473684211,
              18.573947368421056
            ]
          ]
        ]
      },
      "properties": {
        "cell_id": "R17C15",
        "row": 17,
        "col": 15,
        "week": 10,
        "week_label": "Wk10",
        "date_start": "2024-08-03",
        "date_end": "2024-08-09",
        "phase": "post",
        "avg_risk": 0.6041,
        "avg_gt": 0.584,
        "risk_category": 2,
        "risk_category_label": "High"
      }
    },
    {
      "type": "Feature",
      "geometry": {
        "type": "Polygon",
        "coordinates": [
          [
            [
              73.96342105263159,
              18.573947368421056
            ],
            [
              73.97342105263158,
              18.573947368421056
            ],
            [
              73.97342105263158,
              18.583947368421054
            ],
            [
              73.96342105263159,
              18.583947368421054
            ],
            [
              73.96342105263159,
              18.573947368421056
            ]
          ]
        ]
      },
      "properties": {
        "cell_id": "R17C16",
        "row": 17,
        "col": 16,
        "week": 10,
        "week_label": "Wk10",
        "date_start": "2024-08-03",
        "date_end": "2024-08-09",
        "phase": "post",
        "avg_risk": 0.5519,
        "avg_gt": 0.394,
        "risk_category": 2,
        "risk_category_label": "High"
      }
    },
    {
      "type": "Feature",
      "geometry": {
        "type": "Polygon",
        "coordinates": [
          [
            [
              73.97394736842105,
              18.573947368421056
            ],
            [
              73.98394736842104,
              18.573947368421056
            ],
            [
              73.98394736842104,
              18.583947368421054
            ],
            [
              73.97394736842105,
              18.583947368421054
            ],
            [
              73.97394736842105,
              18.573947368421056
            ]
          ]
        ]
      },
      "properties": {
        "cell_id": "R17C17",
        "row": 17,
        "col": 17,
        "week": 10,
        "week_label": "Wk10",
        "date_start": "2024-08-03",
        "date_end": "2024-08-09",
        "phase": "post",
        "avg_risk": 0.4639,
        "avg_gt": 0.2274,
        "risk_category": 1,
        "risk_category_label": "Medium"
      }
    },
    {
      "type": "Feature",
      "geometry": {
        "type": "Polygon",
        "coordinates": [
          [
            [
              73.98447368421053,
              18.573947368421056
            ],
            [
              73.99447368421052,
              18.573947368421056
            ],
            [
              73.99447368421052,
              18.583947368421054
            ],
            [
              73.98447368421053,
              18.583947368421054
            ],
            [
              73.98447368421053,
              18.573947368421056
            ]
          ]
        ]
      },
      "properties": {
        "cell_id": "R17C18",
        "row": 17,
        "col": 18,
        "week": 10,
        "week_label": "Wk10",
        "date_start": "2024-08-03",
        "date_end": "2024-08-09",
        "phase": "post",
        "avg_risk": 0.3741,
        "avg_gt": 0.1092,
        "risk_category": 1,
        "risk_category_label": "Medium"
      }
    },
    {
      "type": "Feature",
      "geometry": {
        "type": "Polygon",
        "coordinates": [
          [
            [
              73.995,
              18.573947368421056
            ],
            [
              74.005,
              18.573947368421056
            ],
            [
              74.005,
              18.583947368421054
            ],
            [
              73.995,
              18.583947368421054
            ],
            [
              73.995,
              18.573947368421056
            ]
          ]
        ]
      },
      "properties": {
        "cell_id": "R17C19",
        "row": 17,
        "col": 19,
        "week": 10,
        "week_label": "Wk10",
        "date_start": "2024-08-03",
        "date_end": "2024-08-09",
        "phase": "post",
        "avg_risk": 0.3065,
        "avg_gt": 0.0426,
        "risk_category": 1,
        "risk_category_label": "Medium"
      }
    },
    {
      "type": "Feature",
      "geometry": {
        "type": "Polygon",
        "coordinates": [
          [
            [
              73.795,
              18.58447368421053
            ],
            [
              73.80499999999999,
              18.58447368421053
            ],
            [
              73.80499999999999,
              18.594473684210527
            ],
            [
              73.795,
              18.594473684210527
            ],
            [
              73.795,
              18.58447368421053
            ]
          ]
        ]
      },
      "properties": {
        "cell_id": "R18C00",
        "row": 18,
        "col": 0,
        "week": 10,
        "week_label": "Wk10",
        "date_start": "2024-08-03",
        "date_end": "2024-08-09",
        "phase": "post",
        "avg_risk": 0.3053,
        "avg_gt": 0.11,
        "risk_category": 1,
        "risk_category_label": "Medium"
      }
    },
    {
      "type": "Feature",
      "geometry": {
        "type": "Polygon",
        "coordinates": [
          [
            [
              73.80552631578948,
              18.58447368421053
            ],
            [
              73.81552631578947,
              18.58447368421053
            ],
            [
              73.81552631578947,
              18.594473684210527
            ],
            [
              73.80552631578948,
              18.594473684210527
            ],
            [
              73.80552631578948,
              18.58447368421053
            ]
          ]
        ]
      },
      "properties": {
        "cell_id": "R18C01",
        "row": 18,
        "col": 1,
        "week": 10,
        "week_label": "Wk10",
        "date_start": "2024-08-03",
        "date_end": "2024-08-09",
        "phase": "post",
        "avg_risk": 0.3254,
        "avg_gt": 0.2379,
        "risk_category": 1,
        "risk_category_label": "Medium"
      }
    },
    {
      "type": "Feature",
      "geometry": {
        "type": "Polygon",
        "coordinates": [
          [
            [
              73.81605263157896,
              18.58447368421053
            ],
            [
              73.82605263157895,
              18.58447368421053
            ],
            [
              73.82605263157895,
              18.594473684210527
            ],
            [
              73.81605263157896,
              18.594473684210527
            ],
            [
              73.81605263157896,
              18.58447368421053
            ]
          ]
        ]
      },
      "properties": {
        "cell_id": "R18C02",
        "row": 18,
        "col": 2,
        "week": 10,
        "week_label": "Wk10",
        "date_start": "2024-08-03",
        "date_end": "2024-08-09",
        "phase": "post",
        "avg_risk": 0.3362,
        "avg_gt": 0.378,
        "risk_category": 1,
        "risk_category_label": "Medium"
      }
    },
    {
      "type": "Feature",
      "geometry": {
        "type": "Polygon",
        "coordinates": [
          [
            [
              73.82657894736842,
              18.58447368421053
            ],
            [
              73.83657894736841,
              18.58447368421053
            ],
            [
              73.83657894736841,
              18.594473684210527
            ],
            [
              73.82657894736842,
              18.594473684210527
            ],
            [
              73.82657894736842,
              18.58447368421053
            ]
          ]
        ]
      },
      "properties": {
        "cell_id": "R18C03",
        "row": 18,
        "col": 3,
        "week": 10,
        "week_label": "Wk10",
        "date_start": "2024-08-03",
        "date_end": "2024-08-09",
        "phase": "post",
        "avg_risk": 0.3397,
        "avg_gt": 0.4413,
        "risk_category": 1,
        "risk_category_label": "Medium"
      }
    },
    {
      "type": "Feature",
      "geometry": {
        "type": "Polygon",
        "coordinates": [
          [
            [
              73.8371052631579,
              18.58447368421053
            ],
            [
              73.84710526315789,
              18.58447368421053
            ],
            [
              73.84710526315789,
              18.594473684210527
            ],
            [
              73.8371052631579,
              18.594473684210527
            ],
            [
              73.8371052631579,
              18.58447368421053
            ]
          ]
        ]
      },
      "properties": {
        "cell_id": "R18C04",
        "row": 18,
        "col": 4,
        "week": 10,
        "week_label": "Wk10",
        "date_start": "2024-08-03",
        "date_end": "2024-08-09",
        "phase": "post",
        "avg_risk": 0.3377,
        "avg_gt": 0.3792,
        "risk_category": 1,
        "risk_category_label": "Medium"
      }
    },
    {
      "type": "Feature",
      "geometry": {
        "type": "Polygon",
        "coordinates": [
          [
            [
              73.84763157894737,
              18.58447368421053
            ],
            [
              73.85763157894736,
              18.58447368421053
            ],
            [
              73.85763157894736,
              18.594473684210527
            ],
            [
              73.84763157894737,
              18.594473684210527
            ],
            [
              73.84763157894737,
              18.58447368421053
            ]
          ]
        ]
      },
      "properties": {
        "cell_id": "R18C05",
        "row": 18,
        "col": 5,
        "week": 10,
        "week_label": "Wk10",
        "date_start": "2024-08-03",
        "date_end": "2024-08-09",
        "phase": "post",
        "avg_risk": 0.3341,
        "avg_gt": 0.2434,
        "risk_category": 1,
        "risk_category_label": "Medium"
      }
    },
    {
      "type": "Feature",
      "geometry": {
        "type": "Polygon",
        "coordinates": [
          [
            [
              73.85815789473685,
              18.58447368421053
            ],
            [
              73.86815789473684,
              18.58447368421053
            ],
            [
              73.86815789473684,
              18.594473684210527
            ],
            [
              73.85815789473685,
              18.594473684210527
            ],
            [
              73.85815789473685,
              18.58447368421053
            ]
          ]
        ]
      },
      "properties": {
        "cell_id": "R18C06",
        "row": 18,
        "col": 6,
        "week": 10,
        "week_label": "Wk10",
        "date_start": "2024-08-03",
        "date_end": "2024-08-09",
        "phase": "post",
        "avg_risk": 0.3333,
        "avg_gt": 0.1308,
        "risk_category": 1,
        "risk_category_label": "Medium"
      }
    },
    {
      "type": "Feature",
      "geometry": {
        "type": "Polygon",
        "coordinates": [
          [
            [
              73.86868421052633,
              18.58447368421053
            ],
            [
              73.87868421052632,
              18.58447368421053
            ],
            [
              73.87868421052632,
              18.594473684210527
            ],
            [
              73.86868421052633,
              18.594473684210527
            ],
            [
              73.86868421052633,
              18.58447368421053
            ]
          ]
        ]
      },
      "properties": {
        "cell_id": "R18C07",
        "row": 18,
        "col": 7,
        "week": 10,
        "week_label": "Wk10",
        "date_start": "2024-08-03",
        "date_end": "2024-08-09",
        "phase": "post",
        "avg_risk": 0.3434,
        "avg_gt": 0.1023,
        "risk_category": 1,
        "risk_category_label": "Medium"
      }
    },
    {
      "type": "Feature",
      "geometry": {
        "type": "Polygon",
        "coordinates": [
          [
            [
              73.87921052631579,
              18.58447368421053
            ],
            [
              73.88921052631578,
              18.58447368421053
            ],
            [
              73.88921052631578,
              18.594473684210527
            ],
            [
              73.87921052631579,
              18.594473684210527
            ],
            [
              73.87921052631579,
              18.58447368421053
            ]
          ]
        ]
      },
      "properties": {
        "cell_id": "R18C08",
        "row": 18,
        "col": 8,
        "week": 10,
        "week_label": "Wk10",
        "date_start": "2024-08-03",
        "date_end": "2024-08-09",
        "phase": "post",
        "avg_risk": 0.3722,
        "avg_gt": 0.1739,
        "risk_category": 1,
        "risk_category_label": "Medium"
      }
    },
    {
      "type": "Feature",
      "geometry": {
        "type": "Polygon",
        "coordinates": [
          [
            [
              73.88973684210526,
              18.58447368421053
            ],
            [
              73.89973684210526,
              18.58447368421053
            ],
            [
              73.89973684210526,
              18.594473684210527
            ],
            [
              73.88973684210526,
              18.594473684210527
            ],
            [
              73.88973684210526,
              18.58447368421053
            ]
          ]
        ]
      },
      "properties": {
        "cell_id": "R18C09",
        "row": 18,
        "col": 9,
        "week": 10,
        "week_label": "Wk10",
        "date_start": "2024-08-03",
        "date_end": "2024-08-09",
        "phase": "post",
        "avg_risk": 0.426,
        "avg_gt": 0.3417,
        "risk_category": 1,
        "risk_category_label": "Medium"
      }
    },
    {
      "type": "Feature",
      "geometry": {
        "type": "Polygon",
        "coordinates": [
          [
            [
              73.90026315789474,
              18.58447368421053
            ],
            [
              73.91026315789473,
              18.58447368421053
            ],
            [
              73.91026315789473,
              18.594473684210527
            ],
            [
              73.90026315789474,
              18.594473684210527
            ],
            [
              73.90026315789474,
              18.58447368421053
            ]
          ]
        ]
      },
      "properties": {
        "cell_id": "R18C10",
        "row": 18,
        "col": 10,
        "week": 10,
        "week_label": "Wk10",
        "date_start": "2024-08-03",
        "date_end": "2024-08-09",
        "phase": "post",
        "avg_risk": 0.48,
        "avg_gt": 0.573,
        "risk_category": 1,
        "risk_category_label": "Medium"
      }
    },
    {
      "type": "Feature",
      "geometry": {
        "type": "Polygon",
        "coordinates": [
          [
            [
              73.91078947368422,
              18.58447368421053
            ],
            [
              73.92078947368421,
              18.58447368421053
            ],
            [
              73.92078947368421,
              18.594473684210527
            ],
            [
              73.91078947368422,
              18.594473684210527
            ],
            [
              73.91078947368422,
              18.58447368421053
            ]
          ]
        ]
      },
      "properties": {
        "cell_id": "R18C11",
        "row": 18,
        "col": 11,
        "week": 10,
        "week_label": "Wk10",
        "date_start": "2024-08-03",
        "date_end": "2024-08-09",
        "phase": "post",
        "avg_risk": 0.529,
        "avg_gt": 0.7896,
        "risk_category": 1,
        "risk_category_label": "Medium"
      }
    },
    {
      "type": "Feature",
      "geometry": {
        "type": "Polygon",
        "coordinates": [
          [
            [
              73.92131578947368,
              18.58447368421053
            ],
            [
              73.93131578947367,
              18.58447368421053
            ],
            [
              73.93131578947367,
              18.594473684210527
            ],
            [
              73.92131578947368,
              18.594473684210527
            ],
            [
              73.92131578947368,
              18.58447368421053
            ]
          ]
        ]
      },
      "properties": {
        "cell_id": "R18C12",
        "row": 18,
        "col": 12,
        "week": 10,
        "week_label": "Wk10",
        "date_start": "2024-08-03",
        "date_end": "2024-08-09",
        "phase": "post",
        "avg_risk": 0.5568,
        "avg_gt": 0.8958,
        "risk_category": 2,
        "risk_category_label": "High"
      }
    },
    {
      "type": "Feature",
      "geometry": {
        "type": "Polygon",
        "coordinates": [
          [
            [
              73.93184210526316,
              18.58447368421053
            ],
            [
              73.94184210526315,
              18.58447368421053
            ],
            [
              73.94184210526315,
              18.594473684210527
            ],
            [
              73.93184210526316,
              18.594473684210527
            ],
            [
              73.93184210526316,
              18.58447368421053
            ]
          ]
        ]
      },
      "properties": {
        "cell_id": "R18C13",
        "row": 18,
        "col": 13,
        "week": 10,
        "week_label": "Wk10",
        "date_start": "2024-08-03",
        "date_end": "2024-08-09",
        "phase": "post",
        "avg_risk": 0.571,
        "avg_gt": 0.8443,
        "risk_category": 2,
        "risk_category_label": "High"
      }
    },
    {
      "type": "Feature",
      "geometry": {
        "type": "Polygon",
        "coordinates": [
          [
            [
              73.94236842105263,
              18.58447368421053
            ],
            [
              73.95236842105263,
              18.58447368421053
            ],
            [
              73.95236842105263,
              18.594473684210527
            ],
            [
              73.94236842105263,
              18.594473684210527
            ],
            [
              73.94236842105263,
              18.58447368421053
            ]
          ]
        ]
      },
      "properties": {
        "cell_id": "R18C14",
        "row": 18,
        "col": 14,
        "week": 10,
        "week_label": "Wk10",
        "date_start": "2024-08-03",
        "date_end": "2024-08-09",
        "phase": "post",
        "avg_risk": 0.5605,
        "avg_gt": 0.6701,
        "risk_category": 2,
        "risk_category_label": "High"
      }
    },
    {
      "type": "Feature",
      "geometry": {
        "type": "Polygon",
        "coordinates": [
          [
            [
              73.95289473684211,
              18.58447368421053
            ],
            [
              73.9628947368421,
              18.58447368421053
            ],
            [
              73.9628947368421,
              18.594473684210527
            ],
            [
              73.95289473684211,
              18.594473684210527
            ],
            [
              73.95289473684211,
              18.58447368421053
            ]
          ]
        ]
      },
      "properties": {
        "cell_id": "R18C15",
        "row": 18,
        "col": 15,
        "week": 10,
        "week_label": "Wk10",
        "date_start": "2024-08-03",
        "date_end": "2024-08-09",
        "phase": "post",
        "avg_risk": 0.5294,
        "avg_gt": 0.4548,
        "risk_category": 1,
        "risk_category_label": "Medium"
      }
    },
    {
      "type": "Feature",
      "geometry": {
        "type": "Polygon",
        "coordinates": [
          [
            [
              73.96342105263159,
              18.58447368421053
            ],
            [
              73.97342105263158,
              18.58447368421053
            ],
            [
              73.97342105263158,
              18.594473684210527
            ],
            [
              73.96342105263159,
              18.594473684210527
            ],
            [
              73.96342105263159,
              18.58447368421053
            ]
          ]
        ]
      },
      "properties": {
        "cell_id": "R18C16",
        "row": 18,
        "col": 16,
        "week": 10,
        "week_label": "Wk10",
        "date_start": "2024-08-03",
        "date_end": "2024-08-09",
        "phase": "post",
        "avg_risk": 0.468,
        "avg_gt": 0.2668,
        "risk_category": 1,
        "risk_category_label": "Medium"
      }
    },
    {
      "type": "Feature",
      "geometry": {
        "type": "Polygon",
        "coordinates": [
          [
            [
              73.97394736842105,
              18.58447368421053
            ],
            [
              73.98394736842104,
              18.58447368421053
            ],
            [
              73.98394736842104,
              18.594473684210527
            ],
            [
              73.97394736842105,
              18.594473684210527
            ],
            [
              73.97394736842105,
              18.58447368421053
            ]
          ]
        ]
      },
      "properties": {
        "cell_id": "R18C17",
        "row": 18,
        "col": 17,
        "week": 10,
        "week_label": "Wk10",
        "date_start": "2024-08-03",
        "date_end": "2024-08-09",
        "phase": "post",
        "avg_risk": 0.4283,
        "avg_gt": 0.1353,
        "risk_category": 1,
        "risk_category_label": "Medium"
      }
    },
    {
      "type": "Feature",
      "geometry": {
        "type": "Polygon",
        "coordinates": [
          [
            [
              73.98447368421053,
              18.58447368421053
            ],
            [
              73.99447368421052,
              18.58447368421053
            ],
            [
              73.99447368421052,
              18.594473684210527
            ],
            [
              73.98447368421053,
              18.594473684210527
            ],
            [
              73.98447368421053,
              18.58447368421053
            ]
          ]
        ]
      },
      "properties": {
        "cell_id": "R18C18",
        "row": 18,
        "col": 18,
        "week": 10,
        "week_label": "Wk10",
        "date_start": "2024-08-03",
        "date_end": "2024-08-09",
        "phase": "post",
        "avg_risk": 0.3663,
        "avg_gt": 0.0585,
        "risk_category": 1,
        "risk_category_label": "Medium"
      }
    },
    {
      "type": "Feature",
      "geometry": {
        "type": "Polygon",
        "coordinates": [
          [
            [
              73.995,
              18.58447368421053
            ],
            [
              74.005,
              18.58447368421053
            ],
            [
              74.005,
              18.594473684210527
            ],
            [
              73.995,
              18.594473684210527
            ],
            [
              73.995,
              18.58447368421053
            ]
          ]
        ]
      },
      "properties": {
        "cell_id": "R18C19",
        "row": 18,
        "col": 19,
        "week": 10,
        "week_label": "Wk10",
        "date_start": "2024-08-03",
        "date_end": "2024-08-09",
        "phase": "post",
        "avg_risk": 0.2794,
        "avg_gt": 0.0211,
        "risk_category": 1,
        "risk_category_label": "Medium"
      }
    },
    {
      "type": "Feature",
      "geometry": {
        "type": "Polygon",
        "coordinates": [
          [
            [
              73.795,
              18.595000000000002
            ],
            [
              73.80499999999999,
              18.595000000000002
            ],
            [
              73.80499999999999,
              18.605
            ],
            [
              73.795,
              18.605
            ],
            [
              73.795,
              18.595000000000002
            ]
          ]
        ]
      },
      "properties": {
        "cell_id": "R19C00",
        "row": 19,
        "col": 0,
        "week": 10,
        "week_label": "Wk10",
        "date_start": "2024-08-03",
        "date_end": "2024-08-09",
        "phase": "post",
        "avg_risk": 0.2949,
        "avg_gt": 0.0692,
        "risk_category": 1,
        "risk_category_label": "Medium"
      }
    },
    {
      "type": "Feature",
      "geometry": {
        "type": "Polygon",
        "coordinates": [
          [
            [
              73.80552631578948,
              18.595000000000002
            ],
            [
              73.81552631578947,
              18.595000000000002
            ],
            [
              73.81552631578947,
              18.605
            ],
            [
              73.80552631578948,
              18.605
            ],
            [
              73.80552631578948,
              18.595000000000002
            ]
          ]
        ]
      },
      "properties": {
        "cell_id": "R19C01",
        "row": 19,
        "col": 1,
        "week": 10,
        "week_label": "Wk10",
        "date_start": "2024-08-03",
        "date_end": "2024-08-09",
        "phase": "post",
        "avg_risk": 0.3161,
        "avg_gt": 0.1497,
        "risk_category": 1,
        "risk_category_label": "Medium"
      }
    },
    {
      "type": "Feature",
      "geometry": {
        "type": "Polygon",
        "coordinates": [
          [
            [
              73.81605263157896,
              18.595000000000002
            ],
            [
              73.82605263157895,
              18.595000000000002
            ],
            [
              73.82605263157895,
              18.605
            ],
            [
              73.81605263157896,
              18.605
            ],
            [
              73.81605263157896,
              18.595000000000002
            ]
          ]
        ]
      },
      "properties": {
        "cell_id": "R19C02",
        "row": 19,
        "col": 2,
        "week": 10,
        "week_label": "Wk10",
        "date_start": "2024-08-03",
        "date_end": "2024-08-09",
        "phase": "post",
        "avg_risk": 0.3292,
        "avg_gt": 0.2379,
        "risk_category": 1,
        "risk_category_label": "Medium"
      }
    },
    {
      "type": "Feature",
      "geometry": {
        "type": "Polygon",
        "coordinates": [
          [
            [
              73.82657894736842,
              18.595000000000002
            ],
            [
              73.83657894736841,
              18.595000000000002
            ],
            [
              73.83657894736841,
              18.605
            ],
            [
              73.82657894736842,
              18.605
            ],
            [
              73.82657894736842,
              18.595000000000002
            ]
          ]
        ]
      },
      "properties": {
        "cell_id": "R19C03",
        "row": 19,
        "col": 3,
        "week": 10,
        "week_label": "Wk10",
        "date_start": "2024-08-03",
        "date_end": "2024-08-09",
        "phase": "post",
        "avg_risk": 0.3339,
        "avg_gt": 0.2778,
        "risk_category": 1,
        "risk_category_label": "Medium"
      }
    },
    {
      "type": "Feature",
      "geometry": {
        "type": "Polygon",
        "coordinates": [
          [
            [
              73.8371052631579,
              18.595000000000002
            ],
            [
              73.84710526315789,
              18.595000000000002
            ],
            [
              73.84710526315789,
              18.605
            ],
            [
              73.8371052631579,
              18.605
            ],
            [
              73.8371052631579,
              18.595000000000002
            ]
          ]
        ]
      },
      "properties": {
        "cell_id": "R19C04",
        "row": 19,
        "col": 4,
        "week": 10,
        "week_label": "Wk10",
        "date_start": "2024-08-03",
        "date_end": "2024-08-09",
        "phase": "post",
        "avg_risk": 0.334,
        "avg_gt": 0.2389,
        "risk_category": 1,
        "risk_category_label": "Medium"
      }
    },
    {
      "type": "Feature",
      "geometry": {
        "type": "Polygon",
        "coordinates": [
          [
            [
              73.84763157894737,
              18.595000000000002
            ],
            [
              73.85763157894736,
              18.595000000000002
            ],
            [
              73.85763157894736,
              18.605
            ],
            [
              73.84763157894737,
              18.605
            ],
            [
              73.84763157894737,
              18.595000000000002
            ]
          ]
        ]
      },
      "properties": {
        "cell_id": "R19C05",
        "row": 19,
        "col": 5,
        "week": 10,
        "week_label": "Wk10",
        "date_start": "2024-08-03",
        "date_end": "2024-08-09",
        "phase": "post",
        "avg_risk": 0.3294,
        "avg_gt": 0.1546,
        "risk_category": 1,
        "risk_category_label": "Medium"
      }
    },
    {
      "type": "Feature",
      "geometry": {
        "type": "Polygon",
        "coordinates": [
          [
            [
              73.85815789473685,
              18.595000000000002
            ],
            [
              73.86815789473684,
              18.595000000000002
            ],
            [
              73.86815789473684,
              18.605
            ],
            [
              73.85815789473685,
              18.605
            ],
            [
              73.85815789473685,
              18.595000000000002
            ]
          ]
        ]
      },
      "properties": {
        "cell_id": "R19C06",
        "row": 19,
        "col": 6,
        "week": 10,
        "week_label": "Wk10",
        "date_start": "2024-08-03",
        "date_end": "2024-08-09",
        "phase": "post",
        "avg_risk": 0.3201,
        "avg_gt": 0.088,
        "risk_category": 1,
        "risk_category_label": "Medium"
      }
    },
    {
      "type": "Feature",
      "geometry": {
        "type": "Polygon",
        "coordinates": [
          [
            [
              73.86868421052633,
              18.595000000000002
            ],
            [
              73.87868421052632,
              18.595000000000002
            ],
            [
              73.87868421052632,
              18.605
            ],
            [
              73.86868421052633,
              18.605
            ],
            [
              73.86868421052633,
              18.595000000000002
            ]
          ]
        ]
      },
      "properties": {
        "cell_id": "R19C07",
        "row": 19,
        "col": 7,
        "week": 10,
        "week_label": "Wk10",
        "date_start": "2024-08-03",
        "date_end": "2024-08-09",
        "phase": "post",
        "avg_risk": 0.3126,
        "avg_gt": 0.082,
        "risk_category": 1,
        "risk_category_label": "Medium"
      }
    },
    {
      "type": "Feature",
      "geometry": {
        "type": "Polygon",
        "coordinates": [
          [
            [
              73.87921052631579,
              18.595000000000002
            ],
            [
              73.88921052631578,
              18.595000000000002
            ],
            [
              73.88921052631578,
              18.605
            ],
            [
              73.87921052631579,
              18.605
            ],
            [
              73.87921052631579,
              18.595000000000002
            ]
          ]
        ]
      },
      "properties": {
        "cell_id": "R19C08",
        "row": 19,
        "col": 8,
        "week": 10,
        "week_label": "Wk10",
        "date_start": "2024-08-03",
        "date_end": "2024-08-09",
        "phase": "post",
        "avg_risk": 0.3148,
        "avg_gt": 0.1541,
        "risk_category": 1,
        "risk_category_label": "Medium"
      }
    },
    {
      "type": "Feature",
      "geometry": {
        "type": "Polygon",
        "coordinates": [
          [
            [
              73.88973684210526,
              18.595000000000002
            ],
            [
              73.89973684210526,
              18.595000000000002
            ],
            [
              73.89973684210526,
              18.605
            ],
            [
              73.88973684210526,
              18.605
            ],
            [
              73.88973684210526,
              18.595000000000002
            ]
          ]
        ]
      },
      "properties": {
        "cell_id": "R19C09",
        "row": 19,
        "col": 9,
        "week": 10,
        "week_label": "Wk10",
        "date_start": "2024-08-03",
        "date_end": "2024-08-09",
        "phase": "post",
        "avg_risk": 0.3398,
        "avg_gt": 0.3069,
        "risk_category": 1,
        "risk_category_label": "Medium"
      }
    },
    {
      "type": "Feature",
      "geometry": {
        "type": "Polygon",
        "coordinates": [
          [
            [
              73.90026315789474,
              18.595000000000002
            ],
            [
              73.91026315789473,
              18.595000000000002
            ],
            [
              73.91026315789473,
              18.605
            ],
            [
              73.90026315789474,
              18.605
            ],
            [
              73.90026315789474,
              18.595000000000002
            ]
          ]
        ]
      },
      "properties": {
        "cell_id": "R19C10",
        "row": 19,
        "col": 10,
        "week": 10,
        "week_label": "Wk10",
        "date_start": "2024-08-03",
        "date_end": "2024-08-09",
        "phase": "post",
        "avg_risk": 0.3872,
        "avg_gt": 0.5137,
        "risk_category": 1,
        "risk_category_label": "Medium"
      }
    },
    {
      "type": "Feature",
      "geometry": {
        "type": "Polygon",
        "coordinates": [
          [
            [
              73.91078947368422,
              18.595000000000002
            ],
            [
              73.92078947368421,
              18.595000000000002
            ],
            [
              73.92078947368421,
              18.605
            ],
            [
              73.91078947368422,
              18.605
            ],
            [
              73.91078947368422,
              18.595000000000002
            ]
          ]
        ]
      },
      "properties": {
        "cell_id": "R19C11",
        "row": 19,
        "col": 11,
        "week": 10,
        "week_label": "Wk10",
        "date_start": "2024-08-03",
        "date_end": "2024-08-09",
        "phase": "post",
        "avg_risk": 0.4324,
        "avg_gt": 0.703,
        "risk_category": 1,
        "risk_category_label": "Medium"
      }
    },
    {
      "type": "Feature",
      "geometry": {
        "type": "Polygon",
        "coordinates": [
          [
            [
              73.92131578947368,
              18.595000000000002
            ],
            [
              73.93131578947367,
              18.595000000000002
            ],
            [
              73.93131578947367,
              18.605
            ],
            [
              73.92131578947368,
              18.605
            ],
            [
              73.92131578947368,
              18.595000000000002
            ]
          ]
        ]
      },
      "properties": {
        "cell_id": "R19C12",
        "row": 19,
        "col": 12,
        "week": 10,
        "week_label": "Wk10",
        "date_start": "2024-08-03",
        "date_end": "2024-08-09",
        "phase": "post",
        "avg_risk": 0.4619,
        "avg_gt": 0.7861,
        "risk_category": 1,
        "risk_category_label": "Medium"
      }
    },
    {
      "type": "Feature",
      "geometry": {
        "type": "Polygon",
        "coordinates": [
          [
            [
              73.93184210526316,
              18.595000000000002
            ],
            [
              73.94184210526315,
              18.595000000000002
            ],
            [
              73.94184210526315,
              18.605
            ],
            [
              73.93184210526316,
              18.605
            ],
            [
              73.93184210526316,
              18.595000000000002
            ]
          ]
        ]
      },
      "properties": {
        "cell_id": "R19C13",
        "row": 19,
        "col": 13,
        "week": 10,
        "week_label": "Wk10",
        "date_start": "2024-08-03",
        "date_end": "2024-08-09",
        "phase": "post",
        "avg_risk": 0.4818,
        "avg_gt": 0.7208,
        "risk_category": 1,
        "risk_category_label": "Medium"
      }
    },
    {
      "type": "Feature",
      "geometry": {
        "type": "Polygon",
        "coordinates": [
          [
            [
              73.94236842105263,
              18.595000000000002
            ],
            [
              73.95236842105263,
              18.595000000000002
            ],
            [
              73.95236842105263,
              18.605
            ],
            [
              73.94236842105263,
              18.605
            ],
            [
              73.94236842105263,
              18.595000000000002
            ]
          ]
        ]
      },
      "properties": {
        "cell_id": "R19C14",
        "row": 19,
        "col": 14,
        "week": 10,
        "week_label": "Wk10",
        "date_start": "2024-08-03",
        "date_end": "2024-08-09",
        "phase": "post",
        "avg_risk": 0.4922,
        "avg_gt": 0.5452,
        "risk_category": 1,
        "risk_category_label": "Medium"
      }
    },
    {
      "type": "Feature",
      "geometry": {
        "type": "Polygon",
        "coordinates": [
          [
            [
              73.95289473684211,
              18.595000000000002
            ],
            [
              73.9628947368421,
              18.595000000000002
            ],
            [
              73.9628947368421,
              18.605
            ],
            [
              73.95289473684211,
              18.605
            ],
            [
              73.95289473684211,
              18.595000000000002
            ]
          ]
        ]
      },
      "properties": {
        "cell_id": "R19C15",
        "row": 19,
        "col": 15,
        "week": 10,
        "week_label": "Wk10",
        "date_start": "2024-08-03",
        "date_end": "2024-08-09",
        "phase": "post",
        "avg_risk": 0.4628,
        "avg_gt": 0.3431,
        "risk_category": 1,
        "risk_category_label": "Medium"
      }
    },
    {
      "type": "Feature",
      "geometry": {
        "type": "Polygon",
        "coordinates": [
          [
            [
              73.96342105263159,
              18.595000000000002
            ],
            [
              73.97342105263158,
              18.595000000000002
            ],
            [
              73.97342105263158,
              18.605
            ],
            [
              73.96342105263159,
              18.605
            ],
            [
              73.96342105263159,
              18.595000000000002
            ]
          ]
        ]
      },
      "properties": {
        "cell_id": "R19C16",
        "row": 19,
        "col": 16,
        "week": 10,
        "week_label": "Wk10",
        "date_start": "2024-08-03",
        "date_end": "2024-08-09",
        "phase": "post",
        "avg_risk": 0.3921,
        "avg_gt": 0.1814,
        "risk_category": 1,
        "risk_category_label": "Medium"
      }
    },
    {
      "type": "Feature",
      "geometry": {
        "type": "Polygon",
        "coordinates": [
          [
            [
              73.97394736842105,
              18.595000000000002
            ],
            [
              73.98394736842104,
              18.595000000000002
            ],
            [
              73.98394736842104,
              18.605
            ],
            [
              73.97394736842105,
              18.605
            ],
            [
              73.97394736842105,
              18.595000000000002
            ]
          ]
        ]
      },
      "properties": {
        "cell_id": "R19C17",
        "row": 19,
        "col": 17,
        "week": 10,
        "week_label": "Wk10",
        "date_start": "2024-08-03",
        "date_end": "2024-08-09",
        "phase": "post",
        "avg_risk": 0.3227,
        "avg_gt": 0.0813,
        "risk_category": 1,
        "risk_category_label": "Medium"
      }
    },
    {
      "type": "Feature",
      "geometry": {
        "type": "Polygon",
        "coordinates": [
          [
            [
              73.98447368421053,
              18.595000000000002
            ],
            [
              73.99447368421052,
              18.595000000000002
            ],
            [
              73.99447368421052,
              18.605
            ],
            [
              73.98447368421053,
              18.605
            ],
            [
              73.98447368421053,
              18.595000000000002
            ]
          ]
        ]
      },
      "properties": {
        "cell_id": "R19C18",
        "row": 19,
        "col": 18,
        "week": 10,
        "week_label": "Wk10",
        "date_start": "2024-08-03",
        "date_end": "2024-08-09",
        "phase": "post",
        "avg_risk": 0.2571,
        "avg_gt": 0.031,
        "risk_category": 1,
        "risk_category_label": "Medium"
      }
    },
    {
      "type": "Feature",
      "geometry": {
        "type": "Polygon",
        "coordinates": [
          [
            [
              73.995,
              18.595000000000002
            ],
            [
              74.005,
              18.595000000000002
            ],
            [
              74.005,
              18.605
            ],
            [
              73.995,
              18.605
            ],
            [
              73.995,
              18.595000000000002
            ]
          ]
        ]
      },
      "properties": {
        "cell_id": "R19C19",
        "row": 19,
        "col": 19,
        "week": 10,
        "week_label": "Wk10",
        "date_start": "2024-08-03",
        "date_end": "2024-08-09",
        "phase": "post",
        "avg_risk": 0.2333,
        "avg_gt": 0.01,
        "risk_category": 1,
        "risk_category_label": "Medium"
      }
    }
  ]
}