{
  "type": "FeatureCollection",
  "features": [
    {
      "type": "Feature",
      "geometry": {
        "geodesic": false,
        "type": "Point",
        "coordinates": [
          73.79832983980086,
          18.49469385010496
        ]
      },
      "properties": {
        "location_id": "unknown",
        "timestamp": "2025-04-03",
        "source": "landsat-8",
        "features": {
          "lst": 40.38664676000002
        },
        "quality": {
          "valid": true
        },
        "temporal_context": {}
      }
    },
    {
      "type": "Feature",
      "geometry": {
        "geodesic": false,
        "type": "Point",
        "coordinates": [
          73.79861396608446,
          18.49469565369637
        ]
      },
      "properties": {
        "location_id": "unknown",
        "timestamp": "2025-04-03",
        "source": "landsat-8",
        "features": {
          "lst": 40.21232773999998
        },
        "quality": {
          "valid": true
        },
        "temporal_context": {}
      }
    },
    {
      "type": "Feature",
      "geometry": {
        "geodesic": false,
        "type": "Point",
        "coordinates": [
          73.79889809240075,
          18.494697456861513
        ]
      },
      "properties": {
        "location_id": "unknown",
        "timestamp": "2025-04-03",
        "source": "landsat-8",
        "features": {
          "lst": 40.10636912000001
        },
        "quality": {
          "valid": true
        },
        "temporal_context": {}
      }
    },
    {
      "type": "Feature",
      "geometry": {
        "geodesic": false,
        "type": "Point",
        "coordinates": [
          73.79918221874969,
          18.494699259600385
        ]
      },
      "properties": {
        "location_id": "unknown",
        "timestamp": "2025-04-03",
        "source": "landsat-8",
        "features": {
          "lst": 39.23477402000003
        },
        "quality": {
          "valid": true
        },
        "temporal_context": {}
      }
    },
    {
      "type": "Feature",
      "geometry": {
        "geodesic": false,
        "type": "Point",
        "coordinates": [
          73.79946634513132,
          18.494701061912995
        ]
      },
      "properties": {
        "location_id": "unknown",
        "timestamp": "2025-04-03",
        "source": "landsat-8",
        "features": {
          "lst": 39.26553620000004
        },
        "quality": {
          "valid": true
        },
        "temporal_context": {}
      }
    },
    {
      "type": "Feature",
      "geometry": {
        "geodesic": false,
        "type": "Point",
        "coordinates": [
          73.7997504715456,
          18.49470286379934
        ]
      },
      "properties": {
        "location_id": "unknown",
        "timestamp": "2025-04-03",
        "source": "landsat-8",
        "features": {
          "lst": 39.32022452000001
        },
        "quality": {
          "valid": true
        },
        "temporal_context": {}
      }
    },
    {
      "type": "Feature",
      "geometry": {
        "geodesic": false,
        "type": "Point",
        "coordinates": [
          73.80003459799254,
          18.494704665259416
        ]
      },
      "properties": {
        "location_id": "unknown",
        "timestamp": "2025-04-03",
        "source": "landsat-8",
        "features": {
          "lst": 39.62784632
        },
        "quality": {
          "valid": true
        },
        "temporal_context": {}
      }
    },
    {
      "type": "Feature",
      "geometry": {
        "geodesic": false,
        "type": "Point",
        "coordinates": [
          73.80031872447212,
          18.494706466293223
        ]
      },
      "properties": {
        "location_id": "unknown",
        "timestamp": "2025-04-03",
        "source": "landsat-8",
        "features": {
          "lst": 39.641518399999995
        },
        "quality": {
          "valid": true
        },
        "temporal_context": {}
      }
    },
    {
      "type": "Feature",
      "geometry": {
        "geodesic": false,
        "type": "Point",
        "coordinates": [
          73.80060285098432,
          18.494708266900766
        ]
      },
      "properties": {
        "location_id": "unknown",
        "timestamp": "2025-04-03",
        "source": "landsat-8",
        "features": {
          "lst": 39.68253464000003
        },
        "quality": {
          "valid": true
        },
        "temporal_context": {}
      }
    },
    {
      "type": "Feature",
      "geometry": {
        "geodesic": false,
        "type": "Point",
        "coordinates": [
          73.80088697752916,
          18.494710067082043
        ]
      },
      "properties": {
        "location_id": "unknown",
        "timestamp": "2025-04-03",
        "source": "landsat-8",
        "features": {
          "lst": 39.904705939999985
        },
        "quality": {
          "valid": true
        },
        "temporal_context": {}
      }
    },
    {
      "type": "Feature",
      "geometry": {
        "geodesic": false,
        "type": "Point",
        "coordinates": [
          73.80117110410661,
          18.49471186683705
        ]
      },
      "properties": {
        "location_id": "unknown",
        "timestamp": "2025-04-03",
        "source": "landsat-8",
        "features": {
          "lst": 40.45500716000004
        },
        "quality": {
          "valid": true
        },
        "temporal_context": {}
      }
    },
    {
      "type": "Feature",
      "geometry": {
        "geodesic": false,
        "type": "Point",
        "coordinates": [
          73.80145523071668,
          18.49471366616579
        ]
      },
      "properties": {
        "location_id": "unknown",
        "timestamp": "2025-04-03",
        "source": "landsat-8",
        "features": {
          "lst": 40.82757134000002
        },
        "quality": {
          "valid": true
        },
        "temporal_context": {}
      }
    },
    {
      "type": "Feature",
      "geometry": {
        "geodesic": false,
        "type": "Point",
        "coordinates": [
          73.80173935735937,
          18.494715465068264
        ]
      },
      "properties": {
        "location_id": "unknown",
        "timestamp": "2025-04-03",
        "source": "landsat-8",
        "features": {
          "lst": 41.12152106000002
        },
        "quality": {
          "valid": true
        },
        "temporal_context": {}
      }
    },
    {
      "type": "Feature",
      "geometry": {
        "geodesic": false,
        "type": "Point",
        "coordinates": [
          73.80202348403465,
          18.494717263544466
        ]
      },
      "properties": {
        "location_id": "unknown",
        "timestamp": "2025-04-03",
        "source": "landsat-8",
        "features": {
          "lst": 41.39838068000006
        },
        "quality": {
          "valid": true
        },
        "temporal_context": {}
      }
    },
    {
      "type": "Feature",
      "geometry": {
        "geodesic": false,
        "type": "Point",
        "coordinates": [
          73.8023076107425,
          18.494719061594402
        ]
      },
      "properties": {
        "location_id": "unknown",
        "timestamp": "2025-04-03",
        "source": "landsat-8",
        "features": {
          "lst": 41.60004386000003
        },
        "quality": {
          "valid": true
        },
        "temporal_context": {}
      }
    },
    {
      "type": "Feature",
      "geometry": {
        "geodesic": false,
        "type": "Point",
        "coordinates": [
          73.80259173748296,
          18.494720859218067
        ]
      },
      "properties": {
        "location_id": "unknown",
        "timestamp": "2025-04-03",
        "source": "landsat-8",
        "features": {
          "lst": 41.767526840000016
        },
        "quality": {
          "valid": true
        },
        "temporal_context": {}
      }
    },
    {
      "type": "Feature",
      "geometry": {
        "geodesic": false,
        "type": "Point",
        "coordinates": [
          73.80287586425598,
          18.494722656415465
        ]
      },
      "properties": {
        "location_id": "unknown",
        "timestamp": "2025-04-03",
        "source": "landsat-8",
        "features": {
          "lst": 41.904247639999994
        },
        "quality": {
          "valid": true
        },
        "temporal_context": {}
      }
    },
    {
      "type": "Feature",
      "geometry": {
        "geodesic": false,
        "type": "Point",
        "coordinates": [
          73.80315999106156,
          18.494724453186592
        ]
      },
      "properties": {
        "location_id": "unknown",
        "timestamp": "2025-04-03",
        "source": "landsat-8",
        "features": {
          "lst": 42.06831260000001
        },
        "quality": {
          "valid": true
        },
        "temporal_context": {}
      }
    },
    {
      "type": "Feature",
      "geometry": {
        "geodesic": false,
        "type": "Point",
        "coordinates": [
          73.80344411789972,
          18.494726249531453
        ]
      },
      "properties": {
        "location_id": "unknown",
        "timestamp": "2025-04-03",
        "source": "landsat-8",
        "features": {
          "lst": 42.21528746000001
        },
        "quality": {
          "valid": true
        },
        "temporal_context": {}
      }
    },
    {
      "type": "Feature",
      "geometry": {
        "geodesic": false,
        "type": "Point",
        "coordinates": [
          73.8037282447704,
          18.494728045450042
        ]
      },
      "properties": {
        "location_id": "unknown",
        "timestamp": "2025-04-03",
        "source": "landsat-8",
        "features": {
          "lst": 42.28022984000006
        },
        "quality": {
          "valid": true
        },
        "temporal_context": {}
      }
    },
    {
      "type": "Feature",
      "geometry": {
        "geodesic": false,
        "type": "Point",
        "coordinates": [
          73.80401237167364,
          18.494729840942362
        ]
      },
      "properties": {
        "location_id": "unknown",
        "timestamp": "2025-04-03",
        "source": "landsat-8",
        "features": {
          "lst": 42.160599140000045
        },
        "quality": {
          "valid": true
        },
        "temporal_context": {}
      }
    },
    {
      "type": "Feature",
      "geometry": {
        "geodesic": false,
        "type": "Point",
        "coordinates": [
          73.80429649860942,
          18.49473163600841
        ]
      },
      "properties": {
        "location_id": "unknown",
        "timestamp": "2025-04-03",
        "source": "landsat-8",
        "features": {
          "lst": 42.45113084000002
        },
        "quality": {
          "valid": true
        },
        "temporal_context": {}
      }
    },
    {
      "type": "Feature",
      "geometry": {
        "geodesic": false,
        "type": "Point",
        "coordinates": [
          73.80458062557773,
          18.494733430648193
        ]
      },
      "properties": {
        "location_id": "unknown",
        "timestamp": "2025-04-03",
        "source": "landsat-8",
        "features": {
          "lst": 42.608359759999985
        },
        "quality": {
          "valid": true
        },
        "temporal_context": {}
      }
    },
    {
      "type": "Feature",
      "geometry": {
        "geodesic": false,
        "type": "Point",
        "coordinates": [
          73.80486475257854,
          18.4947352248617
        ]
      },
      "properties": {
        "location_id": "unknown",
        "timestamp": "2025-04-03",
        "source": "landsat-8",
        "features": {
          "lst": 42.26655776000001
        },
        "quality": {
          "valid": true
        },
        "temporal_context": {}
      }
    },
    {
      "type": "Feature",
      "geometry": {
        "geodesic": false,
        "type": "Point",
        "coordinates": [
          73.80514887961188,
          18.49473701864894
        ]
      },
      "properties": {
        "location_id": "unknown",
        "timestamp": "2025-04-03",
        "source": "landsat-8",
        "features": {
          "lst": 41.292422060000035
        },
        "quality": {
          "valid": true
        },
        "temporal_context": {}
      }
    },
    {
      "type": "Feature",
      "geometry": {
        "geodesic": false,
        "type": "Point",
        "coordinates": [
          73.80543300667772,
          18.49473881200991
        ]
      },
      "properties": {
        "location_id": "unknown",
        "timestamp": "2025-04-03",
        "source": "landsat-8",
        "features": {
          "lst": 40.475515280000025
        },
        "quality": {
          "valid": true
        },
        "temporal_context": {}
      }
    },
    {
      "type": "Feature",
      "geometry": {
        "geodesic": false,
        "type": "Point",
        "coordinates": [
          73.80571713377606,
          18.494740604944607
        ]
      },
      "properties": {
        "location_id": "unknown",
        "timestamp": "2025-04-03",
        "source": "landsat-8",
        "features": {
          "lst": 40.444753100000014
        },
        "quality": {
          "valid": true
        },
        "temporal_context": {}
      }
    },
    {
      "type": "Feature",
      "geometry": {
        "geodesic": false,
        "type": "Point",
        "coordinates": [
          73.80600126090687,
          18.494742397453034
        ]
      },
      "properties": {
        "location_id": "unknown",
        "timestamp": "2025-04-03",
        "source": "landsat-8",
        "features": {
          "lst": 41.83246922000001
        },
        "quality": {
          "valid": true
        },
        "temporal_context": {}
      }
    },
    {
      "type": "Feature",
      "geometry": {
        "geodesic": false,
        "type": "Point",
        "coordinates": [
          73.80628538807018,
          18.49474418953519
        ]
      },
      "properties": {
        "location_id": "unknown",
        "timestamp": "2025-04-03",
        "source": "landsat-8",
        "features": {
          "lst": 43.16549702000003
        },
        "quality": {
          "valid": true
        },
        "temporal_context": {}
      }
    },
    {
      "type": "Feature",
      "geometry": {
        "geodesic": false,
        "type": "Point",
        "coordinates": [
          73.80656951526596,
          18.49474598119107
        ]
      },
      "properties": {
        "location_id": "unknown",
        "timestamp": "2025-04-03",
        "source": "landsat-8",
        "features": {
          "lst": 43.82859289999999
        },
        "quality": {
          "valid": true
        },
        "temporal_context": {}
      }
    },
    {
      "type": "Feature",
      "geometry": {
        "geodesic": false,
        "type": "Point",
        "coordinates": [
          73.8068536424942,
          18.49474777242068
        ]
      },
      "properties": {
        "location_id": "unknown",
        "timestamp": "2025-04-03",
        "source": "landsat-8",
        "features": {
          "lst": 43.80466676000003
        },
        "quality": {
          "valid": true
        },
        "temporal_context": {}
      }
    },
    {
      "type": "Feature",
      "geometry": {
        "geodesic": false,
        "type": "Point",
        "coordinates": [
          73.8071377697549,
          18.49474956322402
        ]
      },
      "properties": {
        "location_id": "unknown",
        "timestamp": "2025-04-03",
        "source": "landsat-8",
        "features": {
          "lst": 43.832010920000016
        },
        "quality": {
          "valid": true
        },
        "temporal_context": {}
      }
    },
    {
      "type": "Feature",
      "geometry": {
        "geodesic": false,
        "type": "Point",
        "coordinates": [
          73.80742189704806,
          18.49475135360109
        ]
      },
      "properties": {
        "location_id": "unknown",
        "timestamp": "2025-04-03",
        "source": "landsat-8",
        "features": {
          "lst": 43.261201580000034
        },
        "quality": {
          "valid": true
        },
        "temporal_context": {}
      }
    },
    {
      "type": "Feature",
      "geometry": {
        "geodesic": false,
        "type": "Point",
        "coordinates": [
          73.80770602437366,
          18.494753143551883
        ]
      },
      "properties": {
        "location_id": "unknown",
        "timestamp": "2025-04-03",
        "source": "landsat-8",
        "features": {
          "lst": 42.42036866000001
        },
        "quality": {
          "valid": true
        },
        "temporal_context": {}
      }
    },
    {
      "type": "Feature",
      "geometry": {
        "geodesic": false,
        "type": "Point",
        "coordinates": [
          73.80799015173169,
          18.494754933076404
        ]
      },
      "properties": {
        "location_id": "unknown",
        "timestamp": "2025-04-03",
        "source": "landsat-8",
        "features": {
          "lst": 41.22747967999999
        },
        "quality": {
          "valid": true
        },
        "temporal_context": {}
      }
    },
    {
      "type": "Feature",
      "geometry": {
        "geodesic": false,
        "type": "Point",
        "coordinates": [
          73.80827427912216,
          18.494756722174653
        ]
      },
      "properties": {
        "location_id": "unknown",
        "timestamp": "2025-04-03",
        "source": "landsat-8",
        "features": {
          "lst": 40.147385360000044
        },
        "quality": {
          "valid": true
        },
        "temporal_context": {}
      }
    },
    {
      "type": "Feature",
      "geometry": {
        "geodesic": false,
        "type": "Point",
        "coordinates": [
          73.80855840654503,
          18.49475851084663
        ]
      },
      "properties": {
        "location_id": "unknown",
        "timestamp": "2025-04-03",
        "source": "landsat-8",
        "features": {
          "lst": 39.603920180000046
        },
        "quality": {
          "valid": true
        },
        "temporal_context": {}
      }
    },
    {
      "type": "Feature",
      "geometry": {
        "geodesic": false,
        "type": "Point",
        "coordinates": [
          73.8088425340003,
          18.49476029909233
        ]
      },
      "properties": {
        "location_id": "unknown",
        "timestamp": "2025-04-03",
        "source": "landsat-8",
        "features": {
          "lst": 39.62101028000001
        },
        "quality": {
          "valid": true
        },
        "temporal_context": {}
      }
    },
    {
      "type": "Feature",
      "geometry": {
        "geodesic": false,
        "type": "Point",
        "coordinates": [
          73.80912666148802,
          18.49476208691176
        ]
      },
      "properties": {
        "location_id": "unknown",
        "timestamp": "2025-04-03",
        "source": "landsat-8",
        "features": {
          "lst": 40.53703963999999
        },
        "quality": {
          "valid": true
        },
        "temporal_context": {}
      }
    },
    {
      "type": "Feature",
      "geometry": {
        "geodesic": false,
        "type": "Point",
        "coordinates": [
          73.79833173036418,
          18.49442276485654
        ]
      },
      "properties": {
        "location_id": "unknown",
        "timestamp": "2025-04-03",
        "source": "landsat-8",
        "features": {
          "lst": 41.10784898000003
        },
        "quality": {
          "valid": true
        },
        "temporal_context": {}
      }
    },
    {
      "type": "Feature",
      "geometry": {
        "geodesic": false,
        "type": "Point",
        "coordinates": [
          73.79861585620102,
          18.494424568419653
        ]
      },
      "properties": {
        "location_id": "unknown",
        "timestamp": "2025-04-03",
        "source": "landsat-8",
        "features": {
          "lst": 40.772883019999995
        },
        "quality": {
          "valid": true
        },
        "temporal_context": {}
      }
    },
    {
      "type": "Feature",
      "geometry": {
        "geodesic": false,
        "type": "Point",
        "coordinates": [
          73.79889998207057,
          18.494426371556507
        ]
      },
      "properties": {
        "location_id": "unknown",
        "timestamp": "2025-04-03",
        "source": "landsat-8",
        "features": {
          "lst": 40.53362162000002
        },
        "quality": {
          "valid": true
        },
        "temporal_context": {}
      }
    },
    {
      "type": "Feature",
      "geometry": {
        "geodesic": false,
        "type": "Point",
        "coordinates": [
          73.79918410797278,
          18.4944281742671
        ]
      },
      "properties": {
        "location_id": "unknown",
        "timestamp": "2025-04-03",
        "source": "landsat-8",
        "features": {
          "lst": 39.525305720000006
        },
        "quality": {
          "valid": true
        },
        "temporal_context": {}
      }
    },
    {
      "type": "Feature",
      "geometry": {
        "geodesic": false,
        "type": "Point",
        "coordinates": [
          73.79946823390765,
          18.49442997655143
        ]
      },
      "properties": {
        "location_id": "unknown",
        "timestamp": "2025-04-03",
        "source": "landsat-8",
        "features": {
          "lst": 39.41251106000004
        },
        "quality": {
          "valid": true
        },
        "temporal_context": {}
      }
    },
    {
      "type": "Feature",
      "geometry": {
        "geodesic": false,
        "type": "Point",
        "coordinates": [
          73.79975235987519,
          18.494431778409503
        ]
      },
      "properties": {
        "location_id": "unknown",
        "timestamp": "2025-04-03",
        "source": "landsat-8",
        "features": {
          "lst": 39.36807680000004
        },
        "quality": {
          "valid": true
        },
        "temporal_context": {}
      }
    },
    {
      "type": "Feature",
      "geometry": {
        "geodesic": false,
        "type": "Point",
        "coordinates": [
          73.80003648587537,
          18.494433579841317
        ]
      },
      "properties": {
        "location_id": "unknown",
        "timestamp": "2025-04-03",
        "source": "landsat-8",
        "features": {
          "lst": 39.57999404000003
        },
        "quality": {
          "valid": true
        },
        "temporal_context": {}
      }
    },
    {
      "type": "Feature",
      "geometry": {
        "geodesic": false,
        "type": "Point",
        "coordinates": [
          73.80032061190819,
          18.49443538084687
        ]
      },
      "properties": {
        "location_id": "unknown",
        "timestamp": "2025-04-03",
        "source": "landsat-8",
        "features": {
          "lst": 39.57999404000003
        },
        "quality": {
          "valid": true
        },
        "temporal_context": {}
      }
    },
    {
      "type": "Feature",
      "geometry": {
        "geodesic": false,
        "type": "Point",
        "coordinates": [
          73.80060473797366,
          18.49443718142616
        ]
      },
      "properties": {
        "location_id": "unknown",
        "timestamp": "2025-04-03",
        "source": "landsat-8",
        "features": {
          "lst": 39.66886255999998
        },
        "quality": {
          "valid": true
        },
        "temporal_context": {}
      }
    },
    {
      "type": "Feature",
      "geometry": {
        "geodesic": false,
        "type": "Point",
        "coordinates": [
          73.80088886407174,
          18.494438981579194
        ]
      },
      "properties": {
        "location_id": "unknown",
        "timestamp": "2025-04-03",
        "source": "landsat-8",
        "features": {
          "lst": 39.82950950000003
        },
        "quality": {
          "valid": true
        },
        "temporal_context": {}
      }
    },
    {
      "type": "Feature",
      "geometry": {
        "geodesic": false,
        "type": "Point",
        "coordinates": [
          73.80117299020245,
          18.494440781305965
        ]
      },
      "properties": {
        "location_id": "unknown",
        "timestamp": "2025-04-03",
        "source": "landsat-8",
        "features": {
          "lst": 40.50285944000001
        },
        "quality": {
          "valid": true
        },
        "temporal_context": {}
      }
    },
    {
      "type": "Feature",
      "geometry": {
        "geodesic": false,
        "type": "Point",
        "coordinates": [
          73.80145711636577,
          18.494442580606474
        ]
      },
      "properties": {
        "location_id": "unknown",
        "timestamp": "2025-04-03",
        "source": "landsat-8",
        "features": {
          "lst": 41.036070559999985
        },
        "quality": {
          "valid": true
        },
        "temporal_context": {}
      }
    },
    {
      "type": "Feature",
      "geometry": {
        "geodesic": false,
        "type": "Point",
        "coordinates": [
          73.8017412425617,
          18.494444379480722
        ]
      },
      "properties": {
        "location_id": "unknown",
        "timestamp": "2025-04-03",
        "source": "landsat-8",
        "features": {
          "lst": 41.43256087999998
        },
        "quality": {
          "valid": true
        },
        "temporal_context": {}
      }
    },
    {
      "type": "Feature",
      "geometry": {
        "geodesic": false,
        "type": "Point",
        "coordinates": [
          73.80202536879023,
          18.49444617792871
        ]
      },
      "properties": {
        "location_id": "unknown",
        "timestamp": "2025-04-03",
        "source": "landsat-8",
        "features": {
          "lst": 41.83246922000001
        },
        "quality": {
          "valid": true
        },
        "temporal_context": {}
      }
    },
    {
      "type": "Feature",
      "geometry": {
        "geodesic": false,
        "type": "Point",
        "coordinates": [
          73.80230949505133,
          18.494447975950433
        ]
      },
      "properties": {
        "location_id": "unknown",
        "timestamp": "2025-04-03",
        "source": "landsat-8",
        "features": {
          "lst": 42.06831260000001
        },
        "quality": {
          "valid": true
        },
        "temporal_context": {}
      }
    },
    {
      "type": "Feature",
      "geometry": {
        "geodesic": false,
        "type": "Point",
        "coordinates": [
          73.80259362134504,
          18.4944497735459
        ]
      },
      "properties": {
        "location_id": "unknown",
        "timestamp": "2025-04-03",
        "source": "landsat-8",
        "features": {
          "lst": 42.26655776000001
        },
        "quality": {
          "valid": true
        },
        "temporal_context": {}
      }
    },
    {
      "type": "Feature",
      "geometry": {
        "geodesic": false,
        "type": "Point",
        "coordinates": [
          73.8028777476713,
          18.4944515707151
        ]
      },
      "properties": {
        "location_id": "unknown",
        "timestamp": "2025-04-03",
        "source": "landsat-8",
        "features": {
          "lst": 42.427204700000004
        },
        "quality": {
          "valid": true
        },
        "temporal_context": {}
      }
    },
    {
      "type": "Feature",
      "geometry": {
        "geodesic": false,
        "type": "Point",
        "coordinates": [
          73.80316187403014,
          18.494453367458036
        ]
      },
      "properties": {
        "location_id": "unknown",
        "timestamp": "2025-04-03",
        "source": "landsat-8",
        "features": {
          "lst": 42.56050748000001
        },
        "quality": {
          "valid": true
        },
        "temporal_context": {}
      }
    },
    {
      "type": "Feature",
      "geometry": {
        "geodesic": false,
        "type": "Point",
        "coordinates": [
          73.80344600042153,
          18.494455163774713
        ]
      },
      "properties": {
        "location_id": "unknown",
        "timestamp": "2025-04-03",
        "source": "landsat-8",
        "features": {
          "lst": 42.734826500000054
        },
        "quality": {
          "valid": true
        },
        "temporal_context": {}
      }
    },
    {
      "type": "Feature",
      "geometry": {
        "geodesic": false,
        "type": "Point",
        "coordinates": [
          73.80373012684548,
          18.494456959665126
        ]
      },
      "properties": {
        "location_id": "unknown",
        "timestamp": "2025-04-03",
        "source": "landsat-8",
        "features": {
          "lst": 42.93648968000002
        },
        "quality": {
          "valid": true
        },
        "temporal_context": {}
      }
    },
    {
      "type": "Feature",
      "geometry": {
        "geodesic": false,
        "type": "Point",
        "coordinates": [
          73.80401425330196,
          18.494458755129276
        ]
      },
      "properties": {
        "location_id": "unknown",
        "timestamp": "2025-04-03",
        "source": "landsat-8",
        "features": {
          "lst": 42.885219380000024
        },
        "quality": {
          "valid": true
        },
        "temporal_context": {}
      }
    },
    {
      "type": "Feature",
      "geometry": {
        "geodesic": false,
        "type": "Point",
        "coordinates": [
          73.80429837979098,
          18.494460550167165
        ]
      },
      "properties": {
        "location_id": "unknown",
        "timestamp": "2025-04-03",
        "source": "landsat-8",
        "features": {
          "lst": 43.20651326000001
        },
        "quality": {
          "valid": true
        },
        "temporal_context": {}
      }
    },
    {
      "type": "Feature",
      "geometry": {
        "geodesic": false,
        "type": "Point",
        "coordinates": [
          73.80458250631253,
          18.494462344778785
        ]
      },
      "properties": {
        "location_id": "unknown",
        "timestamp": "2025-04-03",
        "source": "landsat-8",
        "features": {
          "lst": 43.445774659999984
        },
        "quality": {
          "valid": true
        },
        "temporal_context": {}
      }
    },
    {
      "type": "Feature",
      "geometry": {
        "geodesic": false,
        "type": "Point",
        "coordinates": [
          73.8048666328666,
          18.494464138964148
        ]
      },
      "properties": {
        "location_id": "unknown",
        "timestamp": "2025-04-03",
        "source": "landsat-8",
        "features": {
          "lst": 42.864711260000036
        },
        "quality": {
          "valid": true
        },
        "temporal_context": {}
      }
    },
    {
      "type": "Feature",
      "geometry": {
        "geodesic": false,
        "type": "Point",
        "coordinates": [
          73.80515075945317,
          18.49446593272324
        ]
      },
      "properties": {
        "location_id": "unknown",
        "timestamp": "2025-04-03",
        "source": "landsat-8",
        "features": {
          "lst": 41.61371594000002
        },
        "quality": {
          "valid": true
        },
        "temporal_context": {}
      }
    },
    {
      "type": "Feature",
      "geometry": {
        "geodesic": false,
        "type": "Point",
        "coordinates": [
          73.80543488607226,
          18.494467726056072
        ]
      },
      "properties": {
        "location_id": "unknown",
        "timestamp": "2025-04-03",
        "source": "landsat-8",
        "features": {
          "lst": 40.66008836000003
        },
        "quality": {
          "valid": true
        },
        "temporal_context": {}
      }
    },
    {
      "type": "Feature",
      "geometry": {
        "geodesic": false,
        "type": "Point",
        "coordinates": [
          73.80571901272384,
          18.494469518962642
        ]
      },
      "properties": {
        "location_id": "unknown",
        "timestamp": "2025-04-03",
        "source": "landsat-8",
        "features": {
          "lst": 40.755792919999976
        },
        "quality": {
          "valid": true
        },
        "temporal_context": {}
      }
    },
    {
      "type": "Feature",
      "geometry": {
        "geodesic": false,
        "type": "Point",
        "coordinates": [
          73.80600313940792,
          18.494471311442943
        ]
      },
      "properties": {
        "location_id": "unknown",
        "timestamp": "2025-04-03",
        "source": "landsat-8",
        "features": {
          "lst": 42.05464052000002
        },
        "quality": {
          "valid": true
        },
        "temporal_context": {}
      }
    },
    {
      "type": "Feature",
      "geometry": {
        "geodesic": false,
        "type": "Point",
        "coordinates": [
          73.80628726612447,
          18.494473103496983
        ]
      },
      "properties": {
        "location_id": "unknown",
        "timestamp": "2025-04-03",
        "source": "landsat-8",
        "features": {
          "lst": 43.16891504
        },
        "quality": {
          "valid": true
        },
        "temporal_context": {}
      }
    },
    {
      "type": "Feature",
      "geometry": {
        "geodesic": false,
        "type": "Point",
        "coordinates": [
          73.8065713928735,
          18.494474895124753
        ]
      },
      "properties": {
        "location_id": "unknown",
        "timestamp": "2025-04-03",
        "source": "landsat-8",
        "features": {
          "lst": 43.49704496000004
        },
        "quality": {
          "valid": true
        },
        "temporal_context": {}
      }
    },
    {
      "type": "Feature",
      "geometry": {
        "geodesic": false,
        "type": "Point",
        "coordinates": [
          73.80685551965499,
          18.494476686326266
        ]
      },
      "properties": {
        "location_id": "unknown",
        "timestamp": "2025-04-03",
        "source": "landsat-8",
        "features": {
          "lst": 43.39792238000001
        },
        "quality": {
          "valid": true
        },
        "temporal_context": {}
      }
    },
    {
      "type": "Feature",
      "geometry": {
        "geodesic": false,
        "type": "Point",
        "coordinates": [
          73.80713964646894,
          18.494478477101506
        ]
      },
      "properties": {
        "location_id": "unknown",
        "timestamp": "2025-04-03",
        "source": "landsat-8",
        "features": {
          "lst": 43.456028720000006
        },
        "quality": {
          "valid": true
        },
        "temporal_context": {}
      }
    },
    {
      "type": "Feature",
      "geometry": {
        "geodesic": false,
        "type": "Point",
        "coordinates": [
          73.80742377331534,
          18.494480267450484
        ]
      },
      "properties": {
        "location_id": "unknown",
        "timestamp": "2025-04-03",
        "source": "landsat-8",
        "features": {
          "lst": 42.980923940000025
        },
        "quality": {
          "valid": true
        },
        "temporal_context": {}
      }
    },
    {
      "type": "Feature",
      "geometry": {
        "geodesic": false,
        "type": "Point",
        "coordinates": [
          73.80770790019416,
          18.494482057373197
        ]
      },
      "properties": {
        "location_id": "unknown",
        "timestamp": "2025-04-03",
        "source": "landsat-8",
        "features": {
          "lst": 42.14692706000005
        },
        "quality": {
          "valid": true
        },
        "temporal_context": {}
      }
    },
    {
      "type": "Feature",
      "geometry": {
        "geodesic": false,
        "type": "Point",
        "coordinates": [
          73.80799202710546,
          18.49448384686964
        ]
      },
      "properties": {
        "location_id": "unknown",
        "timestamp": "2025-04-03",
        "source": "landsat-8",
        "features": {
          "lst": 40.967710160000024
        },
        "quality": {
          "valid": true
        },
        "temporal_context": {}
      }
    },
    {
      "type": "Feature",
      "geometry": {
        "geodesic": false,
        "type": "Point",
        "coordinates": [
          73.80827615404915,
          18.49448563593982
        ]
      },
      "properties": {
        "location_id": "unknown",
        "timestamp": "2025-04-03",
        "source": "landsat-8",
        "features": {
          "lst": 39.96281227999998
        },
        "quality": {
          "valid": true
        },
        "temporal_context": {}
      }
    },
    {
      "type": "Feature",
      "geometry": {
        "geodesic": false,
        "type": "Point",
        "coordinates": [
          73.80856028102527,
          18.494487424583735
        ]
      },
      "properties": {
        "location_id": "unknown",
        "timestamp": "2025-04-03",
        "source": "landsat-8",
        "features": {
          "lst": 39.607338200000015
        },
        "quality": {
          "valid": true
        },
        "temporal_context": {}
      }
    },
    {
      "type": "Feature",
      "geometry": {
        "geodesic": false,
        "type": "Point",
        "coordinates": [
          73.8088444080338,
          18.49448921280138
        ]
      },
      "properties": {
        "location_id": "unknown",
        "timestamp": "2025-04-03",
        "source": "landsat-8",
        "features": {
          "lst": 39.73038692
        },
        "quality": {
          "valid": true
        },
        "temporal_context": {}
      }
    },
    {
      "type": "Feature",
      "geometry": {
        "geodesic": false,
        "type": "Point",
        "coordinates": [
          73.80912853507473,
          18.49449100059276
        ]
      },
      "properties": {
        "location_id": "unknown",
        "timestamp": "2025-04-03",
        "source": "landsat-8",
        "features": {
          "lst": 40.66008836000003
        },
        "quality": {
          "valid": true
        },
        "temporal_context": {}
      }
    },
    {
      "type": "Feature",
      "geometry": {
        "geodesic": false,
        "type": "Point",
        "coordinates": [
          73.79833362089482,
          18.49415167960019
        ]
      },
      "properties": {
        "location_id": "unknown",
        "timestamp": "2025-04-03",
        "source": "landsat-8",
        "features": {
          "lst": 42.02729636000004
        },
        "quality": {
          "valid": true
        },
        "temporal_context": {}
      }
    },
    {
      "type": "Feature",
      "geometry": {
        "geodesic": false,
        "type": "Point",
        "coordinates": [
          73.79861774628492,
          18.494153483135005
        ]
      },
      "properties": {
        "location_id": "unknown",
        "timestamp": "2025-04-03",
        "source": "landsat-8",
        "features": {
          "lst": 41.63080604000004
        },
        "quality": {
          "valid": true
        },
        "temporal_context": {}
      }
    },
    {
      "type": "Feature",
      "geometry": {
        "geodesic": false,
        "type": "Point",
        "coordinates": [
          73.79890187170773,
          18.494155286243565
        ]
      },
      "properties": {
        "location_id": "unknown",
        "timestamp": "2025-04-03",
        "source": "landsat-8",
        "features": {
          "lst": 41.19329948000001
        },
        "quality": {
          "valid": true
        },
        "temporal_context": {}
      }
    },
    {
      "type": "Feature",
      "geometry": {
        "geodesic": false,
        "type": "Point",
        "coordinates": [
          73.79918599716319,
          18.494157088925874
        ]
      },
      "properties": {
        "location_id": "unknown",
        "timestamp": "2025-04-03",
        "source": "landsat-8",
        "features": {
          "lst": 40.017500600000005
        },
        "quality": {
          "valid": true
        },
        "temporal_context": {}
      }
    },
    {
      "type": "Feature",
      "geometry": {
        "geodesic": false,
        "type": "Point",
        "coordinates": [
          73.79947012265131,
          18.49415889118193
        ]
      },
      "properties": {
        "location_id": "unknown",
        "timestamp": "2025-04-03",
        "source": "landsat-8",
        "features": {
          "lst": 39.754313060000015
        },
        "quality": {
          "valid": true
        },
        "temporal_context": {}
      }
    },
    {
      "type": "Feature",
      "geometry": {
        "geodesic": false,
        "type": "Point",
        "coordinates": [
          73.7997542481721,
          18.494160693011732
        ]
      },
      "properties": {
        "location_id": "unknown",
        "timestamp": "2025-04-03",
        "source": "landsat-8",
        "features": {
          "lst": 39.54923186000002
        },
        "quality": {
          "valid": true
        },
        "temporal_context": {}
      }
    },
    {
      "type": "Feature",
      "geometry": {
        "geodesic": false,
        "type": "Point",
        "coordinates": [
          73.80003837372554,
          18.494162494415285
        ]
      },
      "properties": {
        "location_id": "unknown",
        "timestamp": "2025-04-03",
        "source": "landsat-8",
        "features": {
          "lst": 39.67569860000003
        },
        "quality": {
          "valid": true
        },
        "temporal_context": {}
      }
    },
    {
      "type": "Feature",
      "geometry": {
        "geodesic": false,
        "type": "Point",
        "coordinates": [
          73.80032249931163,
          18.49416429539258
        ]
      },
      "properties": {
        "location_id": "unknown",
        "timestamp": "2025-04-03",
        "source": "landsat-8",
        "features": {
          "lst": 39.66202652000004
        },
        "quality": {
          "valid": true
        },
        "temporal_context": {}
      }
    },
    {
      "type": "Feature",
      "geometry": {
        "geodesic": false,
        "type": "Point",
        "coordinates": [
          73.80060662493035,
          18.494166095943623
        ]
      },
      "properties": {
        "location_id": "unknown",
        "timestamp": "2025-04-03",
        "source": "landsat-8",
        "features": {
          "lst": 39.86368970000001
        },
        "quality": {
          "valid": true
        },
        "temporal_context": {}
      }
    },
    {
      "type": "Feature",
      "geometry": {
        "geodesic": false,
        "type": "Point",
        "coordinates": [
          73.8008907505817,
          18.49416789606841
        ]
      },
      "properties": {
        "location_id": "unknown",
        "timestamp": "2025-04-03",
        "source": "landsat-8",
        "features": {
          "lst": 40.277270120000026
        },
        "quality": {
          "valid": true
        },
        "temporal_context": {}
      }
    },
    {
      "type": "Feature",
      "geometry": {
        "geodesic": false,
        "type": "Point",
        "coordinates": [
          73.80117487626566,
          18.494169695766946
        ]
      },
      "properties": {
        "location_id": "unknown",
        "timestamp": "2025-04-03",
        "source": "landsat-8",
        "features": {
          "lst": 40.93352995999999
        },
        "quality": {
          "valid": true
        },
        "temporal_context": {}
      }
    },
    {
      "type": "Feature",
      "geometry": {
        "geodesic": false,
        "type": "Point",
        "coordinates": [
          73.80145900198224,
          18.49417149503922
        ]
      },
      "properties": {
        "location_id": "unknown",
        "timestamp": "2025-04-03",
        "source": "landsat-8",
        "features": {
          "lst": 41.459905040000024
        },
        "quality": {
          "valid": true
        },
        "temporal_context": {}
      }
    },
    {
      "type": "Feature",
      "geometry": {
        "geodesic": false,
        "type": "Point",
        "coordinates": [
          73.80174312773143,
          18.494173293885247
        ]
      },
      "properties": {
        "location_id": "unknown",
        "timestamp": "2025-04-03",
        "source": "landsat-8",
        "features": {
          "lst": 41.883739520000006
        },
        "quality": {
          "valid": true
        },
        "temporal_context": {}
      }
    },
    {
      "type": "Feature",
      "geometry": {
        "geodesic": false,
        "type": "Point",
        "coordinates": [
          73.80202725351322,
          18.494175092305017
        ]
      },
      "properties": {
        "location_id": "unknown",
        "timestamp": "2025-04-03",
        "source": "landsat-8",
        "features": {
          "lst": 42.36226232000001
        },
        "quality": {
          "valid": true
        },
        "temporal_context": {}
      }
    },
    {
      "type": "Feature",
      "geometry": {
        "geodesic": false,
        "type": "Point",
        "coordinates": [
          73.80231137932759,
          18.494176890298533
        ]
      },
      "properties": {
        "location_id": "unknown",
        "timestamp": "2025-04-03",
        "source": "landsat-8",
        "features": {
          "lst": 42.71090035999998
        },
        "quality": {
          "valid": true
        },
        "temporal_context": {}
      }
    },
    {
      "type": "Feature",
      "geometry": {
        "geodesic": false,
        "type": "Point",
        "coordinates": [
          73.80259550517454,
          18.49417868786579
        ]
      },
      "properties": {
        "location_id": "unknown",
        "timestamp": "2025-04-03",
        "source": "landsat-8",
        "features": {
          "lst": 42.87496532
        },
        "quality": {
          "valid": true
        },
        "temporal_context": {}
      }
    },
    {
      "type": "Feature",
      "geometry": {
        "geodesic": false,
        "type": "Point",
        "coordinates": [
          73.80287963105405,
          18.494180485006797
        ]
      },
      "properties": {
        "location_id": "unknown",
        "timestamp": "2025-04-03",
        "source": "landsat-8",
        "features": {
          "lst": 42.929653640000026
        },
        "quality": {
          "valid": true
        },
        "temporal_context": {}
      }
    },
    {
      "type": "Feature",
      "geometry": {
        "geodesic": false,
        "type": "Point",
        "coordinates": [
          73.80316375696616,
          18.494182281721546
        ]
      },
      "properties": {
        "location_id": "unknown",
        "timestamp": "2025-04-03",
        "source": "landsat-8",
        "features": {
          "lst": 42.99117799999999
        },
        "quality": {
          "valid": true
        },
        "temporal_context": {}
      }
    },
    {
      "type": "Feature",
      "geometry": {
        "geodesic": false,
        "type": "Point",
        "coordinates": [
          73.8034478829108,
          18.49418407801004
        ]
      },
      "properties": {
        "location_id": "unknown",
        "timestamp": "2025-04-03",
        "source": "landsat-8",
        "features": {
          "lst": 43.09371859999999
        },
        "quality": {
          "valid": true
        },
        "temporal_context": {}
      }
    },
    {
      "type": "Feature",
      "geometry": {
        "geodesic": false,
        "type": "Point",
        "coordinates": [
          73.80373200888799,
          18.494185873872276
        ]
      },
      "properties": {
        "location_id": "unknown",
        "timestamp": "2025-04-03",
        "source": "landsat-8",
        "features": {
          "lst": 43.26461960000006
        },
        "quality": {
          "valid": true
        },
        "temporal_context": {}
      }
    },
    {
      "type": "Feature",
      "geometry": {
        "geodesic": false,
        "type": "Point",
        "coordinates": [
          73.80401613489774,
          18.494187669308253
        ]
      },
      "properties": {
        "location_id": "unknown",
        "timestamp": "2025-04-03",
        "source": "landsat-8",
        "features": {
          "lst": 43.179169100000024
        },
        "quality": {
          "valid": true
        },
        "temporal_context": {}
      }
    },
    {
      "type": "Feature",
      "geometry": {
        "geodesic": false,
        "type": "Point",
        "coordinates": [
          73.80430026094001,
          18.49418946431798
        ]
      },
      "properties": {
        "location_id": "unknown",
        "timestamp": "2025-04-03",
        "source": "landsat-8",
        "features": {
          "lst": 43.46628278000003
        },
        "quality": {
          "valid": true
        },
        "temporal_context": {}
      }
    },
    {
      "type": "Feature",
      "geometry": {
        "geodesic": false,
        "type": "Point",
        "coordinates": [
          73.80458438701481,
          18.494191258901445
        ]
      },
      "properties": {
        "location_id": "unknown",
        "timestamp": "2025-04-03",
        "source": "landsat-8",
        "features": {
          "lst": 43.702126160000034
        },
        "quality": {
          "valid": true
        },
        "temporal_context": {}
      }
    },
    {
      "type": "Feature",
      "geometry": {
        "geodesic": false,
        "type": "Point",
        "coordinates": [
          73.80486851312214,
          18.494193053058655
        ]
      },
      "properties": {
        "location_id": "unknown",
        "timestamp": "2025-04-03",
        "source": "landsat-8",
        "features": {
          "lst": 43.02535820000003
        },
        "quality": {
          "valid": true
        },
        "temporal_context": {}
      }
    },
    {
      "type": "Feature",
      "geometry": {
        "geodesic": false,
        "type": "Point",
        "coordinates": [
          73.80515263926198,
          18.49419484678961
        ]
      },
      "properties": {
        "location_id": "unknown",
        "timestamp": "2025-04-03",
        "source": "landsat-8",
        "features": {
          "lst": 41.736764660000006
        },
        "quality": {
          "valid": true
        },
        "temporal_context": {}
      }
    },
    {
      "type": "Feature",
      "geometry": {
        "geodesic": false,
        "type": "Point",
        "coordinates": [
          73.80543676543432,
          18.494196640094305
        ]
      },
      "properties": {
        "location_id": "unknown",
        "timestamp": "2025-04-03",
        "source": "landsat-8",
        "features": {
          "lst": 40.86516956000003
        },
        "quality": {
          "valid": true
        },
        "temporal_context": {}
      }
    },
    {
      "type": "Feature",
      "geometry": {
        "geodesic": false,
        "type": "Point",
        "coordinates": [
          73.80572089163915,
          18.49419843297274
        ]
      },
      "properties": {
        "location_id": "unknown",
        "timestamp": "2025-04-03",
        "source": "landsat-8",
        "features": {
          "lst": 41.14202918000001
        },
        "quality": {
          "valid": true
        },
        "temporal_context": {}
      }
    },
    {
      "type": "Feature",
      "geometry": {
        "geodesic": false,
        "type": "Point",
        "coordinates": [
          73.80600501787647,
          18.494200225424922
        ]
      },
      "properties": {
        "location_id": "unknown",
        "timestamp": "2025-04-03",
        "source": "landsat-8",
        "features": {
          "lst": 42.29048390000003
        },
        "quality": {
          "valid": true
        },
        "temporal_context": {}
      }
    },
    {
      "type": "Feature",
      "geometry": {
        "geodesic": false,
        "type": "Point",
        "coordinates": [
          73.80628914414629,
          18.494202017450846
        ]
      },
      "properties": {
        "location_id": "unknown",
        "timestamp": "2025-04-03",
        "source": "landsat-8",
        "features": {
          "lst": 43.162079000000006
        },
        "quality": {
          "valid": true
        },
        "temporal_context": {}
      }
    },
    {
      "type": "Feature",
      "geometry": {
        "geodesic": false,
        "type": "Point",
        "coordinates": [
          73.80657327044855,
          18.494203809050507
        ]
      },
      "properties": {
        "location_id": "unknown",
        "timestamp": "2025-04-03",
        "source": "landsat-8",
        "features": {
          "lst": 43.158660980000036
        },
        "quality": {
          "valid": true
        },
        "temporal_context": {}
      }
    },
    {
      "type": "Feature",
      "geometry": {
        "geodesic": false,
        "type": "Point",
        "coordinates": [
          73.8068573967833,
          18.494205600223914
        ]
      },
      "properties": {
        "location_id": "unknown",
        "timestamp": "2025-04-03",
        "source": "landsat-8",
        "features": {
          "lst": 42.86129324000001
        },
        "quality": {
          "valid": true
        },
        "temporal_context": {}
      }
    },
    {
      "type": "Feature",
      "geometry": {
        "geodesic": false,
        "type": "Point",
        "coordinates": [
          73.8071415231505,
          18.49420739097106
        ]
      },
      "properties": {
        "location_id": "unknown",
        "timestamp": "2025-04-03",
        "source": "landsat-8",
        "features": {
          "lst": 42.92281760000003
        },
        "quality": {
          "valid": true
        },
        "temporal_context": {}
      }
    },
    {
      "type": "Feature",
      "geometry": {
        "geodesic": false,
        "type": "Point",
        "coordinates": [
          73.80742564955015,
          18.494209181291946
        ]
      },
      "properties": {
        "location_id": "unknown",
        "timestamp": "2025-04-03",
        "source": "landsat-8",
        "features": {
          "lst": 42.454548860000045
        },
        "quality": {
          "valid": true
        },
        "temporal_context": {}
      }
    },
    {
      "type": "Feature",
      "geometry": {
        "geodesic": false,
        "type": "Point",
        "coordinates": [
          73.80770977598226,
          18.49421097118658
        ]
      },
      "properties": {
        "location_id": "unknown",
        "timestamp": "2025-04-03",
        "source": "landsat-8",
        "features": {
          "lst": 41.65815020000002
        },
        "quality": {
          "valid": true
        },
        "temporal_context": {}
      }
    },
    {
      "type": "Feature",
      "geometry": {
        "geodesic": false,
        "type": "Point",
        "coordinates": [
          73.80799390244677,
          18.494212760654946
        ]
      },
      "properties": {
        "location_id": "unknown",
        "timestamp": "2025-04-03",
        "source": "landsat-8",
        "features": {
          "lst": 40.56780182
        },
        "quality": {
          "valid": true
        },
        "temporal_context": {}
      }
    },
    {
      "type": "Feature",
      "geometry": {
        "geodesic": false,
        "type": "Point",
        "coordinates": [
          73.80827802894373,
          18.494214549697052
        ]
      },
      "properties": {
        "location_id": "unknown",
        "timestamp": "2025-04-03",
        "source": "landsat-8",
        "features": {
          "lst": 39.84659959999999
        },
        "quality": {
          "valid": true
        },
        "temporal_context": {}
      }
    },
    {
      "type": "Feature",
      "geometry": {
        "geodesic": false,
        "type": "Point",
        "coordinates": [
          73.8085621554731,
          18.494216338312906
        ]
      },
      "properties": {
        "location_id": "unknown",
        "timestamp": "2025-04-03",
        "source": "landsat-8",
        "features": {
          "lst": 39.77140315999998
        },
        "quality": {
          "valid": true
        },
        "temporal_context": {}
      }
    },
    {
      "type": "Feature",
      "geometry": {
        "geodesic": false,
        "type": "Point",
        "coordinates": [
          73.80884628203489,
          18.494218126502496
        ]
      },
      "properties": {
        "location_id": "unknown",
        "timestamp": "2025-04-03",
        "source": "landsat-8",
        "features": {
          "lst": 39.89103385999999
        },
        "quality": {
          "valid": true
        },
        "temporal_context": {}
      }
    },
    {
      "type": "Feature",
      "geometry": {
        "geodesic": false,
        "type": "Point",
        "coordinates": [
          73.80913040862907,
          18.494219914265827
        ]
      },
      "properties": {
        "location_id": "unknown",
        "timestamp": "2025-04-03",
        "source": "landsat-8",
        "features": {
          "lst": 40.755792919999976
        },
        "quality": {
          "valid": true
        },
        "temporal_context": {}
      }
    },
    {
      "type": "Feature",
      "geometry": {
        "geodesic": false,
        "type": "Point",
        "coordinates": [
          73.79833551139276,
          18.493880594335888
        ]
      },
      "properties": {
        "location_id": "unknown",
        "timestamp": "2025-04-03",
        "source": "landsat-8",
        "features": {
          "lst": 43.02194018
        },
        "quality": {
          "valid": true
        },
        "temporal_context": {}
      }
    },
    {
      "type": "Feature",
      "geometry": {
        "geodesic": false,
        "type": "Point",
        "coordinates": [
          73.79861963633613,
          18.493882397842402
        ]
      },
      "properties": {
        "location_id": "unknown",
        "timestamp": "2025-04-03",
        "source": "landsat-8",
        "features": {
          "lst": 42.55025341999999
        },
        "quality": {
          "valid": true
        },
        "temporal_context": {}
      }
    },
    {
      "type": "Feature",
      "geometry": {
        "geodesic": false,
        "type": "Point",
        "coordinates": [
          73.7989037613122,
          18.49388420092268
        ]
      },
      "properties": {
        "location_id": "unknown",
        "timestamp": "2025-04-03",
        "source": "landsat-8",
        "features": {
          "lst": 42.01020626000002
        },
        "quality": {
          "valid": true
        },
        "temporal_context": {}
      }
    },
    {
      "type": "Feature",
      "geometry": {
        "geodesic": false,
        "type": "Point",
        "coordinates": [
          73.79918788632094,
          18.4938860035767
        ]
      },
      "properties": {
        "location_id": "unknown",
        "timestamp": "2025-04-03",
        "source": "landsat-8",
        "features": {
          "lst": 40.79680916000001
        },
        "quality": {
          "valid": true
        },
        "temporal_context": {}
      }
    },
    {
      "type": "Feature",
      "geometry": {
        "geodesic": false,
        "type": "Point",
        "coordinates": [
          73.79947201136233,
          18.49388780580448
        ]
      },
      "properties": {
        "location_id": "unknown",
        "timestamp": "2025-04-03",
        "source": "landsat-8",
        "features": {
          "lst": 40.35246656000004
        },
        "quality": {
          "valid": true
        },
        "temporal_context": {}
      }
    },
    {
      "type": "Feature",
      "geometry": {
        "geodesic": false,
        "type": "Point",
        "coordinates": [
          73.79975613643639,
          18.493889607606015
        ]
      },
      "properties": {
        "location_id": "unknown",
        "timestamp": "2025-04-03",
        "source": "landsat-8",
        "features": {
          "lst": 40.01066456000001
        },
        "quality": {
          "valid": true
        },
        "temporal_context": {}
      }
    },
    {
      "type": "Feature",
      "geometry": {
        "geodesic": false,
        "type": "Point",
        "coordinates": [
          73.80004026154309,
          18.493891408981302
        ]
      },
      "properties": {
        "location_id": "unknown",
        "timestamp": "2025-04-03",
        "source": "landsat-8",
        "features": {
          "lst": 41.04632462000001
        },
        "quality": {
          "valid": true
        },
        "temporal_context": {}
      }
    },
    {
      "type": "Feature",
      "geometry": {
        "geodesic": false,
        "type": "Point",
        "coordinates": [
          73.80032438668245,
          18.49389320993034
        ]
      },
      "properties": {
        "location_id": "unknown",
        "timestamp": "2025-04-03",
        "source": "landsat-8",
        "features": {
          "lst": 41.097594920000006
        },
        "quality": {
          "valid": true
        },
        "temporal_context": {}
      }
    },
    {
      "type": "Feature",
      "geometry": {
        "geodesic": false,
        "type": "Point",
        "coordinates": [
          73.80060851185442,
          18.493895010453134
        ]
      },
      "properties": {
        "location_id": "unknown",
        "timestamp": "2025-04-03",
        "source": "landsat-8",
        "features": {
          "lst": 41.442814940000005
        },
        "quality": {
          "valid": true
        },
        "temporal_context": {}
      }
    },
    {
      "type": "Feature",
      "geometry": {
        "geodesic": false,
        "type": "Point",
        "coordinates": [
          73.80089263705904,
          18.49389681054968
        ]
      },
      "properties": {
        "location_id": "unknown",
        "timestamp": "2025-04-03",
        "source": "landsat-8",
        "features": {
          "lst": 41.95551794000005
        },
        "quality": {
          "valid": true
        },
        "temporal_context": {}
      }
    },
    {
      "type": "Feature",
      "geometry": {
        "geodesic": false,
        "type": "Point",
        "coordinates": [
          73.80117676229627,
          18.493898610219976
        ]
      },
      "properties": {
        "location_id": "unknown",
        "timestamp": "2025-04-03",
        "source": "landsat-8",
        "features": {
          "lst": 42.58785164000005
        },
        "quality": {
          "valid": true
        },
        "temporal_context": {}
      }
    },
    {
      "type": "Feature",
      "geometry": {
        "geodesic": false,
        "type": "Point",
        "coordinates": [
          73.80146088756612,
          18.493900409464025
        ]
      },
      "properties": {
        "location_id": "unknown",
        "timestamp": "2025-04-03",
        "source": "landsat-8",
        "features": {
          "lst": 43.08688256000005
        },
        "quality": {
          "valid": true
        },
        "temporal_context": {}
      }
    },
    {
      "type": "Feature",
      "geometry": {
        "geodesic": false,
        "type": "Point",
        "coordinates": [
          73.80174501286857,
          18.493902208281828
        ]
      },
      "properties": {
        "location_id": "unknown",
        "timestamp": "2025-04-03",
        "source": "landsat-8",
        "features": {
          "lst": 43.55856932000006
        },
        "quality": {
          "valid": true
        },
        "temporal_context": {}
      }
    },
    {
      "type": "Feature",
      "geometry": {
        "geodesic": false,
        "type": "Point",
        "coordinates": [
          73.80202913820361,
          18.49390400667338
        ]
      },
      "properties": {
        "location_id": "unknown",
        "timestamp": "2025-04-03",
        "source": "landsat-8",
        "features": {
          "lst": 43.28512771999999
        },
        "quality": {
          "valid": true
        },
        "temporal_context": {}
      }
    },
    {
      "type": "Feature",
      "geometry": {
        "geodesic": false,
        "type": "Point",
        "coordinates": [
          73.80231326357125,
          18.493905804638686
        ]
      },
      "properties": {
        "location_id": "unknown",
        "timestamp": "2025-04-03",
        "source": "landsat-8",
        "features": {
          "lst": 43.671363980000024
        },
        "quality": {
          "valid": true
        },
        "temporal_context": {}
      }
    },
    {
      "type": "Feature",
      "geometry": {
        "geodesic": false,
        "type": "Point",
        "coordinates": [
          73.80259738897146,
          18.49390760217774
        ]
      },
      "properties": {
        "location_id": "unknown",
        "timestamp": "2025-04-03",
        "source": "landsat-8",
        "features": {
          "lst": 43.92087944000002
        },
        "quality": {
          "valid": true
        },
        "temporal_context": {}
      }
    },
    {
      "type": "Feature",
      "geometry": {
        "geodesic": false,
        "type": "Point",
        "coordinates": [
          73.80288151440426,
          18.49390939929055
        ]
      },
      "properties": {
        "location_id": "unknown",
        "timestamp": "2025-04-03",
        "source": "landsat-8",
        "features": {
          "lst": 43.90037131999998
        },
        "quality": {
          "valid": true
        },
        "temporal_context": {}
      }
    },
    {
      "type": "Feature",
      "geometry": {
        "geodesic": false,
        "type": "Point",
        "coordinates": [
          73.80316563986962,
          18.49391119597711
        ]
      },
      "properties": {
        "location_id": "unknown",
        "timestamp": "2025-04-03",
        "source": "landsat-8",
        "features": {
          "lst": 43.82175686000005
        },
        "quality": {
          "valid": true
        },
        "temporal_context": {}
      }
    },
    {
      "type": "Feature",
      "geometry": {
        "geodesic": false,
        "type": "Point",
        "coordinates": [
          73.80344976536752,
          18.493912992237416
        ]
      },
      "properties": {
        "location_id": "unknown",
        "timestamp": "2025-04-03",
        "source": "landsat-8",
        "features": {
          "lst": 43.78074062000002
        },
        "quality": {
          "valid": true
        },
        "temporal_context": {}
      }
    },
    {
      "type": "Feature",
      "geometry": {
        "geodesic": false,
        "type": "Point",
        "coordinates": [
          73.80373389089797,
          18.49391478807148
        ]
      },
      "properties": {
        "location_id": "unknown",
        "timestamp": "2025-04-03",
        "source": "landsat-8",
        "features": {
          "lst": 43.79783071999998
        },
        "quality": {
          "valid": true
        },
        "temporal_context": {}
      }
    },
    {
      "type": "Feature",
      "geometry": {
        "geodesic": false,
        "type": "Point",
        "coordinates": [
          73.80401801646099,
          18.493916583479287
        ]
      },
      "properties": {
        "location_id": "unknown",
        "timestamp": "2025-04-03",
        "source": "landsat-8",
        "features": {
          "lst": 43.65085585999998
        },
        "quality": {
          "valid": true
        },
        "temporal_context": {}
      }
    },
    {
      "type": "Feature",
      "geometry": {
        "geodesic": false,
        "type": "Point",
        "coordinates": [
          73.80430214205653,
          18.49391837846085
        ]
      },
      "properties": {
        "location_id": "unknown",
        "timestamp": "2025-04-03",
        "source": "landsat-8",
        "features": {
          "lst": 43.801248740000005
        },
        "quality": {
          "valid": true
        },
        "temporal_context": {}
      }
    },
    {
      "type": "Feature",
      "geometry": {
        "geodesic": false,
        "type": "Point",
        "coordinates": [
          73.8045862676846,
          18.49392017301616
        ]
      },
      "properties": {
        "location_id": "unknown",
        "timestamp": "2025-04-03",
        "source": "landsat-8",
        "features": {
          "lst": 43.89011726000001
        },
        "quality": {
          "valid": true
        },
        "temporal_context": {}
      }
    },
    {
      "type": "Feature",
      "geometry": {
        "geodesic": false,
        "type": "Point",
        "coordinates": [
          73.80487039334517,
          18.49392196714522
        ]
      },
      "properties": {
        "location_id": "unknown",
        "timestamp": "2025-04-03",
        "source": "landsat-8",
        "features": {
          "lst": 43.21676732000003
        },
        "quality": {
          "valid": true
        },
        "temporal_context": {}
      }
    },
    {
      "type": "Feature",
      "geometry": {
        "geodesic": false,
        "type": "Point",
        "coordinates": [
          73.80515451903827,
          18.49392376084803
        ]
      },
      "properties": {
        "location_id": "unknown",
        "timestamp": "2025-04-03",
        "source": "landsat-8",
        "features": {
          "lst": 42.15034508000002
        },
        "quality": {
          "valid": true
        },
        "temporal_context": {}
      }
    },
    {
      "type": "Feature",
      "geometry": {
        "geodesic": false,
        "type": "Point",
        "coordinates": [
          73.80543864476388,
          18.493925554124587
        ]
      },
      "properties": {
        "location_id": "unknown",
        "timestamp": "2025-04-03",
        "source": "landsat-8",
        "features": {
          "lst": 41.52142939999999
        },
        "quality": {
          "valid": true
        },
        "temporal_context": {}
      }
    },
    {
      "type": "Feature",
      "geometry": {
        "geodesic": false,
        "type": "Point",
        "coordinates": [
          73.80572277052197,
          18.4939273469749
        ]
      },
      "properties": {
        "location_id": "unknown",
        "timestamp": "2025-04-03",
        "source": "landsat-8",
        "features": {
          "lst": 41.89399358000003
        },
        "quality": {
          "valid": true
        },
        "temporal_context": {}
      }
    },
    {
      "type": "Feature",
      "geometry": {
        "geodesic": false,
        "type": "Point",
        "coordinates": [
          73.80600689631255,
          18.493929139398954
        ]
      },
      "properties": {
        "location_id": "unknown",
        "timestamp": "2025-04-03",
        "source": "landsat-8",
        "features": {
          "lst": 43.39792238000001
        },
        "quality": {
          "valid": true
        },
        "temporal_context": {}
      }
    },
    {
      "type": "Feature",
      "geometry": {
        "geodesic": false,
        "type": "Point",
        "coordinates": [
          73.80629102213562,
          18.49393093139676
        ]
      },
      "properties": {
        "location_id": "unknown",
        "timestamp": "2025-04-03",
        "source": "landsat-8",
        "features": {
          "lst": 43.90037131999998
        },
        "quality": {
          "valid": true
        },
        "temporal_context": {}
      }
    },
    {
      "type": "Feature",
      "geometry": {
        "geodesic": false,
        "type": "Point",
        "coordinates": [
          73.80657514799117,
          18.493932722968314
        ]
      },
      "properties": {
        "location_id": "unknown",
        "timestamp": "2025-04-03",
        "source": "landsat-8",
        "features": {
          "lst": 43.606421599999976
        },
        "quality": {
          "valid": true
        },
        "temporal_context": {}
      }
    },
    {
      "type": "Feature",
      "geometry": {
        "geodesic": false,
        "type": "Point",
        "coordinates": [
          73.80685927387917,
          18.493934514113615
        ]
      },
      "properties": {
        "location_id": "unknown",
        "timestamp": "2025-04-03",
        "source": "landsat-8",
        "features": {
          "lst": 43.22018534000006
        },
        "quality": {
          "valid": true
        },
        "temporal_context": {}
      }
    },
    {
      "type": "Feature",
      "geometry": {
        "geodesic": false,
        "type": "Point",
        "coordinates": [
          73.80714339979963,
          18.493936304832665
        ]
      },
      "properties": {
        "location_id": "unknown",
        "timestamp": "2025-04-03",
        "source": "landsat-8",
        "features": {
          "lst": 42.881801360000054
        },
        "quality": {
          "valid": true
        },
        "temporal_context": {}
      }
    },
    {
      "type": "Feature",
      "geometry": {
        "geodesic": false,
        "type": "Point",
        "coordinates": [
          73.80742752575254,
          18.493938095125465
        ]
      },
      "properties": {
        "location_id": "unknown",
        "timestamp": "2025-04-03",
        "source": "landsat-8",
        "features": {
          "lst": 42.41353262000001
        },
        "quality": {
          "valid": true
        },
        "temporal_context": {}
      }
    },
    {
      "type": "Feature",
      "geometry": {
        "geodesic": false,
        "type": "Point",
        "coordinates": [
          73.80771165173789,
          18.49393988499201
        ]
      },
      "properties": {
        "location_id": "unknown",
        "timestamp": "2025-04-03",
        "source": "landsat-8",
        "features": {
          "lst": 41.74701872000003
        },
        "quality": {
          "valid": true
        },
        "temporal_context": {}
      }
    },
    {
      "type": "Feature",
      "geometry": {
        "geodesic": false,
        "type": "Point",
        "coordinates": [
          73.80799577775568,
          18.493941674432303
        ]
      },
      "properties": {
        "location_id": "unknown",
        "timestamp": "2025-04-03",
        "source": "landsat-8",
        "features": {
          "lst": 40.96087412000003
        },
        "quality": {
          "valid": true
        },
        "temporal_context": {}
      }
    },
    {
      "type": "Feature",
      "geometry": {
        "geodesic": false,
        "type": "Point",
        "coordinates": [
          73.80827990380588,
          18.493943463446342
        ]
      },
      "properties": {
        "location_id": "unknown",
        "timestamp": "2025-04-03",
        "source": "landsat-8",
        "features": {
          "lst": 40.38664676000002
        },
        "quality": {
          "valid": true
        },
        "temporal_context": {}
      }
    },
    {
      "type": "Feature",
      "geometry": {
        "geodesic": false,
        "type": "Point",
        "coordinates": [
          73.80856402988853,
          18.49394525203413
        ]
      },
      "properties": {
        "location_id": "unknown",
        "timestamp": "2025-04-03",
        "source": "landsat-8",
        "features": {
          "lst": 40.28752417999999
        },
        "quality": {
          "valid": true
        },
        "temporal_context": {}
      }
    },
    {
      "type": "Feature",
      "geometry": {
        "geodesic": false,
        "type": "Point",
        "coordinates": [
          73.80884815600358,
          18.493947040195668
        ]
      },
      "properties": {
        "location_id": "unknown",
        "timestamp": "2025-04-03",
        "source": "landsat-8",
        "features": {
          "lst": 40.410572900000034
        },
        "quality": {
          "valid": true
        },
        "temporal_context": {}
      }
    },
    {
      "type": "Feature",
      "geometry": {
        "geodesic": false,
        "type": "Point",
        "coordinates": [
          73.80913228215101,
          18.493948827930943
        ]
      },
      "properties": {
        "location_id": "unknown",
        "timestamp": "2025-04-03",
        "source": "landsat-8",
        "features": {
          "lst": 40.034590700000024
        },
        "quality": {
          "valid": true
        },
        "temporal_context": {}
      }
    },
    {
      "type": "Feature",
      "geometry": {
        "geodesic": false,
        "type": "Point",
        "coordinates": [
          73.798337401858,
          18.493609509063653
        ]
      },
      "properties": {
        "location_id": "unknown",
        "timestamp": "2025-04-03",
        "source": "landsat-8",
        "features": {
          "lst": 44.67284384000004
        },
        "quality": {
          "valid": true
        },
        "temporal_context": {}
      }
    },
    {
      "type": "Feature",
      "geometry": {
        "geodesic": false,
        "type": "Point",
        "coordinates": [
          73.79862152635467,
          18.493611312541873
        ]
      },
      "properties": {
        "location_id": "unknown",
        "timestamp": "2025-04-03",
        "source": "landsat-8",
        "features": {
          "lst": 43.95505964000006
        },
        "quality": {
          "valid": true
        },
        "temporal_context": {}
      }
    },
    {
      "type": "Feature",
      "geometry": {
        "geodesic": false,
        "type": "Point",
        "coordinates": [
          73.798905650884,
          18.493613115593853
        ]
      },
      "properties": {
        "location_id": "unknown",
        "timestamp": "2025-04-03",
        "source": "landsat-8",
        "features": {
          "lst": 43.23385742000005
        },
        "quality": {
          "valid": true
        },
        "temporal_context": {}
      }
    },
    {
      "type": "Feature",
      "geometry": {
        "geodesic": false,
        "type": "Point",
        "coordinates": [
          73.79918977544601,
          18.4936149182196
        ]
      },
      "properties": {
        "location_id": "unknown",
        "timestamp": "2025-04-03",
        "source": "landsat-8",
        "features": {
          "lst": 41.866649420000044
        },
        "quality": {
          "valid": true
        },
        "temporal_context": {}
      }
    },
    {
      "type": "Feature",
      "geometry": {
        "geodesic": false,
        "type": "Point",
        "coordinates": [
          73.79947390004068,
          18.4936167204191
        ]
      },
      "properties": {
        "location_id": "unknown",
        "timestamp": "2025-04-03",
        "source": "landsat-8",
        "features": {
          "lst": 41.17279136000002
        },
        "quality": {
          "valid": true
        },
        "temporal_context": {}
      }
    },
    {
      "type": "Feature",
      "geometry": {
        "geodesic": false,
        "type": "Point",
        "coordinates": [
          73.79975802466801,
          18.493618522192364
        ]
      },
      "properties": {
        "location_id": "unknown",
        "timestamp": "2025-04-03",
        "source": "landsat-8",
        "features": {
          "lst": 40.73186678000002
        },
        "quality": {
          "valid": true
        },
        "temporal_context": {}
      }
    },
    {
      "type": "Feature",
      "geometry": {
        "geodesic": false,
        "type": "Point",
        "coordinates": [
          73.800042149328,
          18.493620323539385
        ]
      },
      "properties": {
        "location_id": "unknown",
        "timestamp": "2025-04-03",
        "source": "landsat-8",
        "features": {
          "lst": 41.770944859999986
        },
        "quality": {
          "valid": true
        },
        "temporal_context": {}
      }
    },
    {
      "type": "Feature",
      "geometry": {
        "geodesic": false,
        "type": "Point",
        "coordinates": [
          73.80032627402062,
          18.49362212446017
        ]
      },
      "properties": {
        "location_id": "unknown",
        "timestamp": "2025-04-03",
        "source": "landsat-8",
        "features": {
          "lst": 41.79828902000003
        },
        "quality": {
          "valid": true
        },
        "temporal_context": {}
      }
    },
    {
      "type": "Feature",
      "geometry": {
        "geodesic": false,
        "type": "Point",
        "coordinates": [
          73.80061039874589,
          18.493623924954708
        ]
      },
      "properties": {
        "location_id": "unknown",
        "timestamp": "2025-04-03",
        "source": "landsat-8",
        "features": {
          "lst": 42.15718112000002
        },
        "quality": {
          "valid": true
        },
        "temporal_context": {}
      }
    },
    {
      "type": "Feature",
      "geometry": {
        "geodesic": false,
        "type": "Point",
        "coordinates": [
          73.80089452350377,
          18.493625725023012
        ]
      },
      "properties": {
        "location_id": "unknown",
        "timestamp": "2025-04-03",
        "source": "landsat-8",
        "features": {
          "lst": 42.656212040000014
        },
        "quality": {
          "valid": true
        },
        "temporal_context": {}
      }
    },
    {
      "type": "Feature",
      "geometry": {
        "geodesic": false,
        "type": "Point",
        "coordinates": [
          73.80117864829427,
          18.493627524665076
        ]
      },
      "properties": {
        "location_id": "unknown",
        "timestamp": "2025-04-03",
        "source": "landsat-8",
        "features": {
          "lst": 43.31930792000003
        },
        "quality": {
          "valid": true
        },
        "temporal_context": {}
      }
    },
    {
      "type": "Feature",
      "geometry": {
        "geodesic": false,
        "type": "Point",
        "coordinates": [
          73.8014627731174,
          18.493629323880892
        ]
      },
      "properties": {
        "location_id": "unknown",
        "timestamp": "2025-04-03",
        "source": "landsat-8",
        "features": {
          "lst": 43.82859289999999
        },
        "quality": {
          "valid": true
        },
        "temporal_context": {}
      }
    },
    {
      "type": "Feature",
      "geometry": {
        "geodesic": false,
        "type": "Point",
        "coordinates": [
          73.80174689797312,
          18.49363112267047
        ]
      },
      "properties": {
        "location_id": "unknown",
        "timestamp": "2025-04-03",
        "source": "landsat-8",
        "features": {
          "lst": 44.354967980000026
        },
        "quality": {
          "valid": true
        },
        "temporal_context": {}
      }
    },
    {
      "type": "Feature",
      "geometry": {
        "geodesic": false,
        "type": "Point",
        "coordinates": [
          73.80203102286143,
          18.493632921033807
        ]
      },
      "properties": {
        "location_id": "unknown",
        "timestamp": "2025-04-03",
        "source": "landsat-8",
        "features": {
          "lst": 44.16697687999999
        },
        "quality": {
          "valid": true
        },
        "temporal_context": {}
      }
    },
    {
      "type": "Feature",
      "geometry": {
        "geodesic": false,
        "type": "Point",
        "coordinates": [
          73.80231514778234,
          18.493634718970902
        ]
      },
      "properties": {
        "location_id": "unknown",
        "timestamp": "2025-04-03",
        "source": "landsat-8",
        "features": {
          "lst": 44.553213140000025
        },
        "quality": {
          "valid": true
        },
        "temporal_context": {}
      }
    },
    {
      "type": "Feature",
      "geometry": {
        "geodesic": false,
        "type": "Point",
        "coordinates": [
          73.80259927273582,
          18.493636516481757
        ]
      },
      "properties": {
        "location_id": "unknown",
        "timestamp": "2025-04-03",
        "source": "landsat-8",
        "features": {
          "lst": 44.895015140000055
        },
        "quality": {
          "valid": true
        },
        "temporal_context": {}
      }
    },
    {
      "type": "Feature",
      "geometry": {
        "geodesic": false,
        "type": "Point",
        "coordinates": [
          73.80288339772187,
          18.49363831356637
        ]
      },
      "properties": {
        "location_id": "unknown",
        "timestamp": "2025-04-03",
        "source": "landsat-8",
        "features": {
          "lst": 44.895015140000055
        },
        "quality": {
          "valid": true
        },
        "temporal_context": {}
      }
    },
    {
      "type": "Feature",
      "geometry": {
        "geodesic": false,
        "type": "Point",
        "coordinates": [
          73.80316752274051,
          18.49364011022474
        ]
      },
      "properties": {
        "location_id": "unknown",
        "timestamp": "2025-04-03",
        "source": "landsat-8",
        "features": {
          "lst": 44.64549968000006
        },
        "quality": {
          "valid": true
        },
        "temporal_context": {}
      }
    },
    {
      "type": "Feature",
      "geometry": {
        "geodesic": false,
        "type": "Point",
        "coordinates": [
          73.80345164779169,
          18.493641906456865
        ]
      },
      "properties": {
        "location_id": "unknown",
        "timestamp": "2025-04-03",
        "source": "landsat-8",
        "features": {
          "lst": 44.454090560000054
        },
        "quality": {
          "valid": true
        },
        "temporal_context": {}
      }
    },
    {
      "type": "Feature",
      "geometry": {
        "geodesic": false,
        "type": "Point",
        "coordinates": [
          73.80373577287543,
          18.49364370226275
        ]
      },
      "properties": {
        "location_id": "unknown",
        "timestamp": "2025-04-03",
        "source": "landsat-8",
        "features": {
          "lst": 44.320787780000046
        },
        "quality": {
          "valid": true
        },
        "temporal_context": {}
      }
    },
    {
      "type": "Feature",
      "geometry": {
        "geodesic": false,
        "type": "Point",
        "coordinates": [
          73.8040198979917,
          18.49364549764239
        ]
      },
      "properties": {
        "location_id": "unknown",
        "timestamp": "2025-04-03",
        "source": "landsat-8",
        "features": {
          "lst": 43.95164162000003
        },
        "quality": {
          "valid": true
        },
        "temporal_context": {}
      }
    },
    {
      "type": "Feature",
      "geometry": {
        "geodesic": false,
        "type": "Point",
        "coordinates": [
          73.8043040231405,
          18.49364729259579
        ]
      },
      "properties": {
        "location_id": "unknown",
        "timestamp": "2025-04-03",
        "source": "landsat-8",
        "features": {
          "lst": 43.886699239999984
        },
        "quality": {
          "valid": true
        },
        "temporal_context": {}
      }
    },
    {
      "type": "Feature",
      "geometry": {
        "geodesic": false,
        "type": "Point",
        "coordinates": [
          73.80458814832186,
          18.493649087122943
        ]
      },
      "properties": {
        "location_id": "unknown",
        "timestamp": "2025-04-03",
        "source": "landsat-8",
        "features": {
          "lst": 43.736306360000015
        },
        "quality": {
          "valid": true
        },
        "temporal_context": {}
      }
    },
    {
      "type": "Feature",
      "geometry": {
        "geodesic": false,
        "type": "Point",
        "coordinates": [
          73.8048722735357,
          18.493650881223854
        ]
      },
      "properties": {
        "location_id": "unknown",
        "timestamp": "2025-04-03",
        "source": "landsat-8",
        "features": {
          "lst": 43.162079000000006
        },
        "quality": {
          "valid": true
        },
        "temporal_context": {}
      }
    },
    {
      "type": "Feature",
      "geometry": {
        "geodesic": false,
        "type": "Point",
        "coordinates": [
          73.80515639878206,
          18.493652674898517
        ]
      },
      "properties": {
        "location_id": "unknown",
        "timestamp": "2025-04-03",
        "source": "landsat-8",
        "features": {
          "lst": 42.39644252000005
        },
        "quality": {
          "valid": true
        },
        "temporal_context": {}
      }
    },
    {
      "type": "Feature",
      "geometry": {
        "geodesic": false,
        "type": "Point",
        "coordinates": [
          73.80544052406094,
          18.49365446814694
        ]
      },
      "properties": {
        "location_id": "unknown",
        "timestamp": "2025-04-03",
        "source": "landsat-8",
        "features": {
          "lst": 42.02729636000004
        },
        "quality": {
          "valid": true
        },
        "temporal_context": {}
      }
    },
    {
      "type": "Feature",
      "geometry": {
        "geodesic": false,
        "type": "Point",
        "coordinates": [
          73.8057246493723,
          18.49365626096912
        ]
      },
      "properties": {
        "location_id": "unknown",
        "timestamp": "2025-04-03",
        "source": "landsat-8",
        "features": {
          "lst": 42.30415598000002
        },
        "quality": {
          "valid": true
        },
        "temporal_context": {}
      }
    },
    {
      "type": "Feature",
      "geometry": {
        "geodesic": false,
        "type": "Point",
        "coordinates": [
          73.80600877471616,
          18.493658053365053
        ]
      },
      "properties": {
        "location_id": "unknown",
        "timestamp": "2025-04-03",
        "source": "landsat-8",
        "features": {
          "lst": 43.54489724000001
        },
        "quality": {
          "valid": true
        },
        "temporal_context": {}
      }
    },
    {
      "type": "Feature",
      "geometry": {
        "geodesic": false,
        "type": "Point",
        "coordinates": [
          73.80629290009249,
          18.493659845334744
        ]
      },
      "properties": {
        "location_id": "unknown",
        "timestamp": "2025-04-03",
        "source": "landsat-8",
        "features": {
          "lst": 43.767068540000025
        },
        "quality": {
          "valid": true
        },
        "temporal_context": {}
      }
    },
    {
      "type": "Feature",
      "geometry": {
        "geodesic": false,
        "type": "Point",
        "coordinates": [
          73.8065770255013,
          18.49366163687819
        ]
      },
      "properties": {
        "location_id": "unknown",
        "timestamp": "2025-04-03",
        "source": "landsat-8",
        "features": {
          "lst": 43.408176440000034
        },
        "quality": {
          "valid": true
        },
        "temporal_context": {}
      }
    },
    {
      "type": "Feature",
      "geometry": {
        "geodesic": false,
        "type": "Point",
        "coordinates": [
          73.80686115094257,
          18.49366342799539
        ]
      },
      "properties": {
        "location_id": "unknown",
        "timestamp": "2025-04-03",
        "source": "landsat-8",
        "features": {
          "lst": 43.00143206000001
        },
        "quality": {
          "valid": true
        },
        "temporal_context": {}
      }
    },
    {
      "type": "Feature",
      "geometry": {
        "geodesic": false,
        "type": "Point",
        "coordinates": [
          73.8071452764163,
          18.493665218686342
        ]
      },
      "properties": {
        "location_id": "unknown",
        "timestamp": "2025-04-03",
        "source": "landsat-8",
        "features": {
          "lst": 42.66646609999998
        },
        "quality": {
          "valid": true
        },
        "temporal_context": {}
      }
    },
    {
      "type": "Feature",
      "geometry": {
        "geodesic": false,
        "type": "Point",
        "coordinates": [
          73.80742940192248,
          18.49366700895105
        ]
      },
      "properties": {
        "location_id": "unknown",
        "timestamp": "2025-04-03",
        "source": "landsat-8",
        "features": {
          "lst": 42.22554151999998
        },
        "quality": {
          "valid": true
        },
        "temporal_context": {}
      }
    },
    {
      "type": "Feature",
      "geometry": {
        "geodesic": false,
        "type": "Point",
        "coordinates": [
          73.80771352746109,
          18.493668798789514
        ]
      },
      "properties": {
        "location_id": "unknown",
        "timestamp": "2025-04-03",
        "source": "landsat-8",
        "features": {
          "lst": 41.66498624000002
        },
        "quality": {
          "valid": true
        },
        "temporal_context": {}
      }
    },
    {
      "type": "Feature",
      "geometry": {
        "geodesic": false,
        "type": "Point",
        "coordinates": [
          73.80799765303216,
          18.49367058820173
        ]
      },
      "properties": {
        "location_id": "unknown",
        "timestamp": "2025-04-03",
        "source": "landsat-8",
        "features": {
          "lst": 41.08734086000004
        },
        "quality": {
          "valid": true
        },
        "temporal_context": {}
      }
    },
    {
      "type": "Feature",
      "geometry": {
        "geodesic": false,
        "type": "Point",
        "coordinates": [
          73.80828177863563,
          18.493672377187703
        ]
      },
      "properties": {
        "location_id": "unknown",
        "timestamp": "2025-04-03",
        "source": "landsat-8",
        "features": {
          "lst": 40.622490140000025
        },
        "quality": {
          "valid": true
        },
        "temporal_context": {}
      }
    },
    {
      "type": "Feature",
      "geometry": {
        "geodesic": false,
        "type": "Point",
        "coordinates": [
          73.80856590427153,
          18.49367416574743
        ]
      },
      "properties": {
        "location_id": "unknown",
        "timestamp": "2025-04-03",
        "source": "landsat-8",
        "features": {
          "lst": 40.509695480000005
        },
        "quality": {
          "valid": true
        },
        "temporal_context": {}
      }
    },
    {
      "type": "Feature",
      "geometry": {
        "geodesic": false,
        "type": "Point",
        "coordinates": [
          73.80885002993985,
          18.493675953880906
        ]
      },
      "properties": {
        "location_id": "unknown",
        "timestamp": "2025-04-03",
        "source": "landsat-8",
        "features": {
          "lst": 40.63958023999999
        },
        "quality": {
          "valid": true
        },
        "temporal_context": {}
      }
    },
    {
      "type": "Feature",
      "geometry": {
        "geodesic": false,
        "type": "Point",
        "coordinates": [
          73.80913415564056,
          18.493677741588137
        ]
      },
      "properties": {
        "location_id": "unknown",
        "timestamp": "2025-04-03",
        "source": "landsat-8",
        "features": {
          "lst": 40.311450320000006
        },
        "quality": {
          "valid": true
        },
        "temporal_context": {}
      }
    },
    {
      "type": "Feature",
      "geometry": {
        "geodesic": false,
        "type": "Point",
        "coordinates": [
          73.79833929229058,
          18.493338423783467
        ]
      },
      "properties": {
        "location_id": "unknown",
        "timestamp": "2025-04-03",
        "source": "landsat-8",
        "features": {
          "lst": 46.49123048000001
        },
        "quality": {
          "valid": true
        },
        "temporal_context": {}
      }
    },
    {
      "type": "Feature",
      "geometry": {
        "geodesic": false,
        "type": "Point",
        "coordinates": [
          73.79862341634052,
          18.493340227233393
        ]
      },
      "properties": {
        "location_id": "unknown",
        "timestamp": "2025-04-03",
        "source": "landsat-8",
        "features": {
          "lst": 45.82129856000006
        },
        "quality": {
          "valid": true
        },
        "temporal_context": {}
      }
    },
    {
      "type": "Feature",
      "geometry": {
        "geodesic": false,
        "type": "Point",
        "coordinates": [
          73.79890754042313,
          18.493342030257086
        ]
      },
      "properties": {
        "location_id": "unknown",
        "timestamp": "2025-04-03",
        "source": "landsat-8",
        "features": {
          "lst": 44.91894128000001
        },
        "quality": {
          "valid": true
        },
        "temporal_context": {}
      }
    },
    {
      "type": "Feature",
      "geometry": {
        "geodesic": false,
        "type": "Point",
        "coordinates": [
          73.79919166453843,
          18.493343832854546
        ]
      },
      "properties": {
        "location_id": "unknown",
        "timestamp": "2025-04-03",
        "source": "landsat-8",
        "features": {
          "lst": 43.43210257999999
        },
        "quality": {
          "valid": true
        },
        "temporal_context": {}
      }
    },
    {
      "type": "Feature",
      "geometry": {
        "geodesic": false,
        "type": "Point",
        "coordinates": [
          73.79947578868638,
          18.49334563502577
        ]
      },
      "properties": {
        "location_id": "unknown",
        "timestamp": "2025-04-03",
        "source": "landsat-8",
        "features": {
          "lst": 42.6835562
        },
        "quality": {
          "valid": true
        },
        "temporal_context": {}
      }
    },
    {
      "type": "Feature",
      "geometry": {
        "geodesic": false,
        "type": "Point",
        "coordinates": [
          73.79975991286699,
          18.493347436770765
        ]
      },
      "properties": {
        "location_id": "unknown",
        "timestamp": "2025-04-03",
        "source": "landsat-8",
        "features": {
          "lst": 42.02729636000004
        },
        "quality": {
          "valid": true
        },
        "temporal_context": {}
      }
    },
    {
      "type": "Feature",
      "geometry": {
        "geodesic": false,
        "type": "Point",
        "coordinates": [
          73.80004403708026,
          18.49334923808952
        ]
      },
      "properties": {
        "location_id": "unknown",
        "timestamp": "2025-04-03",
        "source": "landsat-8",
        "features": {
          "lst": 42.950161760000015
        },
        "quality": {
          "valid": true
        },
        "temporal_context": {}
      }
    },
    {
      "type": "Feature",
      "geometry": {
        "geodesic": false,
        "type": "Point",
        "coordinates": [
          73.80032816132616,
          18.49335103898205
        ]
      },
      "properties": {
        "location_id": "unknown",
        "timestamp": "2025-04-03",
        "source": "landsat-8",
        "features": {
          "lst": 42.89205542000002
        },
        "quality": {
          "valid": true
        },
        "temporal_context": {}
      }
    },
    {
      "type": "Feature",
      "geometry": {
        "geodesic": false,
        "type": "Point",
        "coordinates": [
          73.8006122856047,
          18.49335283944834
        ]
      },
      "properties": {
        "location_id": "unknown",
        "timestamp": "2025-04-03",
        "source": "landsat-8",
        "features": {
          "lst": 43.06295641999998
        },
        "quality": {
          "valid": true
        },
        "temporal_context": {}
      }
    },
    {
      "type": "Feature",
      "geometry": {
        "geodesic": false,
        "type": "Point",
        "coordinates": [
          73.80089640991586,
          18.4933546394884
        ]
      },
      "properties": {
        "location_id": "unknown",
        "timestamp": "2025-04-03",
        "source": "landsat-8",
        "features": {
          "lst": 43.47995486000002
        },
        "quality": {
          "valid": true
        },
        "temporal_context": {}
      }
    },
    {
      "type": "Feature",
      "geometry": {
        "geodesic": false,
        "type": "Point",
        "coordinates": [
          73.80118053425966,
          18.493356439102225
        ]
      },
      "properties": {
        "location_id": "unknown",
        "timestamp": "2025-04-03",
        "source": "landsat-8",
        "features": {
          "lst": 44.112288560000025
        },
        "quality": {
          "valid": true
        },
        "temporal_context": {}
      }
    },
    {
      "type": "Feature",
      "geometry": {
        "geodesic": false,
        "type": "Point",
        "coordinates": [
          73.80146465863605,
          18.493358238289815
        ]
      },
      "properties": {
        "location_id": "unknown",
        "timestamp": "2025-04-03",
        "source": "landsat-8",
        "features": {
          "lst": 44.67284384000004
        },
        "quality": {
          "valid": true
        },
        "temporal_context": {}
      }
    },
    {
      "type": "Feature",
      "geometry": {
        "geodesic": false,
        "type": "Point",
        "coordinates": [
          73.80174878304506,
          18.493360037051172
        ]
      },
      "properties": {
        "location_id": "unknown",
        "timestamp": "2025-04-03",
        "source": "landsat-8",
        "features": {
          "lst": 45.23681714000003
        },
        "quality": {
          "valid": true
        },
        "temporal_context": {}
      }
    },
    {
      "type": "Feature",
      "geometry": {
        "geodesic": false,
        "type": "Point",
        "coordinates": [
          73.80203290748665,
          18.493361835386292
        ]
      },
      "properties": {
        "location_id": "unknown",
        "timestamp": "2025-04-03",
        "source": "landsat-8",
        "features": {
          "lst": 45.141112580000026
        },
        "quality": {
          "valid": true
        },
        "temporal_context": {}
      }
    },
    {
      "type": "Feature",
      "geometry": {
        "geodesic": false,
        "type": "Point",
        "coordinates": [
          73.80231703196084,
          18.493363633295175
        ]
      },
      "properties": {
        "location_id": "unknown",
        "timestamp": "2025-04-03",
        "source": "landsat-8",
        "features": {
          "lst": 45.66406963999998
        },
        "quality": {
          "valid": true
        },
        "temporal_context": {}
      }
    },
    {
      "type": "Feature",
      "geometry": {
        "geodesic": false,
        "type": "Point",
        "coordinates": [
          73.8026011564676,
          18.49336543077783
        ]
      },
      "properties": {
        "location_id": "unknown",
        "timestamp": "2025-04-03",
        "source": "landsat-8",
        "features": {
          "lst": 45.978527480000025
        },
        "quality": {
          "valid": true
        },
        "temporal_context": {}
      }
    },
    {
      "type": "Feature",
      "geometry": {
        "geodesic": false,
        "type": "Point",
        "coordinates": [
          73.80288528100694,
          18.49336722783424
        ]
      },
      "properties": {
        "location_id": "unknown",
        "timestamp": "2025-04-03",
        "source": "landsat-8",
        "features": {
          "lst": 46.033215799999994
        },
        "quality": {
          "valid": true
        },
        "temporal_context": {}
      }
    },
    {
      "type": "Feature",
      "geometry": {
        "geodesic": false,
        "type": "Point",
        "coordinates": [
          73.80316940557886,
          18.49336902446442
        ]
      },
      "properties": {
        "location_id": "unknown",
        "timestamp": "2025-04-03",
        "source": "landsat-8",
        "features": {
          "lst": 45.84522470000002
        },
        "quality": {
          "valid": true
        },
        "temporal_context": {}
      }
    },
    {
      "type": "Feature",
      "geometry": {
        "geodesic": false,
        "type": "Point",
        "coordinates": [
          73.8034535301833,
          18.493370820668364
        ]
      },
      "properties": {
        "location_id": "unknown",
        "timestamp": "2025-04-03",
        "source": "landsat-8",
        "features": {
          "lst": 45.50342269999999
        },
        "quality": {
          "valid": true
        },
        "temporal_context": {}
      }
    },
    {
      "type": "Feature",
      "geometry": {
        "geodesic": false,
        "type": "Point",
        "coordinates": [
          73.80373765482031,
          18.493372616446074
        ]
      },
      "properties": {
        "location_id": "unknown",
        "timestamp": "2025-04-03",
        "source": "landsat-8",
        "features": {
          "lst": 45.24707120000005
        },
        "quality": {
          "valid": true
        },
        "temporal_context": {}
      }
    },
    {
      "type": "Feature",
      "geometry": {
        "geodesic": false,
        "type": "Point",
        "coordinates": [
          73.80402177948987,
          18.493374411797543
        ]
      },
      "properties": {
        "location_id": "unknown",
        "timestamp": "2025-04-03",
        "source": "landsat-8",
        "features": {
          "lst": 44.700188000000026
        },
        "quality": {
          "valid": true
        },
        "temporal_context": {}
      }
    },
    {
      "type": "Feature",
      "geometry": {
        "geodesic": false,
        "type": "Point",
        "coordinates": [
          73.80430590419196,
          18.49337620672278
        ]
      },
      "properties": {
        "location_id": "unknown",
        "timestamp": "2025-04-03",
        "source": "landsat-8",
        "features": {
          "lst": 44.440418480000005
        },
        "quality": {
          "valid": true
        },
        "temporal_context": {}
      }
    },
    {
      "type": "Feature",
      "geometry": {
        "geodesic": false,
        "type": "Point",
        "coordinates": [
          73.80459002892658,
          18.493378001221778
        ]
      },
      "properties": {
        "location_id": "unknown",
        "timestamp": "2025-04-03",
        "source": "landsat-8",
        "features": {
          "lst": 44.09861648000003
        },
        "quality": {
          "valid": true
        },
        "temporal_context": {}
      }
    },
    {
      "type": "Feature",
      "geometry": {
        "geodesic": false,
        "type": "Point",
        "coordinates": [
          73.80487415369372,
          18.493379795294537
        ]
      },
      "properties": {
        "location_id": "unknown",
        "timestamp": "2025-04-03",
        "source": "landsat-8",
        "features": {
          "lst": 43.589331500000014
        },
        "quality": {
          "valid": true
        },
        "temporal_context": {}
      }
    },
    {
      "type": "Feature",
      "geometry": {
        "geodesic": false,
        "type": "Point",
        "coordinates": [
          73.80515827849335,
          18.493381588941062
        ]
      },
      "properties": {
        "location_id": "unknown",
        "timestamp": "2025-04-03",
        "source": "landsat-8",
        "features": {
          "lst": 42.99117799999999
        },
        "quality": {
          "valid": true
        },
        "temporal_context": {}
      }
    },
    {
      "type": "Feature",
      "geometry": {
        "geodesic": false,
        "type": "Point",
        "coordinates": [
          73.8054424033255,
          18.493383382161348
        ]
      },
      "properties": {
        "location_id": "unknown",
        "timestamp": "2025-04-03",
        "source": "landsat-8",
        "features": {
          "lst": 42.71090035999998
        },
        "quality": {
          "valid": true
        },
        "temporal_context": {}
      }
    },
    {
      "type": "Feature",
      "geometry": {
        "geodesic": false,
        "type": "Point",
        "coordinates": [
          73.80572652819015,
          18.493385174955396
        ]
      },
      "properties": {
        "location_id": "unknown",
        "timestamp": "2025-04-03",
        "source": "landsat-8",
        "features": {
          "lst": 42.80660492000004
        },
        "quality": {
          "valid": true
        },
        "temporal_context": {}
      }
    },
    {
      "type": "Feature",
      "geometry": {
        "geodesic": false,
        "type": "Point",
        "coordinates": [
          73.80601065308727,
          18.49338696732321
        ]
      },
      "properties": {
        "location_id": "unknown",
        "timestamp": "2025-04-03",
        "source": "landsat-8",
        "features": {
          "lst": 43.74656042000004
        },
        "quality": {
          "valid": true
        },
        "temporal_context": {}
      }
    },
    {
      "type": "Feature",
      "geometry": {
        "geodesic": false,
        "type": "Point",
        "coordinates": [
          73.80629477801688,
          18.493388759264782
        ]
      },
      "properties": {
        "location_id": "unknown",
        "timestamp": "2025-04-03",
        "source": "landsat-8",
        "features": {
          "lst": 43.72605229999999
        },
        "quality": {
          "valid": true
        },
        "temporal_context": {}
      }
    },
    {
      "type": "Feature",
      "geometry": {
        "geodesic": false,
        "type": "Point",
        "coordinates": [
          73.80657890297897,
          18.493390550780116
        ]
      },
      "properties": {
        "location_id": "unknown",
        "timestamp": "2025-04-03",
        "source": "landsat-8",
        "features": {
          "lst": 43.35690613999998
        },
        "quality": {
          "valid": true
        },
        "temporal_context": {}
      }
    },
    {
      "type": "Feature",
      "geometry": {
        "geodesic": false,
        "type": "Point",
        "coordinates": [
          73.80686302797352,
          18.493392341869214
        ]
      },
      "properties": {
        "location_id": "unknown",
        "timestamp": "2025-04-03",
        "source": "landsat-8",
        "features": {
          "lst": 42.92623562000006
        },
        "quality": {
          "valid": true
        },
        "temporal_context": {}
      }
    },
    {
      "type": "Feature",
      "geometry": {
        "geodesic": false,
        "type": "Point",
        "coordinates": [
          73.80714715300053,
          18.493394132532075
        ]
      },
      "properties": {
        "location_id": "unknown",
        "timestamp": "2025-04-03",
        "source": "landsat-8",
        "features": {
          "lst": 42.58785164000005
        },
        "quality": {
          "valid": true
        },
        "temporal_context": {}
      }
    },
    {
      "type": "Feature",
      "geometry": {
        "geodesic": false,
        "type": "Point",
        "coordinates": [
          73.80743127805998,
          18.493395922768695
        ]
      },
      "properties": {
        "location_id": "unknown",
        "timestamp": "2025-04-03",
        "source": "landsat-8",
        "features": {
          "lst": 42.20161538000002
        },
        "quality": {
          "valid": true
        },
        "temporal_context": {}
      }
    },
    {
      "type": "Feature",
      "geometry": {
        "geodesic": false,
        "type": "Point",
        "coordinates": [
          73.80771540315187,
          18.493397712579075
        ]
      },
      "properties": {
        "location_id": "unknown",
        "timestamp": "2025-04-03",
        "source": "landsat-8",
        "features": {
          "lst": 41.77436288000001
        },
        "quality": {
          "valid": true
        },
        "temporal_context": {}
      }
    },
    {
      "type": "Feature",
      "geometry": {
        "geodesic": false,
        "type": "Point",
        "coordinates": [
          73.8079995282762,
          18.493399501963214
        ]
      },
      "properties": {
        "location_id": "unknown",
        "timestamp": "2025-04-03",
        "source": "landsat-8",
        "features": {
          "lst": 41.36761850000005
        },
        "quality": {
          "valid": true
        },
        "temporal_context": {}
      }
    },
    {
      "type": "Feature",
      "geometry": {
        "geodesic": false,
        "type": "Point",
        "coordinates": [
          73.80828365343295,
          18.493401290921117
        ]
      },
      "properties": {
        "location_id": "unknown",
        "timestamp": "2025-04-03",
        "source": "landsat-8",
        "features": {
          "lst": 41.01214442000003
        },
        "quality": {
          "valid": true
        },
        "temporal_context": {}
      }
    },
    {
      "type": "Feature",
      "geometry": {
        "geodesic": false,
        "type": "Point",
        "coordinates": [
          73.80856777862213,
          18.49340307945278
        ]
      },
      "properties": {
        "location_id": "unknown",
        "timestamp": "2025-04-03",
        "source": "landsat-8",
        "features": {
          "lst": 41.31976622000002
        },
        "quality": {
          "valid": true
        },
        "temporal_context": {}
      }
    },
    {
      "type": "Feature",
      "geometry": {
        "geodesic": false,
        "type": "Point",
        "coordinates": [
          73.80885190384372,
          18.493404867558198
        ]
      },
      "properties": {
        "location_id": "unknown",
        "timestamp": "2025-04-03",
        "source": "landsat-8",
        "features": {
          "lst": 41.45306900000003
        },
        "quality": {
          "valid": true
        },
        "temporal_context": {}
      }
    },
    {
      "type": "Feature",
      "geometry": {
        "geodesic": false,
        "type": "Point",
        "coordinates": [
          73.8091360290977,
          18.493406655237383
        ]
      },
      "properties": {
        "location_id": "unknown",
        "timestamp": "2025-04-03",
        "source": "landsat-8",
        "features": {
          "lst": 41.148865220000005
        },
        "quality": {
          "valid": true
        },
        "temporal_context": {}
      }
    },
    {
      "type": "Feature",
      "geometry": {
        "geodesic": false,
        "type": "Point",
        "coordinates": [
          73.79834118269046,
          18.493067338495354
        ]
      },
      "properties": {
        "location_id": "unknown",
        "timestamp": "2025-04-03",
        "source": "landsat-8",
        "features": {
          "lst": 48.03617552000003
        },
        "quality": {
          "valid": true
        },
        "temporal_context": {}
      }
    },
    {
      "type": "Feature",
      "geometry": {
        "geodesic": false,
        "type": "Point",
        "coordinates": [
          73.79862530629369,
          18.493069141916983
        ]
      },
      "properties": {
        "location_id": "unknown",
        "timestamp": "2025-04-03",
        "source": "landsat-8",
        "features": {
          "lst": 47.43118598000001
        },
        "quality": {
          "valid": true
        },
        "temporal_context": {}
      }
    },
    {
      "type": "Feature",
      "geometry": {
        "geodesic": false,
        "type": "Point",
        "coordinates": [
          73.79890942992958,
          18.493070944912386
        ]
      },
      "properties": {
        "location_id": "unknown",
        "timestamp": "2025-04-03",
        "source": "landsat-8",
        "features": {
          "lst": 46.590353059999984
        },
        "quality": {
          "valid": true
        },
        "temporal_context": {}
      }
    },
    {
      "type": "Feature",
      "geometry": {
        "geodesic": false,
        "type": "Point",
        "coordinates": [
          73.79919355359817,
          18.493072747481563
        ]
      },
      "properties": {
        "location_id": "unknown",
        "timestamp": "2025-04-03",
        "source": "landsat-8",
        "features": {
          "lst": 45.12402248000001
        },
        "quality": {
          "valid": true
        },
        "temporal_context": {}
      }
    },
    {
      "type": "Feature",
      "geometry": {
        "geodesic": false,
        "type": "Point",
        "coordinates": [
          73.79947767729941,
          18.49307454962451
        ]
      },
      "properties": {
        "location_id": "unknown",
        "timestamp": "2025-04-03",
        "source": "landsat-8",
        "features": {
          "lst": 44.38914818000001
        },
        "quality": {
          "valid": true
        },
        "temporal_context": {}
      }
    },
    {
      "type": "Feature",
      "geometry": {
        "geodesic": false,
        "type": "Point",
        "coordinates": [
          73.79976180103331,
          18.493076351341234
        ]
      },
      "properties": {
        "location_id": "unknown",
        "timestamp": "2025-04-03",
        "source": "landsat-8",
        "features": {
          "lst": 43.79441270000001
        },
        "quality": {
          "valid": true
        },
        "temporal_context": {}
      }
    },
    {
      "type": "Feature",
      "geometry": {
        "geodesic": false,
        "type": "Point",
        "coordinates": [
          73.80004592479987,
          18.493078152631732
        ]
      },
      "properties": {
        "location_id": "unknown",
        "timestamp": "2025-04-03",
        "source": "landsat-8",
        "features": {
          "lst": 44.54295908000006
        },
        "quality": {
          "valid": true
        },
        "temporal_context": {}
      }
    },
    {
      "type": "Feature",
      "geometry": {
        "geodesic": false,
        "type": "Point",
        "coordinates": [
          73.80033004859906,
          18.493079953496
        ]
      },
      "properties": {
        "location_id": "unknown",
        "timestamp": "2025-04-03",
        "source": "landsat-8",
        "features": {
          "lst": 44.31736976000002
        },
        "quality": {
          "valid": true
        },
        "temporal_context": {}
      }
    },
    {
      "type": "Feature",
      "geometry": {
        "geodesic": false,
        "type": "Point",
        "coordinates": [
          73.8006141724309,
          18.493081753934042
        ]
      },
      "properties": {
        "location_id": "unknown",
        "timestamp": "2025-04-03",
        "source": "landsat-8",
        "features": {
          "lst": 44.31736976000002
        },
        "quality": {
          "valid": true
        },
        "temporal_context": {}
      }
    },
    {
      "type": "Feature",
      "geometry": {
        "geodesic": false,
        "type": "Point",
        "coordinates": [
          73.80089829629534,
          18.49308355394586
        ]
      },
      "properties": {
        "location_id": "unknown",
        "timestamp": "2025-04-03",
        "source": "landsat-8",
        "features": {
          "lst": 44.47801670000001
        },
        "quality": {
          "valid": true
        },
        "temporal_context": {}
      }
    },
    {
      "type": "Feature",
      "geometry": {
        "geodesic": false,
        "type": "Point",
        "coordinates": [
          73.80118242019242,
          18.49308535353145
        ]
      },
      "properties": {
        "location_id": "unknown",
        "timestamp": "2025-04-03",
        "source": "landsat-8",
        "features": {
          "lst": 44.980465640000034
        },
        "quality": {
          "valid": true
        },
        "temporal_context": {}
      }
    },
    {
      "type": "Feature",
      "geometry": {
        "geodesic": false,
        "type": "Point",
        "coordinates": [
          73.80146654412212,
          18.49308715269081
        ]
      },
      "properties": {
        "location_id": "unknown",
        "timestamp": "2025-04-03",
        "source": "landsat-8",
        "features": {
          "lst": 45.47607854
        },
        "quality": {
          "valid": true
        },
        "temporal_context": {}
      }
    },
    {
      "type": "Feature",
      "geometry": {
        "geodesic": false,
        "type": "Point",
        "coordinates": [
          73.80175066808441,
          18.49308895142394
        ]
      },
      "properties": {
        "location_id": "unknown",
        "timestamp": "2025-04-03",
        "source": "landsat-8",
        "features": {
          "lst": 46.10499421999998
        },
        "quality": {
          "valid": true
        },
        "temporal_context": {}
      }
    },
    {
      "type": "Feature",
      "geometry": {
        "geodesic": false,
        "type": "Point",
        "coordinates": [
          73.80203479207928,
          18.493090749730843
        ]
      },
      "properties": {
        "location_id": "unknown",
        "timestamp": "2025-04-03",
        "source": "landsat-8",
        "features": {
          "lst": 46.026379760000054
        },
        "quality": {
          "valid": true
        },
        "temporal_context": {}
      }
    },
    {
      "type": "Feature",
      "geometry": {
        "geodesic": false,
        "type": "Point",
        "coordinates": [
          73.80231891610676,
          18.49309254761152
        ]
      },
      "properties": {
        "location_id": "unknown",
        "timestamp": "2025-04-03",
        "source": "landsat-8",
        "features": {
          "lst": 46.604025139999976
        },
        "quality": {
          "valid": true
        },
        "temporal_context": {}
      }
    },
    {
      "type": "Feature",
      "geometry": {
        "geodesic": false,
        "type": "Point",
        "coordinates": [
          73.8026030401668,
          18.49309434506597
        ]
      },
      "properties": {
        "location_id": "unknown",
        "timestamp": "2025-04-03",
        "source": "landsat-8",
        "features": {
          "lst": 47.00393348
        },
        "quality": {
          "valid": true
        },
        "temporal_context": {}
      }
    },
    {
      "type": "Feature",
      "geometry": {
        "geodesic": false,
        "type": "Point",
        "coordinates": [
          73.80288716425943,
          18.49309614209419
        ]
      },
      "properties": {
        "location_id": "unknown",
        "timestamp": "2025-04-03",
        "source": "landsat-8",
        "features": {
          "lst": 47.109892100000025
        },
        "quality": {
          "valid": true
        },
        "temporal_context": {}
      }
    },
    {
      "type": "Feature",
      "geometry": {
        "geodesic": false,
        "type": "Point",
        "coordinates": [
          73.80317128838463,
          18.493097938696177
        ]
      },
      "properties": {
        "location_id": "unknown",
        "timestamp": "2025-04-03",
        "source": "landsat-8",
        "features": {
          "lst": 46.98342536000001
        },
        "quality": {
          "valid": true
        },
        "temporal_context": {}
      }
    },
    {
      "type": "Feature",
      "geometry": {
        "geodesic": false,
        "type": "Point",
        "coordinates": [
          73.80345541254238,
          18.493099734871937
        ]
      },
      "properties": {
        "location_id": "unknown",
        "timestamp": "2025-04-03",
        "source": "landsat-8",
        "features": {
          "lst": 46.68605762000004
        },
        "quality": {
          "valid": true
        },
        "temporal_context": {}
      }
    },
    {
      "type": "Feature",
      "geometry": {
        "geodesic": false,
        "type": "Point",
        "coordinates": [
          73.80373953673268,
          18.49310153062147
        ]
      },
      "properties": {
        "location_id": "unknown",
        "timestamp": "2025-04-03",
        "source": "landsat-8",
        "features": {
          "lst": 46.31007542000003
        },
        "quality": {
          "valid": true
        },
        "temporal_context": {}
      }
    },
    {
      "type": "Feature",
      "geometry": {
        "geodesic": false,
        "type": "Point",
        "coordinates": [
          73.80402366095551,
          18.49310332594477
        ]
      },
      "properties": {
        "location_id": "unknown",
        "timestamp": "2025-04-03",
        "source": "landsat-8",
        "features": {
          "lst": 45.73926607999999
        },
        "quality": {
          "valid": true
        },
        "temporal_context": {}
      }
    },
    {
      "type": "Feature",
      "geometry": {
        "geodesic": false,
        "type": "Point",
        "coordinates": [
          73.8043077852109,
          18.493105120841843
        ]
      },
      "properties": {
        "location_id": "unknown",
        "timestamp": "2025-04-03",
        "source": "landsat-8",
        "features": {
          "lst": 45.32910368
        },
        "quality": {
          "valid": true
        },
        "temporal_context": {}
      }
    },
    {
      "type": "Feature",
      "geometry": {
        "geodesic": false,
        "type": "Point",
        "coordinates": [
          73.8045919094988,
          18.493106915312683
        ]
      },
      "properties": {
        "location_id": "unknown",
        "timestamp": "2025-04-03",
        "source": "landsat-8",
        "features": {
          "lst": 44.92577732000001
        },
        "quality": {
          "valid": true
        },
        "temporal_context": {}
      }
    },
    {
      "type": "Feature",
      "geometry": {
        "geodesic": false,
        "type": "Point",
        "coordinates": [
          73.80487603381921,
          18.493108709357294
        ]
      },
      "properties": {
        "location_id": "unknown",
        "timestamp": "2025-04-03",
        "source": "landsat-8",
        "features": {
          "lst": 44.48143472000004
        },
        "quality": {
          "valid": true
        },
        "temporal_context": {}
      }
    },
    {
      "type": "Feature",
      "geometry": {
        "geodesic": false,
        "type": "Point",
        "coordinates": [
          73.80516015817214,
          18.49311050297568
        ]
      },
      "properties": {
        "location_id": "unknown",
        "timestamp": "2025-04-03",
        "source": "landsat-8",
        "features": {
          "lst": 44.02000201999999
        },
        "quality": {
          "valid": true
        },
        "temporal_context": {}
      }
    },
    {
      "type": "Feature",
      "geometry": {
        "geodesic": false,
        "type": "Point",
        "coordinates": [
          73.80544428255757,
          18.49311229616783
        ]
      },
      "properties": {
        "location_id": "unknown",
        "timestamp": "2025-04-03",
        "source": "landsat-8",
        "features": {
          "lst": 43.66452794000003
        },
        "quality": {
          "valid": true
        },
        "temporal_context": {}
      }
    },
    {
      "type": "Feature",
      "geometry": {
        "geodesic": false,
        "type": "Point",
        "coordinates": [
          73.8057284069755,
          18.49311408893375
        ]
      },
      "properties": {
        "location_id": "unknown",
        "timestamp": "2025-04-03",
        "source": "landsat-8",
        "features": {
          "lst": 43.56198734000003
        },
        "quality": {
          "valid": true
        },
        "temporal_context": {}
      }
    },
    {
      "type": "Feature",
      "geometry": {
        "geodesic": false,
        "type": "Point",
        "coordinates": [
          73.8060125314259,
          18.493115881273436
        ]
      },
      "properties": {
        "location_id": "unknown",
        "timestamp": "2025-04-03",
        "source": "landsat-8",
        "features": {
          "lst": 44.160140840000054
        },
        "quality": {
          "valid": true
        },
        "temporal_context": {}
      }
    },
    {
      "type": "Feature",
      "geometry": {
        "geodesic": false,
        "type": "Point",
        "coordinates": [
          73.80629665590881,
          18.493117673186894
        ]
      },
      "properties": {
        "location_id": "unknown",
        "timestamp": "2025-04-03",
        "source": "landsat-8",
        "features": {
          "lst": 43.95847766000003
        },
        "quality": {
          "valid": true
        },
        "temporal_context": {}
      }
    },
    {
      "type": "Feature",
      "geometry": {
        "geodesic": false,
        "type": "Point",
        "coordinates": [
          73.80658078042418,
          18.49311946467412
        ]
      },
      "properties": {
        "location_id": "unknown",
        "timestamp": "2025-04-03",
        "source": "landsat-8",
        "features": {
          "lst": 43.56540536
        },
        "quality": {
          "valid": true
        },
        "temporal_context": {}
      }
    },
    {
      "type": "Feature",
      "geometry": {
        "geodesic": false,
        "type": "Point",
        "coordinates": [
          73.806864904972,
          18.493121255735115
        ]
      },
      "properties": {
        "location_id": "unknown",
        "timestamp": "2025-04-03",
        "source": "landsat-8",
        "features": {
          "lst": 43.11080870000001
        },
        "quality": {
          "valid": true
        },
        "temporal_context": {}
      }
    },
    {
      "type": "Feature",
      "geometry": {
        "geodesic": false,
        "type": "Point",
        "coordinates": [
          73.8071490295523,
          18.493123046369874
        ]
      },
      "properties": {
        "location_id": "unknown",
        "timestamp": "2025-04-03",
        "source": "landsat-8",
        "features": {
          "lst": 42.748498580000046
        },
        "quality": {
          "valid": true
        },
        "temporal_context": {}
      }
    },
    {
      "type": "Feature",
      "geometry": {
        "geodesic": false,
        "type": "Point",
        "coordinates": [
          73.80743315416504,
          18.493124836578406
        ]
      },
      "properties": {
        "location_id": "unknown",
        "timestamp": "2025-04-03",
        "source": "landsat-8",
        "features": {
          "lst": 42.40327855999999
        },
        "quality": {
          "valid": true
        },
        "temporal_context": {}
      }
    },
    {
      "type": "Feature",
      "geometry": {
        "geodesic": false,
        "type": "Point",
        "coordinates": [
          73.80771727881022,
          18.493126626360706
        ]
      },
      "properties": {
        "location_id": "unknown",
        "timestamp": "2025-04-03",
        "source": "landsat-8",
        "features": {
          "lst": 42.07856665999998
        },
        "quality": {
          "valid": true
        },
        "temporal_context": {}
      }
    },
    {
      "type": "Feature",
      "geometry": {
        "geodesic": false,
        "type": "Point",
        "coordinates": [
          73.80800140348782,
          18.493128415716768
        ]
      },
      "properties": {
        "location_id": "unknown",
        "timestamp": "2025-04-03",
        "source": "landsat-8",
        "features": {
          "lst": 41.78461693999998
        },
        "quality": {
          "valid": true
        },
        "temporal_context": {}
      }
    },
    {
      "type": "Feature",
      "geometry": {
        "geodesic": false,
        "type": "Point",
        "coordinates": [
          73.80828552819786,
          18.493130204646604
        ]
      },
      "properties": {
        "location_id": "unknown",
        "timestamp": "2025-04-03",
        "source": "landsat-8",
        "features": {
          "lst": 41.72992862000001
        },
        "quality": {
          "valid": true
        },
        "temporal_context": {}
      }
    },
    {
      "type": "Feature",
      "geometry": {
        "geodesic": false,
        "type": "Point",
        "coordinates": [
          73.80856965294032,
          18.4931319931502
        ]
      },
      "properties": {
        "location_id": "unknown",
        "timestamp": "2025-04-03",
        "source": "landsat-8",
        "features": {
          "lst": 42.15376309999999
        },
        "quality": {
          "valid": true
        },
        "temporal_context": {}
      }
    },
    {
      "type": "Feature",
      "geometry": {
        "geodesic": false,
        "type": "Point",
        "coordinates": [
          73.8088537777152,
          18.493133781227566
        ]
      },
      "properties": {
        "location_id": "unknown",
        "timestamp": "2025-04-03",
        "source": "landsat-8",
        "features": {
          "lst": 42.656212040000014
        },
        "quality": {
          "valid": true
        },
        "temporal_context": {}
      }
    },
    {
      "type": "Feature",
      "geometry": {
        "geodesic": false,
        "type": "Point",
        "coordinates": [
          73.80913790252245,
          18.4931355688787
        ]
      },
      "properties": {
        "location_id": "unknown",
        "timestamp": "2025-04-03",
        "source": "landsat-8",
        "features": {
          "lst": 42.38277044000006
        },
        "quality": {
          "valid": true
        },
        "temporal_context": {}
      }
    },
    {
      "type": "Feature",
      "geometry": {
        "geodesic": false,
        "type": "Point",
        "coordinates": [
          73.79834307305764,
          18.49279625319929
        ]
      },
      "properties": {
        "location_id": "unknown",
        "timestamp": "2025-04-03",
        "source": "landsat-8",
        "features": {
          "lst": 48.747123680000016
        },
        "quality": {
          "valid": true
        },
        "temporal_context": {}
      }
    },
    {
      "type": "Feature",
      "geometry": {
        "geodesic": false,
        "type": "Point",
        "coordinates": [
          73.79862719621416,
          18.492798056592623
        ]
      },
      "properties": {
        "location_id": "unknown",
        "timestamp": "2025-04-03",
        "source": "landsat-8",
        "features": {
          "lst": 48.21049454000001
        },
        "quality": {
          "valid": true
        },
        "temporal_context": {}
      }
    },
    {
      "type": "Feature",
      "geometry": {
        "geodesic": false,
        "type": "Point",
        "coordinates": [
          73.79891131940337,
          18.492799859559735
        ]
      },
      "properties": {
        "location_id": "unknown",
        "timestamp": "2025-04-03",
        "source": "landsat-8",
        "features": {
          "lst": 47.57132480000001
        },
        "quality": {
          "valid": true
        },
        "temporal_context": {}
      }
    },
    {
      "type": "Feature",
      "geometry": {
        "geodesic": false,
        "type": "Point",
        "coordinates": [
          73.79919544262525,
          18.49280166210063
        ]
      },
      "properties": {
        "location_id": "unknown",
        "timestamp": "2025-04-03",
        "source": "landsat-8",
        "features": {
          "lst": 46.63478731999999
        },
        "quality": {
          "valid": true
        },
        "temporal_context": {}
      }
    },
    {
      "type": "Feature",
      "geometry": {
        "geodesic": false,
        "type": "Point",
        "coordinates": [
          73.79947956587979,
          18.492803464215303
        ]
      },
      "properties": {
        "location_id": "unknown",
        "timestamp": "2025-04-03",
        "source": "landsat-8",
        "features": {
          "lst": 46.01954372
        },
        "quality": {
          "valid": true
        },
        "temporal_context": {}
      }
    },
    {
      "type": "Feature",
      "geometry": {
        "geodesic": false,
        "type": "Point",
        "coordinates": [
          73.799763689167,
          18.49280526590375
        ]
      },
      "properties": {
        "location_id": "unknown",
        "timestamp": "2025-04-03",
        "source": "landsat-8",
        "features": {
          "lst": 45.47266051999998
        },
        "quality": {
          "valid": true
        },
        "temporal_context": {}
      }
    },
    {
      "type": "Feature",
      "geometry": {
        "geodesic": false,
        "type": "Point",
        "coordinates": [
          73.80004781248684,
          18.492807067165987
        ]
      },
      "properties": {
        "location_id": "unknown",
        "timestamp": "2025-04-03",
        "source": "landsat-8",
        "features": {
          "lst": 45.11718644000001
        },
        "quality": {
          "valid": true
        },
        "temporal_context": {}
      }
    },
    {
      "type": "Feature",
      "geometry": {
        "geodesic": false,
        "type": "Point",
        "coordinates": [
          73.80033193583934,
          18.492808868002
        ]
      },
      "properties": {
        "location_id": "unknown",
        "timestamp": "2025-04-03",
        "source": "landsat-8",
        "features": {
          "lst": 44.71386008000002
        },
        "quality": {
          "valid": true
        },
        "temporal_context": {}
      }
    },
    {
      "type": "Feature",
      "geometry": {
        "geodesic": false,
        "type": "Point",
        "coordinates": [
          73.80061605922445,
          18.492810668411792
        ]
      },
      "properties": {
        "location_id": "unknown",
        "timestamp": "2025-04-03",
        "source": "landsat-8",
        "features": {
          "lst": 44.55663116000005
        },
        "quality": {
          "valid": true
        },
        "temporal_context": {}
      }
    },
    {
      "type": "Feature",
      "geometry": {
        "geodesic": false,
        "type": "Point",
        "coordinates": [
          73.80090018264222,
          18.492812468395368
        ]
      },
      "properties": {
        "location_id": "unknown",
        "timestamp": "2025-04-03",
        "source": "landsat-8",
        "features": {
          "lst": 44.601065420000054
        },
        "quality": {
          "valid": true
        },
        "temporal_context": {}
      }
    },
    {
      "type": "Feature",
      "geometry": {
        "geodesic": false,
        "type": "Point",
        "coordinates": [
          73.8011843060926,
          18.492814267952717
        ]
      },
      "properties": {
        "location_id": "unknown",
        "timestamp": "2025-04-03",
        "source": "landsat-8",
        "features": {
          "lst": 45.12060445999998
        },
        "quality": {
          "valid": true
        },
        "temporal_context": {}
      }
    },
    {
      "type": "Feature",
      "geometry": {
        "geodesic": false,
        "type": "Point",
        "coordinates": [
          73.80146842957556,
          18.49281606708385
        ]
      },
      "properties": {
        "location_id": "unknown",
        "timestamp": "2025-04-03",
        "source": "landsat-8",
        "features": {
          "lst": 45.482914580000056
        },
        "quality": {
          "valid": true
        },
        "temporal_context": {}
      }
    },
    {
      "type": "Feature",
      "geometry": {
        "geodesic": false,
        "type": "Point",
        "coordinates": [
          73.80175255309115,
          18.49281786578876
        ]
      },
      "properties": {
        "location_id": "unknown",
        "timestamp": "2025-04-03",
        "source": "landsat-8",
        "features": {
          "lst": 46.08448610000005
        },
        "quality": {
          "valid": true
        },
        "temporal_context": {}
      }
    },
    {
      "type": "Feature",
      "geometry": {
        "geodesic": false,
        "type": "Point",
        "coordinates": [
          73.80203667663933,
          18.492819664067447
        ]
      },
      "properties": {
        "location_id": "unknown",
        "timestamp": "2025-04-03",
        "source": "landsat-8",
        "features": {
          "lst": 47.52347252000004
        },
        "quality": {
          "valid": true
        },
        "temporal_context": {}
      }
    },
    {
      "type": "Feature",
      "geometry": {
        "geodesic": false,
        "type": "Point",
        "coordinates": [
          73.8023208002201,
          18.492821461919917
        ]
      },
      "properties": {
        "location_id": "unknown",
        "timestamp": "2025-04-03",
        "source": "landsat-8",
        "features": {
          "lst": 48.01908542000001
        },
        "quality": {
          "valid": true
        },
        "temporal_context": {}
      }
    },
    {
      "type": "Feature",
      "geometry": {
        "geodesic": false,
        "type": "Point",
        "coordinates": [
          73.80260492383344,
          18.49282325934616
        ]
      },
      "properties": {
        "location_id": "unknown",
        "timestamp": "2025-04-03",
        "source": "landsat-8",
        "features": {
          "lst": 48.39506762000002
        },
        "quality": {
          "valid": true
        },
        "temporal_context": {}
      }
    },
    {
      "type": "Feature",
      "geometry": {
        "geodesic": false,
        "type": "Point",
        "coordinates": [
          73.80288904747937,
          18.49282505634618
        ]
      },
      "properties": {
        "location_id": "unknown",
        "timestamp": "2025-04-03",
        "source": "landsat-8",
        "features": {
          "lst": 48.59331278000002
        },
        "quality": {
          "valid": true
        },
        "temporal_context": {}
      }
    },
    {
      "type": "Feature",
      "geometry": {
        "geodesic": false,
        "type": "Point",
        "coordinates": [
          73.80317317115785,
          18.492826852919983
        ]
      },
      "properties": {
        "location_id": "unknown",
        "timestamp": "2025-04-03",
        "source": "landsat-8",
        "features": {
          "lst": 48.49760822000002
        },
        "quality": {
          "valid": true
        },
        "temporal_context": {}
      }
    },
    {
      "type": "Feature",
      "geometry": {
        "geodesic": false,
        "type": "Point",
        "coordinates": [
          73.8034572948689,
          18.492828649067558
        ]
      },
      "properties": {
        "location_id": "unknown",
        "timestamp": "2025-04-03",
        "source": "landsat-8",
        "features": {
          "lst": 48.22758464000003
        },
        "quality": {
          "valid": true
        },
        "temporal_context": {}
      }
    },
    {
      "type": "Feature",
      "geometry": {
        "geodesic": false,
        "type": "Point",
        "coordinates": [
          73.80374141861249,
          18.492830444788915
        ]
      },
      "properties": {
        "location_id": "unknown",
        "timestamp": "2025-04-03",
        "source": "landsat-8",
        "features": {
          "lst": 47.95072502000005
        },
        "quality": {
          "valid": true
        },
        "temporal_context": {}
      }
    },
    {
      "type": "Feature",
      "geometry": {
        "geodesic": false,
        "type": "Point",
        "coordinates": [
          73.80402554238863,
          18.492832240084045
        ]
      },
      "properties": {
        "location_id": "unknown",
        "timestamp": "2025-04-03",
        "source": "landsat-8",
        "features": {
          "lst": 47.62943114000001
        },
        "quality": {
          "valid": true
        },
        "temporal_context": {}
      }
    },
    {
      "type": "Feature",
      "geometry": {
        "geodesic": false,
        "type": "Point",
        "coordinates": [
          73.8043096661973,
          18.492834034952956
        ]
      },
      "properties": {
        "location_id": "unknown",
        "timestamp": "2025-04-03",
        "source": "landsat-8",
        "features": {
          "lst": 47.28421112000001
        },
        "quality": {
          "valid": true
        },
        "temporal_context": {}
      }
    },
    {
      "type": "Feature",
      "geometry": {
        "geodesic": false,
        "type": "Point",
        "coordinates": [
          73.80459379003848,
          18.49283582939564
        ]
      },
      "properties": {
        "location_id": "unknown",
        "timestamp": "2025-04-03",
        "source": "landsat-8",
        "features": {
          "lst": 46.90139288
        },
        "quality": {
          "valid": true
        },
        "temporal_context": {}
      }
    },
    {
      "type": "Feature",
      "geometry": {
        "geodesic": false,
        "type": "Point",
        "coordinates": [
          73.8048779139122,
          18.492837623412104
        ]
      },
      "properties": {
        "location_id": "unknown",
        "timestamp": "2025-04-03",
        "source": "landsat-8",
        "features": {
          "lst": 46.436542160000045
        },
        "quality": {
          "valid": true
        },
        "temporal_context": {}
      }
    },
    {
      "type": "Feature",
      "geometry": {
        "geodesic": false,
        "type": "Point",
        "coordinates": [
          73.80516203781842,
          18.492839417002344
        ]
      },
      "properties": {
        "location_id": "unknown",
        "timestamp": "2025-04-03",
        "source": "landsat-8",
        "features": {
          "lst": 45.72217598000003
        },
        "quality": {
          "valid": true
        },
        "temporal_context": {}
      }
    },
    {
      "type": "Feature",
      "geometry": {
        "geodesic": false,
        "type": "Point",
        "coordinates": [
          73.80544616175715,
          18.49284121016636
        ]
      },
      "properties": {
        "location_id": "unknown",
        "timestamp": "2025-04-03",
        "source": "landsat-8",
        "features": {
          "lst": 45.41797220000001
        },
        "quality": {
          "valid": true
        },
        "temporal_context": {}
      }
    },
    {
      "type": "Feature",
      "geometry": {
        "geodesic": false,
        "type": "Point",
        "coordinates": [
          73.80573028572836,
          18.49284300290415
        ]
      },
      "properties": {
        "location_id": "unknown",
        "timestamp": "2025-04-03",
        "source": "landsat-8",
        "features": {
          "lst": 45.12060445999998
        },
        "quality": {
          "valid": true
        },
        "temporal_context": {}
      }
    },
    {
      "type": "Feature",
      "geometry": {
        "geodesic": false,
        "type": "Point",
        "coordinates": [
          73.80601440973207,
          18.492844795215717
        ]
      },
      "properties": {
        "location_id": "unknown",
        "timestamp": "2025-04-03",
        "source": "landsat-8",
        "features": {
          "lst": 45.25048922000002
        },
        "quality": {
          "valid": true
        },
        "temporal_context": {}
      }
    },
    {
      "type": "Feature",
      "geometry": {
        "geodesic": false,
        "type": "Point",
        "coordinates": [
          73.80629853376827,
          18.492846587101056
        ]
      },
      "properties": {
        "location_id": "unknown",
        "timestamp": "2025-04-03",
        "source": "landsat-8",
        "features": {
          "lst": 44.95653950000002
        },
        "quality": {
          "valid": true
        },
        "temporal_context": {}
      }
    },
    {
      "type": "Feature",
      "geometry": {
        "geodesic": false,
        "type": "Point",
        "coordinates": [
          73.80658265783693,
          18.492848378560176
        ]
      },
      "properties": {
        "location_id": "unknown",
        "timestamp": "2025-04-03",
        "source": "landsat-8",
        "features": {
          "lst": 44.49510680000003
        },
        "quality": {
          "valid": true
        },
        "temporal_context": {}
      }
    },
    {
      "type": "Feature",
      "geometry": {
        "geodesic": false,
        "type": "Point",
        "coordinates": [
          73.80686678193804,
          18.492850169593066
        ]
      },
      "properties": {
        "location_id": "unknown",
        "timestamp": "2025-04-03",
        "source": "landsat-8",
        "features": {
          "lst": 44.026838060000046
        },
        "quality": {
          "valid": true
        },
        "temporal_context": {}
      }
    },
    {
      "type": "Feature",
      "geometry": {
        "geodesic": false,
        "type": "Point",
        "coordinates": [
          73.80715090607163,
          18.492851960199733
        ]
      },
      "properties": {
        "location_id": "unknown",
        "timestamp": "2025-04-03",
        "source": "landsat-8",
        "features": {
          "lst": 43.322725940000055
        },
        "quality": {
          "valid": true
        },
        "temporal_context": {}
      }
    },
    {
      "type": "Feature",
      "geometry": {
        "geodesic": false,
        "type": "Point",
        "coordinates": [
          73.80743503023764,
          18.49285375038017
        ]
      },
      "properties": {
        "location_id": "unknown",
        "timestamp": "2025-04-03",
        "source": "landsat-8",
        "features": {
          "lst": 42.90914552000004
        },
        "quality": {
          "valid": true
        },
        "temporal_context": {}
      }
    },
    {
      "type": "Feature",
      "geometry": {
        "geodesic": false,
        "type": "Point",
        "coordinates": [
          73.80771915443613,
          18.492855540134386
        ]
      },
      "properties": {
        "location_id": "unknown",
        "timestamp": "2025-04-03",
        "source": "landsat-8",
        "features": {
          "lst": 42.62544986
        },
        "quality": {
          "valid": true
        },
        "temporal_context": {}
      }
    },
    {
      "type": "Feature",
      "geometry": {
        "geodesic": false,
        "type": "Point",
        "coordinates": [
          73.80800327866703,
          18.492857329462378
        ]
      },
      "properties": {
        "location_id": "unknown",
        "timestamp": "2025-04-03",
        "source": "landsat-8",
        "features": {
          "lst": 42.461384899999985
        },
        "quality": {
          "valid": true
        },
        "temporal_context": {}
      }
    },
    {
      "type": "Feature",
      "geometry": {
        "geodesic": false,
        "type": "Point",
        "coordinates": [
          73.80828740293035,
          18.49285911836414
        ]
      },
      "properties": {
        "location_id": "unknown",
        "timestamp": "2025-04-03",
        "source": "landsat-8",
        "features": {
          "lst": 42.56392549999998
        },
        "quality": {
          "valid": true
        },
        "temporal_context": {}
      }
    },
    {
      "type": "Feature",
      "geometry": {
        "geodesic": false,
        "type": "Point",
        "coordinates": [
          73.80857152722609,
          18.492860906839677
        ]
      },
      "properties": {
        "location_id": "unknown",
        "timestamp": "2025-04-03",
        "source": "landsat-8",
        "features": {
          "lst": 43.20309524000004
        },
        "quality": {
          "valid": true
        },
        "temporal_context": {}
      }
    },
    {
      "type": "Feature",
      "geometry": {
        "geodesic": false,
        "type": "Point",
        "coordinates": [
          73.80885565155425,
          18.492862694888988
        ]
      },
      "properties": {
        "location_id": "unknown",
        "timestamp": "2025-04-03",
        "source": "landsat-8",
        "features": {
          "lst": 43.87644518000002
        },
        "quality": {
          "valid": true
        },
        "temporal_context": {}
      }
    },
    {
      "type": "Feature",
      "geometry": {
        "geodesic": false,
        "type": "Point",
        "coordinates": [
          73.80913977591482,
          18.492864482512072
        ]
      },
      "properties": {
        "location_id": "unknown",
        "timestamp": "2025-04-03",
        "source": "landsat-8",
        "features": {
          "lst": 43.62692972000002
        },
        "quality": {
          "valid": true
        },
        "temporal_context": {}
      }
    },
    {
      "type": "Feature",
      "geometry": {
        "geodesic": false,
        "type": "Point",
        "coordinates": [
          73.79834496339214,
          18.49252516789529
        ]
      },
      "properties": {
        "location_id": "unknown",
        "timestamp": "2025-04-03",
        "source": "landsat-8",
        "features": {
          "lst": 49.403383520000034
        },
        "quality": {
          "valid": true
        },
        "temporal_context": {}
      }
    },
    {
      "type": "Feature",
      "geometry": {
        "geodesic": false,
        "type": "Point",
        "coordinates": [
          73.79862908610197,
          18.492526971260325
        ]
      },
      "properties": {
        "location_id": "unknown",
        "timestamp": "2025-04-03",
        "source": "landsat-8",
        "features": {
          "lst": 48.863336360000005
        },
        "quality": {
          "valid": true
        },
        "temporal_context": {}
      }
    },
    {
      "type": "Feature",
      "geometry": {
        "geodesic": false,
        "type": "Point",
        "coordinates": [
          73.79891320884448,
          18.492528774199148
        ]
      },
      "properties": {
        "location_id": "unknown",
        "timestamp": "2025-04-03",
        "source": "landsat-8",
        "features": {
          "lst": 48.32670722
        },
        "quality": {
          "valid": true
        },
        "temporal_context": {}
      }
    },
    {
      "type": "Feature",
      "geometry": {
        "geodesic": false,
        "type": "Point",
        "coordinates": [
          73.79919733161967,
          18.492530576711758
        ]
      },
      "properties": {
        "location_id": "unknown",
        "timestamp": "2025-04-03",
        "source": "landsat-8",
        "features": {
          "lst": 47.54056262000006
        },
        "quality": {
          "valid": true
        },
        "temporal_context": {}
      }
    },
    {
      "type": "Feature",
      "geometry": {
        "geodesic": false,
        "type": "Point",
        "coordinates": [
          73.79948145442751,
          18.492532378798153
        ]
      },
      "properties": {
        "location_id": "unknown",
        "timestamp": "2025-04-03",
        "source": "landsat-8",
        "features": {
          "lst": 46.932155060000014
        },
        "quality": {
          "valid": true
        },
        "temporal_context": {}
      }
    },
    {
      "type": "Feature",
      "geometry": {
        "geodesic": false,
        "type": "Point",
        "coordinates": [
          73.79976557726802,
          18.49253418045834
        ]
      },
      "properties": {
        "location_id": "unknown",
        "timestamp": "2025-04-03",
        "source": "landsat-8",
        "features": {
          "lst": 46.40919800000006
        },
        "quality": {
          "valid": true
        },
        "temporal_context": {}
      }
    },
    {
      "type": "Feature",
      "geometry": {
        "geodesic": false,
        "type": "Point",
        "coordinates": [
          73.80004970014119,
          18.492535981692306
        ]
      },
      "properties": {
        "location_id": "unknown",
        "timestamp": "2025-04-03",
        "source": "landsat-8",
        "features": {
          "lst": 46.05030590000001
        },
        "quality": {
          "valid": true
        },
        "temporal_context": {}
      }
    },
    {
      "type": "Feature",
      "geometry": {
        "geodesic": false,
        "type": "Point",
        "coordinates": [
          73.80033382304698,
          18.492537782500065
        ]
      },
      "properties": {
        "location_id": "unknown",
        "timestamp": "2025-04-03",
        "source": "landsat-8",
        "features": {
          "lst": 45.69141380000002
        },
        "quality": {
          "valid": true
        },
        "temporal_context": {}
      }
    },
    {
      "type": "Feature",
      "geometry": {
        "geodesic": false,
        "type": "Point",
        "coordinates": [
          73.80061794598541,
          18.49253958288161
        ]
      },
      "properties": {
        "location_id": "unknown",
        "timestamp": "2025-04-03",
        "source": "landsat-8",
        "features": {
          "lst": 45.46924250000001
        },
        "quality": {
          "valid": true
        },
        "temporal_context": {}
      }
    },
    {
      "type": "Feature",
      "geometry": {
        "geodesic": false,
        "type": "Point",
        "coordinates": [
          73.80090206895646,
          18.49254138283694
        ]
      },
      "properties": {
        "location_id": "unknown",
        "timestamp": "2025-04-03",
        "source": "landsat-8",
        "features": {
          "lst": 45.44873438000002
        },
        "quality": {
          "valid": true
        },
        "temporal_context": {}
      }
    },
    {
      "type": "Feature",
      "geometry": {
        "geodesic": false,
        "type": "Point",
        "coordinates": [
          73.80118619196014,
          18.492543182366056
        ]
      },
      "properties": {
        "location_id": "unknown",
        "timestamp": "2025-04-03",
        "source": "landsat-8",
        "features": {
          "lst": 45.88965896000002
        },
        "quality": {
          "valid": true
        },
        "temporal_context": {}
      }
    },
    {
      "type": "Feature",
      "geometry": {
        "geodesic": false,
        "type": "Point",
        "coordinates": [
          73.80147031499642,
          18.492544981468956
        ]
      },
      "properties": {
        "location_id": "unknown",
        "timestamp": "2025-04-03",
        "source": "landsat-8",
        "features": {
          "lst": 46.241715020000015
        },
        "quality": {
          "valid": true
        },
        "temporal_context": {}
      }
    },
    {
      "type": "Feature",
      "geometry": {
        "geodesic": false,
        "type": "Point",
        "coordinates": [
          73.8017544380653,
          18.49254678014564
        ]
      },
      "properties": {
        "location_id": "unknown",
        "timestamp": "2025-04-03",
        "source": "landsat-8",
        "features": {
          "lst": 46.77492614000005
        },
        "quality": {
          "valid": true
        },
        "temporal_context": {}
      }
    },
    {
      "type": "Feature",
      "geometry": {
        "geodesic": false,
        "type": "Point",
        "coordinates": [
          73.8020385611668,
          18.492548578396114
        ]
      },
      "properties": {
        "location_id": "unknown",
        "timestamp": "2025-04-03",
        "source": "landsat-8",
        "features": {
          "lst": 48.159224240000015
        },
        "quality": {
          "valid": true
        },
        "temporal_context": {}
      }
    },
    {
      "type": "Feature",
      "geometry": {
        "geodesic": false,
        "type": "Point",
        "coordinates": [
          73.80232268430086,
          18.492550376220372
        ]
      },
      "properties": {
        "location_id": "unknown",
        "timestamp": "2025-04-03",
        "source": "landsat-8",
        "features": {
          "lst": 48.58647674000002
        },
        "quality": {
          "valid": true
        },
        "temporal_context": {}
      }
    },
    {
      "type": "Feature",
      "geometry": {
        "geodesic": false,
        "type": "Point",
        "coordinates": [
          73.80260680746753,
          18.492552173618414
        ]
      },
      "properties": {
        "location_id": "unknown",
        "timestamp": "2025-04-03",
        "source": "landsat-8",
        "features": {
          "lst": 48.90777062000001
        },
        "quality": {
          "valid": true
        },
        "temporal_context": {}
      }
    },
    {
      "type": "Feature",
      "geometry": {
        "geodesic": false,
        "type": "Point",
        "coordinates": [
          73.80289093066673,
          18.492553970590244
        ]
      },
      "properties": {
        "location_id": "unknown",
        "timestamp": "2025-04-03",
        "source": "landsat-8",
        "features": {
          "lst": 49.10601578000001
        },
        "quality": {
          "valid": true
        },
        "temporal_context": {}
      }
    },
    {
      "type": "Feature",
      "geometry": {
        "geodesic": false,
        "type": "Point",
        "coordinates": [
          73.80317505389853,
          18.49255576713585
        ]
      },
      "properties": {
        "location_id": "unknown",
        "timestamp": "2025-04-03",
        "source": "landsat-8",
        "features": {
          "lst": 49.06841756000006
        },
        "quality": {
          "valid": true
        },
        "temporal_context": {}
      }
    },
    {
      "type": "Feature",
      "geometry": {
        "geodesic": false,
        "type": "Point",
        "coordinates": [
          73.80345917716288,
          18.492557563255247
        ]
      },
      "properties": {
        "location_id": "unknown",
        "timestamp": "2025-04-03",
        "source": "landsat-8",
        "features": {
          "lst": 48.82573814
        },
        "quality": {
          "valid": true
        },
        "temporal_context": {}
      }
    },
    {
      "type": "Feature",
      "geometry": {
        "geodesic": false,
        "type": "Point",
        "coordinates": [
          73.80374330045977,
          18.492559358948427
        ]
      },
      "properties": {
        "location_id": "unknown",
        "timestamp": "2025-04-03",
        "source": "landsat-8",
        "features": {
          "lst": 48.56255060000001
        },
        "quality": {
          "valid": true
        },
        "temporal_context": {}
      }
    },
    {
      "type": "Feature",
      "geometry": {
        "geodesic": false,
        "type": "Point",
        "coordinates": [
          73.80402742378921,
          18.49256115421539
        ]
      },
      "properties": {
        "location_id": "unknown",
        "timestamp": "2025-04-03",
        "source": "landsat-8",
        "features": {
          "lst": 48.31987118000001
        },
        "quality": {
          "valid": true
        },
        "temporal_context": {}
      }
    },
    {
      "type": "Feature",
      "geometry": {
        "geodesic": false,
        "type": "Point",
        "coordinates": [
          73.80431154715117,
          18.492562949056136
        ]
      },
      "properties": {
        "location_id": "unknown",
        "timestamp": "2025-04-03",
        "source": "landsat-8",
        "features": {
          "lst": 48.008831360000045
        },
        "quality": {
          "valid": true
        },
        "temporal_context": {}
      }
    },
    {
      "type": "Feature",
      "geometry": {
        "geodesic": false,
        "type": "Point",
        "coordinates": [
          73.80459567054567,
          18.492564743470666
        ]
      },
      "properties": {
        "location_id": "unknown",
        "timestamp": "2025-04-03",
        "source": "landsat-8",
        "features": {
          "lst": 47.71146362000002
        },
        "quality": {
          "valid": true
        },
        "temporal_context": {}
      }
    },
    {
      "type": "Feature",
      "geometry": {
        "geodesic": false,
        "type": "Point",
        "coordinates": [
          73.80487979397267,
          18.49256653745898
        ]
      },
      "properties": {
        "location_id": "unknown",
        "timestamp": "2025-04-03",
        "source": "landsat-8",
        "features": {
          "lst": 47.38333369999998
        },
        "quality": {
          "valid": true
        },
        "temporal_context": {}
      }
    },
    {
      "type": "Feature",
      "geometry": {
        "geodesic": false,
        "type": "Point",
        "coordinates": [
          73.80516391743221,
          18.492568331021076
        ]
      },
      "properties": {
        "location_id": "unknown",
        "timestamp": "2025-04-03",
        "source": "landsat-8",
        "features": {
          "lst": 46.67238554000005
        },
        "quality": {
          "valid": true
        },
        "temporal_context": {}
      }
    },
    {
      "type": "Feature",
      "geometry": {
        "geodesic": false,
        "type": "Point",
        "coordinates": [
          73.80544804092423,
          18.492570124156956
        ]
      },
      "properties": {
        "location_id": "unknown",
        "timestamp": "2025-04-03",
        "source": "landsat-8",
        "features": {
          "lst": 46.323747500000025
        },
        "quality": {
          "valid": true
        },
        "temporal_context": {}
      }
    },
    {
      "type": "Feature",
      "geometry": {
        "geodesic": false,
        "type": "Point",
        "coordinates": [
          73.80573216444874,
          18.492571916866616
        ]
      },
      "properties": {
        "location_id": "unknown",
        "timestamp": "2025-04-03",
        "source": "landsat-8",
        "features": {
          "lst": 46.06739600000003
        },
        "quality": {
          "valid": true
        },
        "temporal_context": {}
      }
    },
    {
      "type": "Feature",
      "geometry": {
        "geodesic": false,
        "type": "Point",
        "coordinates": [
          73.80601628800575,
          18.492573709150058
        ]
      },
      "properties": {
        "location_id": "unknown",
        "timestamp": "2025-04-03",
        "source": "landsat-8",
        "features": {
          "lst": 46.13575639999999
        },
        "quality": {
          "valid": true
        },
        "temporal_context": {}
      }
    },
    {
      "type": "Feature",
      "geometry": {
        "geodesic": false,
        "type": "Point",
        "coordinates": [
          73.80630041159525,
          18.492575501007284
        ]
      },
      "properties": {
        "location_id": "unknown",
        "timestamp": "2025-04-03",
        "source": "landsat-8",
        "features": {
          "lst": 45.87256886
        },
        "quality": {
          "valid": true
        },
        "temporal_context": {}
      }
    },
    {
      "type": "Feature",
      "geometry": {
        "geodesic": false,
        "type": "Point",
        "coordinates": [
          73.8065845352172,
          18.49257729243829
        ]
      },
      "properties": {
        "location_id": "unknown",
        "timestamp": "2025-04-03",
        "source": "landsat-8",
        "features": {
          "lst": 45.55469300000004
        },
        "quality": {
          "valid": true
        },
        "temporal_context": {}
      }
    },
    {
      "type": "Feature",
      "geometry": {
        "geodesic": false,
        "type": "Point",
        "coordinates": [
          73.80686865887162,
          18.492579083443083
        ]
      },
      "properties": {
        "location_id": "unknown",
        "timestamp": "2025-04-03",
        "source": "landsat-8",
        "features": {
          "lst": 45.13769456
        },
        "quality": {
          "valid": true
        },
        "temporal_context": {}
      }
    },
    {
      "type": "Feature",
      "geometry": {
        "geodesic": false,
        "type": "Point",
        "coordinates": [
          73.80715278255849,
          18.49258087402165
        ]
      },
      "properties": {
        "location_id": "unknown",
        "timestamp": "2025-04-03",
        "source": "landsat-8",
        "features": {
          "lst": 44.48485274000001
        },
        "quality": {
          "valid": true
        },
        "temporal_context": {}
      }
    },
    {
      "type": "Feature",
      "geometry": {
        "geodesic": false,
        "type": "Point",
        "coordinates": [
          73.80743690627783,
          18.492582664174005
        ]
      },
      "properties": {
        "location_id": "unknown",
        "timestamp": "2025-04-03",
        "source": "landsat-8",
        "features": {
          "lst": 44.12254261999999
        },
        "quality": {
          "valid": true
        },
        "temporal_context": {}
      }
    },
    {
      "type": "Feature",
      "geometry": {
        "geodesic": false,
        "type": "Point",
        "coordinates": [
          73.8077210300296,
          18.49258445390014
        ]
      },
      "properties": {
        "location_id": "unknown",
        "timestamp": "2025-04-03",
        "source": "landsat-8",
        "features": {
          "lst": 43.736306360000015
        },
        "quality": {
          "valid": true
        },
        "temporal_context": {}
      }
    },
    {
      "type": "Feature",
      "geometry": {
        "geodesic": false,
        "type": "Point",
        "coordinates": [
          73.8080051538138,
          18.49258624320005
        ]
      },
      "properties": {
        "location_id": "unknown",
        "timestamp": "2025-04-03",
        "source": "landsat-8",
        "features": {
          "lst": 43.52438912000002
        },
        "quality": {
          "valid": true
        },
        "temporal_context": {}
      }
    },
    {
      "type": "Feature",
      "geometry": {
        "geodesic": false,
        "type": "Point",
        "coordinates": [
          73.80828927763042,
          18.492588032073748
        ]
      },
      "properties": {
        "location_id": "unknown",
        "timestamp": "2025-04-03",
        "source": "landsat-8",
        "features": {
          "lst": 43.63376576000002
        },
        "quality": {
          "valid": true
        },
        "temporal_context": {}
      }
    },
    {
      "type": "Feature",
      "geometry": {
        "geodesic": false,
        "type": "Point",
        "coordinates": [
          73.80857340147946,
          18.49258982052122
        ]
      },
      "properties": {
        "location_id": "unknown",
        "timestamp": "2025-04-03",
        "source": "landsat-8",
        "features": {
          "lst": 44.08494440000004
        },
        "quality": {
          "valid": true
        },
        "temporal_context": {}
      }
    },
    {
      "type": "Feature",
      "geometry": {
        "geodesic": false,
        "type": "Point",
        "coordinates": [
          73.80885752536092,
          18.492591608542476
        ]
      },
      "properties": {
        "location_id": "unknown",
        "timestamp": "2025-04-03",
        "source": "landsat-8",
        "features": {
          "lst": 44.638663640000004
        },
        "quality": {
          "valid": true
        },
        "temporal_context": {}
      }
    },
    {
      "type": "Feature",
      "geometry": {
        "geodesic": false,
        "type": "Point",
        "coordinates": [
          73.80914164927478,
          18.49259339613751
        ]
      },
      "properties": {
        "location_id": "unknown",
        "timestamp": "2025-04-03",
        "source": "landsat-8",
        "features": {
          "lst": 44.437000460000036
        },
        "quality": {
          "valid": true
        },
        "temporal_context": {}
      }
    },
    {
      "type": "Feature",
      "geometry": {
        "geodesic": false,
        "type": "Point",
        "coordinates": [
          73.79834685369396,
          18.49225408258335
        ]
      },
      "properties": {
        "location_id": "unknown",
        "timestamp": "2025-04-03",
        "source": "landsat-8",
        "features": {
          "lst": 49.73834948000001
        },
        "quality": {
          "valid": true
        },
        "temporal_context": {}
      }
    },
    {
      "type": "Feature",
      "geometry": {
        "geodesic": false,
        "type": "Point",
        "coordinates": [
          73.7986309759571,
          18.49225588592009
        ]
      },
      "properties": {
        "location_id": "unknown",
        "timestamp": "2025-04-03",
        "source": "landsat-8",
        "features": {
          "lst": 49.37603936000005
        },
        "quality": {
          "valid": true
        },
        "temporal_context": {}
      }
    },
    {
      "type": "Feature",
      "geometry": {
        "geodesic": false,
        "type": "Point",
        "coordinates": [
          73.79891509825292,
          18.492257688830627
        ]
      },
      "properties": {
        "location_id": "unknown",
        "timestamp": "2025-04-03",
        "source": "landsat-8",
        "features": {
          "lst": 48.87359042000003
        },
        "quality": {
          "valid": true
        },
        "temporal_context": {}
      }
    },
    {
      "type": "Feature",
      "geometry": {
        "geodesic": false,
        "type": "Point",
        "coordinates": [
          73.79919922058141,
          18.492259491314954
        ]
      },
      "properties": {
        "location_id": "unknown",
        "timestamp": "2025-04-03",
        "source": "landsat-8",
        "features": {
          "lst": 48.138716120000026
        },
        "quality": {
          "valid": true
        },
        "temporal_context": {}
      }
    },
    {
      "type": "Feature",
      "geometry": {
        "geodesic": false,
        "type": "Point",
        "coordinates": [
          73.79948334294258,
          18.492261293373073
        ]
      },
      "properties": {
        "location_id": "unknown",
        "timestamp": "2025-04-03",
        "source": "landsat-8",
        "features": {
          "lst": 47.59525094000003
        },
        "quality": {
          "valid": true
        },
        "temporal_context": {}
      }
    },
    {
      "type": "Feature",
      "geometry": {
        "geodesic": false,
        "type": "Point",
        "coordinates": [
          73.79976746533639,
          18.492263095004986
        ]
      },
      "properties": {
        "location_id": "unknown",
        "timestamp": "2025-04-03",
        "source": "landsat-8",
        "features": {
          "lst": 47.03469566000001
        },
        "quality": {
          "valid": true
        },
        "temporal_context": {}
      }
    },
    {
      "type": "Feature",
      "geometry": {
        "geodesic": false,
        "type": "Point",
        "coordinates": [
          73.80005158776287,
          18.492264896210695
        ]
      },
      "properties": {
        "location_id": "unknown",
        "timestamp": "2025-04-03",
        "source": "landsat-8",
        "features": {
          "lst": 46.62795128000005
        },
        "quality": {
          "valid": true
        },
        "temporal_context": {}
      }
    },
    {
      "type": "Feature",
      "geometry": {
        "geodesic": false,
        "type": "Point",
        "coordinates": [
          73.80033571022197,
          18.492266696990196
        ]
      },
      "properties": {
        "location_id": "unknown",
        "timestamp": "2025-04-03",
        "source": "landsat-8",
        "features": {
          "lst": 46.20411680000001
        },
        "quality": {
          "valid": true
        },
        "temporal_context": {}
      }
    },
    {
      "type": "Feature",
      "geometry": {
        "geodesic": false,
        "type": "Point",
        "coordinates": [
          73.8006198327137,
          18.492268497343492
        ]
      },
      "properties": {
        "location_id": "unknown",
        "timestamp": "2025-04-03",
        "source": "landsat-8",
        "features": {
          "lst": 46.04005184000005
        },
        "quality": {
          "valid": true
        },
        "temporal_context": {}
      }
    },
    {
      "type": "Feature",
      "geometry": {
        "geodesic": false,
        "type": "Point",
        "coordinates": [
          73.80090395523808,
          18.492270297270576
        ]
      },
      "properties": {
        "location_id": "unknown",
        "timestamp": "2025-04-03",
        "source": "landsat-8",
        "features": {
          "lst": 46.033215799999994
        },
        "quality": {
          "valid": true
        },
        "temporal_context": {}
      }
    },
    {
      "type": "Feature",
      "geometry": {
        "geodesic": false,
        "type": "Point",
        "coordinates": [
          73.80118807779508,
          18.492272096771458
        ]
      },
      "properties": {
        "location_id": "unknown",
        "timestamp": "2025-04-03",
        "source": "landsat-8",
        "features": {
          "lst": 46.46388632000003
        },
        "quality": {
          "valid": true
        },
        "temporal_context": {}
      }
    },
    {
      "type": "Feature",
      "geometry": {
        "geodesic": false,
        "type": "Point",
        "coordinates": [
          73.80147220038468,
          18.49227389584613
        ]
      },
      "properties": {
        "location_id": "unknown",
        "timestamp": "2025-04-03",
        "source": "landsat-8",
        "features": {
          "lst": 46.80910634000003
        },
        "quality": {
          "valid": true
        },
        "temporal_context": {}
      }
    },
    {
      "type": "Feature",
      "geometry": {
        "geodesic": false,
        "type": "Point",
        "coordinates": [
          73.80175632300687,
          18.492275694494595
        ]
      },
      "properties": {
        "location_id": "unknown",
        "timestamp": "2025-04-03",
        "source": "landsat-8",
        "features": {
          "lst": 47.308137260000024
        },
        "quality": {
          "valid": true
        },
        "temporal_context": {}
      }
    },
    {
      "type": "Feature",
      "geometry": {
        "geodesic": false,
        "type": "Point",
        "coordinates": [
          73.80204044566166,
          18.49227749271685
        ]
      },
      "properties": {
        "location_id": "unknown",
        "timestamp": "2025-04-03",
        "source": "landsat-8",
        "features": {
          "lst": 48.61382090000001
        },
        "quality": {
          "valid": true
        },
        "temporal_context": {}
      }
    },
    {
      "type": "Feature",
      "geometry": {
        "geodesic": false,
        "type": "Point",
        "coordinates": [
          73.80232456834905,
          18.492279290512897
        ]
      },
      "properties": {
        "location_id": "unknown",
        "timestamp": "2025-04-03",
        "source": "landsat-8",
        "features": {
          "lst": 48.94878686000004
        },
        "quality": {
          "valid": true
        },
        "temporal_context": {}
      }
    },
    {
      "type": "Feature",
      "geometry": {
        "geodesic": false,
        "type": "Point",
        "coordinates": [
          73.80260869106901,
          18.492281087882738
        ]
      },
      "properties": {
        "location_id": "unknown",
        "timestamp": "2025-04-03",
        "source": "landsat-8",
        "features": {
          "lst": 49.23248252000002
        },
        "quality": {
          "valid": true
        },
        "temporal_context": {}
      }
    },
    {
      "type": "Feature",
      "geometry": {
        "geodesic": false,
        "type": "Point",
        "coordinates": [
          73.80289281382154,
          18.492282884826366
        ]
      },
      "properties": {
        "location_id": "unknown",
        "timestamp": "2025-04-03",
        "source": "landsat-8",
        "features": {
          "lst": 49.43072768000002
        },
        "quality": {
          "valid": true
        },
        "temporal_context": {}
      }
    },
    {
      "type": "Feature",
      "geometry": {
        "geodesic": false,
        "type": "Point",
        "coordinates": [
          73.80317693660665,
          18.49228468134379
        ]
      },
      "properties": {
        "location_id": "unknown",
        "timestamp": "2025-04-03",
        "source": "landsat-8",
        "features": {
          "lst": 49.42047362000005
        },
        "quality": {
          "valid": true
        },
        "temporal_context": {}
      }
    },
    {
      "type": "Feature",
      "geometry": {
        "geodesic": false,
        "type": "Point",
        "coordinates": [
          73.8034610594243,
          18.492286477435
        ]
      },
      "properties": {
        "location_id": "unknown",
        "timestamp": "2025-04-03",
        "source": "landsat-8",
        "features": {
          "lst": 49.290588860000014
        },
        "quality": {
          "valid": true
        },
        "temporal_context": {}
      }
    },
    {
      "type": "Feature",
      "geometry": {
        "geodesic": false,
        "type": "Point",
        "coordinates": [
          73.8037451822745,
          18.4922882731
        ]
      },
      "properties": {
        "location_id": "unknown",
        "timestamp": "2025-04-03",
        "source": "landsat-8",
        "features": {
          "lst": 49.10259775999998
        },
        "quality": {
          "valid": true
        },
        "temporal_context": {}
      }
    },
    {
      "type": "Feature",
      "geometry": {
        "geodesic": false,
        "type": "Point",
        "coordinates": [
          73.80402930515724,
          18.492290068338797
        ]
      },
      "properties": {
        "location_id": "unknown",
        "timestamp": "2025-04-03",
        "source": "landsat-8",
        "features": {
          "lst": 48.93853280000002
        },
        "quality": {
          "valid": true
        },
        "temporal_context": {}
      }
    },
    {
      "type": "Feature",
      "geometry": {
        "geodesic": false,
        "type": "Point",
        "coordinates": [
          73.80431342807252,
          18.492291863151383
        ]
      },
      "properties": {
        "location_id": "unknown",
        "timestamp": "2025-04-03",
        "source": "landsat-8",
        "features": {
          "lst": 48.73345160000002
        },
        "quality": {
          "valid": true
        },
        "temporal_context": {}
      }
    },
    {
      "type": "Feature",
      "geometry": {
        "geodesic": false,
        "type": "Point",
        "coordinates": [
          73.80459755102032,
          18.492293657537754
        ]
      },
      "properties": {
        "location_id": "unknown",
        "timestamp": "2025-04-03",
        "source": "landsat-8",
        "features": {
          "lst": 48.483936140000026
        },
        "quality": {
          "valid": true
        },
        "temporal_context": {}
      }
    },
    {
      "type": "Feature",
      "geometry": {
        "geodesic": false,
        "type": "Point",
        "coordinates": [
          73.80488167400064,
          18.49229545149792
        ]
      },
      "properties": {
        "location_id": "unknown",
        "timestamp": "2025-04-03",
        "source": "landsat-8",
        "features": {
          "lst": 48.224166620000005
        },
        "quality": {
          "valid": true
        },
        "temporal_context": {}
      }
    },
    {
      "type": "Feature",
      "geometry": {
        "geodesic": false,
        "type": "Point",
        "coordinates": [
          73.80516579701347,
          18.49229724503187
        ]
      },
      "properties": {
        "location_id": "unknown",
        "timestamp": "2025-04-03",
        "source": "landsat-8",
        "features": {
          "lst": 47.54739866
        },
        "quality": {
          "valid": true
        },
        "temporal_context": {}
      }
    },
    {
      "type": "Feature",
      "geometry": {
        "geodesic": false,
        "type": "Point",
        "coordinates": [
          73.8054499200588,
          18.492299038139617
        ]
      },
      "properties": {
        "location_id": "unknown",
        "timestamp": "2025-04-03",
        "source": "landsat-8",
        "features": {
          "lst": 47.15090834
        },
        "quality": {
          "valid": true
        },
        "temporal_context": {}
      }
    },
    {
      "type": "Feature",
      "geometry": {
        "geodesic": false,
        "type": "Point",
        "coordinates": [
          73.80573404313664,
          18.492300830821147
        ]
      },
      "properties": {
        "location_id": "unknown",
        "timestamp": "2025-04-03",
        "source": "landsat-8",
        "features": {
          "lst": 46.79543425999998
        },
        "quality": {
          "valid": true
        },
        "temporal_context": {}
      }
    },
    {
      "type": "Feature",
      "geometry": {
        "geodesic": false,
        "type": "Point",
        "coordinates": [
          73.80601816624696,
          18.49230262307647
        ]
      },
      "properties": {
        "location_id": "unknown",
        "timestamp": "2025-04-03",
        "source": "landsat-8",
        "features": {
          "lst": 46.88772080000001
        },
        "quality": {
          "valid": true
        },
        "temporal_context": {}
      }
    },
    {
      "type": "Feature",
      "geometry": {
        "geodesic": false,
        "type": "Point",
        "coordinates": [
          73.80630228938975,
          18.49230441490558
        ]
      },
      "properties": {
        "location_id": "unknown",
        "timestamp": "2025-04-03",
        "source": "landsat-8",
        "features": {
          "lst": 46.70656574000003
        },
        "quality": {
          "valid": true
        },
        "temporal_context": {}
      }
    },
    {
      "type": "Feature",
      "geometry": {
        "geodesic": false,
        "type": "Point",
        "coordinates": [
          73.80658641256501,
          18.492306206308477
        ]
      },
      "properties": {
        "location_id": "unknown",
        "timestamp": "2025-04-03",
        "source": "landsat-8",
        "features": {
          "lst": 46.54933682000001
        },
        "quality": {
          "valid": true
        },
        "temporal_context": {}
      }
    },
    {
      "type": "Feature",
      "geometry": {
        "geodesic": false,
        "type": "Point",
        "coordinates": [
          73.80687053577273,
          18.492307997285167
        ]
      },
      "properties": {
        "location_id": "unknown",
        "timestamp": "2025-04-03",
        "source": "landsat-8",
        "features": {
          "lst": 46.34767364000004
        },
        "quality": {
          "valid": true
        },
        "temporal_context": {}
      }
    },
    {
      "type": "Feature",
      "geometry": {
        "geodesic": false,
        "type": "Point",
        "coordinates": [
          73.80715465901292,
          18.49230978783564
        ]
      },
      "properties": {
        "location_id": "unknown",
        "timestamp": "2025-04-03",
        "source": "landsat-8",
        "features": {
          "lst": 45.76661023999998
        },
        "quality": {
          "valid": true
        },
        "temporal_context": {}
      }
    },
    {
      "type": "Feature",
      "geometry": {
        "geodesic": false,
        "type": "Point",
        "coordinates": [
          73.80743878228556,
          18.492311577959903
        ]
      },
      "properties": {
        "location_id": "unknown",
        "timestamp": "2025-04-03",
        "source": "landsat-8",
        "features": {
          "lst": 45.51709477999998
        },
        "quality": {
          "valid": true
        },
        "temporal_context": {}
      }
    },
    {
      "type": "Feature",
      "geometry": {
        "geodesic": false,
        "type": "Point",
        "coordinates": [
          73.80772290559064,
          18.492313367657953
        ]
      },
      "properties": {
        "location_id": "unknown",
        "timestamp": "2025-04-03",
        "source": "landsat-8",
        "features": {
          "lst": 45.243653180000024
        },
        "quality": {
          "valid": true
        },
        "temporal_context": {}
      }
    },
    {
      "type": "Feature",
      "geometry": {
        "geodesic": false,
        "type": "Point",
        "coordinates": [
          73.80800702892815,
          18.492315156929795
        ]
      },
      "properties": {
        "location_id": "unknown",
        "timestamp": "2025-04-03",
        "source": "landsat-8",
        "features": {
          "lst": 44.8881791
        },
        "quality": {
          "valid": true
        },
        "temporal_context": {}
      }
    },
    {
      "type": "Feature",
      "geometry": {
        "geodesic": false,
        "type": "Point",
        "coordinates": [
          73.80829115229807,
          18.492316945775418
        ]
      },
      "properties": {
        "location_id": "unknown",
        "timestamp": "2025-04-03",
        "source": "landsat-8",
        "features": {
          "lst": 44.754876319999994
        },
        "quality": {
          "valid": true
        },
        "temporal_context": {}
      }
    },
    {
      "type": "Feature",
      "geometry": {
        "geodesic": false,
        "type": "Point",
        "coordinates": [
          73.80857527570042,
          18.492318734194832
        ]
      },
      "properties": {
        "location_id": "unknown",
        "timestamp": "2025-04-03",
        "source": "landsat-8",
        "features": {
          "lst": 44.80614662000005
        },
        "quality": {
          "valid": true
        },
        "temporal_context": {}
      }
    },
    {
      "type": "Feature",
      "geometry": {
        "geodesic": false,
        "type": "Point",
        "coordinates": [
          73.80885939913517,
          18.49232052218803
        ]
      },
      "properties": {
        "location_id": "unknown",
        "timestamp": "2025-04-03",
        "source": "landsat-8",
        "features": {
          "lst": 45.018063859999984
        },
        "quality": {
          "valid": true
        },
        "temporal_context": {}
      }
    },
    {
      "type": "Feature",
      "geometry": {
        "geodesic": false,
        "type": "Point",
        "coordinates": [
          73.80914352260234,
          18.492322309755014
        ]
      },
      "properties": {
        "location_id": "unknown",
        "timestamp": "2025-04-03",
        "source": "landsat-8",
        "features": {
          "lst": 44.717278100000044
        },
        "quality": {
          "valid": true
        },
        "temporal_context": {}
      }
    },
    {
      "type": "Feature",
      "geometry": {
        "geodesic": false,
        "type": "Point",
        "coordinates": [
          73.79834874396307,
          18.49198299726347
        ]
      },
      "properties": {
        "location_id": "unknown",
        "timestamp": "2025-04-03",
        "source": "landsat-8",
        "features": {
          "lst": 49.813545920000024
        },
        "quality": {
          "valid": true
        },
        "temporal_context": {}
      }
    },
    {
      "type": "Feature",
      "geometry": {
        "geodesic": false,
        "type": "Point",
        "coordinates": [
          73.79863286577954,
          18.491984800571913
        ]
      },
      "properties": {
        "location_id": "unknown",
        "timestamp": "2025-04-03",
        "source": "landsat-8",
        "features": {
          "lst": 49.56061244
        },
        "quality": {
          "valid": true
        },
        "temporal_context": {}
      }
    },
    {
      "type": "Feature",
      "geometry": {
        "geodesic": false,
        "type": "Point",
        "coordinates": [
          73.79891698762869,
          18.491986603454155
        ]
      },
      "properties": {
        "location_id": "unknown",
        "timestamp": "2025-04-03",
        "source": "landsat-8",
        "features": {
          "lst": 49.16070410000003
        },
        "quality": {
          "valid": true
        },
        "temporal_context": {}
      }
    },
    {
      "type": "Feature",
      "geometry": {
        "geodesic": false,
        "type": "Point",
        "coordinates": [
          73.7992011095105,
          18.4919884059102
        ]
      },
      "properties": {
        "location_id": "unknown",
        "timestamp": "2025-04-03",
        "source": "landsat-8",
        "features": {
          "lst": 48.47710010000003
        },
        "quality": {
          "valid": true
        },
        "temporal_context": {}
      }
    },
    {
      "type": "Feature",
      "geometry": {
        "geodesic": false,
        "type": "Point",
        "coordinates": [
          73.79948523142498,
          18.491990207940045
        ]
      },
      "properties": {
        "location_id": "unknown",
        "timestamp": "2025-04-03",
        "source": "landsat-8",
        "features": {
          "lst": 47.899454719999994
        },
        "quality": {
          "valid": true
        },
        "temporal_context": {}
      }
    },
    {
      "type": "Feature",
      "geometry": {
        "geodesic": false,
        "type": "Point",
        "coordinates": [
          73.79976935337213,
          18.49199200954369
        ]
      },
      "properties": {
        "location_id": "unknown",
        "timestamp": "2025-04-03",
        "source": "landsat-8",
        "features": {
          "lst": 47.27053904000002
        },
        "quality": {
          "valid": true
        },
        "temporal_context": {}
      }
    },
    {
      "type": "Feature",
      "geometry": {
        "geodesic": false,
        "type": "Point",
        "coordinates": [
          73.80005347535192,
          18.491993810721137
        ]
      },
      "properties": {
        "location_id": "unknown",
        "timestamp": "2025-04-03",
        "source": "landsat-8",
        "features": {
          "lst": 46.86037664000003
        },
        "quality": {
          "valid": true
        },
        "temporal_context": {}
      }
    },
    {
      "type": "Feature",
      "geometry": {
        "geodesic": false,
        "type": "Point",
        "coordinates": [
          73.80033759736435,
          18.49199561147238
        ]
      },
      "properties": {
        "location_id": "unknown",
        "timestamp": "2025-04-03",
        "source": "landsat-8",
        "features": {
          "lst": 46.53224671999999
        },
        "quality": {
          "valid": true
        },
        "temporal_context": {}
      }
    },
    {
      "type": "Feature",
      "geometry": {
        "geodesic": false,
        "type": "Point",
        "coordinates": [
          73.8006217194094,
          18.491997411797424
        ]
      },
      "properties": {
        "location_id": "unknown",
        "timestamp": "2025-04-03",
        "source": "landsat-8",
        "features": {
          "lst": 46.42970611999999
        },
        "quality": {
          "valid": true
        },
        "temporal_context": {}
      }
    },
    {
      "type": "Feature",
      "geometry": {
        "geodesic": false,
        "type": "Point",
        "coordinates": [
          73.8009058414871,
          18.49199921169627
        ]
      },
      "properties": {
        "location_id": "unknown",
        "timestamp": "2025-04-03",
        "source": "landsat-8",
        "features": {
          "lst": 46.470722360000025
        },
        "quality": {
          "valid": true
        },
        "temporal_context": {}
      }
    },
    {
      "type": "Feature",
      "geometry": {
        "geodesic": false,
        "type": "Point",
        "coordinates": [
          73.8011899635974,
          18.492001011168913
        ]
      },
      "properties": {
        "location_id": "unknown",
        "timestamp": "2025-04-03",
        "source": "landsat-8",
        "features": {
          "lst": 46.90481090000003
        },
        "quality": {
          "valid": true
        },
        "temporal_context": {}
      }
    },
    {
      "type": "Feature",
      "geometry": {
        "geodesic": false,
        "type": "Point",
        "coordinates": [
          73.80147408574031,
          18.492002810215357
        ]
      },
      "properties": {
        "location_id": "unknown",
        "timestamp": "2025-04-03",
        "source": "landsat-8",
        "features": {
          "lst": 47.21926874000002
        },
        "quality": {
          "valid": true
        },
        "temporal_context": {}
      }
    },
    {
      "type": "Feature",
      "geometry": {
        "geodesic": false,
        "type": "Point",
        "coordinates": [
          73.80175820791582,
          18.492004608835597
        ]
      },
      "properties": {
        "location_id": "unknown",
        "timestamp": "2025-04-03",
        "source": "landsat-8",
        "features": {
          "lst": 47.64652124000003
        },
        "quality": {
          "valid": true
        },
        "temporal_context": {}
      }
    },
    {
      "type": "Feature",
      "geometry": {
        "geodesic": false,
        "type": "Point",
        "coordinates": [
          73.80204233012395,
          18.49200640702964
        ]
      },
      "properties": {
        "location_id": "unknown",
        "timestamp": "2025-04-03",
        "source": "landsat-8",
        "features": {
          "lst": 48.82573814
        },
        "quality": {
          "valid": true
        },
        "temporal_context": {}
      }
    },
    {
      "type": "Feature",
      "geometry": {
        "geodesic": false,
        "type": "Point",
        "coordinates": [
          73.80232645236464,
          18.492008204797475
        ]
      },
      "properties": {
        "location_id": "unknown",
        "timestamp": "2025-04-03",
        "source": "landsat-8",
        "features": {
          "lst": 49.05816349999998
        },
        "quality": {
          "valid": true
        },
        "temporal_context": {}
      }
    },
    {
      "type": "Feature",
      "geometry": {
        "geodesic": false,
        "type": "Point",
        "coordinates": [
          73.80261057463792,
          18.49201000213911
        ]
      },
      "properties": {
        "location_id": "unknown",
        "timestamp": "2025-04-03",
        "source": "landsat-8",
        "features": {
          "lst": 49.287170840000044
        },
        "quality": {
          "valid": true
        },
        "temporal_context": {}
      }
    },
    {
      "type": "Feature",
      "geometry": {
        "geodesic": false,
        "type": "Point",
        "coordinates": [
          73.80289469694378,
          18.49201179905455
        ]
      },
      "properties": {
        "location_id": "unknown",
        "timestamp": "2025-04-03",
        "source": "landsat-8",
        "features": {
          "lst": 49.47857996000005
        },
        "quality": {
          "valid": true
        },
        "temporal_context": {}
      }
    },
    {
      "type": "Feature",
      "geometry": {
        "geodesic": false,
        "type": "Point",
        "coordinates": [
          73.8031788192822,
          18.492013595543778
        ]
      },
      "properties": {
        "location_id": "unknown",
        "timestamp": "2025-04-03",
        "source": "landsat-8",
        "features": {
          "lst": 49.550358380000034
        },
        "quality": {
          "valid": true
        },
        "temporal_context": {}
      }
    },
    {
      "type": "Feature",
      "geometry": {
        "geodesic": false,
        "type": "Point",
        "coordinates": [
          73.80346294165318,
          18.49201539160681
        ]
      },
      "properties": {
        "location_id": "unknown",
        "timestamp": "2025-04-03",
        "source": "landsat-8",
        "features": {
          "lst": 49.52985025999999
        },
        "quality": {
          "valid": true
        },
        "temporal_context": {}
      }
    },
    {
      "type": "Feature",
      "geometry": {
        "geodesic": false,
        "type": "Point",
        "coordinates": [
          73.80374706405668,
          18.492017187243636
        ]
      },
      "properties": {
        "location_id": "unknown",
        "timestamp": "2025-04-03",
        "source": "landsat-8",
        "features": {
          "lst": 49.451235800000006
        },
        "quality": {
          "valid": true
        },
        "temporal_context": {}
      }
    },
    {
      "type": "Feature",
      "geometry": {
        "geodesic": false,
        "type": "Point",
        "coordinates": [
          73.80403118649275,
          18.492018982454262
        ]
      },
      "properties": {
        "location_id": "unknown",
        "timestamp": "2025-04-03",
        "source": "landsat-8",
        "features": {
          "lst": 49.37262134000002
        },
        "quality": {
          "valid": true
        },
        "temporal_context": {}
      }
    },
    {
      "type": "Feature",
      "geometry": {
        "geodesic": false,
        "type": "Point",
        "coordinates": [
          73.80431530896135,
          18.492020777238682
        ]
      },
      "properties": {
        "location_id": "unknown",
        "timestamp": "2025-04-03",
        "source": "landsat-8",
        "features": {
          "lst": 49.24957261999998
        },
        "quality": {
          "valid": true
        },
        "temporal_context": {}
      }
    },
    {
      "type": "Feature",
      "geometry": {
        "geodesic": false,
        "type": "Point",
        "coordinates": [
          73.80459943146246,
          18.4920225715969
        ]
      },
      "properties": {
        "location_id": "unknown",
        "timestamp": "2025-04-03",
        "source": "landsat-8",
        "features": {
          "lst": 49.08892567999999
        },
        "quality": {
          "valid": true
        },
        "temporal_context": {}
      }
    },
    {
      "type": "Feature",
      "geometry": {
        "geodesic": false,
        "type": "Point",
        "coordinates": [
          73.80488355399609,
          18.492024365528916
        ]
      },
      "properties": {
        "location_id": "unknown",
        "timestamp": "2025-04-03",
        "source": "landsat-8",
        "features": {
          "lst": 48.90777062000001
        },
        "quality": {
          "valid": true
        },
        "temporal_context": {}
      }
    },
    {
      "type": "Feature",
      "geometry": {
        "geodesic": false,
        "type": "Point",
        "coordinates": [
          73.80516767656225,
          18.49202615903473
        ]
      },
      "properties": {
        "location_id": "unknown",
        "timestamp": "2025-04-03",
        "source": "landsat-8",
        "features": {
          "lst": 48.27885494000003
        },
        "quality": {
          "valid": true
        },
        "temporal_context": {}
      }
    },
    {
      "type": "Feature",
      "geometry": {
        "geodesic": false,
        "type": "Point",
        "coordinates": [
          73.80545179916089,
          18.492027952114334
        ]
      },
      "properties": {
        "location_id": "unknown",
        "timestamp": "2025-04-03",
        "source": "landsat-8",
        "features": {
          "lst": 47.861856500000044
        },
        "quality": {
          "valid": true
        },
        "temporal_context": {}
      }
    },
    {
      "type": "Feature",
      "geometry": {
        "geodesic": false,
        "type": "Point",
        "coordinates": [
          73.80573592179204,
          18.492029744767738
        ]
      },
      "properties": {
        "location_id": "unknown",
        "timestamp": "2025-04-03",
        "source": "landsat-8",
        "features": {
          "lst": 47.39358776000006
        },
        "quality": {
          "valid": true
        },
        "temporal_context": {}
      }
    },
    {
      "type": "Feature",
      "geometry": {
        "geodesic": false,
        "type": "Point",
        "coordinates": [
          73.80602004445566,
          18.492031536994936
        ]
      },
      "properties": {
        "location_id": "unknown",
        "timestamp": "2025-04-03",
        "source": "landsat-8",
        "features": {
          "lst": 47.42434994000001
        },
        "quality": {
          "valid": true
        },
        "temporal_context": {}
      }
    },
    {
      "type": "Feature",
      "geometry": {
        "geodesic": false,
        "type": "Point",
        "coordinates": [
          73.80630416715178,
          18.49203332879593
        ]
      },
      "properties": {
        "location_id": "unknown",
        "timestamp": "2025-04-03",
        "source": "landsat-8",
        "features": {
          "lst": 47.23294082000001
        },
        "quality": {
          "valid": true
        },
        "temporal_context": {}
      }
    },
    {
      "type": "Feature",
      "geometry": {
        "geodesic": false,
        "type": "Point",
        "coordinates": [
          73.80658828988037,
          18.49203512017072
        ]
      },
      "properties": {
        "location_id": "unknown",
        "timestamp": "2025-04-03",
        "source": "landsat-8",
        "features": {
          "lst": 47.09622002000003
        },
        "quality": {
          "valid": true
        },
        "temporal_context": {}
      }
    },
    {
      "type": "Feature",
      "geometry": {
        "geodesic": false,
        "type": "Point",
        "coordinates": [
          73.80687241264141,
          18.492036911119307
        ]
      },
      "properties": {
        "location_id": "unknown",
        "timestamp": "2025-04-03",
        "source": "landsat-8",
        "features": {
          "lst": 47.01076952000005
        },
        "quality": {
          "valid": true
        },
        "temporal_context": {}
      }
    },
    {
      "type": "Feature",
      "geometry": {
        "geodesic": false,
        "type": "Point",
        "coordinates": [
          73.80715653543491,
          18.492038701641686
        ]
      },
      "properties": {
        "location_id": "unknown",
        "timestamp": "2025-04-03",
        "source": "landsat-8",
        "features": {
          "lst": 46.65529544000003
        },
        "quality": {
          "valid": true
        },
        "temporal_context": {}
      }
    },
    {
      "type": "Feature",
      "geometry": {
        "geodesic": false,
        "type": "Point",
        "coordinates": [
          73.80744065826086,
          18.49204049173786
        ]
      },
      "properties": {
        "location_id": "unknown",
        "timestamp": "2025-04-03",
        "source": "landsat-8",
        "features": {
          "lst": 46.52541068000005
        },
        "quality": {
          "valid": true
        },
        "temporal_context": {}
      }
    },
    {
      "type": "Feature",
      "geometry": {
        "geodesic": false,
        "type": "Point",
        "coordinates": [
          73.80772478111923,
          18.49204228140783
        ]
      },
      "properties": {
        "location_id": "unknown",
        "timestamp": "2025-04-03",
        "source": "landsat-8",
        "features": {
          "lst": 46.37159978
        },
        "quality": {
          "valid": true
        },
        "temporal_context": {}
      }
    },
    {
      "type": "Feature",
      "geometry": {
        "geodesic": false,
        "type": "Point",
        "coordinates": [
          73.80800890401007,
          18.49204407065159
        ]
      },
      "properties": {
        "location_id": "unknown",
        "timestamp": "2025-04-03",
        "source": "landsat-8",
        "features": {
          "lst": 46.07081402000006
        },
        "quality": {
          "valid": true
        },
        "temporal_context": {}
      }
    },
    {
      "type": "Feature",
      "geometry": {
        "geodesic": false,
        "type": "Point",
        "coordinates": [
          73.80829302693331,
          18.492045859469147
        ]
      },
      "properties": {
        "location_id": "unknown",
        "timestamp": "2025-04-03",
        "source": "landsat-8",
        "features": {
          "lst": 45.65039755999999
        },
        "quality": {
          "valid": true
        },
        "temporal_context": {}
      }
    },
    {
      "type": "Feature",
      "geometry": {
        "geodesic": false,
        "type": "Point",
        "coordinates": [
          73.80857714988896,
          18.4920476478605
        ]
      },
      "properties": {
        "location_id": "unknown",
        "timestamp": "2025-04-03",
        "source": "landsat-8",
        "features": {
          "lst": 45.305177540000045
        },
        "quality": {
          "valid": true
        },
        "temporal_context": {}
      }
    },
    {
      "type": "Feature",
      "geometry": {
        "geodesic": false,
        "type": "Point",
        "coordinates": [
          73.80886127287704,
          18.492049435825642
        ]
      },
      "properties": {
        "location_id": "unknown",
        "timestamp": "2025-04-03",
        "source": "landsat-8",
        "features": {
          "lst": 45.15478466000002
        },
        "quality": {
          "valid": true
        },
        "temporal_context": {}
      }
    },
    {
      "type": "Feature",
      "geometry": {
        "geodesic": false,
        "type": "Point",
        "coordinates": [
          73.80914539589752,
          18.49205122336458
        ]
      },
      "properties": {
        "location_id": "unknown",
        "timestamp": "2025-04-03",
        "source": "landsat-8",
        "features": {
          "lst": 44.68309790000001
        },
        "quality": {
          "valid": true
        },
        "temporal_context": {}
      }
    },
    {
      "type": "Feature",
      "geometry": {
        "geodesic": false,
        "type": "Point",
        "coordinates": [
          73.79835063419952,
          18.491711911935656
        ]
      },
      "properties": {
        "location_id": "unknown",
        "timestamp": "2025-04-03",
        "source": "landsat-8",
        "features": {
          "lst": 49.51276016000003
        },
        "quality": {
          "valid": true
        },
        "temporal_context": {}
      }
    },
    {
      "type": "Feature",
      "geometry": {
        "geodesic": false,
        "type": "Point",
        "coordinates": [
          73.79863475556931,
          18.491713715215802
        ]
      },
      "properties": {
        "location_id": "unknown",
        "timestamp": "2025-04-03",
        "source": "landsat-8",
        "features": {
          "lst": 49.36920332
        },
        "quality": {
          "valid": true
        },
        "temporal_context": {}
      }
    },
    {
      "type": "Feature",
      "geometry": {
        "geodesic": false,
        "type": "Point",
        "coordinates": [
          73.79891887697178,
          18.491715518069757
        ]
      },
      "properties": {
        "location_id": "unknown",
        "timestamp": "2025-04-03",
        "source": "landsat-8",
        "features": {
          "lst": 49.08892567999999
        },
        "quality": {
          "valid": true
        },
        "temporal_context": {}
      }
    },
    {
      "type": "Feature",
      "geometry": {
        "geodesic": false,
        "type": "Point",
        "coordinates": [
          73.79920299840693,
          18.491717320497518
        ]
      },
      "properties": {
        "location_id": "unknown",
        "timestamp": "2025-04-03",
        "source": "landsat-8",
        "features": {
          "lst": 48.49760822000002
        },
        "quality": {
          "valid": true
        },
        "temporal_context": {}
      }
    },
    {
      "type": "Feature",
      "geometry": {
        "geodesic": false,
        "type": "Point",
        "coordinates": [
          73.79948711987474,
          18.491719122499088
        ]
      },
      "properties": {
        "location_id": "unknown",
        "timestamp": "2025-04-03",
        "source": "landsat-8",
        "features": {
          "lst": 47.92338086000001
        },
        "quality": {
          "valid": true
        },
        "temporal_context": {}
      }
    },
    {
      "type": "Feature",
      "geometry": {
        "geodesic": false,
        "type": "Point",
        "coordinates": [
          73.79977124137521,
          18.491720924074464
        ]
      },
      "properties": {
        "location_id": "unknown",
        "timestamp": "2025-04-03",
        "source": "landsat-8",
        "features": {
          "lst": 47.2978832
        },
        "quality": {
          "valid": true
        },
        "temporal_context": {}
      }
    },
    {
      "type": "Feature",
      "geometry": {
        "geodesic": false,
        "type": "Point",
        "coordinates": [
          73.80005536290832,
          18.491722725223646
        ]
      },
      "properties": {
        "location_id": "unknown",
        "timestamp": "2025-04-03",
        "source": "landsat-8",
        "features": {
          "lst": 46.95608120000003
        },
        "quality": {
          "valid": true
        },
        "temporal_context": {}
      }
    },
    {
      "type": "Feature",
      "geometry": {
        "geodesic": false,
        "type": "Point",
        "coordinates": [
          73.80033948447408,
          18.491724525946633
        ]
      },
      "properties": {
        "location_id": "unknown",
        "timestamp": "2025-04-03",
        "source": "landsat-8",
        "features": {
          "lst": 46.77834416000002
        },
        "quality": {
          "valid": true
        },
        "temporal_context": {}
      }
    },
    {
      "type": "Feature",
      "geometry": {
        "geodesic": false,
        "type": "Point",
        "coordinates": [
          73.80062360607246,
          18.491726326243427
        ]
      },
      "properties": {
        "location_id": "unknown",
        "timestamp": "2025-04-03",
        "source": "landsat-8",
        "features": {
          "lst": 46.750999999999976
        },
        "quality": {
          "valid": true
        },
        "temporal_context": {}
      }
    },
    {
      "type": "Feature",
      "geometry": {
        "geodesic": false,
        "type": "Point",
        "coordinates": [
          73.80090772770349,
          18.49172812611403
        ]
      },
      "properties": {
        "location_id": "unknown",
        "timestamp": "2025-04-03",
        "source": "landsat-8",
        "features": {
          "lst": 46.815942380000024
        },
        "quality": {
          "valid": true
        },
        "temporal_context": {}
      }
    },
    {
      "type": "Feature",
      "geometry": {
        "geodesic": false,
        "type": "Point",
        "coordinates": [
          73.80119184936711,
          18.491729925558438
        ]
      },
      "properties": {
        "location_id": "unknown",
        "timestamp": "2025-04-03",
        "source": "landsat-8",
        "features": {
          "lst": 47.21243270000002
        },
        "quality": {
          "valid": true
        },
        "temporal_context": {}
      }
    },
    {
      "type": "Feature",
      "geometry": {
        "geodesic": false,
        "type": "Point",
        "coordinates": [
          73.80147597106337,
          18.49173172457665
        ]
      },
      "properties": {
        "location_id": "unknown",
        "timestamp": "2025-04-03",
        "source": "landsat-8",
        "features": {
          "lst": 47.49271034000003
        },
        "quality": {
          "valid": true
        },
        "temporal_context": {}
      }
    },
    {
      "type": "Feature",
      "geometry": {
        "geodesic": false,
        "type": "Point",
        "coordinates": [
          73.80176009279221,
          18.49173352316867
        ]
      },
      "properties": {
        "location_id": "unknown",
        "timestamp": "2025-04-03",
        "source": "landsat-8",
        "features": {
          "lst": 47.80716818000002
        },
        "quality": {
          "valid": true
        },
        "temporal_context": {}
      }
    },
    {
      "type": "Feature",
      "geometry": {
        "geodesic": false,
        "type": "Point",
        "coordinates": [
          73.80204421455365,
          18.491735321334495
        ]
      },
      "properties": {
        "location_id": "unknown",
        "timestamp": "2025-04-03",
        "source": "landsat-8",
        "features": {
          "lst": 48.767631800000004
        },
        "quality": {
          "valid": true
        },
        "temporal_context": {}
      }
    },
    {
      "type": "Feature",
      "geometry": {
        "geodesic": false,
        "type": "Point",
        "coordinates": [
          73.80232833634767,
          18.491737119074124
        ]
      },
      "properties": {
        "location_id": "unknown",
        "timestamp": "2025-04-03",
        "source": "landsat-8",
        "features": {
          "lst": 48.84282824000002
        },
        "quality": {
          "valid": true
        },
        "temporal_context": {}
      }
    },
    {
      "type": "Feature",
      "geometry": {
        "geodesic": false,
        "type": "Point",
        "coordinates": [
          73.80261245817428,
          18.491738916387558
        ]
      },
      "properties": {
        "location_id": "unknown",
        "timestamp": "2025-04-03",
        "source": "landsat-8",
        "features": {
          "lst": 48.94878686000004
        },
        "quality": {
          "valid": true
        },
        "temporal_context": {}
      }
    },
    {
      "type": "Feature",
      "geometry": {
        "geodesic": false,
        "type": "Point",
        "coordinates": [
          73.80289658003346,
          18.491740713274798
        ]
      },
      "properties": {
        "location_id": "unknown",
        "timestamp": "2025-04-03",
        "source": "landsat-8",
        "features": {
          "lst": 49.10943380000003
        },
        "quality": {
          "valid": true
        },
        "temporal_context": {}
      }
    },
    {
      "type": "Feature",
      "geometry": {
        "geodesic": false,
        "type": "Point",
        "coordinates": [
          73.8031807019252,
          18.49174250973584
        ]
      },
      "properties": {
        "location_id": "unknown",
        "timestamp": "2025-04-03",
        "source": "landsat-8",
        "features": {
          "lst": 49.24957261999998
        },
        "quality": {
          "valid": true
        },
        "temporal_context": {}
      }
    },
    {
      "type": "Feature",
      "geometry": {
        "geodesic": false,
        "type": "Point",
        "coordinates": [
          73.8034648238495,
          18.491744305770688
        ]
      },
      "properties": {
        "location_id": "unknown",
        "timestamp": "2025-04-03",
        "source": "landsat-8",
        "features": {
          "lst": 49.37262134000002
        },
        "quality": {
          "valid": true
        },
        "temporal_context": {}
      }
    },
    {
      "type": "Feature",
      "geometry": {
        "geodesic": false,
        "type": "Point",
        "coordinates": [
          73.80374894580635,
          18.49174610137934
        ]
      },
      "properties": {
        "location_id": "unknown",
        "timestamp": "2025-04-03",
        "source": "landsat-8",
        "features": {
          "lst": 49.39996550000001
        },
        "quality": {
          "valid": true
        },
        "temporal_context": {}
      }
    },
    {
      "type": "Feature",
      "geometry": {
        "geodesic": false,
        "type": "Point",
        "coordinates": [
          73.80403306779573,
          18.491747896561794
        ]
      },
      "properties": {
        "location_id": "unknown",
        "timestamp": "2025-04-03",
        "source": "landsat-8",
        "features": {
          "lst": 49.39312946000001
        },
        "quality": {
          "valid": true
        },
        "temporal_context": {}
      }
    },
    {
      "type": "Feature",
      "geometry": {
        "geodesic": false,
        "type": "Point",
        "coordinates": [
          73.80431718981764,
          18.491749691318056
        ]
      },
      "properties": {
        "location_id": "unknown",
        "timestamp": "2025-04-03",
        "source": "landsat-8",
        "features": {
          "lst": 49.338441139999986
        },
        "quality": {
          "valid": true
        },
        "temporal_context": {}
      }
    },
    {
      "type": "Feature",
      "geometry": {
        "geodesic": false,
        "type": "Point",
        "coordinates": [
          73.80460131187209,
          18.491751485648116
        ]
      },
      "properties": {
        "location_id": "unknown",
        "timestamp": "2025-04-03",
        "source": "landsat-8",
        "features": {
          "lst": 49.290588860000014
        },
        "quality": {
          "valid": true
        },
        "temporal_context": {}
      }
    },
    {
      "type": "Feature",
      "geometry": {
        "geodesic": false,
        "type": "Point",
        "coordinates": [
          73.80488543395904,
          18.491753279551983
        ]
      },
      "properties": {
        "location_id": "unknown",
        "timestamp": "2025-04-03",
        "source": "landsat-8",
        "features": {
          "lst": 49.15045004000001
        },
        "quality": {
          "valid": true
        },
        "temporal_context": {}
      }
    },
    {
      "type": "Feature",
      "geometry": {
        "geodesic": false,
        "type": "Point",
        "coordinates": [
          73.80516955607852,
          18.49175507302965
        ]
      },
      "properties": {
        "location_id": "unknown",
        "timestamp": "2025-04-03",
        "source": "landsat-8",
        "features": {
          "lst": 48.52837040000003
        },
        "quality": {
          "valid": true
        },
        "temporal_context": {}
      }
    },
    {
      "type": "Feature",
      "geometry": {
        "geodesic": false,
        "type": "Point",
        "coordinates": [
          73.8054536782305,
          18.491756866081122
        ]
      },
      "properties": {
        "location_id": "unknown",
        "timestamp": "2025-04-03",
        "source": "landsat-8",
        "features": {
          "lst": 48.20365850000002
        },
        "quality": {
          "valid": true
        },
        "temporal_context": {}
      }
    },
    {
      "type": "Feature",
      "geometry": {
        "geodesic": false,
        "type": "Point",
        "coordinates": [
          73.80573780041496,
          18.4917586587064
        ]
      },
      "properties": {
        "location_id": "unknown",
        "timestamp": "2025-04-03",
        "source": "landsat-8",
        "features": {
          "lst": 47.79349610000003
        },
        "quality": {
          "valid": true
        },
        "temporal_context": {}
      }
    },
    {
      "type": "Feature",
      "geometry": {
        "geodesic": false,
        "type": "Point",
        "coordinates": [
          73.80602192263191,
          18.491760450905474
        ]
      },
      "properties": {
        "location_id": "unknown",
        "timestamp": "2025-04-03",
        "source": "landsat-8",
        "features": {
          "lst": 47.79691412
        },
        "quality": {
          "valid": true
        },
        "temporal_context": {}
      }
    },
    {
      "type": "Feature",
      "geometry": {
        "geodesic": false,
        "type": "Point",
        "coordinates": [
          73.80630604488134,
          18.491762242678355
        ]
      },
      "properties": {
        "location_id": "unknown",
        "timestamp": "2025-04-03",
        "source": "landsat-8",
        "features": {
          "lst": 47.53372658000001
        },
        "quality": {
          "valid": true
        },
        "temporal_context": {}
      }
    },
    {
      "type": "Feature",
      "geometry": {
        "geodesic": false,
        "type": "Point",
        "coordinates": [
          73.80659016716325,
          18.491764034025035
        ]
      },
      "properties": {
        "location_id": "unknown",
        "timestamp": "2025-04-03",
        "source": "landsat-8",
        "features": {
          "lst": 47.33548142000001
        },
        "quality": {
          "valid": true
        },
        "temporal_context": {}
      }
    },
    {
      "type": "Feature",
      "geometry": {
        "geodesic": false,
        "type": "Point",
        "coordinates": [
          73.80687428947762,
          18.491765824945517
        ]
      },
      "properties": {
        "location_id": "unknown",
        "timestamp": "2025-04-03",
        "source": "landsat-8",
        "features": {
          "lst": 47.22268675999999
        },
        "quality": {
          "valid": true
        },
        "temporal_context": {}
      }
    },
    {
      "type": "Feature",
      "geometry": {
        "geodesic": false,
        "type": "Point",
        "coordinates": [
          73.80715841182445,
          18.491767615439798
        ]
      },
      "properties": {
        "location_id": "unknown",
        "timestamp": "2025-04-03",
        "source": "landsat-8",
        "features": {
          "lst": 46.98684337999998
        },
        "quality": {
          "valid": true
        },
        "temporal_context": {}
      }
    },
    {
      "type": "Feature",
      "geometry": {
        "geodesic": false,
        "type": "Point",
        "coordinates": [
          73.8074425342037,
          18.491769405507885
        ]
      },
      "properties": {
        "location_id": "unknown",
        "timestamp": "2025-04-03",
        "source": "landsat-8",
        "features": {
          "lst": 47.04836774
        },
        "quality": {
          "valid": true
        },
        "temporal_context": {}
      }
    },
    {
      "type": "Feature",
      "geometry": {
        "geodesic": false,
        "type": "Point",
        "coordinates": [
          73.80772665661542,
          18.49177119514977
        ]
      },
      "properties": {
        "location_id": "unknown",
        "timestamp": "2025-04-03",
        "source": "landsat-8",
        "features": {
          "lst": 46.98684337999998
        },
        "quality": {
          "valid": true
        },
        "temporal_context": {}
      }
    },
    {
      "type": "Feature",
      "geometry": {
        "geodesic": false,
        "type": "Point",
        "coordinates": [
          73.80801077905956,
          18.491772984365458
        ]
      },
      "properties": {
        "location_id": "unknown",
        "timestamp": "2025-04-03",
        "source": "landsat-8",
        "features": {
          "lst": 46.730491880000045
        },
        "quality": {
          "valid": true
        },
        "temporal_context": {}
      }
    },
    {
      "type": "Feature",
      "geometry": {
        "geodesic": false,
        "type": "Point",
        "coordinates": [
          73.80829490153613,
          18.491774773154948
        ]
      },
      "properties": {
        "location_id": "unknown",
        "timestamp": "2025-04-03",
        "source": "landsat-8",
        "features": {
          "lst": 46.19728076000001
        },
        "quality": {
          "valid": true
        },
        "temporal_context": {}
      }
    },
    {
      "type": "Feature",
      "geometry": {
        "geodesic": false,
        "type": "Point",
        "coordinates": [
          73.80857902404512,
          18.491776561518233
        ]
      },
      "properties": {
        "location_id": "unknown",
        "timestamp": "2025-04-03",
        "source": "landsat-8",
        "features": {
          "lst": 45.633307460000026
        },
        "quality": {
          "valid": true
        },
        "temporal_context": {}
      }
    },
    {
      "type": "Feature",
      "geometry": {
        "geodesic": false,
        "type": "Point",
        "coordinates": [
          73.8088631465865,
          18.491778349455323
        ]
      },
      "properties": {
        "location_id": "unknown",
        "timestamp": "2025-04-03",
        "source": "landsat-8",
        "features": {
          "lst": 45.257325260000016
        },
        "quality": {
          "valid": true
        },
        "temporal_context": {}
      }
    },
    {
      "type": "Feature",
      "geometry": {
        "geodesic": false,
        "type": "Point",
        "coordinates": [
          73.80914726916029,
          18.491780136966213
        ]
      },
      "properties": {
        "location_id": "unknown",
        "timestamp": "2025-04-03",
        "source": "landsat-8",
        "features": {
          "lst": 44.56346719999999
        },
        "quality": {
          "valid": true
        },
        "temporal_context": {}
      }
    },
    {
      "type": "Feature",
      "geometry": {
        "geodesic": false,
        "type": "Point",
        "coordinates": [
          73.79835252440327,
          18.491440826599895
        ]
      },
      "properties": {
        "location_id": "unknown",
        "timestamp": "2025-04-03",
        "source": "landsat-8",
        "features": {
          "lst": 49.027401320000024
        },
        "quality": {
          "valid": true
        },
        "temporal_context": {}
      }
    },
    {
      "type": "Feature",
      "geometry": {
        "geodesic": false,
        "type": "Point",
        "coordinates": [
          73.7986366453264,
          18.491442629851743
        ]
      },
      "properties": {
        "location_id": "unknown",
        "timestamp": "2025-04-03",
        "source": "landsat-8",
        "features": {
          "lst": 48.945368840000015
        },
        "quality": {
          "valid": true
        },
        "temporal_context": {}
      }
    },
    {
      "type": "Feature",
      "geometry": {
        "geodesic": false,
        "type": "Point",
        "coordinates": [
          73.79892076628221,
          18.491444432677408
        ]
      },
      "properties": {
        "location_id": "unknown",
        "timestamp": "2025-04-03",
        "source": "landsat-8",
        "features": {
          "lst": 48.72319754
        },
        "quality": {
          "valid": true
        },
        "temporal_context": {}
      }
    },
    {
      "type": "Feature",
      "geometry": {
        "geodesic": false,
        "type": "Point",
        "coordinates": [
          73.79920488727069,
          18.49144623507689
        ]
      },
      "properties": {
        "location_id": "unknown",
        "timestamp": "2025-04-03",
        "source": "landsat-8",
        "features": {
          "lst": 48.189986420000025
        },
        "quality": {
          "valid": true
        },
        "temporal_context": {}
      }
    },
    {
      "type": "Feature",
      "geometry": {
        "geodesic": false,
        "type": "Point",
        "coordinates": [
          73.79948900829184,
          18.49144803705018
        ]
      },
      "properties": {
        "location_id": "unknown",
        "timestamp": "2025-04-03",
        "source": "landsat-8",
        "features": {
          "lst": 47.64310322000006
        },
        "quality": {
          "valid": true
        },
        "temporal_context": {}
      }
    },
    {
      "type": "Feature",
      "geometry": {
        "geodesic": false,
        "type": "Point",
        "coordinates": [
          73.79977312934564,
          18.491449838597287
        ]
      },
      "properties": {
        "location_id": "unknown",
        "timestamp": "2025-04-03",
        "source": "landsat-8",
        "features": {
          "lst": 47.08938397999998
        },
        "quality": {
          "valid": true
        },
        "temporal_context": {}
      }
    },
    {
      "type": "Feature",
      "geometry": {
        "geodesic": false,
        "type": "Point",
        "coordinates": [
          73.80005725043209,
          18.491451639718207
        ]
      },
      "properties": {
        "location_id": "unknown",
        "timestamp": "2025-04-03",
        "source": "landsat-8",
        "features": {
          "lst": 46.87404872000002
        },
        "quality": {
          "valid": true
        },
        "temporal_context": {}
      }
    },
    {
      "type": "Feature",
      "geometry": {
        "geodesic": false,
        "type": "Point",
        "coordinates": [
          73.80034137155118,
          18.491453440412943
        ]
      },
      "properties": {
        "location_id": "unknown",
        "timestamp": "2025-04-03",
        "source": "landsat-8",
        "features": {
          "lst": 46.82277842000002
        },
        "quality": {
          "valid": true
        },
        "temporal_context": {}
      }
    },
    {
      "type": "Feature",
      "geometry": {
        "geodesic": false,
        "type": "Point",
        "coordinates": [
          73.8006254927029,
          18.491455240681486
        ]
      },
      "properties": {
        "location_id": "unknown",
        "timestamp": "2025-04-03",
        "source": "landsat-8",
        "features": {
          "lst": 46.86721268000002
        },
        "quality": {
          "valid": true
        },
        "temporal_context": {}
      }
    },
    {
      "type": "Feature",
      "geometry": {
        "geodesic": false,
        "type": "Point",
        "coordinates": [
          73.80090961388726,
          18.491457040523848
        ]
      },
      "properties": {
        "location_id": "unknown",
        "timestamp": "2025-04-03",
        "source": "landsat-8",
        "features": {
          "lst": 46.962917240000024
        },
        "quality": {
          "valid": true
        },
        "temporal_context": {}
      }
    },
    {
      "type": "Feature",
      "geometry": {
        "geodesic": false,
        "type": "Point",
        "coordinates": [
          73.80119373510422,
          18.491458839940016
        ]
      },
      "properties": {
        "location_id": "unknown",
        "timestamp": "2025-04-03",
        "source": "landsat-8",
        "features": {
          "lst": 47.38333369999998
        },
        "quality": {
          "valid": true
        },
        "temporal_context": {}
      }
    },
    {
      "type": "Feature",
      "geometry": {
        "geodesic": false,
        "type": "Point",
        "coordinates": [
          73.8014778563538,
          18.491460638930004
        ]
      },
      "properties": {
        "location_id": "unknown",
        "timestamp": "2025-04-03",
        "source": "landsat-8",
        "features": {
          "lst": 47.59183292
        },
        "quality": {
          "valid": true
        },
        "temporal_context": {}
      }
    },
    {
      "type": "Feature",
      "geometry": {
        "geodesic": false,
        "type": "Point",
        "coordinates": [
          73.80176197763598,
          18.491462437493798
        ]
      },
      "properties": {
        "location_id": "unknown",
        "timestamp": "2025-04-03",
        "source": "landsat-8",
        "features": {
          "lst": 47.77982401999998
        },
        "quality": {
          "valid": true
        },
        "temporal_context": {}
      }
    },
    {
      "type": "Feature",
      "geometry": {
        "geodesic": false,
        "type": "Point",
        "coordinates": [
          73.80204609895075,
          18.49146423563141
        ]
      },
      "properties": {
        "location_id": "unknown",
        "timestamp": "2025-04-03",
        "source": "landsat-8",
        "features": {
          "lst": 48.62065694
        },
        "quality": {
          "valid": true
        },
        "temporal_context": {}
      }
    },
    {
      "type": "Feature",
      "geometry": {
        "geodesic": false,
        "type": "Point",
        "coordinates": [
          73.80233022029812,
          18.491466033342828
        ]
      },
      "properties": {
        "location_id": "unknown",
        "timestamp": "2025-04-03",
        "source": "landsat-8",
        "features": {
          "lst": 48.51469831999998
        },
        "quality": {
          "valid": true
        },
        "temporal_context": {}
      }
    },
    {
      "type": "Feature",
      "geometry": {
        "geodesic": false,
        "type": "Point",
        "coordinates": [
          73.80261434167805,
          18.49146783062806
        ]
      },
      "properties": {
        "location_id": "unknown",
        "timestamp": "2025-04-03",
        "source": "landsat-8",
        "features": {
          "lst": 48.43608386000005
        },
        "quality": {
          "valid": true
        },
        "temporal_context": {}
      }
    },
    {
      "type": "Feature",
      "geometry": {
        "geodesic": false,
        "type": "Point",
        "coordinates": [
          73.80289846309057,
          18.491469627487103
        ]
      },
      "properties": {
        "location_id": "unknown",
        "timestamp": "2025-04-03",
        "source": "landsat-8",
        "features": {
          "lst": 48.43950188000002
        },
        "quality": {
          "valid": true
        },
        "temporal_context": {}
      }
    },
    {
      "type": "Feature",
      "geometry": {
        "geodesic": false,
        "type": "Point",
        "coordinates": [
          73.80318258453565,
          18.491471423919958
        ]
      },
      "properties": {
        "location_id": "unknown",
        "timestamp": "2025-04-03",
        "source": "landsat-8",
        "features": {
          "lst": 48.55913257999998
        },
        "quality": {
          "valid": true
        },
        "temporal_context": {}
      }
    },
    {
      "type": "Feature",
      "geometry": {
        "geodesic": false,
        "type": "Point",
        "coordinates": [
          73.80346670601327,
          18.491473219926622
        ]
      },
      "properties": {
        "location_id": "unknown",
        "timestamp": "2025-04-03",
        "source": "landsat-8",
        "features": {
          "lst": 48.69585338000002
        },
        "quality": {
          "valid": true
        },
        "temporal_context": {}
      }
    },
    {
      "type": "Feature",
      "geometry": {
        "geodesic": false,
        "type": "Point",
        "coordinates": [
          73.80375082752346,
          18.491475015507095
        ]
      },
      "properties": {
        "location_id": "unknown",
        "timestamp": "2025-04-03",
        "source": "landsat-8",
        "features": {
          "lst": 48.79155794000002
        },
        "quality": {
          "valid": true
        },
        "temporal_context": {}
      }
    },
    {
      "type": "Feature",
      "geometry": {
        "geodesic": false,
        "type": "Point",
        "coordinates": [
          73.80403494906616,
          18.491476810661386
        ]
      },
      "properties": {
        "location_id": "unknown",
        "timestamp": "2025-04-03",
        "source": "landsat-8",
        "features": {
          "lst": 48.77104982000003
        },
        "quality": {
          "valid": true
        },
        "temporal_context": {}
      }
    },
    {
      "type": "Feature",
      "geometry": {
        "geodesic": false,
        "type": "Point",
        "coordinates": [
          73.80431907064143,
          18.49147860538948
        ]
      },
      "properties": {
        "location_id": "unknown",
        "timestamp": "2025-04-03",
        "source": "landsat-8",
        "features": {
          "lst": 48.682181300000025
        },
        "quality": {
          "valid": true
        },
        "temporal_context": {}
      }
    },
    {
      "type": "Feature",
      "geometry": {
        "geodesic": false,
        "type": "Point",
        "coordinates": [
          73.8046031922492,
          18.49148039969139
        ]
      },
      "properties": {
        "location_id": "unknown",
        "timestamp": "2025-04-03",
        "source": "landsat-8",
        "features": {
          "lst": 48.61382090000001
        },
        "quality": {
          "valid": true
        },
        "temporal_context": {}
      }
    },
    {
      "type": "Feature",
      "geometry": {
        "geodesic": false,
        "type": "Point",
        "coordinates": [
          73.8048873138895,
          18.491482193567105
        ]
      },
      "properties": {
        "location_id": "unknown",
        "timestamp": "2025-04-03",
        "source": "landsat-8",
        "features": {
          "lst": 48.54887852000002
        },
        "quality": {
          "valid": true
        },
        "temporal_context": {}
      }
    },
    {
      "type": "Feature",
      "geometry": {
        "geodesic": false,
        "type": "Point",
        "coordinates": [
          73.80517143556229,
          18.491483987016633
        ]
      },
      "properties": {
        "location_id": "unknown",
        "timestamp": "2025-04-03",
        "source": "landsat-8",
        "features": {
          "lst": 48.125044040000034
        },
        "quality": {
          "valid": true
        },
        "temporal_context": {}
      }
    },
    {
      "type": "Feature",
      "geometry": {
        "geodesic": false,
        "type": "Point",
        "coordinates": [
          73.80545555726759,
          18.49148578003997
        ]
      },
      "properties": {
        "location_id": "unknown",
        "timestamp": "2025-04-03",
        "source": "landsat-8",
        "features": {
          "lst": 47.978069180000034
        },
        "quality": {
          "valid": true
        },
        "temporal_context": {}
      }
    },
    {
      "type": "Feature",
      "geometry": {
        "geodesic": false,
        "type": "Point",
        "coordinates": [
          73.8057396790054,
          18.491487572637112
        ]
      },
      "properties": {
        "location_id": "unknown",
        "timestamp": "2025-04-03",
        "source": "landsat-8",
        "features": {
          "lst": 47.76273392000002
        },
        "quality": {
          "valid": true
        },
        "temporal_context": {}
      }
    },
    {
      "type": "Feature",
      "geometry": {
        "geodesic": false,
        "type": "Point",
        "coordinates": [
          73.80602380077568,
          18.491489364808068
        ]
      },
      "properties": {
        "location_id": "unknown",
        "timestamp": "2025-04-03",
        "source": "landsat-8",
        "features": {
          "lst": 47.85160244000002
        },
        "quality": {
          "valid": true
        },
        "temporal_context": {}
      }
    },
    {
      "type": "Feature",
      "geometry": {
        "geodesic": false,
        "type": "Point",
        "coordinates": [
          73.80630792257844,
          18.49149115655283
        ]
      },
      "properties": {
        "location_id": "unknown",
        "timestamp": "2025-04-03",
        "source": "landsat-8",
        "features": {
          "lst": 47.56448876000002
        },
        "quality": {
          "valid": true
        },
        "temporal_context": {}
      }
    },
    {
      "type": "Feature",
      "geometry": {
        "geodesic": false,
        "type": "Point",
        "coordinates": [
          73.80659204441368,
          18.491492947871404
        ]
      },
      "properties": {
        "location_id": "unknown",
        "timestamp": "2025-04-03",
        "source": "landsat-8",
        "features": {
          "lst": 47.30130122000003
        },
        "quality": {
          "valid": true
        },
        "temporal_context": {}
      }
    },
    {
      "type": "Feature",
      "geometry": {
        "geodesic": false,
        "type": "Point",
        "coordinates": [
          73.80687616628137,
          18.491494738763784
        ]
      },
      "properties": {
        "location_id": "unknown",
        "timestamp": "2025-04-03",
        "source": "landsat-8",
        "features": {
          "lst": 47.13040022000001
        },
        "quality": {
          "valid": true
        },
        "temporal_context": {}
      }
    },
    {
      "type": "Feature",
      "geometry": {
        "geodesic": false,
        "type": "Point",
        "coordinates": [
          73.80716028818152,
          18.49149652922997
        ]
      },
      "properties": {
        "location_id": "unknown",
        "timestamp": "2025-04-03",
        "source": "landsat-8",
        "features": {
          "lst": 47.03469566000001
        },
        "quality": {
          "valid": true
        },
        "temporal_context": {}
      }
    },
    {
      "type": "Feature",
      "geometry": {
        "geodesic": false,
        "type": "Point",
        "coordinates": [
          73.80744441011413,
          18.49149831926997
        ]
      },
      "properties": {
        "location_id": "unknown",
        "timestamp": "2025-04-03",
        "source": "landsat-8",
        "features": {
          "lst": 47.2978832
        },
        "quality": {
          "valid": true
        },
        "temporal_context": {}
      }
    },
    {
      "type": "Feature",
      "geometry": {
        "geodesic": false,
        "type": "Point",
        "coordinates": [
          73.80772853207917,
          18.491500108883773
        ]
      },
      "properties": {
        "location_id": "unknown",
        "timestamp": "2025-04-03",
        "source": "landsat-8",
        "features": {
          "lst": 47.22268675999999
        },
        "quality": {
          "valid": true
        },
        "temporal_context": {}
      }
    },
    {
      "type": "Feature",
      "geometry": {
        "geodesic": false,
        "type": "Point",
        "coordinates": [
          73.80801265407663,
          18.491501898071387
        ]
      },
      "properties": {
        "location_id": "unknown",
        "timestamp": "2025-04-03",
        "source": "landsat-8",
        "features": {
          "lst": 46.83303248000004
        },
        "quality": {
          "valid": true
        },
        "temporal_context": {}
      }
    },
    {
      "type": "Feature",
      "geometry": {
        "geodesic": false,
        "type": "Point",
        "coordinates": [
          73.80829677610653,
          18.491503686832804
        ]
      },
      "properties": {
        "location_id": "unknown",
        "timestamp": "2025-04-03",
        "source": "landsat-8",
        "features": {
          "lst": 46.320329480000055
        },
        "quality": {
          "valid": true
        },
        "temporal_context": {}
      }
    },
    {
      "type": "Feature",
      "geometry": {
        "geodesic": false,
        "type": "Point",
        "coordinates": [
          73.80858089816884,
          18.49150547516803
        ]
      },
      "properties": {
        "location_id": "unknown",
        "timestamp": "2025-04-03",
        "source": "landsat-8",
        "features": {
          "lst": 45.76661023999998
        },
        "quality": {
          "valid": true
        },
        "temporal_context": {}
      }
    },
    {
      "type": "Feature",
      "geometry": {
        "geodesic": false,
        "type": "Point",
        "coordinates": [
          73.80886502026355,
          18.491507263077064
        ]
      },
      "properties": {
        "location_id": "unknown",
        "timestamp": "2025-04-03",
        "source": "landsat-8",
        "features": {
          "lst": 45.32568565999998
        },
        "quality": {
          "valid": true
        },
        "temporal_context": {}
      }
    },
    {
      "type": "Feature",
      "geometry": {
        "geodesic": false,
        "type": "Point",
        "coordinates": [
          73.80914914239068,
          18.491509050559905
        ]
      },
      "properties": {
        "location_id": "unknown",
        "timestamp": "2025-04-03",
        "source": "landsat-8",
        "features": {
          "lst": 44.48143472000004
        },
        "quality": {
          "valid": true
        },
        "temporal_context": {}
      }
    },
    {
      "type": "Feature",
      "geometry": {
        "geodesic": false,
        "type": "Point",
        "coordinates": [
          73.79835441457432,
          18.4911697412562
        ]
      },
      "properties": {
        "location_id": "unknown",
        "timestamp": "2025-04-03",
        "source": "landsat-8",
        "features": {
          "lst": 48.57280466000003
        },
        "quality": {
          "valid": true
        },
        "temporal_context": {}
      }
    },
    {
      "type": "Feature",
      "geometry": {
        "geodesic": false,
        "type": "Point",
        "coordinates": [
          73.7986385350508,
          18.491171544479755
        ]
      },
      "properties": {
        "location_id": "unknown",
        "timestamp": "2025-04-03",
        "source": "landsat-8",
        "features": {
          "lst": 48.487354159999995
        },
        "quality": {
          "valid": true
        },
        "temporal_context": {}
      }
    },
    {
      "type": "Feature",
      "geometry": {
        "geodesic": false,
        "type": "Point",
        "coordinates": [
          73.79892265555995,
          18.49117334727713
        ]
      },
      "properties": {
        "location_id": "unknown",
        "timestamp": "2025-04-03",
        "source": "landsat-8",
        "features": {
          "lst": 48.28910900000005
        },
        "quality": {
          "valid": true
        },
        "temporal_context": {}
      }
    },
    {
      "type": "Feature",
      "geometry": {
        "geodesic": false,
        "type": "Point",
        "coordinates": [
          73.79920677610178,
          18.491175149648324
        ]
      },
      "properties": {
        "location_id": "unknown",
        "timestamp": "2025-04-03",
        "source": "landsat-8",
        "features": {
          "lst": 47.74222580000003
        },
        "quality": {
          "valid": true
        },
        "temporal_context": {}
      }
    },
    {
      "type": "Feature",
      "geometry": {
        "geodesic": false,
        "type": "Point",
        "coordinates": [
          73.79949089667628,
          18.49117695159334
        ]
      },
      "properties": {
        "location_id": "unknown",
        "timestamp": "2025-04-03",
        "source": "landsat-8",
        "features": {
          "lst": 47.24661290000006
        },
        "quality": {
          "valid": true
        },
        "temporal_context": {}
      }
    },
    {
      "type": "Feature",
      "geometry": {
        "geodesic": false,
        "type": "Point",
        "coordinates": [
          73.79977501728342,
          18.491178753112177
        ]
      },
      "properties": {
        "location_id": "unknown",
        "timestamp": "2025-04-03",
        "source": "landsat-8",
        "features": {
          "lst": 46.768090099999995
        },
        "quality": {
          "valid": true
        },
        "temporal_context": {}
      }
    },
    {
      "type": "Feature",
      "geometry": {
        "geodesic": false,
        "type": "Point",
        "coordinates": [
          73.80005913792323,
          18.491180554204835
        ]
      },
      "properties": {
        "location_id": "unknown",
        "timestamp": "2025-04-03",
        "source": "landsat-8",
        "features": {
          "lst": 46.64845939999998
        },
        "quality": {
          "valid": true
        },
        "temporal_context": {}
      }
    },
    {
      "type": "Feature",
      "geometry": {
        "geodesic": false,
        "type": "Point",
        "coordinates": [
          73.80034325859566,
          18.491182354871313
        ]
      },
      "properties": {
        "location_id": "unknown",
        "timestamp": "2025-04-03",
        "source": "landsat-8",
        "features": {
          "lst": 46.65529544000003
        },
        "quality": {
          "valid": true
        },
        "temporal_context": {}
      }
    },
    {
      "type": "Feature",
      "geometry": {
        "geodesic": false,
        "type": "Point",
        "coordinates": [
          73.8006273793007,
          18.49118415511161
        ]
      },
      "properties": {
        "location_id": "unknown",
        "timestamp": "2025-04-03",
        "source": "landsat-8",
        "features": {
          "lst": 46.75783604000003
        },
        "quality": {
          "valid": true
        },
        "temporal_context": {}
      }
    },
    {
      "type": "Feature",
      "geometry": {
        "geodesic": false,
        "type": "Point",
        "coordinates": [
          73.80091150003841,
          18.491185954925726
        ]
      },
      "properties": {
        "location_id": "unknown",
        "timestamp": "2025-04-03",
        "source": "landsat-8",
        "features": {
          "lst": 46.90139288
        },
        "quality": {
          "valid": true
        },
        "temporal_context": {}
      }
    },
    {
      "type": "Feature",
      "geometry": {
        "geodesic": false,
        "type": "Point",
        "coordinates": [
          73.80119562080873,
          18.49118775431366
        ]
      },
      "properties": {
        "location_id": "unknown",
        "timestamp": "2025-04-03",
        "source": "landsat-8",
        "features": {
          "lst": 47.41067786000002
        },
        "quality": {
          "valid": true
        },
        "temporal_context": {}
      }
    },
    {
      "type": "Feature",
      "geometry": {
        "geodesic": false,
        "type": "Point",
        "coordinates": [
          73.80147974161164,
          18.49118955327542
        ]
      },
      "properties": {
        "location_id": "unknown",
        "timestamp": "2025-04-03",
        "source": "landsat-8",
        "features": {
          "lst": 47.66019332000002
        },
        "quality": {
          "valid": true
        },
        "temporal_context": {}
      }
    },
    {
      "type": "Feature",
      "geometry": {
        "geodesic": false,
        "type": "Point",
        "coordinates": [
          73.80176386244716,
          18.49119135181099
        ]
      },
      "properties": {
        "location_id": "unknown",
        "timestamp": "2025-04-03",
        "source": "landsat-8",
        "features": {
          "lst": 47.80716818000002
        },
        "quality": {
          "valid": true
        },
        "temporal_context": {}
      }
    },
    {
      "type": "Feature",
      "geometry": {
        "geodesic": false,
        "type": "Point",
        "coordinates": [
          73.80204798331528,
          18.491193149920385
        ]
      },
      "properties": {
        "location_id": "unknown",
        "timestamp": "2025-04-03",
        "source": "landsat-8",
        "features": {
          "lst": 48.55571456000001
        },
        "quality": {
          "valid": true
        },
        "temporal_context": {}
      }
    },
    {
      "type": "Feature",
      "geometry": {
        "geodesic": false,
        "type": "Point",
        "coordinates": [
          73.80233210421599,
          18.491194947603596
        ]
      },
      "properties": {
        "location_id": "unknown",
        "timestamp": "2025-04-03",
        "source": "landsat-8",
        "features": {
          "lst": 48.31987118000001
        },
        "quality": {
          "valid": true
        },
        "temporal_context": {}
      }
    },
    {
      "type": "Feature",
      "geometry": {
        "geodesic": false,
        "type": "Point",
        "coordinates": [
          73.80261622514927,
          18.491196744860623
        ]
      },
      "properties": {
        "location_id": "unknown",
        "timestamp": "2025-04-03",
        "source": "landsat-8",
        "features": {
          "lst": 48.06010165999999
        },
        "quality": {
          "valid": true
        },
        "temporal_context": {}
      }
    },
    {
      "type": "Feature",
      "geometry": {
        "geodesic": false,
        "type": "Point",
        "coordinates": [
          73.80290034611512,
          18.49119854169147
        ]
      },
      "properties": {
        "location_id": "unknown",
        "timestamp": "2025-04-03",
        "source": "landsat-8",
        "features": {
          "lst": 47.90970878000002
        },
        "quality": {
          "valid": true
        },
        "temporal_context": {}
      }
    },
    {
      "type": "Feature",
      "geometry": {
        "geodesic": false,
        "type": "Point",
        "coordinates": [
          73.80318446711354,
          18.49120033809614
        ]
      },
      "properties": {
        "location_id": "unknown",
        "timestamp": "2025-04-03",
        "source": "landsat-8",
        "features": {
          "lst": 47.94047096000003
        },
        "quality": {
          "valid": true
        },
        "temporal_context": {}
      }
    },
    {
      "type": "Feature",
      "geometry": {
        "geodesic": false,
        "type": "Point",
        "coordinates": [
          73.8034685881445,
          18.491202134074623
        ]
      },
      "properties": {
        "location_id": "unknown",
        "timestamp": "2025-04-03",
        "source": "landsat-8",
        "features": {
          "lst": 48.00541334000002
        },
        "quality": {
          "valid": true
        },
        "temporal_context": {}
      }
    },
    {
      "type": "Feature",
      "geometry": {
        "geodesic": false,
        "type": "Point",
        "coordinates": [
          73.80375270920803,
          18.49120392962692
        ]
      },
      "properties": {
        "location_id": "unknown",
        "timestamp": "2025-04-03",
        "source": "landsat-8",
        "features": {
          "lst": 48.00199531999999
        },
        "quality": {
          "valid": true
        },
        "temporal_context": {}
      }
    },
    {
      "type": "Feature",
      "geometry": {
        "geodesic": false,
        "type": "Point",
        "coordinates": [
          73.80403683030407,
          18.491205724753037
        ]
      },
      "properties": {
        "location_id": "unknown",
        "timestamp": "2025-04-03",
        "source": "landsat-8",
        "features": {
          "lst": 47.96439710000004
        },
        "quality": {
          "valid": true
        },
        "temporal_context": {}
      }
    },
    {
      "type": "Feature",
      "geometry": {
        "geodesic": false,
        "type": "Point",
        "coordinates": [
          73.80432095143266,
          18.491207519452974
        ]
      },
      "properties": {
        "location_id": "unknown",
        "timestamp": "2025-04-03",
        "source": "landsat-8",
        "features": {
          "lst": 47.814004220000015
        },
        "quality": {
          "valid": true
        },
        "temporal_context": {}
      }
    },
    {
      "type": "Feature",
      "geometry": {
        "geodesic": false,
        "type": "Point",
        "coordinates": [
          73.80460507259379,
          18.491209313726724
        ]
      },
      "properties": {
        "location_id": "unknown",
        "timestamp": "2025-04-03",
        "source": "landsat-8",
        "features": {
          "lst": 47.60892302000002
        },
        "quality": {
          "valid": true
        },
        "temporal_context": {}
      }
    },
    {
      "type": "Feature",
      "geometry": {
        "geodesic": false,
        "type": "Point",
        "coordinates": [
          73.80488919378742,
          18.491211107574294
        ]
      },
      "properties": {
        "location_id": "unknown",
        "timestamp": "2025-04-03",
        "source": "landsat-8",
        "features": {
          "lst": 47.50638242000002
        },
        "quality": {
          "valid": true
        },
        "temporal_context": {}
      }
    },
    {
      "type": "Feature",
      "geometry": {
        "geodesic": false,
        "type": "Point",
        "coordinates": [
          73.80517331501356,
          18.49121290099568
        ]
      },
      "properties": {
        "location_id": "unknown",
        "timestamp": "2025-04-03",
        "source": "landsat-8",
        "features": {
          "lst": 47.11672814000002
        },
        "quality": {
          "valid": true
        },
        "temporal_context": {}
      }
    },
    {
      "type": "Feature",
      "geometry": {
        "geodesic": false,
        "type": "Point",
        "coordinates": [
          73.80545743627219,
          18.49121469399088
        ]
      },
      "properties": {
        "location_id": "unknown",
        "timestamp": "2025-04-03",
        "source": "landsat-8",
        "features": {
          "lst": 47.12014615999999
        },
        "quality": {
          "valid": true
        },
        "temporal_context": {}
      }
    },
    {
      "type": "Feature",
      "geometry": {
        "geodesic": false,
        "type": "Point",
        "coordinates": [
          73.80574155756334,
          18.491216486559892
        ]
      },
      "properties": {
        "location_id": "unknown",
        "timestamp": "2025-04-03",
        "source": "landsat-8",
        "features": {
          "lst": 47.07229388000002
        },
        "quality": {
          "valid": true
        },
        "temporal_context": {}
      }
    },
    {
      "type": "Feature",
      "geometry": {
        "geodesic": false,
        "type": "Point",
        "coordinates": [
          73.80602567888697,
          18.49121827870273
        ]
      },
      "properties": {
        "location_id": "unknown",
        "timestamp": "2025-04-03",
        "source": "landsat-8",
        "features": {
          "lst": 47.38675172000001
        },
        "quality": {
          "valid": true
        },
        "temporal_context": {}
      }
    },
    {
      "type": "Feature",
      "geometry": {
        "geodesic": false,
        "type": "Point",
        "coordinates": [
          73.80630980024307,
          18.491220070419377
        ]
      },
      "properties": {
        "location_id": "unknown",
        "timestamp": "2025-04-03",
        "source": "landsat-8",
        "features": {
          "lst": 47.21585072000005
        },
        "quality": {
          "valid": true
        },
        "temporal_context": {}
      }
    },
    {
      "type": "Feature",
      "geometry": {
        "geodesic": false,
        "type": "Point",
        "coordinates": [
          73.80659392163163,
          18.49122186170984
        ]
      },
      "properties": {
        "location_id": "unknown",
        "timestamp": "2025-04-03",
        "source": "landsat-8",
        "features": {
          "lst": 47.00735150000003
        },
        "quality": {
          "valid": true
        },
        "temporal_context": {}
      }
    },
    {
      "type": "Feature",
      "geometry": {
        "geodesic": false,
        "type": "Point",
        "coordinates": [
          73.80687804305268,
          18.491223652574117
        ]
      },
      "properties": {
        "location_id": "unknown",
        "timestamp": "2025-04-03",
        "source": "landsat-8",
        "features": {
          "lst": 46.880884760000015
        },
        "quality": {
          "valid": true
        },
        "temporal_context": {}
      }
    },
    {
      "type": "Feature",
      "geometry": {
        "geodesic": false,
        "type": "Point",
        "coordinates": [
          73.80716216450615,
          18.491225443012212
        ]
      },
      "properties": {
        "location_id": "unknown",
        "timestamp": "2025-04-03",
        "source": "landsat-8",
        "features": {
          "lst": 46.82619643999999
        },
        "quality": {
          "valid": true
        },
        "temporal_context": {}
      }
    },
    {
      "type": "Feature",
      "geometry": {
        "geodesic": false,
        "type": "Point",
        "coordinates": [
          73.8074462859921,
          18.491227233024116
        ]
      },
      "properties": {
        "location_id": "unknown",
        "timestamp": "2025-04-03",
        "source": "landsat-8",
        "features": {
          "lst": 47.15432636000003
        },
        "quality": {
          "valid": true
        },
        "temporal_context": {}
      }
    },
    {
      "type": "Feature",
      "geometry": {
        "geodesic": false,
        "type": "Point",
        "coordinates": [
          73.80773040751048,
          18.491229022609843
        ]
      },
      "properties": {
        "location_id": "unknown",
        "timestamp": "2025-04-03",
        "source": "landsat-8",
        "features": {
          "lst": 47.157744380000054
        },
        "quality": {
          "valid": true
        },
        "temporal_context": {}
      }
    },
    {
      "type": "Feature",
      "geometry": {
        "geodesic": false,
        "type": "Point",
        "coordinates": [
          73.80801452906128,
          18.491230811769377
        ]
      },
      "properties": {
        "location_id": "unknown",
        "timestamp": "2025-04-03",
        "source": "landsat-8",
        "features": {
          "lst": 46.80910634000003
        },
        "quality": {
          "valid": true
        },
        "temporal_context": {}
      }
    },
    {
      "type": "Feature",
      "geometry": {
        "geodesic": false,
        "type": "Point",
        "coordinates": [
          73.8082986506445,
          18.491232600502727
        ]
      },
      "properties": {
        "location_id": "unknown",
        "timestamp": "2025-04-03",
        "source": "landsat-8",
        "features": {
          "lst": 46.35109166000001
        },
        "quality": {
          "valid": true
        },
        "temporal_context": {}
      }
    },
    {
      "type": "Feature",
      "geometry": {
        "geodesic": false,
        "type": "Point",
        "coordinates": [
          73.80858277226015,
          18.491234388809893
        ]
      },
      "properties": {
        "location_id": "unknown",
        "timestamp": "2025-04-03",
        "source": "landsat-8",
        "features": {
          "lst": 45.862314800000036
        },
        "quality": {
          "valid": true
        },
        "temporal_context": {}
      }
    },
    {
      "type": "Feature",
      "geometry": {
        "geodesic": false,
        "type": "Point",
        "coordinates": [
          73.80886689390822,
          18.491236176690872
        ]
      },
      "properties": {
        "location_id": "unknown",
        "timestamp": "2025-04-03",
        "source": "landsat-8",
        "features": {
          "lst": 45.37011991999998
        },
        "quality": {
          "valid": true
        },
        "temporal_context": {}
      }
    },
    {
      "type": "Feature",
      "geometry": {
        "geodesic": false,
        "type": "Point",
        "coordinates": [
          73.80915101558868,
          18.49123796414566
        ]
      },
      "properties": {
        "location_id": "unknown",
        "timestamp": "2025-04-03",
        "source": "landsat-8",
        "features": {
          "lst": 44.38231214000001
        },
        "quality": {
          "valid": true
        },
        "temporal_context": {}
      }
    },
    {
      "type": "Feature",
      "geometry": {
        "geodesic": false,
        "type": "Point",
        "coordinates": [
          73.7983563047127,
          18.490898655904562
        ]
      },
      "properties": {
        "location_id": "unknown",
        "timestamp": "2025-04-03",
        "source": "landsat-8",
        "features": {
          "lst": 48.189986420000025
        },
        "quality": {
          "valid": true
        },
        "temporal_context": {}
      }
    },
    {
      "type": "Feature",
      "geometry": {
        "geodesic": false,
        "type": "Point",
        "coordinates": [
          73.79864042474253,
          18.49090045909982
        ]
      },
      "properties": {
        "location_id": "unknown",
        "timestamp": "2025-04-03",
        "source": "landsat-8",
        "features": {
          "lst": 48.12846206000006
        },
        "quality": {
          "valid": true
        },
        "temporal_context": {}
      }
    },
    {
      "type": "Feature",
      "geometry": {
        "geodesic": false,
        "type": "Point",
        "coordinates": [
          73.79892454480503,
          18.490902261868904
        ]
      },
      "properties": {
        "location_id": "unknown",
        "timestamp": "2025-04-03",
        "source": "landsat-8",
        "features": {
          "lst": 47.94730700000002
        },
        "quality": {
          "valid": true
        },
        "temporal_context": {}
      }
    },
    {
      "type": "Feature",
      "geometry": {
        "geodesic": false,
        "type": "Point",
        "coordinates": [
          73.7992086649002,
          18.49090406421182
        ]
      },
      "properties": {
        "location_id": "unknown",
        "timestamp": "2025-04-03",
        "source": "landsat-8",
        "features": {
          "lst": 48.02250344000004
        },
        "quality": {
          "valid": true
        },
        "temporal_context": {}
      }
    },
    {
      "type": "Feature",
      "geometry": {
        "geodesic": false,
        "type": "Point",
        "coordinates": [
          73.79949278502806,
          18.49090586612856
        ]
      },
      "properties": {
        "location_id": "unknown",
        "timestamp": "2025-04-03",
        "source": "landsat-8",
        "features": {
          "lst": 47.55765272000002
        },
        "quality": {
          "valid": true
        },
        "temporal_context": {}
      }
    },
    {
      "type": "Feature",
      "geometry": {
        "geodesic": false,
        "type": "Point",
        "coordinates": [
          73.79977690518855,
          18.490907667619126
        ]
      },
      "properties": {
        "location_id": "unknown",
        "timestamp": "2025-04-03",
        "source": "landsat-8",
        "features": {
          "lst": 47.140654280000035
        },
        "quality": {
          "valid": true
        },
        "temporal_context": {}
      }
    },
    {
      "type": "Feature",
      "geometry": {
        "geodesic": false,
        "type": "Point",
        "coordinates": [
          73.80006102538171,
          18.490909468683522
        ]
      },
      "properties": {
        "location_id": "unknown",
        "timestamp": "2025-04-03",
        "source": "landsat-8",
        "features": {
          "lst": 46.89797485999998
        },
        "quality": {
          "valid": true
        },
        "temporal_context": {}
      }
    },
    {
      "type": "Feature",
      "geometry": {
        "geodesic": false,
        "type": "Point",
        "coordinates": [
          73.8003451456075,
          18.490911269321742
        ]
      },
      "properties": {
        "location_id": "unknown",
        "timestamp": "2025-04-03",
        "source": "landsat-8",
        "features": {
          "lst": 46.915064959999995
        },
        "quality": {
          "valid": true
        },
        "temporal_context": {}
      }
    },
    {
      "type": "Feature",
      "geometry": {
        "geodesic": false,
        "type": "Point",
        "coordinates": [
          73.80062926586591,
          18.49091306953379
        ]
      },
      "properties": {
        "location_id": "unknown",
        "timestamp": "2025-04-03",
        "source": "landsat-8",
        "features": {
          "lst": 47.04836774
        },
        "quality": {
          "valid": true
        },
        "temporal_context": {}
      }
    },
    {
      "type": "Feature",
      "geometry": {
        "geodesic": false,
        "type": "Point",
        "coordinates": [
          73.80091338615695,
          18.490914869319667
        ]
      },
      "properties": {
        "location_id": "unknown",
        "timestamp": "2025-04-03",
        "source": "landsat-8",
        "features": {
          "lst": 47.22268675999999
        },
        "quality": {
          "valid": true
        },
        "temporal_context": {}
      }
    },
    {
      "type": "Feature",
      "geometry": {
        "geodesic": false,
        "type": "Point",
        "coordinates": [
          73.80119750648062,
          18.490916668679365
        ]
      },
      "properties": {
        "location_id": "unknown",
        "timestamp": "2025-04-03",
        "source": "landsat-8",
        "features": {
          "lst": 46.89113882000004
        },
        "quality": {
          "valid": true
        },
        "temporal_context": {}
      }
    },
    {
      "type": "Feature",
      "geometry": {
        "geodesic": false,
        "type": "Point",
        "coordinates": [
          73.80148162683687,
          18.490918467612893
        ]
      },
      "properties": {
        "location_id": "unknown",
        "timestamp": "2025-04-03",
        "source": "landsat-8",
        "features": {
          "lst": 47.22268675999999
        },
        "quality": {
          "valid": true
        },
        "temporal_context": {}
      }
    },
    {
      "type": "Feature",
      "geometry": {
        "geodesic": false,
        "type": "Point",
        "coordinates": [
          73.80176574722574,
          18.490920266120245
        ]
      },
      "properties": {
        "location_id": "unknown",
        "timestamp": "2025-04-03",
        "source": "landsat-8",
        "features": {
          "lst": 47.35940756000002
        },
        "quality": {
          "valid": true
        },
        "temporal_context": {}
      }
    },
    {
      "type": "Feature",
      "geometry": {
        "geodesic": false,
        "type": "Point",
        "coordinates": [
          73.80204986764721,
          18.490922064201424
        ]
      },
      "properties": {
        "location_id": "unknown",
        "timestamp": "2025-04-03",
        "source": "landsat-8",
        "features": {
          "lst": 47.174834480000015
        },
        "quality": {
          "valid": true
        },
        "temporal_context": {}
      }
    },
    {
      "type": "Feature",
      "geometry": {
        "geodesic": false,
        "type": "Point",
        "coordinates": [
          73.80233398810127,
          18.490923861856423
        ]
      },
      "properties": {
        "location_id": "unknown",
        "timestamp": "2025-04-03",
        "source": "landsat-8",
        "features": {
          "lst": 46.880884760000015
        },
        "quality": {
          "valid": true
        },
        "temporal_context": {}
      }
    },
    {
      "type": "Feature",
      "geometry": {
        "geodesic": false,
        "type": "Point",
        "coordinates": [
          73.80261810858791,
          18.49092565908525
        ]
      },
      "properties": {
        "location_id": "unknown",
        "timestamp": "2025-04-03",
        "source": "landsat-8",
        "features": {
          "lst": 46.55959088000003
        },
        "quality": {
          "valid": true
        },
        "temporal_context": {}
      }
    },
    {
      "type": "Feature",
      "geometry": {
        "geodesic": false,
        "type": "Point",
        "coordinates": [
          73.8029022291071,
          18.490927455887903
        ]
      },
      "properties": {
        "location_id": "unknown",
        "timestamp": "2025-04-03",
        "source": "landsat-8",
        "features": {
          "lst": 46.357927700000005
        },
        "quality": {
          "valid": true
        },
        "temporal_context": {}
      }
    },
    {
      "type": "Feature",
      "geometry": {
        "geodesic": false,
        "type": "Point",
        "coordinates": [
          73.80318634965886,
          18.49092925226438
        ]
      },
      "properties": {
        "location_id": "unknown",
        "timestamp": "2025-04-03",
        "source": "landsat-8",
        "features": {
          "lst": 46.27931324000002
        },
        "quality": {
          "valid": true
        },
        "temporal_context": {}
      }
    },
    {
      "type": "Feature",
      "geometry": {
        "geodesic": false,
        "type": "Point",
        "coordinates": [
          73.80347047024318,
          18.49093104821468
        ]
      },
      "properties": {
        "location_id": "unknown",
        "timestamp": "2025-04-03",
        "source": "landsat-8",
        "features": {
          "lst": 46.24855106000001
        },
        "quality": {
          "valid": true
        },
        "temporal_context": {}
      }
    },
    {
      "type": "Feature",
      "geometry": {
        "geodesic": false,
        "type": "Point",
        "coordinates": [
          73.80375459086005,
          18.490932843738804
        ]
      },
      "properties": {
        "location_id": "unknown",
        "timestamp": "2025-04-03",
        "source": "landsat-8",
        "features": {
          "lst": 46.10841224000001
        },
        "quality": {
          "valid": true
        },
        "temporal_context": {}
      }
    },
    {
      "type": "Feature",
      "geometry": {
        "geodesic": false,
        "type": "Point",
        "coordinates": [
          73.80403871150946,
          18.49093463883675
        ]
      },
      "properties": {
        "location_id": "unknown",
        "timestamp": "2025-04-03",
        "source": "landsat-8",
        "features": {
          "lst": 46.768090099999995
        },
        "quality": {
          "valid": true
        },
        "temporal_context": {}
      }
    },
    {
      "type": "Feature",
      "geometry": {
        "geodesic": false,
        "type": "Point",
        "coordinates": [
          73.8043228321914,
          18.490936433508526
        ]
      },
      "properties": {
        "location_id": "unknown",
        "timestamp": "2025-04-03",
        "source": "landsat-8",
        "features": {
          "lst": 46.51173860000006
        },
        "quality": {
          "valid": true
        },
        "temporal_context": {}
      }
    },
    {
      "type": "Feature",
      "geometry": {
        "geodesic": false,
        "type": "Point",
        "coordinates": [
          73.80460695290586,
          18.49093822775412
        ]
      },
      "properties": {
        "location_id": "unknown",
        "timestamp": "2025-04-03",
        "source": "landsat-8",
        "features": {
          "lst": 46.289567300000044
        },
        "quality": {
          "valid": true
        },
        "temporal_context": {}
      }
    },
    {
      "type": "Feature",
      "geometry": {
        "geodesic": false,
        "type": "Point",
        "coordinates": [
          73.80489107365284,
          18.490940021573543
        ]
      },
      "properties": {
        "location_id": "unknown",
        "timestamp": "2025-04-03",
        "source": "landsat-8",
        "features": {
          "lst": 46.07423204000003
        },
        "quality": {
          "valid": true
        },
        "temporal_context": {}
      }
    },
    {
      "type": "Feature",
      "geometry": {
        "geodesic": false,
        "type": "Point",
        "coordinates": [
          73.80517519443232,
          18.490941814966785
        ]
      },
      "properties": {
        "location_id": "unknown",
        "timestamp": "2025-04-03",
        "source": "landsat-8",
        "features": {
          "lst": 45.752938159999985
        },
        "quality": {
          "valid": true
        },
        "temporal_context": {}
      }
    },
    {
      "type": "Feature",
      "geometry": {
        "geodesic": false,
        "type": "Point",
        "coordinates": [
          73.80545931524432,
          18.49094360793385
        ]
      },
      "properties": {
        "location_id": "unknown",
        "timestamp": "2025-04-03",
        "source": "landsat-8",
        "features": {
          "lst": 45.718757960000005
        },
        "quality": {
          "valid": true
        },
        "temporal_context": {}
      }
    },
    {
      "type": "Feature",
      "geometry": {
        "geodesic": false,
        "type": "Point",
        "coordinates": [
          73.80574343608879,
          18.490945400474736
        ]
      },
      "properties": {
        "location_id": "unknown",
        "timestamp": "2025-04-03",
        "source": "landsat-8",
        "features": {
          "lst": 45.67432370000006
        },
        "quality": {
          "valid": true
        },
        "temporal_context": {}
      }
    },
    {
      "type": "Feature",
      "geometry": {
        "geodesic": false,
        "type": "Point",
        "coordinates": [
          73.80602755696576,
          18.49094719258945
        ]
      },
      "properties": {
        "location_id": "unknown",
        "timestamp": "2025-04-03",
        "source": "landsat-8",
        "features": {
          "lst": 45.46924250000001
        },
        "quality": {
          "valid": true
        },
        "temporal_context": {}
      }
    },
    {
      "type": "Feature",
      "geometry": {
        "geodesic": false,
        "type": "Point",
        "coordinates": [
          73.80631167787521,
          18.49094898427798
        ]
      },
      "properties": {
        "location_id": "unknown",
        "timestamp": "2025-04-03",
        "source": "landsat-8",
        "features": {
          "lst": 45.54102092000005
        },
        "quality": {
          "valid": true
        },
        "temporal_context": {}
      }
    },
    {
      "type": "Feature",
      "geometry": {
        "geodesic": false,
        "type": "Point",
        "coordinates": [
          73.80659579881713,
          18.490950775540334
        ]
      },
      "properties": {
        "location_id": "unknown",
        "timestamp": "2025-04-03",
        "source": "landsat-8",
        "features": {
          "lst": 45.537602900000024
        },
        "quality": {
          "valid": true
        },
        "temporal_context": {}
      }
    },
    {
      "type": "Feature",
      "geometry": {
        "geodesic": false,
        "type": "Point",
        "coordinates": [
          73.8068799197915,
          18.49095256637651
        ]
      },
      "properties": {
        "location_id": "unknown",
        "timestamp": "2025-04-03",
        "source": "landsat-8",
        "features": {
          "lst": 45.58887320000002
        },
        "quality": {
          "valid": true
        },
        "temporal_context": {}
      }
    },
    {
      "type": "Feature",
      "geometry": {
        "geodesic": false,
        "type": "Point",
        "coordinates": [
          73.80716404079834,
          18.49095435678651
        ]
      },
      "properties": {
        "location_id": "unknown",
        "timestamp": "2025-04-03",
        "source": "landsat-8",
        "features": {
          "lst": 46.27931324000002
        },
        "quality": {
          "valid": true
        },
        "temporal_context": {}
      }
    },
    {
      "type": "Feature",
      "geometry": {
        "geodesic": false,
        "type": "Point",
        "coordinates": [
          73.80744816183763,
          18.490956146770326
        ]
      },
      "properties": {
        "location_id": "unknown",
        "timestamp": "2025-04-03",
        "source": "landsat-8",
        "features": {
          "lst": 46.682639600000016
        },
        "quality": {
          "valid": true
        },
        "temporal_context": {}
      }
    },
    {
      "type": "Feature",
      "geometry": {
        "geodesic": false,
        "type": "Point",
        "coordinates": [
          73.80773228290936,
          18.49095793632797
        ]
      },
      "properties": {
        "location_id": "unknown",
        "timestamp": "2025-04-03",
        "source": "landsat-8",
        "features": {
          "lst": 46.78518020000001
        },
        "quality": {
          "valid": true
        },
        "temporal_context": {}
      }
    },
    {
      "type": "Feature",
      "geometry": {
        "geodesic": false,
        "type": "Point",
        "coordinates": [
          73.8080164040135,
          18.49095972545943
        ]
      },
      "properties": {
        "location_id": "unknown",
        "timestamp": "2025-04-03",
        "source": "landsat-8",
        "features": {
          "lst": 46.583517020000045
        },
        "quality": {
          "valid": true
        },
        "temporal_context": {}
      }
    },
    {
      "type": "Feature",
      "geometry": {
        "geodesic": false,
        "type": "Point",
        "coordinates": [
          73.80830052515009,
          18.490961514164713
        ]
      },
      "properties": {
        "location_id": "unknown",
        "timestamp": "2025-04-03",
        "source": "landsat-8",
        "features": {
          "lst": 46.21437086000003
        },
        "quality": {
          "valid": true
        },
        "temporal_context": {}
      }
    },
    {
      "type": "Feature",
      "geometry": {
        "geodesic": false,
        "type": "Point",
        "coordinates": [
          73.80858464631906,
          18.490963302443816
        ]
      },
      "properties": {
        "location_id": "unknown",
        "timestamp": "2025-04-03",
        "source": "landsat-8",
        "features": {
          "lst": 45.72901202000003
        },
        "quality": {
          "valid": true
        },
        "temporal_context": {}
      }
    },
    {
      "type": "Feature",
      "geometry": {
        "geodesic": false,
        "type": "Point",
        "coordinates": [
          73.80886876752047,
          18.49096509029674
        ]
      },
      "properties": {
        "location_id": "unknown",
        "timestamp": "2025-04-03",
        "source": "landsat-8",
        "features": {
          "lst": 45.14453060000005
        },
        "quality": {
          "valid": true
        },
        "temporal_context": {}
      }
    },
    {
      "type": "Feature",
      "geometry": {
        "geodesic": false,
        "type": "Point",
        "coordinates": [
          73.80915288875427,
          18.49096687772348
        ]
      },
      "properties": {
        "location_id": "unknown",
        "timestamp": "2025-04-03",
        "source": "landsat-8",
        "features": {
          "lst": 43.45261070000004
        },
        "quality": {
          "valid": true
        },
        "temporal_context": {}
      }
    },
    {
      "type": "Feature",
      "geometry": {
        "geodesic": false,
        "type": "Point",
        "coordinates": [
          73.79835819481839,
          18.49062757054498
        ]
      },
      "properties": {
        "location_id": "unknown",
        "timestamp": "2025-04-03",
        "source": "landsat-8",
        "features": {
          "lst": 47.81058619999999
        },
        "quality": {
          "valid": true
        },
        "temporal_context": {}
      }
    },
    {
      "type": "Feature",
      "geometry": {
        "geodesic": false,
        "type": "Point",
        "coordinates": [
          73.79864231440158,
          18.490629373711943
        ]
      },
      "properties": {
        "location_id": "unknown",
        "timestamp": "2025-04-03",
        "source": "landsat-8",
        "features": {
          "lst": 47.79349610000003
        },
        "quality": {
          "valid": true
        },
        "temporal_context": {}
      }
    },
    {
      "type": "Feature",
      "geometry": {
        "geodesic": false,
        "type": "Point",
        "coordinates": [
          73.79892643401745,
          18.490631176452744
        ]
      },
      "properties": {
        "location_id": "unknown",
        "timestamp": "2025-04-03",
        "source": "landsat-8",
        "features": {
          "lst": 47.67728341999998
        },
        "quality": {
          "valid": true
        },
        "temporal_context": {}
      }
    },
    {
      "type": "Feature",
      "geometry": {
        "geodesic": false,
        "type": "Point",
        "coordinates": [
          73.79921055366599,
          18.490632978767373
        ]
      },
      "properties": {
        "location_id": "unknown",
        "timestamp": "2025-04-03",
        "source": "landsat-8",
        "features": {
          "lst": 47.84818442000005
        },
        "quality": {
          "valid": true
        },
        "temporal_context": {}
      }
    },
    {
      "type": "Feature",
      "geometry": {
        "geodesic": false,
        "type": "Point",
        "coordinates": [
          73.79949467334718,
          18.49063478065584
        ]
      },
      "properties": {
        "location_id": "unknown",
        "timestamp": "2025-04-03",
        "source": "landsat-8",
        "features": {
          "lst": 47.49954638000003
        },
        "quality": {
          "valid": true
        },
        "temporal_context": {}
      }
    },
    {
      "type": "Feature",
      "geometry": {
        "geodesic": false,
        "type": "Point",
        "coordinates": [
          73.79977879306105,
          18.490636582118135
        ]
      },
      "properties": {
        "location_id": "unknown",
        "timestamp": "2025-04-03",
        "source": "landsat-8",
        "features": {
          "lst": 47.171416460000046
        },
        "quality": {
          "valid": true
        },
        "temporal_context": {}
      }
    },
    {
      "type": "Feature",
      "geometry": {
        "geodesic": false,
        "type": "Point",
        "coordinates": [
          73.80006291280755,
          18.49063838315427
        ]
      },
      "properties": {
        "location_id": "unknown",
        "timestamp": "2025-04-03",
        "source": "landsat-8",
        "features": {
          "lst": 46.93557308000004
        },
        "quality": {
          "valid": true
        },
        "temporal_context": {}
      }
    },
    {
      "type": "Feature",
      "geometry": {
        "geodesic": false,
        "type": "Point",
        "coordinates": [
          73.80034703258669,
          18.490640183764235
        ]
      },
      "properties": {
        "location_id": "unknown",
        "timestamp": "2025-04-03",
        "source": "landsat-8",
        "features": {
          "lst": 46.92190100000005
        },
        "quality": {
          "valid": true
        },
        "temporal_context": {}
      }
    },
    {
      "type": "Feature",
      "geometry": {
        "geodesic": false,
        "type": "Point",
        "coordinates": [
          73.80063115239847,
          18.490641983948034
        ]
      },
      "properties": {
        "location_id": "unknown",
        "timestamp": "2025-04-03",
        "source": "landsat-8",
        "features": {
          "lst": 47.01418754000002
        },
        "quality": {
          "valid": true
        },
        "temporal_context": {}
      }
    },
    {
      "type": "Feature",
      "geometry": {
        "geodesic": false,
        "type": "Point",
        "coordinates": [
          73.80091527224286,
          18.490643783705668
        ]
      },
      "properties": {
        "location_id": "unknown",
        "timestamp": "2025-04-03",
        "source": "landsat-8",
        "features": {
          "lst": 47.195342600000004
        },
        "quality": {
          "valid": true
        },
        "temporal_context": {}
      }
    },
    {
      "type": "Feature",
      "geometry": {
        "geodesic": false,
        "type": "Point",
        "coordinates": [
          73.80119939211988,
          18.490645583037132
        ]
      },
      "properties": {
        "location_id": "unknown",
        "timestamp": "2025-04-03",
        "source": "landsat-8",
        "features": {
          "lst": 46.94240911999998
        },
        "quality": {
          "valid": true
        },
        "temporal_context": {}
      }
    },
    {
      "type": "Feature",
      "geometry": {
        "geodesic": false,
        "type": "Point",
        "coordinates": [
          73.80148351202952,
          18.49064738194243
        ]
      },
      "properties": {
        "location_id": "unknown",
        "timestamp": "2025-04-03",
        "source": "landsat-8",
        "features": {
          "lst": 47.33206340000004
        },
        "quality": {
          "valid": true
        },
        "temporal_context": {}
      }
    },
    {
      "type": "Feature",
      "geometry": {
        "geodesic": false,
        "type": "Point",
        "coordinates": [
          73.80176763197174,
          18.490649180421556
        ]
      },
      "properties": {
        "location_id": "unknown",
        "timestamp": "2025-04-03",
        "source": "landsat-8",
        "features": {
          "lst": 47.39700578000003
        },
        "quality": {
          "valid": true
        },
        "temporal_context": {}
      }
    },
    {
      "type": "Feature",
      "geometry": {
        "geodesic": false,
        "type": "Point",
        "coordinates": [
          73.80205175194656,
          18.49065097847452
        ]
      },
      "properties": {
        "location_id": "unknown",
        "timestamp": "2025-04-03",
        "source": "landsat-8",
        "features": {
          "lst": 47.14749032000003
        },
        "quality": {
          "valid": true
        },
        "temporal_context": {}
      }
    },
    {
      "type": "Feature",
      "geometry": {
        "geodesic": false,
        "type": "Point",
        "coordinates": [
          73.80233587195397,
          18.490652776101314
        ]
      },
      "properties": {
        "location_id": "unknown",
        "timestamp": "2025-04-03",
        "source": "landsat-8",
        "features": {
          "lst": 46.86379466000005
        },
        "quality": {
          "valid": true
        },
        "temporal_context": {}
      }
    },
    {
      "type": "Feature",
      "geometry": {
        "geodesic": false,
        "type": "Point",
        "coordinates": [
          73.80261999199396,
          18.49065457330194
        ]
      },
      "properties": {
        "location_id": "unknown",
        "timestamp": "2025-04-03",
        "source": "landsat-8",
        "features": {
          "lst": 46.552754840000034
        },
        "quality": {
          "valid": true
        },
        "temporal_context": {}
      }
    },
    {
      "type": "Feature",
      "geometry": {
        "geodesic": false,
        "type": "Point",
        "coordinates": [
          73.80290411206653,
          18.490656370076394
        ]
      },
      "properties": {
        "location_id": "unknown",
        "timestamp": "2025-04-03",
        "source": "landsat-8",
        "features": {
          "lst": 46.33058354000002
        },
        "quality": {
          "valid": true
        },
        "temporal_context": {}
      }
    },
    {
      "type": "Feature",
      "geometry": {
        "geodesic": false,
        "type": "Point",
        "coordinates": [
          73.80318823217164,
          18.49065816642468
        ]
      },
      "properties": {
        "location_id": "unknown",
        "timestamp": "2025-04-03",
        "source": "landsat-8",
        "features": {
          "lst": 46.173354620000055
        },
        "quality": {
          "valid": true
        },
        "temporal_context": {}
      }
    },
    {
      "type": "Feature",
      "geometry": {
        "geodesic": false,
        "type": "Point",
        "coordinates": [
          73.80347235230931,
          18.490659962346804
        ]
      },
      "properties": {
        "location_id": "unknown",
        "timestamp": "2025-04-03",
        "source": "landsat-8",
        "features": {
          "lst": 46.04005184000005
        },
        "quality": {
          "valid": true
        },
        "temporal_context": {}
      }
    },
    {
      "type": "Feature",
      "geometry": {
        "geodesic": false,
        "type": "Point",
        "coordinates": [
          73.80375647247953,
          18.49066175784275
        ]
      },
      "properties": {
        "location_id": "unknown",
        "timestamp": "2025-04-03",
        "source": "landsat-8",
        "features": {
          "lst": 45.85206074000001
        },
        "quality": {
          "valid": true
        },
        "temporal_context": {}
      }
    },
    {
      "type": "Feature",
      "geometry": {
        "geodesic": false,
        "type": "Point",
        "coordinates": [
          73.8040405926823,
          18.490663552912533
        ]
      },
      "properties": {
        "location_id": "unknown",
        "timestamp": "2025-04-03",
        "source": "landsat-8",
        "features": {
          "lst": 46.474140379999994
        },
        "quality": {
          "valid": true
        },
        "temporal_context": {}
      }
    },
    {
      "type": "Feature",
      "geometry": {
        "geodesic": false,
        "type": "Point",
        "coordinates": [
          73.80432471291759,
          18.490665347556142
        ]
      },
      "properties": {
        "location_id": "unknown",
        "timestamp": "2025-04-03",
        "source": "landsat-8",
        "features": {
          "lst": 46.15284650000001
        },
        "quality": {
          "valid": true
        },
        "temporal_context": {}
      }
    },
    {
      "type": "Feature",
      "geometry": {
        "geodesic": false,
        "type": "Point",
        "coordinates": [
          73.80460883318541,
          18.49066714177358
        ]
      },
      "properties": {
        "location_id": "unknown",
        "timestamp": "2025-04-03",
        "source": "landsat-8",
        "features": {
          "lst": 45.85206074000001
        },
        "quality": {
          "valid": true
        },
        "temporal_context": {}
      }
    },
    {
      "type": "Feature",
      "geometry": {
        "geodesic": false,
        "type": "Point",
        "coordinates": [
          73.80489295348575,
          18.490668935564855
        ]
      },
      "properties": {
        "location_id": "unknown",
        "timestamp": "2025-04-03",
        "source": "landsat-8",
        "features": {
          "lst": 45.585455180000054
        },
        "quality": {
          "valid": true
        },
        "temporal_context": {}
      }
    },
    {
      "type": "Feature",
      "geometry": {
        "geodesic": false,
        "type": "Point",
        "coordinates": [
          73.80517707381858,
          18.490670728929956
        ]
      },
      "properties": {
        "location_id": "unknown",
        "timestamp": "2025-04-03",
        "source": "landsat-8",
        "features": {
          "lst": 45.13427654000003
        },
        "quality": {
          "valid": true
        },
        "temporal_context": {}
      }
    },
    {
      "type": "Feature",
      "geometry": {
        "geodesic": false,
        "type": "Point",
        "coordinates": [
          73.80546119418393,
          18.490672521868884
        ]
      },
      "properties": {
        "location_id": "unknown",
        "timestamp": "2025-04-03",
        "source": "landsat-8",
        "features": {
          "lst": 44.881343060000006
        },
        "quality": {
          "valid": true
        },
        "temporal_context": {}
      }
    },
    {
      "type": "Feature",
      "geometry": {
        "geodesic": false,
        "type": "Point",
        "coordinates": [
          73.80574531458177,
          18.490674314381643
        ]
      },
      "properties": {
        "location_id": "unknown",
        "timestamp": "2025-04-03",
        "source": "landsat-8",
        "features": {
          "lst": 44.67967987999998
        },
        "quality": {
          "valid": true
        },
        "temporal_context": {}
      }
    },
    {
      "type": "Feature",
      "geometry": {
        "geodesic": false,
        "type": "Point",
        "coordinates": [
          73.80602943501209,
          18.490676106468232
        ]
      },
      "properties": {
        "location_id": "unknown",
        "timestamp": "2025-04-03",
        "source": "landsat-8",
        "features": {
          "lst": 44.45067254000003
        },
        "quality": {
          "valid": true
        },
        "temporal_context": {}
      }
    },
    {
      "type": "Feature",
      "geometry": {
        "geodesic": false,
        "type": "Point",
        "coordinates": [
          73.8063135554749,
          18.49067789812865
        ]
      },
      "properties": {
        "location_id": "unknown",
        "timestamp": "2025-04-03",
        "source": "landsat-8",
        "features": {
          "lst": 44.604483440000024
        },
        "quality": {
          "valid": true
        },
        "temporal_context": {}
      }
    },
    {
      "type": "Feature",
      "geometry": {
        "geodesic": false,
        "type": "Point",
        "coordinates": [
          73.80659767597017,
          18.490679689362896
        ]
      },
      "properties": {
        "location_id": "unknown",
        "timestamp": "2025-04-03",
        "source": "landsat-8",
        "features": {
          "lst": 44.78905652000003
        },
        "quality": {
          "valid": true
        },
        "temporal_context": {}
      }
    },
    {
      "type": "Feature",
      "geometry": {
        "geodesic": false,
        "type": "Point",
        "coordinates": [
          73.80688179649789,
          18.49068148017097
        ]
      },
      "properties": {
        "location_id": "unknown",
        "timestamp": "2025-04-03",
        "source": "landsat-8",
        "features": {
          "lst": 45.0932603
        },
        "quality": {
          "valid": true
        },
        "temporal_context": {}
      }
    },
    {
      "type": "Feature",
      "geometry": {
        "geodesic": false,
        "type": "Point",
        "coordinates": [
          73.80716591705809,
          18.49068327055287
        ]
      },
      "properties": {
        "location_id": "unknown",
        "timestamp": "2025-04-03",
        "source": "landsat-8",
        "features": {
          "lst": 45.83497064000005
        },
        "quality": {
          "valid": true
        },
        "temporal_context": {}
      }
    },
    {
      "type": "Feature",
      "geometry": {
        "geodesic": false,
        "type": "Point",
        "coordinates": [
          73.80745003765072,
          18.490685060508603
        ]
      },
      "properties": {
        "location_id": "unknown",
        "timestamp": "2025-04-03",
        "source": "landsat-8",
        "features": {
          "lst": 46.27931324000002
        },
        "quality": {
          "valid": true
        },
        "temporal_context": {}
      }
    },
    {
      "type": "Feature",
      "geometry": {
        "geodesic": false,
        "type": "Point",
        "coordinates": [
          73.80773415827579,
          18.490686850038163
        ]
      },
      "properties": {
        "location_id": "unknown",
        "timestamp": "2025-04-03",
        "source": "landsat-8",
        "features": {
          "lst": 46.52541068000005
        },
        "quality": {
          "valid": true
        },
        "temporal_context": {}
      }
    },
    {
      "type": "Feature",
      "geometry": {
        "geodesic": false,
        "type": "Point",
        "coordinates": [
          73.8080182789333,
          18.49068863914155
        ]
      },
      "properties": {
        "location_id": "unknown",
        "timestamp": "2025-04-03",
        "source": "landsat-8",
        "features": {
          "lst": 46.5630089
        },
        "quality": {
          "valid": true
        },
        "temporal_context": {}
      }
    },
    {
      "type": "Feature",
      "geometry": {
        "geodesic": false,
        "type": "Point",
        "coordinates": [
          73.80830239962323,
          18.490690427818762
        ]
      },
      "properties": {
        "location_id": "unknown",
        "timestamp": "2025-04-03",
        "source": "landsat-8",
        "features": {
          "lst": 46.37501780000002
        },
        "quality": {
          "valid": true
        },
        "temporal_context": {}
      }
    },
    {
      "type": "Feature",
      "geometry": {
        "geodesic": false,
        "type": "Point",
        "coordinates": [
          73.80858652034557,
          18.4906922160698
        ]
      },
      "properties": {
        "location_id": "unknown",
        "timestamp": "2025-04-03",
        "source": "landsat-8",
        "features": {
          "lst": 45.95118332000004
        },
        "quality": {
          "valid": true
        },
        "temporal_context": {}
      }
    },
    {
      "type": "Feature",
      "geometry": {
        "geodesic": false,
        "type": "Point",
        "coordinates": [
          73.80887064110033,
          18.49069400389467
        ]
      },
      "properties": {
        "location_id": "unknown",
        "timestamp": "2025-04-03",
        "source": "landsat-8",
        "features": {
          "lst": 45.188964860000056
        },
        "quality": {
          "valid": true
        },
        "temporal_context": {}
      }
    },
    {
      "type": "Feature",
      "geometry": {
        "geodesic": false,
        "type": "Point",
        "coordinates": [
          73.80915476188748,
          18.490695791293366
        ]
      },
      "properties": {
        "location_id": "unknown",
        "timestamp": "2025-04-03",
        "source": "landsat-8",
        "features": {
          "lst": 43.295381780000014
        },
        "quality": {
          "valid": true
        },
        "temporal_context": {}
      }
    },
    {
      "type": "Feature",
      "geometry": {
        "geodesic": false,
        "type": "Point",
        "coordinates": [
          73.79836008489139,
          18.490356485177465
        ]
      },
      "properties": {
        "location_id": "unknown",
        "timestamp": "2025-04-03",
        "source": "landsat-8",
        "features": {
          "lst": 47.27395706000004
        },
        "quality": {
          "valid": true
        },
        "temporal_context": {}
      }
    },
    {
      "type": "Feature",
      "geometry": {
        "geodesic": false,
        "type": "Point",
        "coordinates": [
          73.79864420402795,
          18.49035828831613
        ]
      },
      "properties": {
        "location_id": "unknown",
        "timestamp": "2025-04-03",
        "source": "landsat-8",
        "features": {
          "lst": 47.34915350000006
        },
        "quality": {
          "valid": true
        },
        "temporal_context": {}
      }
    },
    {
      "type": "Feature",
      "geometry": {
        "geodesic": false,
        "type": "Point",
        "coordinates": [
          73.79892832319717,
          18.490360091028638
        ]
      },
      "properties": {
        "location_id": "unknown",
        "timestamp": "2025-04-03",
        "source": "landsat-8",
        "features": {
          "lst": 47.34573548000003
        },
        "quality": {
          "valid": true
        },
        "temporal_context": {}
      }
    },
    {
      "type": "Feature",
      "geometry": {
        "geodesic": false,
        "type": "Point",
        "coordinates": [
          73.7992124423991,
          18.49036189331499
        ]
      },
      "properties": {
        "location_id": "unknown",
        "timestamp": "2025-04-03",
        "source": "landsat-8",
        "features": {
          "lst": 47.67386540000001
        },
        "quality": {
          "valid": true
        },
        "temporal_context": {}
      }
    },
    {
      "type": "Feature",
      "geometry": {
        "geodesic": false,
        "type": "Point",
        "coordinates": [
          73.79949656163366,
          18.490363695175176
        ]
      },
      "properties": {
        "location_id": "unknown",
        "timestamp": "2025-04-03",
        "source": "landsat-8",
        "features": {
          "lst": 47.52347252000004
        },
        "quality": {
          "valid": true
        },
        "temporal_context": {}
      }
    },
    {
      "type": "Feature",
      "geometry": {
        "geodesic": false,
        "type": "Point",
        "coordinates": [
          73.79978068090088,
          18.49036549660921
        ]
      },
      "properties": {
        "location_id": "unknown",
        "timestamp": "2025-04-03",
        "source": "landsat-8",
        "features": {
          "lst": 47.33206340000004
        },
        "quality": {
          "valid": true
        },
        "temporal_context": {}
      }
    },
    {
      "type": "Feature",
      "geometry": {
        "geodesic": false,
        "type": "Point",
        "coordinates": [
          73.80006480020076,
          18.49036729761708
        ]
      },
      "properties": {
        "location_id": "unknown",
        "timestamp": "2025-04-03",
        "source": "landsat-8",
        "features": {
          "lst": 47.12698220000004
        },
        "quality": {
          "valid": true
        },
        "temporal_context": {}
      }
    },
    {
      "type": "Feature",
      "geometry": {
        "geodesic": false,
        "type": "Point",
        "coordinates": [
          73.80034891953326,
          18.49036909819879
        ]
      },
      "properties": {
        "location_id": "unknown",
        "timestamp": "2025-04-03",
        "source": "landsat-8",
        "features": {
          "lst": 47.07571189999999
        },
        "quality": {
          "valid": true
        },
        "temporal_context": {}
      }
    },
    {
      "type": "Feature",
      "geometry": {
        "geodesic": false,
        "type": "Point",
        "coordinates": [
          73.80063303889841,
          18.49037089835434
        ]
      },
      "properties": {
        "location_id": "unknown",
        "timestamp": "2025-04-03",
        "source": "landsat-8",
        "features": {
          "lst": 47.11672814000002
        },
        "quality": {
          "valid": true
        },
        "temporal_context": {}
      }
    },
    {
      "type": "Feature",
      "geometry": {
        "geodesic": false,
        "type": "Point",
        "coordinates": [
          73.80091715829617,
          18.49037269808373
        ]
      },
      "properties": {
        "location_id": "unknown",
        "timestamp": "2025-04-03",
        "source": "landsat-8",
        "features": {
          "lst": 47.27737508000001
        },
        "quality": {
          "valid": true
        },
        "temporal_context": {}
      }
    },
    {
      "type": "Feature",
      "geometry": {
        "geodesic": false,
        "type": "Point",
        "coordinates": [
          73.80120127772656,
          18.49037449738696
        ]
      },
      "properties": {
        "location_id": "unknown",
        "timestamp": "2025-04-03",
        "source": "landsat-8",
        "features": {
          "lst": 46.97317129999999
        },
        "quality": {
          "valid": true
        },
        "temporal_context": {}
      }
    },
    {
      "type": "Feature",
      "geometry": {
        "geodesic": false,
        "type": "Point",
        "coordinates": [
          73.80148539718955,
          18.490376296264028
        ]
      },
      "properties": {
        "location_id": "unknown",
        "timestamp": "2025-04-03",
        "source": "landsat-8",
        "features": {
          "lst": 47.318391320000046
        },
        "quality": {
          "valid": true
        },
        "temporal_context": {}
      }
    },
    {
      "type": "Feature",
      "geometry": {
        "geodesic": false,
        "type": "Point",
        "coordinates": [
          73.80176951668514,
          18.490378094714934
        ]
      },
      "properties": {
        "location_id": "unknown",
        "timestamp": "2025-04-03",
        "source": "landsat-8",
        "features": {
          "lst": 47.38675172000001
        },
        "quality": {
          "valid": true
        },
        "temporal_context": {}
      }
    },
    {
      "type": "Feature",
      "geometry": {
        "geodesic": false,
        "type": "Point",
        "coordinates": [
          73.80205363621334,
          18.49037989273968
        ]
      },
      "properties": {
        "location_id": "unknown",
        "timestamp": "2025-04-03",
        "source": "landsat-8",
        "features": {
          "lst": 47.16116240000002
        },
        "quality": {
          "valid": true
        },
        "temporal_context": {}
      }
    },
    {
      "type": "Feature",
      "geometry": {
        "geodesic": false,
        "type": "Point",
        "coordinates": [
          73.8023377557741,
          18.490381690338264
        ]
      },
      "properties": {
        "location_id": "unknown",
        "timestamp": "2025-04-03",
        "source": "landsat-8",
        "features": {
          "lst": 46.90481090000003
        },
        "quality": {
          "valid": true
        },
        "temporal_context": {}
      }
    },
    {
      "type": "Feature",
      "geometry": {
        "geodesic": false,
        "type": "Point",
        "coordinates": [
          73.80262187536746,
          18.490383487510687
        ]
      },
      "properties": {
        "location_id": "unknown",
        "timestamp": "2025-04-03",
        "source": "landsat-8",
        "features": {
          "lst": 46.64162336000004
        },
        "quality": {
          "valid": true
        },
        "temporal_context": {}
      }
    },
    {
      "type": "Feature",
      "geometry": {
        "geodesic": false,
        "type": "Point",
        "coordinates": [
          73.80290599499338,
          18.49038528425695
        ]
      },
      "properties": {
        "location_id": "unknown",
        "timestamp": "2025-04-03",
        "source": "landsat-8",
        "features": {
          "lst": 46.39210790000004
        },
        "quality": {
          "valid": true
        },
        "temporal_context": {}
      }
    },
    {
      "type": "Feature",
      "geometry": {
        "geodesic": false,
        "type": "Point",
        "coordinates": [
          73.80319011465187,
          18.490387080577047
        ]
      },
      "properties": {
        "location_id": "unknown",
        "timestamp": "2025-04-03",
        "source": "landsat-8",
        "features": {
          "lst": 46.16993660000003
        },
        "quality": {
          "valid": true
        },
        "temporal_context": {}
      }
    },
    {
      "type": "Feature",
      "geometry": {
        "geodesic": false,
        "type": "Point",
        "coordinates": [
          73.8034742343429,
          18.490388876470984
        ]
      },
      "properties": {
        "location_id": "unknown",
        "timestamp": "2025-04-03",
        "source": "landsat-8",
        "features": {
          "lst": 45.96827342000006
        },
        "quality": {
          "valid": true
        },
        "temporal_context": {}
      }
    },
    {
      "type": "Feature",
      "geometry": {
        "geodesic": false,
        "type": "Point",
        "coordinates": [
          73.80375835406649,
          18.49039067193876
        ]
      },
      "properties": {
        "location_id": "unknown",
        "timestamp": "2025-04-03",
        "source": "landsat-8",
        "features": {
          "lst": 45.73584806000002
        },
        "quality": {
          "valid": true
        },
        "temporal_context": {}
      }
    },
    {
      "type": "Feature",
      "geometry": {
        "geodesic": false,
        "type": "Point",
        "coordinates": [
          73.80404247382262,
          18.49039246698037
        ]
      },
      "properties": {
        "location_id": "unknown",
        "timestamp": "2025-04-03",
        "source": "landsat-8",
        "features": {
          "lst": 46.289567300000044
        },
        "quality": {
          "valid": true
        },
        "temporal_context": {}
      }
    },
    {
      "type": "Feature",
      "geometry": {
        "geodesic": false,
        "type": "Point",
        "coordinates": [
          73.80432659361126,
          18.49039426159582
        ]
      },
      "properties": {
        "location_id": "unknown",
        "timestamp": "2025-04-03",
        "source": "landsat-8",
        "features": {
          "lst": 45.930675199999996
        },
        "quality": {
          "valid": true
        },
        "temporal_context": {}
      }
    },
    {
      "type": "Feature",
      "geometry": {
        "geodesic": false,
        "type": "Point",
        "coordinates": [
          73.80461071343245,
          18.490396055785105
        ]
      },
      "properties": {
        "location_id": "unknown",
        "timestamp": "2025-04-03",
        "source": "landsat-8",
        "features": {
          "lst": 45.636725479999996
        },
        "quality": {
          "valid": true
        },
        "temporal_context": {}
      }
    },
    {
      "type": "Feature",
      "geometry": {
        "geodesic": false,
        "type": "Point",
        "coordinates": [
          73.80489483328614,
          18.490397849548227
        ]
      },
      "properties": {
        "location_id": "unknown",
        "timestamp": "2025-04-03",
        "source": "landsat-8",
        "features": {
          "lst": 45.390628040000024
        },
        "quality": {
          "valid": true
        },
        "temporal_context": {}
      }
    },
    {
      "type": "Feature",
      "geometry": {
        "geodesic": false,
        "type": "Point",
        "coordinates": [
          73.80517895317236,
          18.490399642885187
        ]
      },
      "properties": {
        "location_id": "unknown",
        "timestamp": "2025-04-03",
        "source": "landsat-8",
        "features": {
          "lst": 44.963375540000015
        },
        "quality": {
          "valid": true
        },
        "temporal_context": {}
      }
    },
    {
      "type": "Feature",
      "geometry": {
        "geodesic": false,
        "type": "Point",
        "coordinates": [
          73.80546307309106,
          18.49040143579598
        ]
      },
      "properties": {
        "location_id": "unknown",
        "timestamp": "2025-04-03",
        "source": "landsat-8",
        "features": {
          "lst": 44.68651592000003
        },
        "quality": {
          "valid": true
        },
        "temporal_context": {}
      }
    },
    {
      "type": "Feature",
      "geometry": {
        "geodesic": false,
        "type": "Point",
        "coordinates": [
          73.80574719304225,
          18.490403228280613
        ]
      },
      "properties": {
        "location_id": "unknown",
        "timestamp": "2025-04-03",
        "source": "landsat-8",
        "features": {
          "lst": 44.40282026
        },
        "quality": {
          "valid": true
        },
        "temporal_context": {}
      }
    },
    {
      "type": "Feature",
      "geometry": {
        "geodesic": false,
        "type": "Point",
        "coordinates": [
          73.80603131302595,
          18.49040502033908
        ]
      },
      "properties": {
        "location_id": "unknown",
        "timestamp": "2025-04-03",
        "source": "landsat-8",
        "features": {
          "lst": 44.061018260000026
        },
        "quality": {
          "valid": true
        },
        "temporal_context": {}
      }
    },
    {
      "type": "Feature",
      "geometry": {
        "geodesic": false,
        "type": "Point",
        "coordinates": [
          73.80631543304212,
          18.490406811971383
        ]
      },
      "properties": {
        "location_id": "unknown",
        "timestamp": "2025-04-03",
        "source": "landsat-8",
        "features": {
          "lst": 44.11570658000005
        },
        "quality": {
          "valid": true
        },
        "temporal_context": {}
      }
    },
    {
      "type": "Feature",
      "geometry": {
        "geodesic": false,
        "type": "Point",
        "coordinates": [
          73.80659955309073,
          18.49040860317752
        ]
      },
      "properties": {
        "location_id": "unknown",
        "timestamp": "2025-04-03",
        "source": "landsat-8",
        "features": {
          "lst": 44.36180402000002
        },
        "quality": {
          "valid": true
        },
        "temporal_context": {}
      }
    },
    {
      "type": "Feature",
      "geometry": {
        "geodesic": false,
        "type": "Point",
        "coordinates": [
          73.80688367317184,
          18.49041039395749
        ]
      },
      "properties": {
        "location_id": "unknown",
        "timestamp": "2025-04-03",
        "source": "landsat-8",
        "features": {
          "lst": 44.717278100000044
        },
        "quality": {
          "valid": true
        },
        "temporal_context": {}
      }
    },
    {
      "type": "Feature",
      "geometry": {
        "geodesic": false,
        "type": "Point",
        "coordinates": [
          73.80716779328539,
          18.490412184311296
        ]
      },
      "properties": {
        "location_id": "unknown",
        "timestamp": "2025-04-03",
        "source": "landsat-8",
        "features": {
          "lst": 45.424808240000004
        },
        "quality": {
          "valid": true
        },
        "temporal_context": {}
      }
    },
    {
      "type": "Feature",
      "geometry": {
        "geodesic": false,
        "type": "Point",
        "coordinates": [
          73.80745191343138,
          18.49041397423894
        ]
      },
      "properties": {
        "location_id": "unknown",
        "timestamp": "2025-04-03",
        "source": "landsat-8",
        "features": {
          "lst": 45.86915084000003
        },
        "quality": {
          "valid": true
        },
        "temporal_context": {}
      }
    },
    {
      "type": "Feature",
      "geometry": {
        "geodesic": false,
        "type": "Point",
        "coordinates": [
          73.8077360336098,
          18.490415763740415
        ]
      },
      "properties": {
        "location_id": "unknown",
        "timestamp": "2025-04-03",
        "source": "landsat-8",
        "features": {
          "lst": 46.21437086000003
        },
        "quality": {
          "valid": true
        },
        "temporal_context": {}
      }
    },
    {
      "type": "Feature",
      "geometry": {
        "geodesic": false,
        "type": "Point",
        "coordinates": [
          73.80802015382068,
          18.490417552815728
        ]
      },
      "properties": {
        "location_id": "unknown",
        "timestamp": "2025-04-03",
        "source": "landsat-8",
        "features": {
          "lst": 46.453632260000006
        },
        "quality": {
          "valid": true
        },
        "temporal_context": {}
      }
    },
    {
      "type": "Feature",
      "geometry": {
        "geodesic": false,
        "type": "Point",
        "coordinates": [
          73.80830427406397,
          18.49041934146487
        ]
      },
      "properties": {
        "location_id": "unknown",
        "timestamp": "2025-04-03",
        "source": "landsat-8",
        "features": {
          "lst": 46.49123048000001
        },
        "quality": {
          "valid": true
        },
        "temporal_context": {}
      }
    },
    {
      "type": "Feature",
      "geometry": {
        "geodesic": false,
        "type": "Point",
        "coordinates": [
          73.80858839433967,
          18.490421129687853
        ]
      },
      "properties": {
        "location_id": "unknown",
        "timestamp": "2025-04-03",
        "source": "landsat-8",
        "features": {
          "lst": 46.210952840000004
        },
        "quality": {
          "valid": true
        },
        "temporal_context": {}
      }
    },
    {
      "type": "Feature",
      "geometry": {
        "geodesic": false,
        "type": "Point",
        "coordinates": [
          73.80887251464779,
          18.490422917484665
        ]
      },
      "properties": {
        "location_id": "unknown",
        "timestamp": "2025-04-03",
        "source": "landsat-8",
        "features": {
          "lst": 45.24707120000005
        },
        "quality": {
          "valid": true
        },
        "temporal_context": {}
      }
    },
    {
      "type": "Feature",
      "geometry": {
        "geodesic": false,
        "type": "Point",
        "coordinates": [
          73.8091566349883,
          18.490424704855315
        ]
      },
      "properties": {
        "location_id": "unknown",
        "timestamp": "2025-04-03",
        "source": "landsat-8",
        "features": {
          "lst": 43.127898800000025
        },
        "quality": {
          "valid": true
        },
        "temporal_context": {}
      }
    },
    {
      "type": "Feature",
      "geometry": {
        "geodesic": false,
        "type": "Point",
        "coordinates": [
          73.79836197493171,
          18.490085399802005
        ]
      },
      "properties": {
        "location_id": "unknown",
        "timestamp": "2025-04-03",
        "source": "landsat-8",
        "features": {
          "lst": 46.54933682000001
        },
        "quality": {
          "valid": true
        },
        "temporal_context": {}
      }
    },
    {
      "type": "Feature",
      "geometry": {
        "geodesic": false,
        "type": "Point",
        "coordinates": [
          73.79864609362164,
          18.490087202912378
        ]
      },
      "properties": {
        "location_id": "unknown",
        "timestamp": "2025-04-03",
        "source": "landsat-8",
        "features": {
          "lst": 46.668967520000024
        },
        "quality": {
          "valid": true
        },
        "temporal_context": {}
      }
    },
    {
      "type": "Feature",
      "geometry": {
        "geodesic": false,
        "type": "Point",
        "coordinates": [
          73.79893021234425,
          18.490089005596598
        ]
      },
      "properties": {
        "location_id": "unknown",
        "timestamp": "2025-04-03",
        "source": "landsat-8",
        "features": {
          "lst": 46.80227030000003
        },
        "quality": {
          "valid": true
        },
        "temporal_context": {}
      }
    },
    {
      "type": "Feature",
      "geometry": {
        "geodesic": false,
        "type": "Point",
        "coordinates": [
          73.79921433109953,
          18.490090807854664
        ]
      },
      "properties": {
        "location_id": "unknown",
        "timestamp": "2025-04-03",
        "source": "landsat-8",
        "features": {
          "lst": 47.31155527999999
        },
        "quality": {
          "valid": true
        },
        "temporal_context": {}
      }
    },
    {
      "type": "Feature",
      "geometry": {
        "geodesic": false,
        "type": "Point",
        "coordinates": [
          73.79949844988748,
          18.490092609686574
        ]
      },
      "properties": {
        "location_id": "unknown",
        "timestamp": "2025-04-03",
        "source": "landsat-8",
        "features": {
          "lst": 47.37991568000001
        },
        "quality": {
          "valid": true
        },
        "temporal_context": {}
      }
    },
    {
      "type": "Feature",
      "geometry": {
        "geodesic": false,
        "type": "Point",
        "coordinates": [
          73.79978256870807,
          18.49009441109234
        ]
      },
      "properties": {
        "location_id": "unknown",
        "timestamp": "2025-04-03",
        "source": "landsat-8",
        "features": {
          "lst": 47.35940756000002
        },
        "quality": {
          "valid": true
        },
        "temporal_context": {}
      }
    },
    {
      "type": "Feature",
      "geometry": {
        "geodesic": false,
        "type": "Point",
        "coordinates": [
          73.80006668756131,
          18.490096212071947
        ]
      },
      "properties": {
        "location_id": "unknown",
        "timestamp": "2025-04-03",
        "source": "landsat-8",
        "features": {
          "lst": 47.24661290000006
        },
        "quality": {
          "valid": true
        },
        "temporal_context": {}
      }
    },
    {
      "type": "Feature",
      "geometry": {
        "geodesic": false,
        "type": "Point",
        "coordinates": [
          73.80035080644721,
          18.4900980126254
        ]
      },
      "properties": {
        "location_id": "unknown",
        "timestamp": "2025-04-03",
        "source": "landsat-8",
        "features": {
          "lst": 47.21585072000005
        },
        "quality": {
          "valid": true
        },
        "temporal_context": {}
      }
    },
    {
      "type": "Feature",
      "geometry": {
        "geodesic": false,
        "type": "Point",
        "coordinates": [
          73.80063492536573,
          18.4900998127527
        ]
      },
      "properties": {
        "location_id": "unknown",
        "timestamp": "2025-04-03",
        "source": "landsat-8",
        "features": {
          "lst": 47.23635883999998
        },
        "quality": {
          "valid": true
        },
        "temporal_context": {}
      }
    },
    {
      "type": "Feature",
      "geometry": {
        "geodesic": false,
        "type": "Point",
        "coordinates": [
          73.80091904431687,
          18.49010161245385
        ]
      },
      "properties": {
        "location_id": "unknown",
        "timestamp": "2025-04-03",
        "source": "landsat-8",
        "features": {
          "lst": 47.37991568000001
        },
        "quality": {
          "valid": true
        },
        "temporal_context": {}
      }
    },
    {
      "type": "Feature",
      "geometry": {
        "geodesic": false,
        "type": "Point",
        "coordinates": [
          73.80120316330061,
          18.490103411728846
        ]
      },
      "properties": {
        "location_id": "unknown",
        "timestamp": "2025-04-03",
        "source": "landsat-8",
        "features": {
          "lst": 47.031277639999985
        },
        "quality": {
          "valid": true
        },
        "temporal_context": {}
      }
    },
    {
      "type": "Feature",
      "geometry": {
        "geodesic": false,
        "type": "Point",
        "coordinates": [
          73.801487282317,
          18.490105210577685
        ]
      },
      "properties": {
        "location_id": "unknown",
        "timestamp": "2025-04-03",
        "source": "landsat-8",
        "features": {
          "lst": 47.33206340000004
        },
        "quality": {
          "valid": true
        },
        "temporal_context": {}
      }
    },
    {
      "type": "Feature",
      "geometry": {
        "geodesic": false,
        "type": "Point",
        "coordinates": [
          73.80177140136595,
          18.49010700900037
        ]
      },
      "properties": {
        "location_id": "unknown",
        "timestamp": "2025-04-03",
        "source": "landsat-8",
        "features": {
          "lst": 47.44827608000003
        },
        "quality": {
          "valid": true
        },
        "temporal_context": {}
      }
    },
    {
      "type": "Feature",
      "geometry": {
        "geodesic": false,
        "type": "Point",
        "coordinates": [
          73.80205552044752,
          18.4901088069969
        ]
      },
      "properties": {
        "location_id": "unknown",
        "timestamp": "2025-04-03",
        "source": "landsat-8",
        "features": {
          "lst": 47.34915350000006
        },
        "quality": {
          "valid": true
        },
        "temporal_context": {}
      }
    },
    {
      "type": "Feature",
      "geometry": {
        "geodesic": false,
        "type": "Point",
        "coordinates": [
          73.80233963956167,
          18.490110604567278
        ]
      },
      "properties": {
        "location_id": "unknown",
        "timestamp": "2025-04-03",
        "source": "landsat-8",
        "features": {
          "lst": 47.13723626000001
        },
        "quality": {
          "valid": true
        },
        "temporal_context": {}
      }
    },
    {
      "type": "Feature",
      "geometry": {
        "geodesic": false,
        "type": "Point",
        "coordinates": [
          73.80262375870839,
          18.490112401711496
        ]
      },
      "properties": {
        "location_id": "unknown",
        "timestamp": "2025-04-03",
        "source": "landsat-8",
        "features": {
          "lst": 46.815942380000024
        },
        "quality": {
          "valid": true
        },
        "temporal_context": {}
      }
    },
    {
      "type": "Feature",
      "geometry": {
        "geodesic": false,
        "type": "Point",
        "coordinates": [
          73.80290787788768,
          18.490114198429563
        ]
      },
      "properties": {
        "location_id": "unknown",
        "timestamp": "2025-04-03",
        "source": "landsat-8",
        "features": {
          "lst": 46.48781245999999
        },
        "quality": {
          "valid": true
        },
        "temporal_context": {}
      }
    },
    {
      "type": "Feature",
      "geometry": {
        "geodesic": false,
        "type": "Point",
        "coordinates": [
          73.80319199709953,
          18.490115994721474
        ]
      },
      "properties": {
        "location_id": "unknown",
        "timestamp": "2025-04-03",
        "source": "landsat-8",
        "features": {
          "lst": 46.20069878000004
        },
        "quality": {
          "valid": true
        },
        "temporal_context": {}
      }
    },
    {
      "type": "Feature",
      "geometry": {
        "geodesic": false,
        "type": "Point",
        "coordinates": [
          73.80347611634394,
          18.49011779058723
        ]
      },
      "properties": {
        "location_id": "unknown",
        "timestamp": "2025-04-03",
        "source": "landsat-8",
        "features": {
          "lst": 45.94092926000002
        },
        "quality": {
          "valid": true
        },
        "temporal_context": {}
      }
    },
    {
      "type": "Feature",
      "geometry": {
        "geodesic": false,
        "type": "Point",
        "coordinates": [
          73.8037602356209,
          18.490119586026825
        ]
      },
      "properties": {
        "location_id": "unknown",
        "timestamp": "2025-04-03",
        "source": "landsat-8",
        "features": {
          "lst": 45.67774172000003
        },
        "quality": {
          "valid": true
        },
        "temporal_context": {}
      }
    },
    {
      "type": "Feature",
      "geometry": {
        "geodesic": false,
        "type": "Point",
        "coordinates": [
          73.8040443549304,
          18.490121381040268
        ]
      },
      "properties": {
        "location_id": "unknown",
        "timestamp": "2025-04-03",
        "source": "landsat-8",
        "features": {
          "lst": 46.210952840000004
        },
        "quality": {
          "valid": true
        },
        "temporal_context": {}
      }
    },
    {
      "type": "Feature",
      "geometry": {
        "geodesic": false,
        "type": "Point",
        "coordinates": [
          73.80432847427242,
          18.490123175627556
        ]
      },
      "properties": {
        "location_id": "unknown",
        "timestamp": "2025-04-03",
        "source": "landsat-8",
        "features": {
          "lst": 45.81788054000003
        },
        "quality": {
          "valid": true
        },
        "temporal_context": {}
      }
    },
    {
      "type": "Feature",
      "geometry": {
        "geodesic": false,
        "type": "Point",
        "coordinates": [
          73.80461259364698,
          18.490124969788685
        ]
      },
      "properties": {
        "location_id": "unknown",
        "timestamp": "2025-04-03",
        "source": "landsat-8",
        "features": {
          "lst": 45.57520112000003
        },
        "quality": {
          "valid": true
        },
        "temporal_context": {}
      }
    },
    {
      "type": "Feature",
      "geometry": {
        "geodesic": false,
        "type": "Point",
        "coordinates": [
          73.80489671305405,
          18.490126763523662
        ]
      },
      "properties": {
        "location_id": "unknown",
        "timestamp": "2025-04-03",
        "source": "landsat-8",
        "features": {
          "lst": 45.482914580000056
        },
        "quality": {
          "valid": true
        },
        "temporal_context": {}
      }
    },
    {
      "type": "Feature",
      "geometry": {
        "geodesic": false,
        "type": "Point",
        "coordinates": [
          73.80518083249362,
          18.490128556832477
        ]
      },
      "properties": {
        "location_id": "unknown",
        "timestamp": "2025-04-03",
        "source": "landsat-8",
        "features": {
          "lst": 45.18554684000003
        },
        "quality": {
          "valid": true
        },
        "temporal_context": {}
      }
    },
    {
      "type": "Feature",
      "geometry": {
        "geodesic": false,
        "type": "Point",
        "coordinates": [
          73.80546495196569,
          18.490130349715134
        ]
      },
      "properties": {
        "location_id": "unknown",
        "timestamp": "2025-04-03",
        "source": "landsat-8",
        "features": {
          "lst": 44.97704762000001
        },
        "quality": {
          "valid": true
        },
        "temporal_context": {}
      }
    },
    {
      "type": "Feature",
      "geometry": {
        "geodesic": false,
        "type": "Point",
        "coordinates": [
          73.80574907147027,
          18.49013214217164
        ]
      },
      "properties": {
        "location_id": "unknown",
        "timestamp": "2025-04-03",
        "source": "landsat-8",
        "features": {
          "lst": 44.717278100000044
        },
        "quality": {
          "valid": true
        },
        "temporal_context": {}
      }
    },
    {
      "type": "Feature",
      "geometry": {
        "geodesic": false,
        "type": "Point",
        "coordinates": [
          73.80603319100733,
          18.490133934201985
        ]
      },
      "properties": {
        "location_id": "unknown",
        "timestamp": "2025-04-03",
        "source": "landsat-8",
        "features": {
          "lst": 44.30027966
        },
        "quality": {
          "valid": true
        },
        "temporal_context": {}
      }
    },
    {
      "type": "Feature",
      "geometry": {
        "geodesic": false,
        "type": "Point",
        "coordinates": [
          73.80631731057684,
          18.490135725806173
        ]
      },
      "properties": {
        "location_id": "unknown",
        "timestamp": "2025-04-03",
        "source": "landsat-8",
        "features": {
          "lst": 44.22508321999999
        },
        "quality": {
          "valid": true
        },
        "temporal_context": {}
      }
    },
    {
      "type": "Feature",
      "geometry": {
        "geodesic": false,
        "type": "Point",
        "coordinates": [
          73.80660143017884,
          18.490137516984202
        ]
      },
      "properties": {
        "location_id": "unknown",
        "timestamp": "2025-04-03",
        "source": "landsat-8",
        "features": {
          "lst": 44.33445986000004
        },
        "quality": {
          "valid": true
        },
        "temporal_context": {}
      }
    },
    {
      "type": "Feature",
      "geometry": {
        "geodesic": false,
        "type": "Point",
        "coordinates": [
          73.80688554981332,
          18.490139307736072
        ]
      },
      "properties": {
        "location_id": "unknown",
        "timestamp": "2025-04-03",
        "source": "landsat-8",
        "features": {
          "lst": 44.604483440000024
        },
        "quality": {
          "valid": true
        },
        "temporal_context": {}
      }
    },
    {
      "type": "Feature",
      "geometry": {
        "geodesic": false,
        "type": "Point",
        "coordinates": [
          73.80716966948023,
          18.490141098061788
        ]
      },
      "properties": {
        "location_id": "unknown",
        "timestamp": "2025-04-03",
        "source": "landsat-8",
        "features": {
          "lst": 45.226563080000005
        },
        "quality": {
          "valid": true
        },
        "temporal_context": {}
      }
    },
    {
      "type": "Feature",
      "geometry": {
        "geodesic": false,
        "type": "Point",
        "coordinates": [
          73.80745378917959,
          18.49014288796134
        ]
      },
      "properties": {
        "location_id": "unknown",
        "timestamp": "2025-04-03",
        "source": "landsat-8",
        "features": {
          "lst": 45.599127260000046
        },
        "quality": {
          "valid": true
        },
        "temporal_context": {}
      }
    },
    {
      "type": "Feature",
      "geometry": {
        "geodesic": false,
        "type": "Point",
        "coordinates": [
          73.80773790891139,
          18.490144677434735
        ]
      },
      "properties": {
        "location_id": "unknown",
        "timestamp": "2025-04-03",
        "source": "landsat-8",
        "features": {
          "lst": 45.95118332000004
        },
        "quality": {
          "valid": true
        },
        "temporal_context": {}
      }
    },
    {
      "type": "Feature",
      "geometry": {
        "geodesic": false,
        "type": "Point",
        "coordinates": [
          73.80802202867564,
          18.49014646648197
        ]
      },
      "properties": {
        "location_id": "unknown",
        "timestamp": "2025-04-03",
        "source": "landsat-8",
        "features": {
          "lst": 46.27589522000005
        },
        "quality": {
          "valid": true
        },
        "temporal_context": {}
      }
    },
    {
      "type": "Feature",
      "geometry": {
        "geodesic": false,
        "type": "Point",
        "coordinates": [
          73.80830614847228,
          18.490148255103048
        ]
      },
      "properties": {
        "location_id": "unknown",
        "timestamp": "2025-04-03",
        "source": "landsat-8",
        "features": {
          "lst": 46.504902560000005
        },
        "quality": {
          "valid": true
        },
        "temporal_context": {}
      }
    },
    {
      "type": "Feature",
      "geometry": {
        "geodesic": false,
        "type": "Point",
        "coordinates": [
          73.80859026830134,
          18.490150043297966
        ]
      },
      "properties": {
        "location_id": "unknown",
        "timestamp": "2025-04-03",
        "source": "landsat-8",
        "features": {
          "lst": 46.323747500000025
        },
        "quality": {
          "valid": true
        },
        "temporal_context": {}
      }
    },
    {
      "type": "Feature",
      "geometry": {
        "geodesic": false,
        "type": "Point",
        "coordinates": [
          73.80887438816283,
          18.490151831066722
        ]
      },
      "properties": {
        "location_id": "unknown",
        "timestamp": "2025-04-03",
        "source": "landsat-8",
        "features": {
          "lst": 45.23681714000003
        },
        "quality": {
          "valid": true
        },
        "temporal_context": {}
      }
    },
    {
      "type": "Feature",
      "geometry": {
        "geodesic": false,
        "type": "Point",
        "coordinates": [
          73.80915850805671,
          18.490153618409323
        ]
      },
      "properties": {
        "location_id": "unknown",
        "timestamp": "2025-04-03",
        "source": "landsat-8",
        "features": {
          "lst": 42.98434196000005
        },
        "quality": {
          "valid": true
        },
        "temporal_context": {}
      }
    },
    {
      "type": "Feature",
      "geometry": {
        "geodesic": false,
        "type": "Point",
        "coordinates": [
          73.79836386493933,
          18.489814314418613
        ]
      },
      "properties": {
        "location_id": "unknown",
        "timestamp": "2025-04-03",
        "source": "landsat-8",
        "features": {
          "lst": 45.90333104000001
        },
        "quality": {
          "valid": true
        },
        "temporal_context": {}
      }
    },
    {
      "type": "Feature",
      "geometry": {
        "geodesic": false,
        "type": "Point",
        "coordinates": [
          73.79864798318265,
          18.48981611750069
        ]
      },
      "properties": {
        "location_id": "unknown",
        "timestamp": "2025-04-03",
        "source": "landsat-8",
        "features": {
          "lst": 46.033215799999994
        },
        "quality": {
          "valid": true
        },
        "temporal_context": {}
      }
    },
    {
      "type": "Feature",
      "geometry": {
        "geodesic": false,
        "type": "Point",
        "coordinates": [
          73.79893210145865,
          18.489817920156618
        ]
      },
      "properties": {
        "location_id": "unknown",
        "timestamp": "2025-04-03",
        "source": "landsat-8",
        "features": {
          "lst": 46.241715020000015
        },
        "quality": {
          "valid": true
        },
        "temporal_context": {}
      }
    },
    {
      "type": "Feature",
      "geometry": {
        "geodesic": false,
        "type": "Point",
        "coordinates": [
          73.79921621976732,
          18.489819722386404
        ]
      },
      "properties": {
        "location_id": "unknown",
        "timestamp": "2025-04-03",
        "source": "landsat-8",
        "features": {
          "lst": 46.63820534000001
        },
        "quality": {
          "valid": true
        },
        "temporal_context": {}
      }
    },
    {
      "type": "Feature",
      "geometry": {
        "geodesic": false,
        "type": "Point",
        "coordinates": [
          73.79950033810863,
          18.489821524190045
        ]
      },
      "properties": {
        "location_id": "unknown",
        "timestamp": "2025-04-03",
        "source": "landsat-8",
        "features": {
          "lst": 46.932155060000014
        },
        "quality": {
          "valid": true
        },
        "temporal_context": {}
      }
    },
    {
      "type": "Feature",
      "geometry": {
        "geodesic": false,
        "type": "Point",
        "coordinates": [
          73.79978445648263,
          18.489823325567535
        ]
      },
      "properties": {
        "location_id": "unknown",
        "timestamp": "2025-04-03",
        "source": "landsat-8",
        "features": {
          "lst": 47.13040022000001
        },
        "quality": {
          "valid": true
        },
        "temporal_context": {}
      }
    },
    {
      "type": "Feature",
      "geometry": {
        "geodesic": false,
        "type": "Point",
        "coordinates": [
          73.80006857488924,
          18.48982512651888
        ]
      },
      "properties": {
        "location_id": "unknown",
        "timestamp": "2025-04-03",
        "source": "landsat-8",
        "features": {
          "lst": 47.27395706000004
        },
        "quality": {
          "valid": true
        },
        "temporal_context": {}
      }
    },
    {
      "type": "Feature",
      "geometry": {
        "geodesic": false,
        "type": "Point",
        "coordinates": [
          73.8003526933285,
          18.48982692704408
        ]
      },
      "properties": {
        "location_id": "unknown",
        "timestamp": "2025-04-03",
        "source": "landsat-8",
        "features": {
          "lst": 47.35940756000002
        },
        "quality": {
          "valid": true
        },
        "temporal_context": {}
      }
    },
    {
      "type": "Feature",
      "geometry": {
        "geodesic": false,
        "type": "Point",
        "coordinates": [
          73.80063681180042,
          18.489828727143134
        ]
      },
      "properties": {
        "location_id": "unknown",
        "timestamp": "2025-04-03",
        "source": "landsat-8",
        "features": {
          "lst": 47.44485806
        },
        "quality": {
          "valid": true
        },
        "temporal_context": {}
      }
    },
    {
      "type": "Feature",
      "geometry": {
        "geodesic": false,
        "type": "Point",
        "coordinates": [
          73.80092093030493,
          18.48983052681604
        ]
      },
      "properties": {
        "location_id": "unknown",
        "timestamp": "2025-04-03",
        "source": "landsat-8",
        "features": {
          "lst": 47.60892302000002
        },
        "quality": {
          "valid": true
        },
        "temporal_context": {}
      }
    },
    {
      "type": "Feature",
      "geometry": {
        "geodesic": false,
        "type": "Point",
        "coordinates": [
          73.80120504884206,
          18.489832326062796
        ]
      },
      "properties": {
        "location_id": "unknown",
        "timestamp": "2025-04-03",
        "source": "landsat-8",
        "features": {
          "lst": 48.36772345999998
        },
        "quality": {
          "valid": true
        },
        "temporal_context": {}
      }
    },
    {
      "type": "Feature",
      "geometry": {
        "geodesic": false,
        "type": "Point",
        "coordinates": [
          73.80148916741182,
          18.48983412488341
        ]
      },
      "properties": {
        "location_id": "unknown",
        "timestamp": "2025-04-03",
        "source": "landsat-8",
        "features": {
          "lst": 48.64800109999999
        },
        "quality": {
          "valid": true
        },
        "temporal_context": {}
      }
    },
    {
      "type": "Feature",
      "geometry": {
        "geodesic": false,
        "type": "Point",
        "coordinates": [
          73.80177328601417,
          18.489835923277873
        ]
      },
      "properties": {
        "location_id": "unknown",
        "timestamp": "2025-04-03",
        "source": "landsat-8",
        "features": {
          "lst": 48.82232012000003
        },
        "quality": {
          "valid": true
        },
        "temporal_context": {}
      }
    },
    {
      "type": "Feature",
      "geometry": {
        "geodesic": false,
        "type": "Point",
        "coordinates": [
          73.8020574046491,
          18.48983772124619
        ]
      },
      "properties": {
        "location_id": "unknown",
        "timestamp": "2025-04-03",
        "source": "landsat-8",
        "features": {
          "lst": 48.012249380000014
        },
        "quality": {
          "valid": true
        },
        "temporal_context": {}
      }
    },
    {
      "type": "Feature",
      "geometry": {
        "geodesic": false,
        "type": "Point",
        "coordinates": [
          73.80234152331663,
          18.489839518788354
        ]
      },
      "properties": {
        "location_id": "unknown",
        "timestamp": "2025-04-03",
        "source": "landsat-8",
        "features": {
          "lst": 47.91996284000004
        },
        "quality": {
          "valid": true
        },
        "temporal_context": {}
      }
    },
    {
      "type": "Feature",
      "geometry": {
        "geodesic": false,
        "type": "Point",
        "coordinates": [
          73.80262564201675,
          18.489841315904375
        ]
      },
      "properties": {
        "location_id": "unknown",
        "timestamp": "2025-04-03",
        "source": "landsat-8",
        "features": {
          "lst": 47.520054500000015
        },
        "quality": {
          "valid": true
        },
        "temporal_context": {}
      }
    },
    {
      "type": "Feature",
      "geometry": {
        "geodesic": false,
        "type": "Point",
        "coordinates": [
          73.80290976074942,
          18.489843112594244
        ]
      },
      "properties": {
        "location_id": "unknown",
        "timestamp": "2025-04-03",
        "source": "landsat-8",
        "features": {
          "lst": 47.04494971999998
        },
        "quality": {
          "valid": true
        },
        "temporal_context": {}
      }
    },
    {
      "type": "Feature",
      "geometry": {
        "geodesic": false,
        "type": "Point",
        "coordinates": [
          73.80319387951465,
          18.489844908857968
        ]
      },
      "properties": {
        "location_id": "unknown",
        "timestamp": "2025-04-03",
        "source": "landsat-8",
        "features": {
          "lst": 46.614279200000055
        },
        "quality": {
          "valid": true
        },
        "temporal_context": {}
      }
    },
    {
      "type": "Feature",
      "geometry": {
        "geodesic": false,
        "type": "Point",
        "coordinates": [
          73.80347799831243,
          18.48984670469554
        ]
      },
      "properties": {
        "location_id": "unknown",
        "timestamp": "2025-04-03",
        "source": "landsat-8",
        "features": {
          "lst": 46.36818176000003
        },
        "quality": {
          "valid": true
        },
        "temporal_context": {}
      }
    },
    {
      "type": "Feature",
      "geometry": {
        "geodesic": false,
        "type": "Point",
        "coordinates": [
          73.80376211714277,
          18.489848500106962
        ]
      },
      "properties": {
        "location_id": "unknown",
        "timestamp": "2025-04-03",
        "source": "landsat-8",
        "features": {
          "lst": 46.01612570000003
        },
        "quality": {
          "valid": true
        },
        "temporal_context": {}
      }
    },
    {
      "type": "Feature",
      "geometry": {
        "geodesic": false,
        "type": "Point",
        "coordinates": [
          73.80404623600565,
          18.48985029509224
        ]
      },
      "properties": {
        "location_id": "unknown",
        "timestamp": "2025-04-03",
        "source": "landsat-8",
        "features": {
          "lst": 46.55617286000006
        },
        "quality": {
          "valid": true
        },
        "temporal_context": {}
      }
    },
    {
      "type": "Feature",
      "geometry": {
        "geodesic": false,
        "type": "Point",
        "coordinates": [
          73.80433035490105,
          18.48985208965136
        ]
      },
      "properties": {
        "location_id": "unknown",
        "timestamp": "2025-04-03",
        "source": "landsat-8",
        "features": {
          "lst": 46.18360868000002
        },
        "quality": {
          "valid": true
        },
        "temporal_context": {}
      }
    },
    {
      "type": "Feature",
      "geometry": {
        "geodesic": false,
        "type": "Point",
        "coordinates": [
          73.80461447382899,
          18.48985388378434
        ]
      },
      "properties": {
        "location_id": "unknown",
        "timestamp": "2025-04-03",
        "source": "landsat-8",
        "features": {
          "lst": 45.927257180000026
        },
        "quality": {
          "valid": true
        },
        "temporal_context": {}
      }
    },
    {
      "type": "Feature",
      "geometry": {
        "geodesic": false,
        "type": "Point",
        "coordinates": [
          73.80489859278943,
          18.489855677491164
        ]
      },
      "properties": {
        "location_id": "unknown",
        "timestamp": "2025-04-03",
        "source": "landsat-8",
        "features": {
          "lst": 45.95460134000001
        },
        "quality": {
          "valid": true
        },
        "temporal_context": {}
      }
    },
    {
      "type": "Feature",
      "geometry": {
        "geodesic": false,
        "type": "Point",
        "coordinates": [
          73.80518271178238,
          18.489857470771838
        ]
      },
      "properties": {
        "location_id": "unknown",
        "timestamp": "2025-04-03",
        "source": "landsat-8",
        "features": {
          "lst": 45.50342269999999
        },
        "quality": {
          "valid": true
        },
        "temporal_context": {}
      }
    },
    {
      "type": "Feature",
      "geometry": {
        "geodesic": false,
        "type": "Point",
        "coordinates": [
          73.80546683080784,
          18.489859263626364
        ]
      },
      "properties": {
        "location_id": "unknown",
        "timestamp": "2025-04-03",
        "source": "landsat-8",
        "features": {
          "lst": 45.41797220000001
        },
        "quality": {
          "valid": true
        },
        "temporal_context": {}
      }
    },
    {
      "type": "Feature",
      "geometry": {
        "geodesic": false,
        "type": "Point",
        "coordinates": [
          73.80575094986578,
          18.489861056054735
        ]
      },
      "properties": {
        "location_id": "unknown",
        "timestamp": "2025-04-03",
        "source": "landsat-8",
        "features": {
          "lst": 45.161620700000014
        },
        "quality": {
          "valid": true
        },
        "temporal_context": {}
      }
    },
    {
      "type": "Feature",
      "geometry": {
        "geodesic": false,
        "type": "Point",
        "coordinates": [
          73.80603506895622,
          18.489862848056962
        ]
      },
      "properties": {
        "location_id": "unknown",
        "timestamp": "2025-04-03",
        "source": "landsat-8",
        "features": {
          "lst": 45.305177540000045
        },
        "quality": {
          "valid": true
        },
        "temporal_context": {}
      }
    },
    {
      "type": "Feature",
      "geometry": {
        "geodesic": false,
        "type": "Point",
        "coordinates": [
          73.80631918807913,
          18.489864639633034
        ]
      },
      "properties": {
        "location_id": "unknown",
        "timestamp": "2025-04-03",
        "source": "landsat-8",
        "features": {
          "lst": 45.161620700000014
        },
        "quality": {
          "valid": true
        },
        "temporal_context": {}
      }
    },
    {
      "type": "Feature",
      "geometry": {
        "geodesic": false,
        "type": "Point",
        "coordinates": [
          73.8066033072345,
          18.489866430782953
        ]
      },
      "properties": {
        "location_id": "unknown",
        "timestamp": "2025-04-03",
        "source": "landsat-8",
        "features": {
          "lst": 45.11718644000001
        },
        "quality": {
          "valid": true
        },
        "temporal_context": {}
      }
    },
    {
      "type": "Feature",
      "geometry": {
        "geodesic": false,
        "type": "Point",
        "coordinates": [
          73.80688742642235,
          18.489868221506722
        ]
      },
      "properties": {
        "location_id": "unknown",
        "timestamp": "2025-04-03",
        "source": "landsat-8",
        "features": {
          "lst": 45.26074328000004
        },
        "quality": {
          "valid": true
        },
        "temporal_context": {}
      }
    },
    {
      "type": "Feature",
      "geometry": {
        "geodesic": false,
        "type": "Point",
        "coordinates": [
          73.80717154564263,
          18.489870011804342
        ]
      },
      "properties": {
        "location_id": "unknown",
        "timestamp": "2025-04-03",
        "source": "landsat-8",
        "features": {
          "lst": 45.07617019999998
        },
        "quality": {
          "valid": true
        },
        "temporal_context": {}
      }
    },
    {
      "type": "Feature",
      "geometry": {
        "geodesic": false,
        "type": "Point",
        "coordinates": [
          73.80745566489537,
          18.489871801675807
        ]
      },
      "properties": {
        "location_id": "unknown",
        "timestamp": "2025-04-03",
        "source": "landsat-8",
        "features": {
          "lst": 45.339357740000025
        },
        "quality": {
          "valid": true
        },
        "temporal_context": {}
      }
    },
    {
      "type": "Feature",
      "geometry": {
        "geodesic": false,
        "type": "Point",
        "coordinates": [
          73.80773978418054,
          18.48987359112112
        ]
      },
      "properties": {
        "location_id": "unknown",
        "timestamp": "2025-04-03",
        "source": "landsat-8",
        "features": {
          "lst": 45.61621736000001
        },
        "quality": {
          "valid": true
        },
        "temporal_context": {}
      }
    },
    {
      "type": "Feature",
      "geometry": {
        "geodesic": false,
        "type": "Point",
        "coordinates": [
          73.80802390349815,
          18.489875380140283
        ]
      },
      "properties": {
        "location_id": "unknown",
        "timestamp": "2025-04-03",
        "source": "landsat-8",
        "features": {
          "lst": 45.92383916000006
        },
        "quality": {
          "valid": true
        },
        "temporal_context": {}
      }
    },
    {
      "type": "Feature",
      "geometry": {
        "geodesic": false,
        "type": "Point",
        "coordinates": [
          73.8083080228482,
          18.48987716873329
        ]
      },
      "properties": {
        "location_id": "unknown",
        "timestamp": "2025-04-03",
        "source": "landsat-8",
        "features": {
          "lst": 46.18702670000005
        },
        "quality": {
          "valid": true
        },
        "temporal_context": {}
      }
    },
    {
      "type": "Feature",
      "geometry": {
        "geodesic": false,
        "type": "Point",
        "coordinates": [
          73.80859214223064,
          18.489878956900146
        ]
      },
      "properties": {
        "location_id": "unknown",
        "timestamp": "2025-04-03",
        "source": "landsat-8",
        "features": {
          "lst": 45.97169144000003
        },
        "quality": {
          "valid": true
        },
        "temporal_context": {}
      }
    },
    {
      "type": "Feature",
      "geometry": {
        "geodesic": false,
        "type": "Point",
        "coordinates": [
          73.8088762616455,
          18.489880744640853
        ]
      },
      "properties": {
        "location_id": "unknown",
        "timestamp": "2025-04-03",
        "source": "landsat-8",
        "features": {
          "lst": 44.95653950000002
        },
        "quality": {
          "valid": true
        },
        "temporal_context": {}
      }
    },
    {
      "type": "Feature",
      "geometry": {
        "geodesic": false,
        "type": "Point",
        "coordinates": [
          73.80916038109274,
          18.4898825319554
        ]
      },
      "properties": {
        "location_id": "unknown",
        "timestamp": "2025-04-03",
        "source": "landsat-8",
        "features": {
          "lst": 43.03903028000002
        },
        "quality": {
          "valid": true
        },
        "temporal_context": {}
      }
    },
    {
      "type": "Feature",
      "geometry": {
        "geodesic": false,
        "type": "Point",
        "coordinates": [
          73.79836575491429,
          18.489543229027277
        ]
      },
      "properties": {
        "location_id": "unknown",
        "timestamp": "2025-04-03",
        "source": "landsat-8",
        "features": {
          "lst": 44.83690880000006
        },
        "quality": {
          "valid": true
        },
        "temporal_context": {}
      }
    },
    {
      "type": "Feature",
      "geometry": {
        "geodesic": false,
        "type": "Point",
        "coordinates": [
          73.798649872711,
          18.489545032081057
        ]
      },
      "properties": {
        "location_id": "unknown",
        "timestamp": "2025-04-03",
        "source": "landsat-8",
        "features": {
          "lst": 44.932613360000005
        },
        "quality": {
          "valid": true
        },
        "temporal_context": {}
      }
    },
    {
      "type": "Feature",
      "geometry": {
        "geodesic": false,
        "type": "Point",
        "coordinates": [
          73.79893399054036,
          18.4895468347087
        ]
      },
      "properties": {
        "location_id": "unknown",
        "timestamp": "2025-04-03",
        "source": "landsat-8",
        "features": {
          "lst": 45.165038719999984
        },
        "quality": {
          "valid": true
        },
        "temporal_context": {}
      }
    },
    {
      "type": "Feature",
      "geometry": {
        "geodesic": false,
        "type": "Point",
        "coordinates": [
          73.79921810840243,
          18.489548636910204
        ]
      },
      "properties": {
        "location_id": "unknown",
        "timestamp": "2025-04-03",
        "source": "landsat-8",
        "features": {
          "lst": 45.68115974
        },
        "quality": {
          "valid": true
        },
        "temporal_context": {}
      }
    },
    {
      "type": "Feature",
      "geometry": {
        "geodesic": false,
        "type": "Point",
        "coordinates": [
          73.79950222629715,
          18.48955043868557
        ]
      },
      "properties": {
        "location_id": "unknown",
        "timestamp": "2025-04-03",
        "source": "landsat-8",
        "features": {
          "lst": 46.08106808000002
        },
        "quality": {
          "valid": true
        },
        "temporal_context": {}
      }
    },
    {
      "type": "Feature",
      "geometry": {
        "geodesic": false,
        "type": "Point",
        "coordinates": [
          73.79978634422451,
          18.48955224003479
        ]
      },
      "properties": {
        "location_id": "unknown",
        "timestamp": "2025-04-03",
        "source": "landsat-8",
        "features": {
          "lst": 46.55959088000003
        },
        "quality": {
          "valid": true
        },
        "temporal_context": {}
      }
    },
    {
      "type": "Feature",
      "geometry": {
        "geodesic": false,
        "type": "Point",
        "coordinates": [
          73.80007046218454,
          18.489554040957877
        ]
      },
      "properties": {
        "location_id": "unknown",
        "timestamp": "2025-04-03",
        "source": "landsat-8",
        "features": {
          "lst": 46.98684337999998
        },
        "quality": {
          "valid": true
        },
        "temporal_context": {}
      }
    },
    {
      "type": "Feature",
      "geometry": {
        "geodesic": false,
        "type": "Point",
        "coordinates": [
          73.80035458017718,
          18.489555841454816
        ]
      },
      "properties": {
        "location_id": "unknown",
        "timestamp": "2025-04-03",
        "source": "landsat-8",
        "features": {
          "lst": 47.27053904000002
        },
        "quality": {
          "valid": true
        },
        "temporal_context": {}
      }
    },
    {
      "type": "Feature",
      "geometry": {
        "geodesic": false,
        "type": "Point",
        "coordinates": [
          73.80063869820248,
          18.48955764152562
        ]
      },
      "properties": {
        "location_id": "unknown",
        "timestamp": "2025-04-03",
        "source": "landsat-8",
        "features": {
          "lst": 47.45853013999999
        },
        "quality": {
          "valid": true
        },
        "temporal_context": {}
      }
    },
    {
      "type": "Feature",
      "geometry": {
        "geodesic": false,
        "type": "Point",
        "coordinates": [
          73.80092281626038,
          18.489559441170286
        ]
      },
      "properties": {
        "location_id": "unknown",
        "timestamp": "2025-04-03",
        "source": "landsat-8",
        "features": {
          "lst": 47.63284915999998
        },
        "quality": {
          "valid": true
        },
        "temporal_context": {}
      }
    },
    {
      "type": "Feature",
      "geometry": {
        "geodesic": false,
        "type": "Point",
        "coordinates": [
          73.80120693435092,
          18.48956124038881
        ]
      },
      "properties": {
        "location_id": "unknown",
        "timestamp": "2025-04-03",
        "source": "landsat-8",
        "features": {
          "lst": 48.33012524000003
        },
        "quality": {
          "valid": true
        },
        "temporal_context": {}
      }
    },
    {
      "type": "Feature",
      "geometry": {
        "geodesic": false,
        "type": "Point",
        "coordinates": [
          73.80149105247406,
          18.489563039181192
        ]
      },
      "properties": {
        "location_id": "unknown",
        "timestamp": "2025-04-03",
        "source": "landsat-8",
        "features": {
          "lst": 48.565968620000035
        },
        "quality": {
          "valid": true
        },
        "temporal_context": {}
      }
    },
    {
      "type": "Feature",
      "geometry": {
        "geodesic": false,
        "type": "Point",
        "coordinates": [
          73.80177517062978,
          18.489564837547434
        ]
      },
      "properties": {
        "location_id": "unknown",
        "timestamp": "2025-04-03",
        "source": "landsat-8",
        "features": {
          "lst": 48.781303879999996
        },
        "quality": {
          "valid": true
        },
        "temporal_context": {}
      }
    },
    {
      "type": "Feature",
      "geometry": {
        "geodesic": false,
        "type": "Point",
        "coordinates": [
          73.80205928881811,
          18.489566635487535
        ]
      },
      "properties": {
        "location_id": "unknown",
        "timestamp": "2025-04-03",
        "source": "landsat-8",
        "features": {
          "lst": 47.98832324
        },
        "quality": {
          "valid": true
        },
        "temporal_context": {}
      }
    },
    {
      "type": "Feature",
      "geometry": {
        "geodesic": false,
        "type": "Point",
        "coordinates": [
          73.80234340703903,
          18.48956843300149
        ]
      },
      "properties": {
        "location_id": "unknown",
        "timestamp": "2025-04-03",
        "source": "landsat-8",
        "features": {
          "lst": 48.09086384
        },
        "quality": {
          "valid": true
        },
        "temporal_context": {}
      }
    },
    {
      "type": "Feature",
      "geometry": {
        "geodesic": false,
        "type": "Point",
        "coordinates": [
          73.80262752529252,
          18.48957023008931
        ]
      },
      "properties": {
        "location_id": "unknown",
        "timestamp": "2025-04-03",
        "source": "landsat-8",
        "features": {
          "lst": 47.77640600000001
        },
        "quality": {
          "valid": true
        },
        "temporal_context": {}
      }
    },
    {
      "type": "Feature",
      "geometry": {
        "geodesic": false,
        "type": "Point",
        "coordinates": [
          73.80291164357858,
          18.489572026750984
        ]
      },
      "properties": {
        "location_id": "unknown",
        "timestamp": "2025-04-03",
        "source": "landsat-8",
        "features": {
          "lst": 47.373079640000014
        },
        "quality": {
          "valid": true
        },
        "temporal_context": {}
      }
    },
    {
      "type": "Feature",
      "geometry": {
        "geodesic": false,
        "type": "Point",
        "coordinates": [
          73.8031957618972,
          18.489573822986518
        ]
      },
      "properties": {
        "location_id": "unknown",
        "timestamp": "2025-04-03",
        "source": "landsat-8",
        "features": {
          "lst": 46.85695862
        },
        "quality": {
          "valid": true
        },
        "temporal_context": {}
      }
    },
    {
      "type": "Feature",
      "geometry": {
        "geodesic": false,
        "type": "Point",
        "coordinates": [
          73.80347988024839,
          18.48957561879591
        ]
      },
      "properties": {
        "location_id": "unknown",
        "timestamp": "2025-04-03",
        "source": "landsat-8",
        "features": {
          "lst": 46.457050279999976
        },
        "quality": {
          "valid": true
        },
        "temporal_context": {}
      }
    },
    {
      "type": "Feature",
      "geometry": {
        "geodesic": false,
        "type": "Point",
        "coordinates": [
          73.8037639986321,
          18.48957741417916
        ]
      },
      "properties": {
        "location_id": "unknown",
        "timestamp": "2025-04-03",
        "source": "landsat-8",
        "features": {
          "lst": 46.08448610000005
        },
        "quality": {
          "valid": true
        },
        "temporal_context": {}
      }
    },
    {
      "type": "Feature",
      "geometry": {
        "geodesic": false,
        "type": "Point",
        "coordinates": [
          73.80404811704837,
          18.489579209136267
        ]
      },
      "properties": {
        "location_id": "unknown",
        "timestamp": "2025-04-03",
        "source": "landsat-8",
        "features": {
          "lst": 46.63136930000002
        },
        "quality": {
          "valid": true
        },
        "temporal_context": {}
      }
    },
    {
      "type": "Feature",
      "geometry": {
        "geodesic": false,
        "type": "Point",
        "coordinates": [
          73.80433223549716,
          18.48958100366723
        ]
      },
      "properties": {
        "location_id": "unknown",
        "timestamp": "2025-04-03",
        "source": "landsat-8",
        "features": {
          "lst": 46.33058354000002
        },
        "quality": {
          "valid": true
        },
        "temporal_context": {}
      }
    },
    {
      "type": "Feature",
      "geometry": {
        "geodesic": false,
        "type": "Point",
        "coordinates": [
          73.80461635397847,
          18.489582797772048
        ]
      },
      "properties": {
        "location_id": "unknown",
        "timestamp": "2025-04-03",
        "source": "landsat-8",
        "features": {
          "lst": 46.13233838000002
        },
        "quality": {
          "valid": true
        },
        "temporal_context": {}
      }
    },
    {
      "type": "Feature",
      "geometry": {
        "geodesic": false,
        "type": "Point",
        "coordinates": [
          73.8049004724923,
          18.489584591450726
        ]
      },
      "properties": {
        "location_id": "unknown",
        "timestamp": "2025-04-03",
        "source": "landsat-8",
        "features": {
          "lst": 46.210952840000004
        },
        "quality": {
          "valid": true
        },
        "temporal_context": {}
      }
    },
    {
      "type": "Feature",
      "geometry": {
        "geodesic": false,
        "type": "Point",
        "coordinates": [
          73.80518459103865,
          18.48958638470326
        ]
      },
      "properties": {
        "location_id": "unknown",
        "timestamp": "2025-04-03",
        "source": "landsat-8",
        "features": {
          "lst": 45.81788054000003
        },
        "quality": {
          "valid": true
        },
        "temporal_context": {}
      }
    },
    {
      "type": "Feature",
      "geometry": {
        "geodesic": false,
        "type": "Point",
        "coordinates": [
          73.80546870961749,
          18.489588177529647
        ]
      },
      "properties": {
        "location_id": "unknown",
        "timestamp": "2025-04-03",
        "source": "landsat-8",
        "features": {
          "lst": 45.72217598000003
        },
        "quality": {
          "valid": true
        },
        "temporal_context": {}
      }
    },
    {
      "type": "Feature",
      "geometry": {
        "geodesic": false,
        "type": "Point",
        "coordinates": [
          73.80575282822882,
          18.489589969929895
        ]
      },
      "properties": {
        "location_id": "unknown",
        "timestamp": "2025-04-03",
        "source": "landsat-8",
        "features": {
          "lst": 45.46924250000001
        },
        "quality": {
          "valid": true
        },
        "temporal_context": {}
      }
    },
    {
      "type": "Feature",
      "geometry": {
        "geodesic": false,
        "type": "Point",
        "coordinates": [
          73.80603694687264,
          18.489591761903995
        ]
      },
      "properties": {
        "location_id": "unknown",
        "timestamp": "2025-04-03",
        "source": "landsat-8",
        "features": {
          "lst": 45.64014350000002
        },
        "quality": {
          "valid": true
        },
        "temporal_context": {}
      }
    },
    {
      "type": "Feature",
      "geometry": {
        "geodesic": false,
        "type": "Point",
        "coordinates": [
          73.80632106554893,
          18.489593553451954
        ]
      },
      "properties": {
        "location_id": "unknown",
        "timestamp": "2025-04-03",
        "source": "landsat-8",
        "features": {
          "lst": 45.421390220000035
        },
        "quality": {
          "valid": true
        },
        "temporal_context": {}
      }
    },
    {
      "type": "Feature",
      "geometry": {
        "geodesic": false,
        "type": "Point",
        "coordinates": [
          73.80660518425769,
          18.489595344573765
        ]
      },
      "properties": {
        "location_id": "unknown",
        "timestamp": "2025-04-03",
        "source": "landsat-8",
        "features": {
          "lst": 45.34619378000002
        },
        "quality": {
          "valid": true
        },
        "temporal_context": {}
      }
    },
    {
      "type": "Feature",
      "geometry": {
        "geodesic": false,
        "type": "Point",
        "coordinates": [
          73.8068893029989,
          18.489597135269435
        ]
      },
      "properties": {
        "location_id": "unknown",
        "timestamp": "2025-04-03",
        "source": "landsat-8",
        "features": {
          "lst": 45.35986586000001
        },
        "quality": {
          "valid": true
        },
        "temporal_context": {}
      }
    },
    {
      "type": "Feature",
      "geometry": {
        "geodesic": false,
        "type": "Point",
        "coordinates": [
          73.80717342177259,
          18.48959892553896
        ]
      },
      "properties": {
        "location_id": "unknown",
        "timestamp": "2025-04-03",
        "source": "landsat-8",
        "features": {
          "lst": 45.018063859999984
        },
        "quality": {
          "valid": true
        },
        "temporal_context": {}
      }
    },
    {
      "type": "Feature",
      "geometry": {
        "geodesic": false,
        "type": "Point",
        "coordinates": [
          73.80745754057871,
          18.489600715382334
        ]
      },
      "properties": {
        "location_id": "unknown",
        "timestamp": "2025-04-03",
        "source": "landsat-8",
        "features": {
          "lst": 45.14453060000005
        },
        "quality": {
          "valid": true
        },
        "temporal_context": {}
      }
    },
    {
      "type": "Feature",
      "geometry": {
        "geodesic": false,
        "type": "Point",
        "coordinates": [
          73.80774165941726,
          18.48960250479957
        ]
      },
      "properties": {
        "location_id": "unknown",
        "timestamp": "2025-04-03",
        "source": "landsat-8",
        "features": {
          "lst": 45.305177540000045
        },
        "quality": {
          "valid": true
        },
        "temporal_context": {}
      }
    },
    {
      "type": "Feature",
      "geometry": {
        "geodesic": false,
        "type": "Point",
        "coordinates": [
          73.80802577828825,
          18.489604293790656
        ]
      },
      "properties": {
        "location_id": "unknown",
        "timestamp": "2025-04-03",
        "source": "landsat-8",
        "features": {
          "lst": 45.506840720000014
        },
        "quality": {
          "valid": true
        },
        "temporal_context": {}
      }
    },
    {
      "type": "Feature",
      "geometry": {
        "geodesic": false,
        "type": "Point",
        "coordinates": [
          73.80830989719168,
          18.489606082355596
        ]
      },
      "properties": {
        "location_id": "unknown",
        "timestamp": "2025-04-03",
        "source": "landsat-8",
        "features": {
          "lst": 45.72217598000003
        },
        "quality": {
          "valid": true
        },
        "temporal_context": {}
      }
    },
    {
      "type": "Feature",
      "geometry": {
        "geodesic": false,
        "type": "Point",
        "coordinates": [
          73.8085940161275,
          18.489607870494392
        ]
      },
      "properties": {
        "location_id": "unknown",
        "timestamp": "2025-04-03",
        "source": "landsat-8",
        "features": {
          "lst": 45.49658666000005
        },
        "quality": {
          "valid": true
        },
        "temporal_context": {}
      }
    },
    {
      "type": "Feature",
      "geometry": {
        "geodesic": false,
        "type": "Point",
        "coordinates": [
          73.80887813509574,
          18.48960965820704
        ]
      },
      "properties": {
        "location_id": "unknown",
        "timestamp": "2025-04-03",
        "source": "landsat-8",
        "features": {
          "lst": 44.74120424
        },
        "quality": {
          "valid": true
        },
        "temporal_context": {}
      }
    },
    {
      "type": "Feature",
      "geometry": {
        "geodesic": false,
        "type": "Point",
        "coordinates": [
          73.80916225409638,
          18.48961144549354
        ]
      },
      "properties": {
        "location_id": "unknown",
        "timestamp": "2025-04-03",
        "source": "landsat-8",
        "features": {
          "lst": 43.15182493999998
        },
        "quality": {
          "valid": true
        },
        "temporal_context": {}
      }
    },
    {
      "type": "Feature",
      "geometry": {
        "geodesic": false,
        "type": "Point",
        "coordinates": [
          73.79836764485654,
          18.489272143628003
        ]
      },
      "properties": {
        "location_id": "unknown",
        "timestamp": "2025-04-03",
        "source": "landsat-8",
        "features": {
          "lst": 43.767068540000025
        },
        "quality": {
          "valid": true
        },
        "temporal_context": {}
      }
    },
    {
      "type": "Feature",
      "geometry": {
        "geodesic": false,
        "type": "Point",
        "coordinates": [
          73.79865176220665,
          18.48927394665349
        ]
      },
      "properties": {
        "location_id": "unknown",
        "timestamp": "2025-04-03",
        "source": "landsat-8",
        "features": {
          "lst": 43.87302715999999
        },
        "quality": {
          "valid": true
        },
        "temporal_context": {}
      }
    },
    {
      "type": "Feature",
      "geometry": {
        "geodesic": false,
        "type": "Point",
        "coordinates": [
          73.79893587958942,
          18.489275749252844
        ]
      },
      "properties": {
        "location_id": "unknown",
        "timestamp": "2025-04-03",
        "source": "landsat-8",
        "features": {
          "lst": 44.146468760000005
        },
        "quality": {
          "valid": true
        },
        "temporal_context": {}
      }
    },
    {
      "type": "Feature",
      "geometry": {
        "geodesic": false,
        "type": "Point",
        "coordinates": [
          73.79921999700488,
          18.489277551426063
        ]
      },
      "properties": {
        "location_id": "unknown",
        "timestamp": "2025-04-03",
        "source": "landsat-8",
        "features": {
          "lst": 44.748040280000055
        },
        "quality": {
          "valid": true
        },
        "temporal_context": {}
      }
    },
    {
      "type": "Feature",
      "geometry": {
        "geodesic": false,
        "type": "Point",
        "coordinates": [
          73.799504114453,
          18.489279353173153
        ]
      },
      "properties": {
        "location_id": "unknown",
        "timestamp": "2025-04-03",
        "source": "landsat-8",
        "features": {
          "lst": 45.257325260000016
        },
        "quality": {
          "valid": true
        },
        "temporal_context": {}
      }
    },
    {
      "type": "Feature",
      "geometry": {
        "geodesic": false,
        "type": "Point",
        "coordinates": [
          73.79978823193376,
          18.489281154494105
        ]
      },
      "properties": {
        "location_id": "unknown",
        "timestamp": "2025-04-03",
        "source": "landsat-8",
        "features": {
          "lst": 45.94092926000002
        },
        "quality": {
          "valid": true
        },
        "temporal_context": {}
      }
    },
    {
      "type": "Feature",
      "geometry": {
        "geodesic": false,
        "type": "Point",
        "coordinates": [
          73.80007234944718,
          18.48928295538893
        ]
      },
      "properties": {
        "location_id": "unknown",
        "timestamp": "2025-04-03",
        "source": "landsat-8",
        "features": {
          "lst": 46.682639600000016
        },
        "quality": {
          "valid": true
        },
        "temporal_context": {}
      }
    },
    {
      "type": "Feature",
      "geometry": {
        "geodesic": false,
        "type": "Point",
        "coordinates": [
          73.80035646699324,
          18.489284755857618
        ]
      },
      "properties": {
        "location_id": "unknown",
        "timestamp": "2025-04-03",
        "source": "landsat-8",
        "features": {
          "lst": 47.205596660000026
        },
        "quality": {
          "valid": true
        },
        "temporal_context": {}
      }
    },
    {
      "type": "Feature",
      "geometry": {
        "geodesic": false,
        "type": "Point",
        "coordinates": [
          73.80064058457192,
          18.489286555900176
        ]
      },
      "properties": {
        "location_id": "unknown",
        "timestamp": "2025-04-03",
        "source": "landsat-8",
        "features": {
          "lst": 47.41409587999999
        },
        "quality": {
          "valid": true
        },
        "temporal_context": {}
      }
    },
    {
      "type": "Feature",
      "geometry": {
        "geodesic": false,
        "type": "Point",
        "coordinates": [
          73.80092470218322,
          18.489288355516596
        ]
      },
      "properties": {
        "location_id": "unknown",
        "timestamp": "2025-04-03",
        "source": "landsat-8",
        "features": {
          "lst": 47.56448876000002
        },
        "quality": {
          "valid": true
        },
        "temporal_context": {}
      }
    },
    {
      "type": "Feature",
      "geometry": {
        "geodesic": false,
        "type": "Point",
        "coordinates": [
          73.80120881982715,
          18.489290154706882
        ]
      },
      "properties": {
        "location_id": "unknown",
        "timestamp": "2025-04-03",
        "source": "landsat-8",
        "features": {
          "lst": 48.21733058000001
        },
        "quality": {
          "valid": true
        },
        "temporal_context": {}
      }
    },
    {
      "type": "Feature",
      "geometry": {
        "geodesic": false,
        "type": "Point",
        "coordinates": [
          73.80149293750368,
          18.489291953471035
        ]
      },
      "properties": {
        "location_id": "unknown",
        "timestamp": "2025-04-03",
        "source": "landsat-8",
        "features": {
          "lst": 48.401903660000016
        },
        "quality": {
          "valid": true
        },
        "temporal_context": {}
      }
    },
    {
      "type": "Feature",
      "geometry": {
        "geodesic": false,
        "type": "Point",
        "coordinates": [
          73.80177705521282,
          18.489293751809058
        ]
      },
      "properties": {
        "location_id": "unknown",
        "timestamp": "2025-04-03",
        "source": "landsat-8",
        "features": {
          "lst": 48.66167317999998
        },
        "quality": {
          "valid": true
        },
        "temporal_context": {}
      }
    },
    {
      "type": "Feature",
      "geometry": {
        "geodesic": false,
        "type": "Point",
        "coordinates": [
          73.80206117295454,
          18.489295549720943
        ]
      },
      "properties": {
        "location_id": "unknown",
        "timestamp": "2025-04-03",
        "source": "landsat-8",
        "features": {
          "lst": 47.83451234000006
        },
        "quality": {
          "valid": true
        },
        "temporal_context": {}
      }
    },
    {
      "type": "Feature",
      "geometry": {
        "geodesic": false,
        "type": "Point",
        "coordinates": [
          73.80234529072885,
          18.489297347206694
        ]
      },
      "properties": {
        "location_id": "unknown",
        "timestamp": "2025-04-03",
        "source": "landsat-8",
        "features": {
          "lst": 47.978069180000034
        },
        "quality": {
          "valid": true
        },
        "temporal_context": {}
      }
    },
    {
      "type": "Feature",
      "geometry": {
        "geodesic": false,
        "type": "Point",
        "coordinates": [
          73.80262940853574,
          18.489299144266308
        ]
      },
      "properties": {
        "location_id": "unknown",
        "timestamp": "2025-04-03",
        "source": "landsat-8",
        "features": {
          "lst": 47.752479859999994
        },
        "quality": {
          "valid": true
        },
        "temporal_context": {}
      }
    },
    {
      "type": "Feature",
      "geometry": {
        "geodesic": false,
        "type": "Point",
        "coordinates": [
          73.80291352637519,
          18.48930094089979
        ]
      },
      "properties": {
        "location_id": "unknown",
        "timestamp": "2025-04-03",
        "source": "landsat-8",
        "features": {
          "lst": 47.44827608000003
        },
        "quality": {
          "valid": true
        },
        "temporal_context": {}
      }
    },
    {
      "type": "Feature",
      "geometry": {
        "geodesic": false,
        "type": "Point",
        "coordinates": [
          73.8031976442472,
          18.489302737107135
        ]
      },
      "properties": {
        "location_id": "unknown",
        "timestamp": "2025-04-03",
        "source": "landsat-8",
        "features": {
          "lst": 46.95608120000003
        },
        "quality": {
          "valid": true
        },
        "temporal_context": {}
      }
    },
    {
      "type": "Feature",
      "geometry": {
        "geodesic": false,
        "type": "Point",
        "coordinates": [
          73.80348176215178,
          18.489304532888344
        ]
      },
      "properties": {
        "location_id": "unknown",
        "timestamp": "2025-04-03",
        "source": "landsat-8",
        "features": {
          "lst": 46.467304340000055
        },
        "quality": {
          "valid": true
        },
        "temporal_context": {}
      }
    },
    {
      "type": "Feature",
      "geometry": {
        "geodesic": false,
        "type": "Point",
        "coordinates": [
          73.8037658800889,
          18.489306328243416
        ]
      },
      "properties": {
        "location_id": "unknown",
        "timestamp": "2025-04-03",
        "source": "landsat-8",
        "features": {
          "lst": 46.10499421999998
        },
        "quality": {
          "valid": true
        },
        "temporal_context": {}
      }
    },
    {
      "type": "Feature",
      "geometry": {
        "geodesic": false,
        "type": "Point",
        "coordinates": [
          73.80404999805855,
          18.489308123172357
        ]
      },
      "properties": {
        "location_id": "unknown",
        "timestamp": "2025-04-03",
        "source": "landsat-8",
        "features": {
          "lst": 46.67922157999999
        },
        "quality": {
          "valid": true
        },
        "temporal_context": {}
      }
    },
    {
      "type": "Feature",
      "geometry": {
        "geodesic": false,
        "type": "Point",
        "coordinates": [
          73.80433411606074,
          18.489309917675158
        ]
      },
      "properties": {
        "location_id": "unknown",
        "timestamp": "2025-04-03",
        "source": "landsat-8",
        "features": {
          "lst": 46.4604683
        },
        "quality": {
          "valid": true
        },
        "temporal_context": {}
      }
    },
    {
      "type": "Feature",
      "geometry": {
        "geodesic": false,
        "type": "Point",
        "coordinates": [
          73.80461823409544,
          18.48931171175182
        ]
      },
      "properties": {
        "location_id": "unknown",
        "timestamp": "2025-04-03",
        "source": "landsat-8",
        "features": {
          "lst": 46.42287008000005
        },
        "quality": {
          "valid": true
        },
        "temporal_context": {}
      }
    },
    {
      "type": "Feature",
      "geometry": {
        "geodesic": false,
        "type": "Point",
        "coordinates": [
          73.80490235216267,
          18.48931350540235
        ]
      },
      "properties": {
        "location_id": "unknown",
        "timestamp": "2025-04-03",
        "source": "landsat-8",
        "features": {
          "lst": 46.60060712000001
        },
        "quality": {
          "valid": true
        },
        "temporal_context": {}
      }
    },
    {
      "type": "Feature",
      "geometry": {
        "geodesic": false,
        "type": "Point",
        "coordinates": [
          73.80518647026241,
          18.489315298626742
        ]
      },
      "properties": {
        "location_id": "unknown",
        "timestamp": "2025-04-03",
        "source": "landsat-8",
        "features": {
          "lst": 46.18360868000002
        },
        "quality": {
          "valid": true
        },
        "temporal_context": {}
      }
    },
    {
      "type": "Feature",
      "geometry": {
        "geodesic": false,
        "type": "Point",
        "coordinates": [
          73.80547058839464,
          18.489317091424997
        ]
      },
      "properties": {
        "location_id": "unknown",
        "timestamp": "2025-04-03",
        "source": "landsat-8",
        "features": {
          "lst": 45.995617580000044
        },
        "quality": {
          "valid": true
        },
        "temporal_context": {}
      }
    },
    {
      "type": "Feature",
      "geometry": {
        "geodesic": false,
        "type": "Point",
        "coordinates": [
          73.80575470655937,
          18.489318883797115
        ]
      },
      "properties": {
        "location_id": "unknown",
        "timestamp": "2025-04-03",
        "source": "landsat-8",
        "features": {
          "lst": 45.74268410000002
        },
        "quality": {
          "valid": true
        },
        "temporal_context": {}
      }
    },
    {
      "type": "Feature",
      "geometry": {
        "geodesic": false,
        "type": "Point",
        "coordinates": [
          73.80603882475658,
          18.489320675743098
        ]
      },
      "properties": {
        "location_id": "unknown",
        "timestamp": "2025-04-03",
        "source": "landsat-8",
        "features": {
          "lst": 45.92042114000003
        },
        "quality": {
          "valid": true
        },
        "temporal_context": {}
      }
    },
    {
      "type": "Feature",
      "geometry": {
        "geodesic": false,
        "type": "Point",
        "coordinates": [
          73.80632294298626,
          18.48932246726294
        ]
      },
      "properties": {
        "location_id": "unknown",
        "timestamp": "2025-04-03",
        "source": "landsat-8",
        "features": {
          "lst": 45.67090568000003
        },
        "quality": {
          "valid": true
        },
        "temporal_context": {}
      }
    },
    {
      "type": "Feature",
      "geometry": {
        "geodesic": false,
        "type": "Point",
        "coordinates": [
          73.80660706124841,
          18.489324258356646
        ]
      },
      "properties": {
        "location_id": "unknown",
        "timestamp": "2025-04-03",
        "source": "landsat-8",
        "features": {
          "lst": 45.489750619999995
        },
        "quality": {
          "valid": true
        },
        "temporal_context": {}
      }
    },
    {
      "type": "Feature",
      "geometry": {
        "geodesic": false,
        "type": "Point",
        "coordinates": [
          73.80689117954303,
          18.48932604902421
        ]
      },
      "properties": {
        "location_id": "unknown",
        "timestamp": "2025-04-03",
        "source": "landsat-8",
        "features": {
          "lst": 45.38037398000006
        },
        "quality": {
          "valid": true
        },
        "temporal_context": {}
      }
    },
    {
      "type": "Feature",
      "geometry": {
        "geodesic": false,
        "type": "Point",
        "coordinates": [
          73.80717529787009,
          18.489327839265638
        ]
      },
      "properties": {
        "location_id": "unknown",
        "timestamp": "2025-04-03",
        "source": "landsat-8",
        "features": {
          "lst": 44.95653950000002
        },
        "quality": {
          "valid": true
        },
        "temporal_context": {}
      }
    },
    {
      "type": "Feature",
      "geometry": {
        "geodesic": false,
        "type": "Point",
        "coordinates": [
          73.8074594162296,
          18.489329629080927
        ]
      },
      "properties": {
        "location_id": "unknown",
        "timestamp": "2025-04-03",
        "source": "landsat-8",
        "features": {
          "lst": 45.011227820000045
        },
        "quality": {
          "valid": true
        },
        "temporal_context": {}
      }
    },
    {
      "type": "Feature",
      "geometry": {
        "geodesic": false,
        "type": "Point",
        "coordinates": [
          73.80774353462155,
          18.48933141847008
        ]
      },
      "properties": {
        "location_id": "unknown",
        "timestamp": "2025-04-03",
        "source": "landsat-8",
        "features": {
          "lst": 45.0932603
        },
        "quality": {
          "valid": true
        },
        "temporal_context": {}
      }
    },
    {
      "type": "Feature",
      "geometry": {
        "geodesic": false,
        "type": "Point",
        "coordinates": [
          73.80802765304594,
          18.489333207433088
        ]
      },
      "properties": {
        "location_id": "unknown",
        "timestamp": "2025-04-03",
        "source": "landsat-8",
        "features": {
          "lst": 45.18554684000003
        },
        "quality": {
          "valid": true
        },
        "temporal_context": {}
      }
    },
    {
      "type": "Feature",
      "geometry": {
        "geodesic": false,
        "type": "Point",
        "coordinates": [
          73.80831177150274,
          18.489334995969962
        ]
      },
      "properties": {
        "location_id": "unknown",
        "timestamp": "2025-04-03",
        "source": "landsat-8",
        "features": {
          "lst": 45.29150546000005
        },
        "quality": {
          "valid": true
        },
        "temporal_context": {}
      }
    },
    {
      "type": "Feature",
      "geometry": {
        "geodesic": false,
        "type": "Point",
        "coordinates": [
          73.80859588999196,
          18.489336784080695
        ]
      },
      "properties": {
        "location_id": "unknown",
        "timestamp": "2025-04-03",
        "source": "landsat-8",
        "features": {
          "lst": 45.18212882
        },
        "quality": {
          "valid": true
        },
        "temporal_context": {}
      }
    },
    {
      "type": "Feature",
      "geometry": {
        "geodesic": false,
        "type": "Point",
        "coordinates": [
          73.8088800085136,
          18.48933857176529
        ]
      },
      "properties": {
        "location_id": "unknown",
        "timestamp": "2025-04-03",
        "source": "landsat-8",
        "features": {
          "lst": 44.80272860000002
        },
        "quality": {
          "valid": true
        },
        "temporal_context": {}
      }
    },
    {
      "type": "Feature",
      "geometry": {
        "geodesic": false,
        "type": "Point",
        "coordinates": [
          73.80916412706763,
          18.489340359023743
        ]
      },
      "properties": {
        "location_id": "unknown",
        "timestamp": "2025-04-03",
        "source": "landsat-8",
        "features": {
          "lst": 43.568823380000026
        },
        "quality": {
          "valid": true
        },
        "temporal_context": {}
      }
    },
    {
      "type": "Feature",
      "geometry": {
        "geodesic": false,
        "type": "Point",
        "coordinates": [
          73.79836953476611,
          18.489001058220794
        ]
      },
      "properties": {
        "location_id": "unknown",
        "timestamp": "2025-04-03",
        "source": "landsat-8",
        "features": {
          "lst": 42.553671440000016
        },
        "quality": {
          "valid": true
        },
        "temporal_context": {}
      }
    },
    {
      "type": "Feature",
      "geometry": {
        "geodesic": false,
        "type": "Point",
        "coordinates": [
          73.79865365166962,
          18.489002861217983
        ]
      },
      "properties": {
        "location_id": "unknown",
        "timestamp": "2025-04-03",
        "source": "landsat-8",
        "features": {
          "lst": 42.76900669999998
        },
        "quality": {
          "valid": true
        },
        "temporal_context": {}
      }
    },
    {
      "type": "Feature",
      "geometry": {
        "geodesic": false,
        "type": "Point",
        "coordinates": [
          73.79893776860582,
          18.489004663789046
        ]
      },
      "properties": {
        "location_id": "unknown",
        "timestamp": "2025-04-03",
        "source": "landsat-8",
        "features": {
          "lst": 43.26461960000006
        },
        "quality": {
          "valid": true
        },
        "temporal_context": {}
      }
    },
    {
      "type": "Feature",
      "geometry": {
        "geodesic": false,
        "type": "Point",
        "coordinates": [
          73.79922188557468,
          18.489006465933986
        ]
      },
      "properties": {
        "location_id": "unknown",
        "timestamp": "2025-04-03",
        "source": "landsat-8",
        "features": {
          "lst": 43.98582182000001
        },
        "quality": {
          "valid": true
        },
        "temporal_context": {}
      }
    },
    {
      "type": "Feature",
      "geometry": {
        "geodesic": false,
        "type": "Point",
        "coordinates": [
          73.7995060025762,
          18.4890082676528
        ]
      },
      "properties": {
        "location_id": "unknown",
        "timestamp": "2025-04-03",
        "source": "landsat-8",
        "features": {
          "lst": 44.587393340000006
        },
        "quality": {
          "valid": true
        },
        "temporal_context": {}
      }
    },
    {
      "type": "Feature",
      "geometry": {
        "geodesic": false,
        "type": "Point",
        "coordinates": [
          73.79979011961036,
          18.489010068945483
        ]
      },
      "properties": {
        "location_id": "unknown",
        "timestamp": "2025-04-03",
        "source": "landsat-8",
        "features": {
          "lst": 45.424808240000004
        },
        "quality": {
          "valid": true
        },
        "temporal_context": {}
      }
    },
    {
      "type": "Feature",
      "geometry": {
        "geodesic": false,
        "type": "Point",
        "coordinates": [
          73.80007423667719,
          18.489011869812046
        ]
      },
      "properties": {
        "location_id": "unknown",
        "timestamp": "2025-04-03",
        "source": "landsat-8",
        "features": {
          "lst": 46.33058354000002
        },
        "quality": {
          "valid": true
        },
        "temporal_context": {}
      }
    },
    {
      "type": "Feature",
      "geometry": {
        "geodesic": false,
        "type": "Point",
        "coordinates": [
          73.80035835377666,
          18.48901367025248
        ]
      },
      "properties": {
        "location_id": "unknown",
        "timestamp": "2025-04-03",
        "source": "landsat-8",
        "features": {
          "lst": 46.98000734000004
        },
        "quality": {
          "valid": true
        },
        "temporal_context": {}
      }
    },
    {
      "type": "Feature",
      "geometry": {
        "geodesic": false,
        "type": "Point",
        "coordinates": [
          73.80064247090874,
          18.489015470266786
        ]
      },
      "properties": {
        "location_id": "unknown",
        "timestamp": "2025-04-03",
        "source": "landsat-8",
        "features": {
          "lst": 47.19876062000003
        },
        "quality": {
          "valid": true
        },
        "temporal_context": {}
      }
    },
    {
      "type": "Feature",
      "geometry": {
        "geodesic": false,
        "type": "Point",
        "coordinates": [
          73.80092658807345,
          18.48901726985497
        ]
      },
      "properties": {
        "location_id": "unknown",
        "timestamp": "2025-04-03",
        "source": "landsat-8",
        "features": {
          "lst": 47.33889943999998
        },
        "quality": {
          "valid": true
        },
        "temporal_context": {}
      }
    },
    {
      "type": "Feature",
      "geometry": {
        "geodesic": false,
        "type": "Point",
        "coordinates": [
          73.80121070527078,
          18.48901906901702
        ]
      },
      "properties": {
        "location_id": "unknown",
        "timestamp": "2025-04-03",
        "source": "landsat-8",
        "features": {
          "lst": 47.94730700000002
        },
        "quality": {
          "valid": true
        },
        "temporal_context": {}
      }
    },
    {
      "type": "Feature",
      "geometry": {
        "geodesic": false,
        "type": "Point",
        "coordinates": [
          73.80149482250071,
          18.489020867752945
        ]
      },
      "properties": {
        "location_id": "unknown",
        "timestamp": "2025-04-03",
        "source": "landsat-8",
        "features": {
          "lst": 48.12162602000001
        },
        "quality": {
          "valid": true
        },
        "temporal_context": {}
      }
    },
    {
      "type": "Feature",
      "geometry": {
        "geodesic": false,
        "type": "Point",
        "coordinates": [
          73.80177893976325,
          18.489022666062745
        ]
      },
      "properties": {
        "location_id": "unknown",
        "timestamp": "2025-04-03",
        "source": "landsat-8",
        "features": {
          "lst": 48.333543260000056
        },
        "quality": {
          "valid": true
        },
        "temporal_context": {}
      }
    },
    {
      "type": "Feature",
      "geometry": {
        "geodesic": false,
        "type": "Point",
        "coordinates": [
          73.80206305705838,
          18.489024463946414
        ]
      },
      "properties": {
        "location_id": "unknown",
        "timestamp": "2025-04-03",
        "source": "landsat-8",
        "features": {
          "lst": 47.465366180000046
        },
        "quality": {
          "valid": true
        },
        "temporal_context": {}
      }
    },
    {
      "type": "Feature",
      "geometry": {
        "geodesic": false,
        "type": "Point",
        "coordinates": [
          73.8023471743861,
          18.489026261403954
        ]
      },
      "properties": {
        "location_id": "unknown",
        "timestamp": "2025-04-03",
        "source": "landsat-8",
        "features": {
          "lst": 47.70462758000002
        },
        "quality": {
          "valid": true
        },
        "temporal_context": {}
      }
    },
    {
      "type": "Feature",
      "geometry": {
        "geodesic": false,
        "type": "Point",
        "coordinates": [
          73.8026312917464,
          18.48902805843537
        ]
      },
      "properties": {
        "location_id": "unknown",
        "timestamp": "2025-04-03",
        "source": "landsat-8",
        "features": {
          "lst": 47.54056262000006
        },
        "quality": {
          "valid": true
        },
        "temporal_context": {}
      }
    },
    {
      "type": "Feature",
      "geometry": {
        "geodesic": false,
        "type": "Point",
        "coordinates": [
          73.80291540913925,
          18.489029855040656
        ]
      },
      "properties": {
        "location_id": "unknown",
        "timestamp": "2025-04-03",
        "source": "landsat-8",
        "features": {
          "lst": 47.19876062000003
        },
        "quality": {
          "valid": true
        },
        "temporal_context": {}
      }
    },
    {
      "type": "Feature",
      "geometry": {
        "geodesic": false,
        "type": "Point",
        "coordinates": [
          73.80319952656467,
          18.48903165121981
        ]
      },
      "properties": {
        "location_id": "unknown",
        "timestamp": "2025-04-03",
        "source": "landsat-8",
        "features": {
          "lst": 46.768090099999995
        },
        "quality": {
          "valid": true
        },
        "temporal_context": {}
      }
    },
    {
      "type": "Feature",
      "geometry": {
        "geodesic": false,
        "type": "Point",
        "coordinates": [
          73.80348364402263,
          18.48903344697284
        ]
      },
      "properties": {
        "location_id": "unknown",
        "timestamp": "2025-04-03",
        "source": "landsat-8",
        "features": {
          "lst": 46.33058354000002
        },
        "quality": {
          "valid": true
        },
        "temporal_context": {}
      }
    },
    {
      "type": "Feature",
      "geometry": {
        "geodesic": false,
        "type": "Point",
        "coordinates": [
          73.80376776151316,
          18.48903524229974
        ]
      },
      "properties": {
        "location_id": "unknown",
        "timestamp": "2025-04-03",
        "source": "landsat-8",
        "features": {
          "lst": 46.00245361999998
        },
        "quality": {
          "valid": true
        },
        "temporal_context": {}
      }
    },
    {
      "type": "Feature",
      "geometry": {
        "geodesic": false,
        "type": "Point",
        "coordinates": [
          73.80405187903621,
          18.48903703720051
        ]
      },
      "properties": {
        "location_id": "unknown",
        "timestamp": "2025-04-03",
        "source": "landsat-8",
        "features": {
          "lst": 46.590353059999984
        },
        "quality": {
          "valid": true
        },
        "temporal_context": {}
      }
    },
    {
      "type": "Feature",
      "geometry": {
        "geodesic": false,
        "type": "Point",
        "coordinates": [
          73.8043359965918,
          18.48903883167515
        ]
      },
      "properties": {
        "location_id": "unknown",
        "timestamp": "2025-04-03",
        "source": "landsat-8",
        "features": {
          "lst": 46.39894393999998
        },
        "quality": {
          "valid": true
        },
        "temporal_context": {}
      }
    },
    {
      "type": "Feature",
      "geometry": {
        "geodesic": false,
        "type": "Point",
        "coordinates": [
          73.80462011417991,
          18.489040625723657
        ]
      },
      "properties": {
        "location_id": "unknown",
        "timestamp": "2025-04-03",
        "source": "landsat-8",
        "features": {
          "lst": 46.54591879999998
        },
        "quality": {
          "valid": true
        },
        "temporal_context": {}
      }
    },
    {
      "type": "Feature",
      "geometry": {
        "geodesic": false,
        "type": "Point",
        "coordinates": [
          73.80490423180053,
          18.489042419346042
        ]
      },
      "properties": {
        "location_id": "unknown",
        "timestamp": "2025-04-03",
        "source": "landsat-8",
        "features": {
          "lst": 46.85354060000003
        },
        "quality": {
          "valid": true
        },
        "temporal_context": {}
      }
    },
    {
      "type": "Feature",
      "geometry": {
        "geodesic": false,
        "type": "Point",
        "coordinates": [
          73.80518834945367,
          18.48904421254229
        ]
      },
      "properties": {
        "location_id": "unknown",
        "timestamp": "2025-04-03",
        "source": "landsat-8",
        "features": {
          "lst": 46.453632260000006
        },
        "quality": {
          "valid": true
        },
        "temporal_context": {}
      }
    },
    {
      "type": "Feature",
      "geometry": {
        "geodesic": false,
        "type": "Point",
        "coordinates": [
          73.80547246713931,
          18.48904600531241
        ]
      },
      "properties": {
        "location_id": "unknown",
        "timestamp": "2025-04-03",
        "source": "landsat-8",
        "features": {
          "lst": 46.26564116000003
        },
        "quality": {
          "valid": true
        },
        "temporal_context": {}
      }
    },
    {
      "type": "Feature",
      "geometry": {
        "geodesic": false,
        "type": "Point",
        "coordinates": [
          73.80575658485743,
          18.4890477976564
        ]
      },
      "properties": {
        "location_id": "unknown",
        "timestamp": "2025-04-03",
        "source": "landsat-8",
        "features": {
          "lst": 46.02296174000003
        },
        "quality": {
          "valid": true
        },
        "temporal_context": {}
      }
    },
    {
      "type": "Feature",
      "geometry": {
        "geodesic": false,
        "type": "Point",
        "coordinates": [
          73.80604070260803,
          18.48904958957426
        ]
      },
      "properties": {
        "location_id": "unknown",
        "timestamp": "2025-04-03",
        "source": "landsat-8",
        "features": {
          "lst": 46.23146096000005
        },
        "quality": {
          "valid": true
        },
        "temporal_context": {}
      }
    },
    {
      "type": "Feature",
      "geometry": {
        "geodesic": false,
        "type": "Point",
        "coordinates": [
          73.80632482039113,
          18.489051381065988
        ]
      },
      "properties": {
        "location_id": "unknown",
        "timestamp": "2025-04-03",
        "source": "landsat-8",
        "features": {
          "lst": 45.995617580000044
        },
        "quality": {
          "valid": true
        },
        "temporal_context": {}
      }
    },
    {
      "type": "Feature",
      "geometry": {
        "geodesic": false,
        "type": "Point",
        "coordinates": [
          73.80660893820668,
          18.48905317213158
        ]
      },
      "properties": {
        "location_id": "unknown",
        "timestamp": "2025-04-03",
        "source": "landsat-8",
        "features": {
          "lst": 45.715339940000035
        },
        "quality": {
          "valid": true
        },
        "temporal_context": {}
      }
    },
    {
      "type": "Feature",
      "geometry": {
        "geodesic": false,
        "type": "Point",
        "coordinates": [
          73.80689305605469,
          18.489054962771046
        ]
      },
      "properties": {
        "location_id": "unknown",
        "timestamp": "2025-04-03",
        "source": "landsat-8",
        "features": {
          "lst": 45.506840720000014
        },
        "quality": {
          "valid": true
        },
        "temporal_context": {}
      }
    },
    {
      "type": "Feature",
      "geometry": {
        "geodesic": false,
        "type": "Point",
        "coordinates": [
          73.80717717393516,
          18.489056752984382
        ]
      },
      "properties": {
        "location_id": "unknown",
        "timestamp": "2025-04-03",
        "source": "landsat-8",
        "features": {
          "lst": 45.00097376000002
        },
        "quality": {
          "valid": true
        },
        "temporal_context": {}
      }
    },
    {
      "type": "Feature",
      "geometry": {
        "geodesic": false,
        "type": "Point",
        "coordinates": [
          73.80746129184807,
          18.489058542771584
        ]
      },
      "properties": {
        "location_id": "unknown",
        "timestamp": "2025-04-03",
        "source": "landsat-8",
        "features": {
          "lst": 45.03857198000003
        },
        "quality": {
          "valid": true
        },
        "temporal_context": {}
      }
    },
    {
      "type": "Feature",
      "geometry": {
        "geodesic": false,
        "type": "Point",
        "coordinates": [
          73.80774540979341,
          18.489060332132652
        ]
      },
      "properties": {
        "location_id": "unknown",
        "timestamp": "2025-04-03",
        "source": "landsat-8",
        "features": {
          "lst": 45.10693237999999
        },
        "quality": {
          "valid": true
        },
        "temporal_context": {}
      }
    },
    {
      "type": "Feature",
      "geometry": {
        "geodesic": false,
        "type": "Point",
        "coordinates": [
          73.8080295277712,
          18.48906212106759
        ]
      },
      "properties": {
        "location_id": "unknown",
        "timestamp": "2025-04-03",
        "source": "landsat-8",
        "features": {
          "lst": 45.16845674000001
        },
        "quality": {
          "valid": true
        },
        "temporal_context": {}
      }
    },
    {
      "type": "Feature",
      "geometry": {
        "geodesic": false,
        "type": "Point",
        "coordinates": [
          73.80831364578141,
          18.489063909576394
        ]
      },
      "properties": {
        "location_id": "unknown",
        "timestamp": "2025-04-03",
        "source": "landsat-8",
        "features": {
          "lst": 45.192382880000025
        },
        "quality": {
          "valid": true
        },
        "temporal_context": {}
      }
    },
    {
      "type": "Feature",
      "geometry": {
        "geodesic": false,
        "type": "Point",
        "coordinates": [
          73.80859776382403,
          18.48906569765907
        ]
      },
      "properties": {
        "location_id": "unknown",
        "timestamp": "2025-04-03",
        "source": "landsat-8",
        "features": {
          "lst": 45.15136663999999
        },
        "quality": {
          "valid": true
        },
        "temporal_context": {}
      }
    },
    {
      "type": "Feature",
      "geometry": {
        "geodesic": false,
        "type": "Point",
        "coordinates": [
          73.80888188189905,
          18.48906748531561
        ]
      },
      "properties": {
        "location_id": "unknown",
        "timestamp": "2025-04-03",
        "source": "landsat-8",
        "features": {
          "lst": 45.05224406000002
        },
        "quality": {
          "valid": true
        },
        "temporal_context": {}
      }
    },
    {
      "type": "Feature",
      "geometry": {
        "geodesic": false,
        "type": "Point",
        "coordinates": [
          73.80916600000647,
          18.489069272546015
        ]
      },
      "properties": {
        "location_id": "unknown",
        "timestamp": "2025-04-03",
        "source": "landsat-8",
        "features": {
          "lst": 44.03709212000001
        },
        "quality": {
          "valid": true
        },
        "temporal_context": {}
      }
    },
    {
      "type": "Feature",
      "geometry": {
        "geodesic": false,
        "type": "Point",
        "coordinates": [
          73.79837142464301,
          18.488729972805647
        ]
      },
      "properties": {
        "location_id": "unknown",
        "timestamp": "2025-04-03",
        "source": "landsat-8",
        "features": {
          "lst": 41.719674560000044
        },
        "quality": {
          "valid": true
        },
        "temporal_context": {}
      }
    },
    {
      "type": "Feature",
      "geometry": {
        "geodesic": false,
        "type": "Point",
        "coordinates": [
          73.79865554109993,
          18.48873177577454
        ]
      },
      "properties": {
        "location_id": "unknown",
        "timestamp": "2025-04-03",
        "source": "landsat-8",
        "features": {
          "lst": 42.15376309999999
        },
        "quality": {
          "valid": true
        },
        "temporal_context": {}
      }
    },
    {
      "type": "Feature",
      "geometry": {
        "geodesic": false,
        "type": "Point",
        "coordinates": [
          73.79893965758953,
          18.488733578317316
        ]
      },
      "properties": {
        "location_id": "unknown",
        "timestamp": "2025-04-03",
        "source": "landsat-8",
        "features": {
          "lst": 42.76900669999998
        },
        "quality": {
          "valid": true
        },
        "temporal_context": {}
      }
    },
    {
      "type": "Feature",
      "geometry": {
        "geodesic": false,
        "type": "Point",
        "coordinates": [
          73.79922377411181,
          18.488735380433972
        ]
      },
      "properties": {
        "location_id": "unknown",
        "timestamp": "2025-04-03",
        "source": "landsat-8",
        "features": {
          "lst": 42.84420313999999
        },
        "quality": {
          "valid": true
        },
        "temporal_context": {}
      }
    },
    {
      "type": "Feature",
      "geometry": {
        "geodesic": false,
        "type": "Point",
        "coordinates": [
          73.79950789066675,
          18.48873718212451
        ]
      },
      "properties": {
        "location_id": "unknown",
        "timestamp": "2025-04-03",
        "source": "landsat-8",
        "features": {
          "lst": 43.507299020000005
        },
        "quality": {
          "valid": true
        },
        "temporal_context": {}
      }
    },
    {
      "type": "Feature",
      "geometry": {
        "geodesic": false,
        "type": "Point",
        "coordinates": [
          73.79979200725433,
          18.488738983388927
        ]
      },
      "properties": {
        "location_id": "unknown",
        "timestamp": "2025-04-03",
        "source": "landsat-8",
        "features": {
          "lst": 44.35154996000006
        },
        "quality": {
          "valid": true
        },
        "temporal_context": {}
      }
    },
    {
      "type": "Feature",
      "geometry": {
        "geodesic": false,
        "type": "Point",
        "coordinates": [
          73.80007612387456,
          18.48874078422723
        ]
      },
      "properties": {
        "location_id": "unknown",
        "timestamp": "2025-04-03",
        "source": "landsat-8",
        "features": {
          "lst": 44.94970346000002
        },
        "quality": {
          "valid": true
        },
        "temporal_context": {}
      }
    },
    {
      "type": "Feature",
      "geometry": {
        "geodesic": false,
        "type": "Point",
        "coordinates": [
          73.80036024052743,
          18.488742584639404
        ]
      },
      "properties": {
        "location_id": "unknown",
        "timestamp": "2025-04-03",
        "source": "landsat-8",
        "features": {
          "lst": 45.605963299999985
        },
        "quality": {
          "valid": true
        },
        "temporal_context": {}
      }
    },
    {
      "type": "Feature",
      "geometry": {
        "geodesic": false,
        "type": "Point",
        "coordinates": [
          73.80064435721293,
          18.488744384625463
        ]
      },
      "properties": {
        "location_id": "unknown",
        "timestamp": "2025-04-03",
        "source": "landsat-8",
        "features": {
          "lst": 45.865732820000005
        },
        "quality": {
          "valid": true
        },
        "temporal_context": {}
      }
    },
    {
      "type": "Feature",
      "geometry": {
        "geodesic": false,
        "type": "Point",
        "coordinates": [
          73.80092847393107,
          18.488746184185402
        ]
      },
      "properties": {
        "location_id": "unknown",
        "timestamp": "2025-04-03",
        "source": "landsat-8",
        "features": {
          "lst": 45.978527480000025
        },
        "quality": {
          "valid": true
        },
        "temporal_context": {}
      }
    },
    {
      "type": "Feature",
      "geometry": {
        "geodesic": false,
        "type": "Point",
        "coordinates": [
          73.8012125906818,
          18.48874798331922
        ]
      },
      "properties": {
        "location_id": "unknown",
        "timestamp": "2025-04-03",
        "source": "landsat-8",
        "features": {
          "lst": 47.44144004000003
        },
        "quality": {
          "valid": true
        },
        "temporal_context": {}
      }
    },
    {
      "type": "Feature",
      "geometry": {
        "geodesic": false,
        "type": "Point",
        "coordinates": [
          73.80149670746515,
          18.488749782026918
        ]
      },
      "properties": {
        "location_id": "unknown",
        "timestamp": "2025-04-03",
        "source": "landsat-8",
        "features": {
          "lst": 47.67044738000004
        },
        "quality": {
          "valid": true
        },
        "temporal_context": {}
      }
    },
    {
      "type": "Feature",
      "geometry": {
        "geodesic": false,
        "type": "Point",
        "coordinates": [
          73.8017808242811,
          18.488751580308495
        ]
      },
      "properties": {
        "location_id": "unknown",
        "timestamp": "2025-04-03",
        "source": "landsat-8",
        "features": {
          "lst": 47.95756105999999
        },
        "quality": {
          "valid": true
        },
        "temporal_context": {}
      }
    },
    {
      "type": "Feature",
      "geometry": {
        "geodesic": false,
        "type": "Point",
        "coordinates": [
          73.80206494112964,
          18.48875337816395
        ]
      },
      "properties": {
        "location_id": "unknown",
        "timestamp": "2025-04-03",
        "source": "landsat-8",
        "features": {
          "lst": 48.33012524000003
        },
        "quality": {
          "valid": true
        },
        "temporal_context": {}
      }
    },
    {
      "type": "Feature",
      "geometry": {
        "geodesic": false,
        "type": "Point",
        "coordinates": [
          73.80234905801076,
          18.488755175593283
        ]
      },
      "properties": {
        "location_id": "unknown",
        "timestamp": "2025-04-03",
        "source": "landsat-8",
        "features": {
          "lst": 48.50786228000004
        },
        "quality": {
          "valid": true
        },
        "temporal_context": {}
      }
    },
    {
      "type": "Feature",
      "geometry": {
        "geodesic": false,
        "type": "Point",
        "coordinates": [
          73.80263317492445,
          18.488756972596494
        ]
      },
      "properties": {
        "location_id": "unknown",
        "timestamp": "2025-04-03",
        "source": "landsat-8",
        "features": {
          "lst": 48.43950188000002
        },
        "quality": {
          "valid": true
        },
        "temporal_context": {}
      }
    },
    {
      "type": "Feature",
      "geometry": {
        "geodesic": false,
        "type": "Point",
        "coordinates": [
          73.80291729187073,
          18.488758769173586
        ]
      },
      "properties": {
        "location_id": "unknown",
        "timestamp": "2025-04-03",
        "source": "landsat-8",
        "features": {
          "lst": 48.14555216000002
        },
        "quality": {
          "valid": true
        },
        "temporal_context": {}
      }
    },
    {
      "type": "Feature",
      "geometry": {
        "geodesic": false,
        "type": "Point",
        "coordinates": [
          73.80320140884956,
          18.488760565324554
        ]
      },
      "properties": {
        "location_id": "unknown",
        "timestamp": "2025-04-03",
        "source": "landsat-8",
        "features": {
          "lst": 47.745643820000055
        },
        "quality": {
          "valid": true
        },
        "temporal_context": {}
      }
    },
    {
      "type": "Feature",
      "geometry": {
        "geodesic": false,
        "type": "Point",
        "coordinates": [
          73.80348552586095,
          18.488762361049403
        ]
      },
      "properties": {
        "location_id": "unknown",
        "timestamp": "2025-04-03",
        "source": "landsat-8",
        "features": {
          "lst": 47.36282558000005
        },
        "quality": {
          "valid": true
        },
        "temporal_context": {}
      }
    },
    {
      "type": "Feature",
      "geometry": {
        "geodesic": false,
        "type": "Point",
        "coordinates": [
          73.80376964290488,
          18.488764156348125
        ]
      },
      "properties": {
        "location_id": "unknown",
        "timestamp": "2025-04-03",
        "source": "landsat-8",
        "features": {
          "lst": 46.95608120000003
        },
        "quality": {
          "valid": true
        },
        "temporal_context": {}
      }
    },
    {
      "type": "Feature",
      "geometry": {
        "geodesic": false,
        "type": "Point",
        "coordinates": [
          73.80405375998134,
          18.488765951220728
        ]
      },
      "properties": {
        "location_id": "unknown",
        "timestamp": "2025-04-03",
        "source": "landsat-8",
        "features": {
          "lst": 46.23487898000002
        },
        "quality": {
          "valid": true
        },
        "temporal_context": {}
      }
    },
    {
      "type": "Feature",
      "geometry": {
        "geodesic": false,
        "type": "Point",
        "coordinates": [
          73.80433787709035,
          18.488767745667204
        ]
      },
      "properties": {
        "location_id": "unknown",
        "timestamp": "2025-04-03",
        "source": "landsat-8",
        "features": {
          "lst": 45.97510946
        },
        "quality": {
          "valid": true
        },
        "temporal_context": {}
      }
    },
    {
      "type": "Feature",
      "geometry": {
        "geodesic": false,
        "type": "Point",
        "coordinates": [
          73.80462199423185,
          18.48876953968756
        ]
      },
      "properties": {
        "location_id": "unknown",
        "timestamp": "2025-04-03",
        "source": "landsat-8",
        "features": {
          "lst": 46.33058354000002
        },
        "quality": {
          "valid": true
        },
        "temporal_context": {}
      }
    },
    {
      "type": "Feature",
      "geometry": {
        "geodesic": false,
        "type": "Point",
        "coordinates": [
          73.8049061114059,
          18.488771333281793
        ]
      },
      "properties": {
        "location_id": "unknown",
        "timestamp": "2025-04-03",
        "source": "landsat-8",
        "features": {
          "lst": 46.83645050000001
        },
        "quality": {
          "valid": true
        },
        "temporal_context": {}
      }
    },
    {
      "type": "Feature",
      "geometry": {
        "geodesic": false,
        "type": "Point",
        "coordinates": [
          73.80519022861243,
          18.488773126449903
        ]
      },
      "properties": {
        "location_id": "unknown",
        "timestamp": "2025-04-03",
        "source": "landsat-8",
        "features": {
          "lst": 46.87063069999999
        },
        "quality": {
          "valid": true
        },
        "temporal_context": {}
      }
    },
    {
      "type": "Feature",
      "geometry": {
        "geodesic": false,
        "type": "Point",
        "coordinates": [
          73.80547434585148,
          18.488774919191886
        ]
      },
      "properties": {
        "location_id": "unknown",
        "timestamp": "2025-04-03",
        "source": "landsat-8",
        "features": {
          "lst": 46.64845939999998
        },
        "quality": {
          "valid": true
        },
        "temporal_context": {}
      }
    },
    {
      "type": "Feature",
      "geometry": {
        "geodesic": false,
        "type": "Point",
        "coordinates": [
          73.80575846312301,
          18.48877671150775
        ]
      },
      "properties": {
        "location_id": "unknown",
        "timestamp": "2025-04-03",
        "source": "landsat-8",
        "features": {
          "lst": 46.439960180000014
        },
        "quality": {
          "valid": true
        },
        "temporal_context": {}
      }
    },
    {
      "type": "Feature",
      "geometry": {
        "geodesic": false,
        "type": "Point",
        "coordinates": [
          73.80604258042703,
          18.488778503397487
        ]
      },
      "properties": {
        "location_id": "unknown",
        "timestamp": "2025-04-03",
        "source": "landsat-8",
        "features": {
          "lst": 46.439960180000014
        },
        "quality": {
          "valid": true
        },
        "temporal_context": {}
      }
    },
    {
      "type": "Feature",
      "geometry": {
        "geodesic": false,
        "type": "Point",
        "coordinates": [
          73.80632669776352,
          18.4887802948611
        ]
      },
      "properties": {
        "location_id": "unknown",
        "timestamp": "2025-04-03",
        "source": "landsat-8",
        "features": {
          "lst": 46.20753481999998
        },
        "quality": {
          "valid": true
        },
        "temporal_context": {}
      }
    },
    {
      "type": "Feature",
      "geometry": {
        "geodesic": false,
        "type": "Point",
        "coordinates": [
          73.80661081513249,
          18.48878208589859
        ]
      },
      "properties": {
        "location_id": "unknown",
        "timestamp": "2025-04-03",
        "source": "landsat-8",
        "features": {
          "lst": 45.882822920000024
        },
        "quality": {
          "valid": true
        },
        "temporal_context": {}
      }
    },
    {
      "type": "Feature",
      "geometry": {
        "geodesic": false,
        "type": "Point",
        "coordinates": [
          73.8068949325339,
          18.488783876509952
        ]
      },
      "properties": {
        "location_id": "unknown",
        "timestamp": "2025-04-03",
        "source": "landsat-8",
        "features": {
          "lst": 45.605963299999985
        },
        "quality": {
          "valid": true
        },
        "temporal_context": {}
      }
    },
    {
      "type": "Feature",
      "geometry": {
        "geodesic": false,
        "type": "Point",
        "coordinates": [
          73.80717904996777,
          18.48878566669519
        ]
      },
      "properties": {
        "location_id": "unknown",
        "timestamp": "2025-04-03",
        "source": "landsat-8",
        "features": {
          "lst": 45.73926607999999
        },
        "quality": {
          "valid": true
        },
        "temporal_context": {}
      }
    },
    {
      "type": "Feature",
      "geometry": {
        "geodesic": false,
        "type": "Point",
        "coordinates": [
          73.80746316743411,
          18.488787456454308
        ]
      },
      "properties": {
        "location_id": "unknown",
        "timestamp": "2025-04-03",
        "source": "landsat-8",
        "features": {
          "lst": 45.70850389999998
        },
        "quality": {
          "valid": true
        },
        "temporal_context": {}
      }
    },
    {
      "type": "Feature",
      "geometry": {
        "geodesic": false,
        "type": "Point",
        "coordinates": [
          73.80774728493286,
          18.488789245787295
        ]
      },
      "properties": {
        "location_id": "unknown",
        "timestamp": "2025-04-03",
        "source": "landsat-8",
        "features": {
          "lst": 45.86915084000003
        },
        "quality": {
          "valid": true
        },
        "temporal_context": {}
      }
    },
    {
      "type": "Feature",
      "geometry": {
        "geodesic": false,
        "type": "Point",
        "coordinates": [
          73.80803140246404,
          18.488791034694156
        ]
      },
      "properties": {
        "location_id": "unknown",
        "timestamp": "2025-04-03",
        "source": "landsat-8",
        "features": {
          "lst": 45.95801935999998
        },
        "quality": {
          "valid": true
        },
        "temporal_context": {}
      }
    },
    {
      "type": "Feature",
      "geometry": {
        "geodesic": false,
        "type": "Point",
        "coordinates": [
          73.80831552002765,
          18.488792823174897
        ]
      },
      "properties": {
        "location_id": "unknown",
        "timestamp": "2025-04-03",
        "source": "landsat-8",
        "features": {
          "lst": 45.98878153999999
        },
        "quality": {
          "valid": true
        },
        "temporal_context": {}
      }
    },
    {
      "type": "Feature",
      "geometry": {
        "geodesic": false,
        "type": "Point",
        "coordinates": [
          73.80859963762369,
          18.488794611229505
        ]
      },
      "properties": {
        "location_id": "unknown",
        "timestamp": "2025-04-03",
        "source": "landsat-8",
        "features": {
          "lst": 45.978527480000025
        },
        "quality": {
          "valid": true
        },
        "temporal_context": {}
      }
    },
    {
      "type": "Feature",
      "geometry": {
        "geodesic": false,
        "type": "Point",
        "coordinates": [
          73.80888375525211,
          18.48879639885799
        ]
      },
      "properties": {
        "location_id": "unknown",
        "timestamp": "2025-04-03",
        "source": "landsat-8",
        "features": {
          "lst": 45.95460134000001
        },
        "quality": {
          "valid": true
        },
        "temporal_context": {}
      }
    },
    {
      "type": "Feature",
      "geometry": {
        "geodesic": false,
        "type": "Point",
        "coordinates": [
          73.80916787291292,
          18.48879818606035
        ]
      },
      "properties": {
        "location_id": "unknown",
        "timestamp": "2025-04-03",
        "source": "landsat-8",
        "features": {
          "lst": 44.97021158000001
        },
        "quality": {
          "valid": true
        },
        "temporal_context": {}
      }
    },
    {
      "type": "Feature",
      "geometry": {
        "geodesic": false,
        "type": "Point",
        "coordinates": [
          73.79837331448721,
          18.488458887382553
        ]
      },
      "properties": {
        "location_id": "unknown",
        "timestamp": "2025-04-03",
        "source": "landsat-8",
        "features": {
          "lst": 41.066832739999995
        },
        "quality": {
          "valid": true
        },
        "temporal_context": {}
      }
    },
    {
      "type": "Feature",
      "geometry": {
        "geodesic": false,
        "type": "Point",
        "coordinates": [
          73.79865743049756,
          18.488460690323155
        ]
      },
      "properties": {
        "location_id": "unknown",
        "timestamp": "2025-04-03",
        "source": "landsat-8",
        "features": {
          "lst": 41.63080604000004
        },
        "quality": {
          "valid": true
        },
        "temporal_context": {}
      }
    },
    {
      "type": "Feature",
      "geometry": {
        "geodesic": false,
        "type": "Point",
        "coordinates": [
          73.79894154654058,
          18.48846249283764
        ]
      },
      "properties": {
        "location_id": "unknown",
        "timestamp": "2025-04-03",
        "source": "landsat-8",
        "features": {
          "lst": 42.20161538000002
        },
        "quality": {
          "valid": true
        },
        "temporal_context": {}
      }
    },
    {
      "type": "Feature",
      "geometry": {
        "geodesic": false,
        "type": "Point",
        "coordinates": [
          73.79922566261627,
          18.488464294926015
        ]
      },
      "properties": {
        "location_id": "unknown",
        "timestamp": "2025-04-03",
        "source": "landsat-8",
        "features": {
          "lst": 42.26997577999998
        },
        "quality": {
          "valid": true
        },
        "temporal_context": {}
      }
    },
    {
      "type": "Feature",
      "geometry": {
        "geodesic": false,
        "type": "Point",
        "coordinates": [
          73.79950977872463,
          18.48846609658828
        ]
      },
      "properties": {
        "location_id": "unknown",
        "timestamp": "2025-04-03",
        "source": "landsat-8",
        "features": {
          "lst": 42.91256354000001
        },
        "quality": {
          "valid": true
        },
        "temporal_context": {}
      }
    },
    {
      "type": "Feature",
      "geometry": {
        "geodesic": false,
        "type": "Point",
        "coordinates": [
          73.79979389486563,
          18.488467897824428
        ]
      },
      "properties": {
        "location_id": "unknown",
        "timestamp": "2025-04-03",
        "source": "landsat-8",
        "features": {
          "lst": 43.654273880000005
        },
        "quality": {
          "valid": true
        },
        "temporal_context": {}
      }
    },
    {
      "type": "Feature",
      "geometry": {
        "geodesic": false,
        "type": "Point",
        "coordinates": [
          73.80007801103929,
          18.488469698634464
        ]
      },
      "properties": {
        "location_id": "unknown",
        "timestamp": "2025-04-03",
        "source": "landsat-8",
        "features": {
          "lst": 44.146468760000005
        },
        "quality": {
          "valid": true
        },
        "temporal_context": {}
      }
    },
    {
      "type": "Feature",
      "geometry": {
        "geodesic": false,
        "type": "Point",
        "coordinates": [
          73.80036212724558,
          18.488471499018388
        ]
      },
      "properties": {
        "location_id": "unknown",
        "timestamp": "2025-04-03",
        "source": "landsat-8",
        "features": {
          "lst": 44.77880246000001
        },
        "quality": {
          "valid": true
        },
        "temporal_context": {}
      }
    },
    {
      "type": "Feature",
      "geometry": {
        "geodesic": false,
        "type": "Point",
        "coordinates": [
          73.80064624348451,
          18.4884732989762
        ]
      },
      "properties": {
        "location_id": "unknown",
        "timestamp": "2025-04-03",
        "source": "landsat-8",
        "features": {
          "lst": 45.03857198000003
        },
        "quality": {
          "valid": true
        },
        "temporal_context": {}
      }
    },
    {
      "type": "Feature",
      "geometry": {
        "geodesic": false,
        "type": "Point",
        "coordinates": [
          73.80093035975605,
          18.488475098507898
        ]
      },
      "properties": {
        "location_id": "unknown",
        "timestamp": "2025-04-03",
        "source": "landsat-8",
        "features": {
          "lst": 45.12060445999998
        },
        "quality": {
          "valid": true
        },
        "temporal_context": {}
      }
    },
    {
      "type": "Feature",
      "geometry": {
        "geodesic": false,
        "type": "Point",
        "coordinates": [
          73.80121447606021,
          18.48847689761348
        ]
      },
      "properties": {
        "location_id": "unknown",
        "timestamp": "2025-04-03",
        "source": "landsat-8",
        "features": {
          "lst": 46.61086118000003
        },
        "quality": {
          "valid": true
        },
        "temporal_context": {}
      }
    },
    {
      "type": "Feature",
      "geometry": {
        "geodesic": false,
        "type": "Point",
        "coordinates": [
          73.80149859239698,
          18.488478696292947
        ]
      },
      "properties": {
        "location_id": "unknown",
        "timestamp": "2025-04-03",
        "source": "landsat-8",
        "features": {
          "lst": 46.993679420000035
        },
        "quality": {
          "valid": true
        },
        "temporal_context": {}
      }
    },
    {
      "type": "Feature",
      "geometry": {
        "geodesic": false,
        "type": "Point",
        "coordinates": [
          73.80178270876634,
          18.488480494546305
        ]
      },
      "properties": {
        "location_id": "unknown",
        "timestamp": "2025-04-03",
        "source": "landsat-8",
        "features": {
          "lst": 47.438022020000005
        },
        "quality": {
          "valid": true
        },
        "temporal_context": {}
      }
    },
    {
      "type": "Feature",
      "geometry": {
        "geodesic": false,
        "type": "Point",
        "coordinates": [
          73.8020668251683,
          18.488482292373543
        ]
      },
      "properties": {
        "location_id": "unknown",
        "timestamp": "2025-04-03",
        "source": "landsat-8",
        "features": {
          "lst": 47.87211056000001
        },
        "quality": {
          "valid": true
        },
        "temporal_context": {}
      }
    },
    {
      "type": "Feature",
      "geometry": {
        "geodesic": false,
        "type": "Point",
        "coordinates": [
          73.80235094160285,
          18.48848408977467
        ]
      },
      "properties": {
        "location_id": "unknown",
        "timestamp": "2025-04-03",
        "source": "landsat-8",
        "features": {
          "lst": 48.02250344000004
        },
        "quality": {
          "valid": true
        },
        "temporal_context": {}
      }
    },
    {
      "type": "Feature",
      "geometry": {
        "geodesic": false,
        "type": "Point",
        "coordinates": [
          73.80263505806997,
          18.488485886749682
        ]
      },
      "properties": {
        "location_id": "unknown",
        "timestamp": "2025-04-03",
        "source": "landsat-8",
        "features": {
          "lst": 47.96439710000004
        },
        "quality": {
          "valid": true
        },
        "temporal_context": {}
      }
    },
    {
      "type": "Feature",
      "geometry": {
        "geodesic": false,
        "type": "Point",
        "coordinates": [
          73.80291917456967,
          18.488487683298576
        ]
      },
      "properties": {
        "location_id": "unknown",
        "timestamp": "2025-04-03",
        "source": "landsat-8",
        "features": {
          "lst": 47.766151939999986
        },
        "quality": {
          "valid": true
        },
        "temporal_context": {}
      }
    },
    {
      "type": "Feature",
      "geometry": {
        "geodesic": false,
        "type": "Point",
        "coordinates": [
          73.80320329110191,
          18.488489479421357
        ]
      },
      "properties": {
        "location_id": "unknown",
        "timestamp": "2025-04-03",
        "source": "landsat-8",
        "features": {
          "lst": 47.502964399999996
        },
        "quality": {
          "valid": true
        },
        "temporal_context": {}
      }
    },
    {
      "type": "Feature",
      "geometry": {
        "geodesic": false,
        "type": "Point",
        "coordinates": [
          73.80348740766671,
          18.488491275118022
        ]
      },
      "properties": {
        "location_id": "unknown",
        "timestamp": "2025-04-03",
        "source": "landsat-8",
        "features": {
          "lst": 47.14749032000003
        },
        "quality": {
          "valid": true
        },
        "temporal_context": {}
      }
    },
    {
      "type": "Feature",
      "geometry": {
        "geodesic": false,
        "type": "Point",
        "coordinates": [
          73.80377152426405,
          18.48849307038857
        ]
      },
      "properties": {
        "location_id": "unknown",
        "timestamp": "2025-04-03",
        "source": "landsat-8",
        "features": {
          "lst": 46.668967520000024
        },
        "quality": {
          "valid": true
        },
        "temporal_context": {}
      }
    },
    {
      "type": "Feature",
      "geometry": {
        "geodesic": false,
        "type": "Point",
        "coordinates": [
          73.80405564089394,
          18.488494865233005
        ]
      },
      "properties": {
        "location_id": "unknown",
        "timestamp": "2025-04-03",
        "source": "landsat-8",
        "features": {
          "lst": 45.882822920000024
        },
        "quality": {
          "valid": true
        },
        "temporal_context": {}
      }
    },
    {
      "type": "Feature",
      "geometry": {
        "geodesic": false,
        "type": "Point",
        "coordinates": [
          73.80433975755635,
          18.48849665965132
        ]
      },
      "properties": {
        "location_id": "unknown",
        "timestamp": "2025-04-03",
        "source": "landsat-8",
        "features": {
          "lst": 45.752938159999985
        },
        "quality": {
          "valid": true
        },
        "temporal_context": {}
      }
    },
    {
      "type": "Feature",
      "geometry": {
        "geodesic": false,
        "type": "Point",
        "coordinates": [
          73.80462387425129,
          18.488498453643523
        ]
      },
      "properties": {
        "location_id": "unknown",
        "timestamp": "2025-04-03",
        "source": "landsat-8",
        "features": {
          "lst": 46.29640333999998
        },
        "quality": {
          "valid": true
        },
        "temporal_context": {}
      }
    },
    {
      "type": "Feature",
      "geometry": {
        "geodesic": false,
        "type": "Point",
        "coordinates": [
          73.80490799097875,
          18.488500247209608
        ]
      },
      "properties": {
        "location_id": "unknown",
        "timestamp": "2025-04-03",
        "source": "landsat-8",
        "features": {
          "lst": 46.92531902000002
        },
        "quality": {
          "valid": true
        },
        "temporal_context": {}
      }
    },
    {
      "type": "Feature",
      "geometry": {
        "geodesic": false,
        "type": "Point",
        "coordinates": [
          73.8051921077387,
          18.488502040349577
        ]
      },
      "properties": {
        "location_id": "unknown",
        "timestamp": "2025-04-03",
        "source": "landsat-8",
        "features": {
          "lst": 46.91848298000002
        },
        "quality": {
          "valid": true
        },
        "temporal_context": {}
      }
    },
    {
      "type": "Feature",
      "geometry": {
        "geodesic": false,
        "type": "Point",
        "coordinates": [
          73.80547622453116,
          18.488503833063426
        ]
      },
      "properties": {
        "location_id": "unknown",
        "timestamp": "2025-04-03",
        "source": "landsat-8",
        "features": {
          "lst": 46.621115239999995
        },
        "quality": {
          "valid": true
        },
        "temporal_context": {}
      }
    },
    {
      "type": "Feature",
      "geometry": {
        "geodesic": false,
        "type": "Point",
        "coordinates": [
          73.8057603413561,
          18.48850562535116
        ]
      },
      "properties": {
        "location_id": "unknown",
        "timestamp": "2025-04-03",
        "source": "landsat-8",
        "features": {
          "lst": 46.33400156000005
        },
        "quality": {
          "valid": true
        },
        "temporal_context": {}
      }
    },
    {
      "type": "Feature",
      "geometry": {
        "geodesic": false,
        "type": "Point",
        "coordinates": [
          73.80604445821353,
          18.488507417212777
        ]
      },
      "properties": {
        "location_id": "unknown",
        "timestamp": "2025-04-03",
        "source": "landsat-8",
        "features": {
          "lst": 46.327165519999994
        },
        "quality": {
          "valid": true
        },
        "temporal_context": {}
      }
    },
    {
      "type": "Feature",
      "geometry": {
        "geodesic": false,
        "type": "Point",
        "coordinates": [
          73.80632857510345,
          18.488509208648278
        ]
      },
      "properties": {
        "location_id": "unknown",
        "timestamp": "2025-04-03",
        "source": "landsat-8",
        "features": {
          "lst": 46.142592440000044
        },
        "quality": {
          "valid": true
        },
        "temporal_context": {}
      }
    },
    {
      "type": "Feature",
      "geometry": {
        "geodesic": false,
        "type": "Point",
        "coordinates": [
          73.80661269202582,
          18.488510999657656
        ]
      },
      "properties": {
        "location_id": "unknown",
        "timestamp": "2025-04-03",
        "source": "landsat-8",
        "features": {
          "lst": 45.92383916000006
        },
        "quality": {
          "valid": true
        },
        "temporal_context": {}
      }
    },
    {
      "type": "Feature",
      "geometry": {
        "geodesic": false,
        "type": "Point",
        "coordinates": [
          73.80689680898067,
          18.488512790240918
        ]
      },
      "properties": {
        "location_id": "unknown",
        "timestamp": "2025-04-03",
        "source": "landsat-8",
        "features": {
          "lst": 45.70166786000004
        },
        "quality": {
          "valid": true
        },
        "temporal_context": {}
      }
    },
    {
      "type": "Feature",
      "geometry": {
        "geodesic": false,
        "type": "Point",
        "coordinates": [
          73.80718092596794,
          18.488514580398064
        ]
      },
      "properties": {
        "location_id": "unknown",
        "timestamp": "2025-04-03",
        "source": "landsat-8",
        "features": {
          "lst": 45.79053638000005
        },
        "quality": {
          "valid": true
        },
        "temporal_context": {}
      }
    },
    {
      "type": "Feature",
      "geometry": {
        "geodesic": false,
        "type": "Point",
        "coordinates": [
          73.80746504298769,
          18.488516370129087
        ]
      },
      "properties": {
        "location_id": "unknown",
        "timestamp": "2025-04-03",
        "source": "landsat-8",
        "features": {
          "lst": 45.86915084000003
        },
        "quality": {
          "valid": true
        },
        "temporal_context": {}
      }
    },
    {
      "type": "Feature",
      "geometry": {
        "geodesic": false,
        "type": "Point",
        "coordinates": [
          73.80774916003986,
          18.488518159433998
        ]
      },
      "properties": {
        "location_id": "unknown",
        "timestamp": "2025-04-03",
        "source": "landsat-8",
        "features": {
          "lst": 46.012707680000005
        },
        "quality": {
          "valid": true
        },
        "temporal_context": {}
      }
    },
    {
      "type": "Feature",
      "geometry": {
        "geodesic": false,
        "type": "Point",
        "coordinates": [
          73.80803327712447,
          18.488519948312785
        ]
      },
      "properties": {
        "location_id": "unknown",
        "timestamp": "2025-04-03",
        "source": "landsat-8",
        "features": {
          "lst": 46.125502340000025
        },
        "quality": {
          "valid": true
        },
        "temporal_context": {}
      }
    },
    {
      "type": "Feature",
      "geometry": {
        "geodesic": false,
        "type": "Point",
        "coordinates": [
          73.80831739424148,
          18.488521736765453
        ]
      },
      "properties": {
        "location_id": "unknown",
        "timestamp": "2025-04-03",
        "source": "landsat-8",
        "features": {
          "lst": 46.20753481999998
        },
        "quality": {
          "valid": true
        },
        "temporal_context": {}
      }
    },
    {
      "type": "Feature",
      "geometry": {
        "geodesic": false,
        "type": "Point",
        "coordinates": [
          73.80860151139092,
          18.488523524792004
        ]
      },
      "properties": {
        "location_id": "unknown",
        "timestamp": "2025-04-03",
        "source": "landsat-8",
        "features": {
          "lst": 46.24855106000001
        },
        "quality": {
          "valid": true
        },
        "temporal_context": {}
      }
    },
    {
      "type": "Feature",
      "geometry": {
        "geodesic": false,
        "type": "Point",
        "coordinates": [
          73.80888562857277,
          18.488525312392436
        ]
      },
      "properties": {
        "location_id": "unknown",
        "timestamp": "2025-04-03",
        "source": "landsat-8",
        "features": {
          "lst": 46.272477200000026
        },
        "quality": {
          "valid": true
        },
        "temporal_context": {}
      }
    },
    {
      "type": "Feature",
      "geometry": {
        "geodesic": false,
        "type": "Point",
        "coordinates": [
          73.809169745787,
          18.488527099566745
        ]
      },
      "properties": {
        "location_id": "unknown",
        "timestamp": "2025-04-03",
        "source": "landsat-8",
        "features": {
          "lst": 45.39746408000002
        },
        "quality": {
          "valid": true
        },
        "temporal_context": {}
      }
    },
    {
      "type": "Feature",
      "geometry": {
        "geodesic": false,
        "type": "Point",
        "coordinates": [
          73.79837520429874,
          18.48818780195153
        ]
      },
      "properties": {
        "location_id": "unknown",
        "timestamp": "2025-04-03",
        "source": "landsat-8",
        "features": {
          "lst": 40.97112818000005
        },
        "quality": {
          "valid": true
        },
        "temporal_context": {}
      }
    },
    {
      "type": "Feature",
      "geometry": {
        "geodesic": false,
        "type": "Point",
        "coordinates": [
          73.79865931986251,
          18.48818960486383
        ]
      },
      "properties": {
        "location_id": "unknown",
        "timestamp": "2025-04-03",
        "source": "landsat-8",
        "features": {
          "lst": 41.377872560000014
        },
        "quality": {
          "valid": true
        },
        "temporal_context": {}
      }
    },
    {
      "type": "Feature",
      "geometry": {
        "geodesic": false,
        "type": "Point",
        "coordinates": [
          73.79894343545897,
          18.488191407350033
        ]
      },
      "properties": {
        "location_id": "unknown",
        "timestamp": "2025-04-03",
        "source": "landsat-8",
        "features": {
          "lst": 41.88715754000003
        },
        "quality": {
          "valid": true
        },
        "temporal_context": {}
      }
    },
    {
      "type": "Feature",
      "geometry": {
        "geodesic": false,
        "type": "Point",
        "coordinates": [
          73.79922755108808,
          18.488193209410124
        ]
      },
      "properties": {
        "location_id": "unknown",
        "timestamp": "2025-04-03",
        "source": "landsat-8",
        "features": {
          "lst": 41.85297734000005
        },
        "quality": {
          "valid": true
        },
        "temporal_context": {}
      }
    },
    {
      "type": "Feature",
      "geometry": {
        "geodesic": false,
        "type": "Point",
        "coordinates": [
          73.79951166674986,
          18.488195011044112
        ]
      },
      "properties": {
        "location_id": "unknown",
        "timestamp": "2025-04-03",
        "source": "landsat-8",
        "features": {
          "lst": 42.41353262000001
        },
        "quality": {
          "valid": true
        },
        "temporal_context": {}
      }
    },
    {
      "type": "Feature",
      "geometry": {
        "geodesic": false,
        "type": "Point",
        "coordinates": [
          73.7997957824443,
          18.488196812251992
        ]
      },
      "properties": {
        "location_id": "unknown",
        "timestamp": "2025-04-03",
        "source": "landsat-8",
        "features": {
          "lst": 42.98775998000002
        },
        "quality": {
          "valid": true
        },
        "temporal_context": {}
      }
    },
    {
      "type": "Feature",
      "geometry": {
        "geodesic": false,
        "type": "Point",
        "coordinates": [
          73.80007989817139,
          18.48819861303377
        ]
      },
      "properties": {
        "location_id": "unknown",
        "timestamp": "2025-04-03",
        "source": "landsat-8",
        "features": {
          "lst": 43.26803762000003
        },
        "quality": {
          "valid": true
        },
        "temporal_context": {}
      }
    },
    {
      "type": "Feature",
      "geometry": {
        "geodesic": false,
        "type": "Point",
        "coordinates": [
          73.80036401393112,
          18.48820041338944
        ]
      },
      "properties": {
        "location_id": "unknown",
        "timestamp": "2025-04-03",
        "source": "landsat-8",
        "features": {
          "lst": 43.90720736000003
        },
        "quality": {
          "valid": true
        },
        "temporal_context": {}
      }
    },
    {
      "type": "Feature",
      "geometry": {
        "geodesic": false,
        "type": "Point",
        "coordinates": [
          73.80064812972346,
          18.488202213319003
        ]
      },
      "properties": {
        "location_id": "unknown",
        "timestamp": "2025-04-03",
        "source": "landsat-8",
        "features": {
          "lst": 44.08836242000001
        },
        "quality": {
          "valid": true
        },
        "temporal_context": {}
      }
    },
    {
      "type": "Feature",
      "geometry": {
        "geodesic": false,
        "type": "Point",
        "coordinates": [
          73.80093224554844,
          18.488204012822457
        ]
      },
      "properties": {
        "location_id": "unknown",
        "timestamp": "2025-04-03",
        "source": "landsat-8",
        "features": {
          "lst": 44.09861648000003
        },
        "quality": {
          "valid": true
        },
        "temporal_context": {}
      }
    },
    {
      "type": "Feature",
      "geometry": {
        "geodesic": false,
        "type": "Point",
        "coordinates": [
          73.80121636140602,
          18.488205811899807
        ]
      },
      "properties": {
        "location_id": "unknown",
        "timestamp": "2025-04-03",
        "source": "landsat-8",
        "features": {
          "lst": 45.54785695999999
        },
        "quality": {
          "valid": true
        },
        "temporal_context": {}
      }
    },
    {
      "type": "Feature",
      "geometry": {
        "geodesic": false,
        "type": "Point",
        "coordinates": [
          73.80150047729622,
          18.488207610551047
        ]
      },
      "properties": {
        "location_id": "unknown",
        "timestamp": "2025-04-03",
        "source": "landsat-8",
        "features": {
          "lst": 46.09132213999999
        },
        "quality": {
          "valid": true
        },
        "temporal_context": {}
      }
    },
    {
      "type": "Feature",
      "geometry": {
        "geodesic": false,
        "type": "Point",
        "coordinates": [
          73.801784593219,
          18.48820940877618
        ]
      },
      "properties": {
        "location_id": "unknown",
        "timestamp": "2025-04-03",
        "source": "landsat-8",
        "features": {
          "lst": 46.67238554000005
        },
        "quality": {
          "valid": true
        },
        "temporal_context": {}
      }
    },
    {
      "type": "Feature",
      "geometry": {
        "geodesic": false,
        "type": "Point",
        "coordinates": [
          73.80206870917439,
          18.488211206575205
        ]
      },
      "properties": {
        "location_id": "unknown",
        "timestamp": "2025-04-03",
        "source": "landsat-8",
        "features": {
          "lst": 47.205596660000026
        },
        "quality": {
          "valid": true
        },
        "temporal_context": {}
      }
    },
    {
      "type": "Feature",
      "geometry": {
        "geodesic": false,
        "type": "Point",
        "coordinates": [
          73.80235282516236,
          18.488213003948122
        ]
      },
      "properties": {
        "location_id": "unknown",
        "timestamp": "2025-04-03",
        "source": "landsat-8",
        "features": {
          "lst": 47.24661290000006
        },
        "quality": {
          "valid": true
        },
        "temporal_context": {}
      }
    },
    {
      "type": "Feature",
      "geometry": {
        "geodesic": false,
        "type": "Point",
        "coordinates": [
          73.8026369411829,
          18.48821480089493
        ]
      },
      "properties": {
        "location_id": "unknown",
        "timestamp": "2025-04-03",
        "source": "landsat-8",
        "features": {
          "lst": 47.209014679999996
        },
        "quality": {
          "valid": true
        },
        "temporal_context": {}
      }
    },
    {
      "type": "Feature",
      "geometry": {
        "geodesic": false,
        "type": "Point",
        "coordinates": [
          73.80292105723603,
          18.488216597415633
        ]
      },
      "properties": {
        "location_id": "unknown",
        "timestamp": "2025-04-03",
        "source": "landsat-8",
        "features": {
          "lst": 47.13381823999998
        },
        "quality": {
          "valid": true
        },
        "temporal_context": {}
      }
    },
    {
      "type": "Feature",
      "geometry": {
        "geodesic": false,
        "type": "Point",
        "coordinates": [
          73.8032051733217,
          18.488218393510227
        ]
      },
      "properties": {
        "location_id": "unknown",
        "timestamp": "2025-04-03",
        "source": "landsat-8",
        "features": {
          "lst": 47.00051546000003
        },
        "quality": {
          "valid": true
        },
        "temporal_context": {}
      }
    },
    {
      "type": "Feature",
      "geometry": {
        "geodesic": false,
        "type": "Point",
        "coordinates": [
          73.80348928943992,
          18.48822018917871
        ]
      },
      "properties": {
        "location_id": "unknown",
        "timestamp": "2025-04-03",
        "source": "landsat-8",
        "features": {
          "lst": 46.77150812000002
        },
        "quality": {
          "valid": true
        },
        "temporal_context": {}
      }
    },
    {
      "type": "Feature",
      "geometry": {
        "geodesic": false,
        "type": "Point",
        "coordinates": [
          73.80377340559069,
          18.488221984421084
        ]
      },
      "properties": {
        "location_id": "unknown",
        "timestamp": "2025-04-03",
        "source": "landsat-8",
        "features": {
          "lst": 46.37843582000005
        },
        "quality": {
          "valid": true
        },
        "temporal_context": {}
      }
    },
    {
      "type": "Feature",
      "geometry": {
        "geodesic": false,
        "type": "Point",
        "coordinates": [
          73.804057521774,
          18.488223779237348
        ]
      },
      "properties": {
        "location_id": "unknown",
        "timestamp": "2025-04-03",
        "source": "landsat-8",
        "features": {
          "lst": 45.61963537999998
        },
        "quality": {
          "valid": true
        },
        "temporal_context": {}
      }
    },
    {
      "type": "Feature",
      "geometry": {
        "geodesic": false,
        "type": "Point",
        "coordinates": [
          73.80434163798985,
          18.488225573627503
        ]
      },
      "properties": {
        "location_id": "unknown",
        "timestamp": "2025-04-03",
        "source": "landsat-8",
        "features": {
          "lst": 45.653815580000014
        },
        "quality": {
          "valid": true
        },
        "temporal_context": {}
      }
    },
    {
      "type": "Feature",
      "geometry": {
        "geodesic": false,
        "type": "Point",
        "coordinates": [
          73.8046257542382,
          18.488227367591552
        ]
      },
      "properties": {
        "location_id": "unknown",
        "timestamp": "2025-04-03",
        "source": "landsat-8",
        "features": {
          "lst": 46.33058354000002
        },
        "quality": {
          "valid": true
        },
        "temporal_context": {}
      }
    },
    {
      "type": "Feature",
      "geometry": {
        "geodesic": false,
        "type": "Point",
        "coordinates": [
          73.80490987051908,
          18.48822916112949
        ]
      },
      "properties": {
        "location_id": "unknown",
        "timestamp": "2025-04-03",
        "source": "landsat-8",
        "features": {
          "lst": 46.976589320000016
        },
        "quality": {
          "valid": true
        },
        "temporal_context": {}
      }
    },
    {
      "type": "Feature",
      "geometry": {
        "geodesic": false,
        "type": "Point",
        "coordinates": [
          73.80519398683248,
          18.488230954241317
        ]
      },
      "properties": {
        "location_id": "unknown",
        "timestamp": "2025-04-03",
        "source": "landsat-8",
        "features": {
          "lst": 46.86037664000003
        },
        "quality": {
          "valid": true
        },
        "temporal_context": {}
      }
    },
    {
      "type": "Feature",
      "geometry": {
        "geodesic": false,
        "type": "Point",
        "coordinates": [
          73.80547810317834,
          18.488232746927032
        ]
      },
      "properties": {
        "location_id": "unknown",
        "timestamp": "2025-04-03",
        "source": "landsat-8",
        "features": {
          "lst": 46.42970611999999
        },
        "quality": {
          "valid": true
        },
        "temporal_context": {}
      }
    },
    {
      "type": "Feature",
      "geometry": {
        "geodesic": false,
        "type": "Point",
        "coordinates": [
          73.80576221955671,
          18.488234539186635
        ]
      },
      "properties": {
        "location_id": "unknown",
        "timestamp": "2025-04-03",
        "source": "landsat-8",
        "features": {
          "lst": 45.99903560000001
        },
        "quality": {
          "valid": true
        },
        "temporal_context": {}
      }
    },
    {
      "type": "Feature",
      "geometry": {
        "geodesic": false,
        "type": "Point",
        "coordinates": [
          73.80604633596758,
          18.488236331020133
        ]
      },
      "properties": {
        "location_id": "unknown",
        "timestamp": "2025-04-03",
        "source": "landsat-8",
        "features": {
          "lst": 45.978527480000025
        },
        "quality": {
          "valid": true
        },
        "temporal_context": {}
      }
    },
    {
      "type": "Feature",
      "geometry": {
        "geodesic": false,
        "type": "Point",
        "coordinates": [
          73.8063304524109,
          18.488238122427518
        ]
      },
      "properties": {
        "location_id": "unknown",
        "timestamp": "2025-04-03",
        "source": "landsat-8",
        "features": {
          "lst": 45.82129856000006
        },
        "quality": {
          "valid": true
        },
        "temporal_context": {}
      }
    },
    {
      "type": "Feature",
      "geometry": {
        "geodesic": false,
        "type": "Point",
        "coordinates": [
          73.8066145688867,
          18.48823991340879
        ]
      },
      "properties": {
        "location_id": "unknown",
        "timestamp": "2025-04-03",
        "source": "landsat-8",
        "features": {
          "lst": 45.65039755999999
        },
        "quality": {
          "valid": true
        },
        "temporal_context": {}
      }
    },
    {
      "type": "Feature",
      "geometry": {
        "geodesic": false,
        "type": "Point",
        "coordinates": [
          73.80689868539497,
          18.48824170396395
        ]
      },
      "properties": {
        "location_id": "unknown",
        "timestamp": "2025-04-03",
        "source": "landsat-8",
        "features": {
          "lst": 45.55469300000004
        },
        "quality": {
          "valid": true
        },
        "temporal_context": {}
      }
    },
    {
      "type": "Feature",
      "geometry": {
        "geodesic": false,
        "type": "Point",
        "coordinates": [
          73.80718280193567,
          18.488243494093
        ]
      },
      "properties": {
        "location_id": "unknown",
        "timestamp": "2025-04-03",
        "source": "landsat-8",
        "features": {
          "lst": 45.70850389999998
        },
        "quality": {
          "valid": true
        },
        "temporal_context": {}
      }
    },
    {
      "type": "Feature",
      "geometry": {
        "geodesic": false,
        "type": "Point",
        "coordinates": [
          73.80746691850884,
          18.488245283795937
        ]
      },
      "properties": {
        "location_id": "unknown",
        "timestamp": "2025-04-03",
        "source": "landsat-8",
        "features": {
          "lst": 45.76319222000001
        },
        "quality": {
          "valid": true
        },
        "temporal_context": {}
      }
    },
    {
      "type": "Feature",
      "geometry": {
        "geodesic": false,
        "type": "Point",
        "coordinates": [
          73.80775103511444,
          18.488247073072763
        ]
      },
      "properties": {
        "location_id": "unknown",
        "timestamp": "2025-04-03",
        "source": "landsat-8",
        "features": {
          "lst": 45.947765300000015
        },
        "quality": {
          "valid": true
        },
        "temporal_context": {}
      }
    },
    {
      "type": "Feature",
      "geometry": {
        "geodesic": false,
        "type": "Point",
        "coordinates": [
          73.80803515175245,
          18.488248861923477
        ]
      },
      "properties": {
        "location_id": "unknown",
        "timestamp": "2025-04-03",
        "source": "landsat-8",
        "features": {
          "lst": 46.125502340000025
        },
        "quality": {
          "valid": true
        },
        "temporal_context": {}
      }
    },
    {
      "type": "Feature",
      "geometry": {
        "geodesic": false,
        "type": "Point",
        "coordinates": [
          73.80831926842289,
          18.488250650348082
        ]
      },
      "properties": {
        "location_id": "unknown",
        "timestamp": "2025-04-03",
        "source": "landsat-8",
        "features": {
          "lst": 46.27589522000005
        },
        "quality": {
          "valid": true
        },
        "temporal_context": {}
      }
    },
    {
      "type": "Feature",
      "geometry": {
        "geodesic": false,
        "type": "Point",
        "coordinates": [
          73.80860338512576,
          18.48825243834657
        ]
      },
      "properties": {
        "location_id": "unknown",
        "timestamp": "2025-04-03",
        "source": "landsat-8",
        "features": {
          "lst": 46.405779980000034
        },
        "quality": {
          "valid": true
        },
        "temporal_context": {}
      }
    },
    {
      "type": "Feature",
      "geometry": {
        "geodesic": false,
        "type": "Point",
        "coordinates": [
          73.80888750186102,
          18.488254225918947
        ]
      },
      "properties": {
        "location_id": "unknown",
        "timestamp": "2025-04-03",
        "source": "landsat-8",
        "features": {
          "lst": 46.51173860000006
        },
        "quality": {
          "valid": true
        },
        "temporal_context": {}
      }
    },
    {
      "type": "Feature",
      "geometry": {
        "geodesic": false,
        "type": "Point",
        "coordinates": [
          73.80917161862868,
          18.48825601306521
        ]
      },
      "properties": {
        "location_id": "unknown",
        "timestamp": "2025-04-03",
        "source": "landsat-8",
        "features": {
          "lst": 45.77344628000003
        },
        "quality": {
          "valid": true
        },
        "temporal_context": {}
      }
    }
  ]
}