{
  "type": "FeatureCollection",
  "features": [
    {
      "type": "Feature",
      "geometry": {
        "type": "Polygon",
        "coordinates": [
          [
            [
              73.795,
              18.395
            ],
            [
              73.80499999999999,
              18.395
            ],
            [
              73.80499999999999,
              18.404999999999998
            ],
            [
              73.795,
              18.404999999999998
            ],
            [
              73.795,
              18.395
            ]
          ]
        ]
      },
      "properties": {
        "cell_id": "R00C00",
        "row": 0,
        "col": 0,
        "week": 8,
        "week_label": "Wk8",
        "date_start": "2024-07-20",
        "date_end": "2024-07-26",
        "phase": "post",
        "avg_risk": 0.1809,
        "avg_gt": 0.0039,
        "risk_category": 1,
        "risk_category_label": "Medium"
      }
    },
    {
      "type": "Feature",
      "geometry": {
        "type": "Polygon",
        "coordinates": [
          [
            [
              73.80552631578948,
              18.395
            ],
            [
              73.81552631578947,
              18.395
            ],
            [
              73.81552631578947,
              18.404999999999998
            ],
            [
              73.80552631578948,
              18.404999999999998
            ],
            [
              73.80552631578948,
              18.395
            ]
          ]
        ]
      },
      "properties": {
        "cell_id": "R00C01",
        "row": 0,
        "col": 1,
        "week": 8,
        "week_label": "Wk8",
        "date_start": "2024-07-20",
        "date_end": "2024-07-26",
        "phase": "post",
        "avg_risk": 0.1651,
        "avg_gt": 0.0093,
        "risk_category": 1,
        "risk_category_label": "Medium"
      }
    },
    {
      "type": "Feature",
      "geometry": {
        "type": "Polygon",
        "coordinates": [
          [
            [
              73.81605263157896,
              18.395
            ],
            [
              73.82605263157895,
              18.395
            ],
            [
              73.82605263157895,
              18.404999999999998
            ],
            [
              73.81605263157896,
              18.404999999999998
            ],
            [
              73.81605263157896,
              18.395
            ]
          ]
        ]
      },
      "properties": {
        "cell_id": "R00C02",
        "row": 0,
        "col": 2,
        "week": 8,
        "week_label": "Wk8",
        "date_start": "2024-07-20",
        "date_end": "2024-07-26",
        "phase": "post",
        "avg_risk": 0.1648,
        "avg_gt": 0.0175,
        "risk_category": 1,
        "risk_category_label": "Medium"
      }
    },
    {
      "type": "Feature",
      "geometry": {
        "type": "Polygon",
        "coordinates": [
          [
            [
              73.82657894736842,
              18.395
            ],
            [
              73.83657894736841,
              18.395
            ],
            [
              73.83657894736841,
              18.404999999999998
            ],
            [
              73.82657894736842,
              18.404999999999998
            ],
            [
              73.82657894736842,
              18.395
            ]
          ]
        ]
      },
      "properties": {
        "cell_id": "R00C03",
        "row": 0,
        "col": 3,
        "week": 8,
        "week_label": "Wk8",
        "date_start": "2024-07-20",
        "date_end": "2024-07-26",
        "phase": "post",
        "avg_risk": 0.1681,
        "avg_gt": 0.0254,
        "risk_category": 1,
        "risk_category_label": "Medium"
      }
    },
    {
      "type": "Feature",
      "geometry": {
        "type": "Polygon",
        "coordinates": [
          [
            [
              73.8371052631579,
              18.395
            ],
            [
              73.84710526315789,
              18.395
            ],
            [
              73.84710526315789,
              18.404999999999998
            ],
            [
              73.8371052631579,
              18.404999999999998
            ],
            [
              73.8371052631579,
              18.395
            ]
          ]
        ]
      },
      "properties": {
        "cell_id": "R00C04",
        "row": 0,
        "col": 4,
        "week": 8,
        "week_label": "Wk8",
        "date_start": "2024-07-20",
        "date_end": "2024-07-26",
        "phase": "post",
        "avg_risk": 0.1717,
        "avg_gt": 0.0288,
        "risk_category": 1,
        "risk_category_label": "Medium"
      }
    },
    {
      "type": "Feature",
      "geometry": {
        "type": "Polygon",
        "coordinates": [
          [
            [
              73.84763157894737,
              18.395
            ],
            [
              73.85763157894736,
              18.395
            ],
            [
              73.85763157894736,
              18.404999999999998
            ],
            [
              73.84763157894737,
              18.404999999999998
            ],
            [
              73.84763157894737,
              18.395
            ]
          ]
        ]
      },
      "properties": {
        "cell_id": "R00C05",
        "row": 0,
        "col": 5,
        "week": 8,
        "week_label": "Wk8",
        "date_start": "2024-07-20",
        "date_end": "2024-07-26",
        "phase": "post",
        "avg_risk": 0.1751,
        "avg_gt": 0.0254,
        "risk_category": 1,
        "risk_category_label": "Medium"
      }
    },
    {
      "type": "Feature",
      "geometry": {
        "type": "Polygon",
        "coordinates": [
          [
            [
              73.85815789473685,
              18.395
            ],
            [
              73.86815789473684,
              18.395
            ],
            [
              73.86815789473684,
              18.404999999999998
            ],
            [
              73.85815789473685,
              18.404999999999998
            ],
            [
              73.85815789473685,
              18.395
            ]
          ]
        ]
      },
      "properties": {
        "cell_id": "R00C06",
        "row": 0,
        "col": 6,
        "week": 8,
        "week_label": "Wk8",
        "date_start": "2024-07-20",
        "date_end": "2024-07-26",
        "phase": "post",
        "avg_risk": 0.1782,
        "avg_gt": 0.0175,
        "risk_category": 1,
        "risk_category_label": "Medium"
      }
    },
    {
      "type": "Feature",
      "geometry": {
        "type": "Polygon",
        "coordinates": [
          [
            [
              73.86868421052633,
              18.395
            ],
            [
              73.87868421052632,
              18.395
            ],
            [
              73.87868421052632,
              18.404999999999998
            ],
            [
              73.86868421052633,
              18.404999999999998
            ],
            [
              73.86868421052633,
              18.395
            ]
          ]
        ]
      },
      "properties": {
        "cell_id": "R00C07",
        "row": 0,
        "col": 7,
        "week": 8,
        "week_label": "Wk8",
        "date_start": "2024-07-20",
        "date_end": "2024-07-26",
        "phase": "post",
        "avg_risk": 0.181,
        "avg_gt": 0.0093,
        "risk_category": 1,
        "risk_category_label": "Medium"
      }
    },
    {
      "type": "Feature",
      "geometry": {
        "type": "Polygon",
        "coordinates": [
          [
            [
              73.87921052631579,
              18.395
            ],
            [
              73.88921052631578,
              18.395
            ],
            [
              73.88921052631578,
              18.404999999999998
            ],
            [
              73.87921052631579,
              18.404999999999998
            ],
            [
              73.87921052631579,
              18.395
            ]
          ]
        ]
      },
      "properties": {
        "cell_id": "R00C08",
        "row": 0,
        "col": 8,
        "week": 8,
        "week_label": "Wk8",
        "date_start": "2024-07-20",
        "date_end": "2024-07-26",
        "phase": "post",
        "avg_risk": 0.1827,
        "avg_gt": 0.0039,
        "risk_category": 1,
        "risk_category_label": "Medium"
      }
    },
    {
      "type": "Feature",
      "geometry": {
        "type": "Polygon",
        "coordinates": [
          [
            [
              73.88973684210526,
              18.395
            ],
            [
              73.89973684210526,
              18.395
            ],
            [
              73.89973684210526,
              18.404999999999998
            ],
            [
              73.88973684210526,
              18.404999999999998
            ],
            [
              73.88973684210526,
              18.395
            ]
          ]
        ]
      },
      "properties": {
        "cell_id": "R00C09",
        "row": 0,
        "col": 9,
        "week": 8,
        "week_label": "Wk8",
        "date_start": "2024-07-20",
        "date_end": "2024-07-26",
        "phase": "post",
        "avg_risk": 0.174,
        "avg_gt": 0.0012,
        "risk_category": 1,
        "risk_category_label": "Medium"
      }
    },
    {
      "type": "Feature",
      "geometry": {
        "type": "Polygon",
        "coordinates": [
          [
            [
              73.90026315789474,
              18.395
            ],
            [
              73.91026315789473,
              18.395
            ],
            [
              73.91026315789473,
              18.404999999999998
            ],
            [
              73.90026315789474,
              18.404999999999998
            ],
            [
              73.90026315789474,
              18.395
            ]
          ]
        ]
      },
      "properties": {
        "cell_id": "R00C10",
        "row": 0,
        "col": 10,
        "week": 8,
        "week_label": "Wk8",
        "date_start": "2024-07-20",
        "date_end": "2024-07-26",
        "phase": "post",
        "avg_risk": 0.156,
        "avg_gt": 0.0003,
        "risk_category": 1,
        "risk_category_label": "Medium"
      }
    },
    {
      "type": "Feature",
      "geometry": {
        "type": "Polygon",
        "coordinates": [
          [
            [
              73.91078947368422,
              18.395
            ],
            [
              73.92078947368421,
              18.395
            ],
            [
              73.92078947368421,
              18.404999999999998
            ],
            [
              73.91078947368422,
              18.404999999999998
            ],
            [
              73.91078947368422,
              18.395
            ]
          ]
        ]
      },
      "properties": {
        "cell_id": "R00C11",
        "row": 0,
        "col": 11,
        "week": 8,
        "week_label": "Wk8",
        "date_start": "2024-07-20",
        "date_end": "2024-07-26",
        "phase": "post",
        "avg_risk": 0.1483,
        "avg_gt": 0.0,
        "risk_category": 0,
        "risk_category_label": "Low"
      }
    },
    {
      "type": "Feature",
      "geometry": {
        "type": "Polygon",
        "coordinates": [
          [
            [
              73.92131578947368,
              18.395
            ],
            [
              73.93131578947367,
              18.395
            ],
            [
              73.93131578947367,
              18.404999999999998
            ],
            [
              73.92131578947368,
              18.404999999999998
            ],
            [
              73.92131578947368,
              18.395
            ]
          ]
        ]
      },
      "properties": {
        "cell_id": "R00C12",
        "row": 0,
        "col": 12,
        "week": 8,
        "week_label": "Wk8",
        "date_start": "2024-07-20",
        "date_end": "2024-07-26",
        "phase": "post",
        "avg_risk": 0.1548,
        "avg_gt": 0.0,
        "risk_category": 1,
        "risk_category_label": "Medium"
      }
    },
    {
      "type": "Feature",
      "geometry": {
        "type": "Polygon",
        "coordinates": [
          [
            [
              73.93184210526316,
              18.395
            ],
            [
              73.94184210526315,
              18.395
            ],
            [
              73.94184210526315,
              18.404999999999998
            ],
            [
              73.93184210526316,
              18.404999999999998
            ],
            [
              73.93184210526316,
              18.395
            ]
          ]
        ]
      },
      "properties": {
        "cell_id": "R00C13",
        "row": 0,
        "col": 13,
        "week": 8,
        "week_label": "Wk8",
        "date_start": "2024-07-20",
        "date_end": "2024-07-26",
        "phase": "post",
        "avg_risk": 0.1643,
        "avg_gt": 0.0003,
        "risk_category": 1,
        "risk_category_label": "Medium"
      }
    },
    {
      "type": "Feature",
      "geometry": {
        "type": "Polygon",
        "coordinates": [
          [
            [
              73.94236842105263,
              18.395
            ],
            [
              73.95236842105263,
              18.395
            ],
            [
              73.95236842105263,
              18.404999999999998
            ],
            [
              73.94236842105263,
              18.404999999999998
            ],
            [
              73.94236842105263,
              18.395
            ]
          ]
        ]
      },
      "properties": {
        "cell_id": "R00C14",
        "row": 0,
        "col": 14,
        "week": 8,
        "week_label": "Wk8",
        "date_start": "2024-07-20",
        "date_end": "2024-07-26",
        "phase": "post",
        "avg_risk": 0.1661,
        "avg_gt": 0.0021,
        "risk_category": 1,
        "risk_category_label": "Medium"
      }
    },
    {
      "type": "Feature",
      "geometry": {
        "type": "Polygon",
        "coordinates": [
          [
            [
              73.95289473684211,
              18.395
            ],
            [
              73.9628947368421,
              18.395
            ],
            [
              73.9628947368421,
              18.404999999999998
            ],
            [
              73.95289473684211,
              18.404999999999998
            ],
            [
              73.95289473684211,
              18.395
            ]
          ]
        ]
      },
      "properties": {
        "cell_id": "R00C15",
        "row": 0,
        "col": 15,
        "week": 8,
        "week_label": "Wk8",
        "date_start": "2024-07-20",
        "date_end": "2024-07-26",
        "phase": "post",
        "avg_risk": 0.1644,
        "avg_gt": 0.0101,
        "risk_category": 1,
        "risk_category_label": "Medium"
      }
    },
    {
      "type": "Feature",
      "geometry": {
        "type": "Polygon",
        "coordinates": [
          [
            [
              73.96342105263159,
              18.395
            ],
            [
              73.97342105263158,
              18.395
            ],
            [
              73.97342105263158,
              18.404999999999998
            ],
            [
              73.96342105263159,
              18.404999999999998
            ],
            [
              73.96342105263159,
              18.395
            ]
          ]
        ]
      },
      "properties": {
        "cell_id": "R00C16",
        "row": 0,
        "col": 16,
        "week": 8,
        "week_label": "Wk8",
        "date_start": "2024-07-20",
        "date_end": "2024-07-26",
        "phase": "post",
        "avg_risk": 0.1626,
        "avg_gt": 0.0306,
        "risk_category": 1,
        "risk_category_label": "Medium"
      }
    },
    {
      "type": "Feature",
      "geometry": {
        "type": "Polygon",
        "coordinates": [
          [
            [
              73.97394736842105,
              18.395
            ],
            [
              73.98394736842104,
              18.395
            ],
            [
              73.98394736842104,
              18.404999999999998
            ],
            [
              73.97394736842105,
              18.404999999999998
            ],
            [
              73.97394736842105,
              18.395
            ]
          ]
        ]
      },
      "properties": {
        "cell_id": "R00C17",
        "row": 0,
        "col": 17,
        "week": 8,
        "week_label": "Wk8",
        "date_start": "2024-07-20",
        "date_end": "2024-07-26",
        "phase": "post",
        "avg_risk": 0.1627,
        "avg_gt": 0.0596,
        "risk_category": 1,
        "risk_category_label": "Medium"
      }
    },
    {
      "type": "Feature",
      "geometry": {
        "type": "Polygon",
        "coordinates": [
          [
            [
              73.98447368421053,
              18.395
            ],
            [
              73.99447368421052,
              18.395
            ],
            [
              73.99447368421052,
              18.404999999999998
            ],
            [
              73.98447368421053,
              18.404999999999998
            ],
            [
              73.98447368421053,
              18.395
            ]
          ]
        ]
      },
      "properties": {
        "cell_id": "R00C18",
        "row": 0,
        "col": 18,
        "week": 8,
        "week_label": "Wk8",
        "date_start": "2024-07-20",
        "date_end": "2024-07-26",
        "phase": "post",
        "avg_risk": 0.1663,
        "avg_gt": 0.0745,
        "risk_category": 1,
        "risk_category_label": "Medium"
      }
    },
    {
      "type": "Feature",
      "geometry": {
        "type": "Polygon",
        "coordinates": [
          [
            [
              73.995,
              18.395
            ],
            [
              74.005,
              18.395
            ],
            [
              74.005,
              18.404999999999998
            ],
            [
              73.995,
              18.404999999999998
            ],
            [
              73.995,
              18.395
            ]
          ]
        ]
      },
      "properties": {
        "cell_id": "R00C19",
        "row": 0,
        "col": 19,
        "week": 8,
        "week_label": "Wk8",
        "date_start": "2024-07-20",
        "date_end": "2024-07-26",
        "phase": "post",
        "avg_risk": 0.1764,
        "avg_gt": 0.0596,
        "risk_category": 1,
        "risk_category_label": "Medium"
      }
    },
    {
      "type": "Feature",
      "geometry": {
        "type": "Polygon",
        "coordinates": [
          [
            [
              73.795,
              18.405526315789473
            ],
            [
              73.80499999999999,
              18.405526315789473
            ],
            [
              73.80499999999999,
              18.41552631578947
            ],
            [
              73.795,
              18.41552631578947
            ],
            [
              73.795,
              18.405526315789473
            ]
          ]
        ]
      },
      "properties": {
        "cell_id": "R01C00",
        "row": 1,
        "col": 0,
        "week": 8,
        "week_label": "Wk8",
        "date_start": "2024-07-20",
        "date_end": "2024-07-26",
        "phase": "post",
        "avg_risk": 0.158,
        "avg_gt": 0.0093,
        "risk_category": 1,
        "risk_category_label": "Medium"
      }
    },
    {
      "type": "Feature",
      "geometry": {
        "type": "Polygon",
        "coordinates": [
          [
            [
              73.80552631578948,
              18.405526315789473
            ],
            [
              73.81552631578947,
              18.405526315789473
            ],
            [
              73.81552631578947,
              18.41552631578947
            ],
            [
              73.80552631578948,
              18.41552631578947
            ],
            [
              73.80552631578948,
              18.405526315789473
            ]
          ]
        ]
      },
      "properties": {
        "cell_id": "R01C01",
        "row": 1,
        "col": 1,
        "week": 8,
        "week_label": "Wk8",
        "date_start": "2024-07-20",
        "date_end": "2024-07-26",
        "phase": "post",
        "avg_risk": 0.1499,
        "avg_gt": 0.0224,
        "risk_category": 0,
        "risk_category_label": "Low"
      }
    },
    {
      "type": "Feature",
      "geometry": {
        "type": "Polygon",
        "coordinates": [
          [
            [
              73.81605263157896,
              18.405526315789473
            ],
            [
              73.82605263157895,
              18.405526315789473
            ],
            [
              73.82605263157895,
              18.41552631578947
            ],
            [
              73.81605263157896,
              18.41552631578947
            ],
            [
              73.81605263157896,
              18.405526315789473
            ]
          ]
        ]
      },
      "properties": {
        "cell_id": "R01C02",
        "row": 1,
        "col": 2,
        "week": 8,
        "week_label": "Wk8",
        "date_start": "2024-07-20",
        "date_end": "2024-07-26",
        "phase": "post",
        "avg_risk": 0.1512,
        "avg_gt": 0.042,
        "risk_category": 1,
        "risk_category_label": "Medium"
      }
    },
    {
      "type": "Feature",
      "geometry": {
        "type": "Polygon",
        "coordinates": [
          [
            [
              73.82657894736842,
              18.405526315789473
            ],
            [
              73.83657894736841,
              18.405526315789473
            ],
            [
              73.83657894736841,
              18.41552631578947
            ],
            [
              73.82657894736842,
              18.41552631578947
            ],
            [
              73.82657894736842,
              18.405526315789473
            ]
          ]
        ]
      },
      "properties": {
        "cell_id": "R01C03",
        "row": 1,
        "col": 3,
        "week": 8,
        "week_label": "Wk8",
        "date_start": "2024-07-20",
        "date_end": "2024-07-26",
        "phase": "post",
        "avg_risk": 0.1575,
        "avg_gt": 0.0611,
        "risk_category": 1,
        "risk_category_label": "Medium"
      }
    },
    {
      "type": "Feature",
      "geometry": {
        "type": "Polygon",
        "coordinates": [
          [
            [
              73.8371052631579,
              18.405526315789473
            ],
            [
              73.84710526315789,
              18.405526315789473
            ],
            [
              73.84710526315789,
              18.41552631578947
            ],
            [
              73.8371052631579,
              18.41552631578947
            ],
            [
              73.8371052631579,
              18.405526315789473
            ]
          ]
        ]
      },
      "properties": {
        "cell_id": "R01C04",
        "row": 1,
        "col": 4,
        "week": 8,
        "week_label": "Wk8",
        "date_start": "2024-07-20",
        "date_end": "2024-07-26",
        "phase": "post",
        "avg_risk": 0.1656,
        "avg_gt": 0.0692,
        "risk_category": 1,
        "risk_category_label": "Medium"
      }
    },
    {
      "type": "Feature",
      "geometry": {
        "type": "Polygon",
        "coordinates": [
          [
            [
              73.84763157894737,
              18.405526315789473
            ],
            [
              73.85763157894736,
              18.405526315789473
            ],
            [
              73.85763157894736,
              18.41552631578947
            ],
            [
              73.84763157894737,
              18.41552631578947
            ],
            [
              73.84763157894737,
              18.405526315789473
            ]
          ]
        ]
      },
      "properties": {
        "cell_id": "R01C05",
        "row": 1,
        "col": 5,
        "week": 8,
        "week_label": "Wk8",
        "date_start": "2024-07-20",
        "date_end": "2024-07-26",
        "phase": "post",
        "avg_risk": 0.173,
        "avg_gt": 0.0611,
        "risk_category": 1,
        "risk_category_label": "Medium"
      }
    },
    {
      "type": "Feature",
      "geometry": {
        "type": "Polygon",
        "coordinates": [
          [
            [
              73.85815789473685,
              18.405526315789473
            ],
            [
              73.86815789473684,
              18.405526315789473
            ],
            [
              73.86815789473684,
              18.41552631578947
            ],
            [
              73.85815789473685,
              18.41552631578947
            ],
            [
              73.85815789473685,
              18.405526315789473
            ]
          ]
        ]
      },
      "properties": {
        "cell_id": "R01C06",
        "row": 1,
        "col": 6,
        "week": 8,
        "week_label": "Wk8",
        "date_start": "2024-07-20",
        "date_end": "2024-07-26",
        "phase": "post",
        "avg_risk": 0.1791,
        "avg_gt": 0.042,
        "risk_category": 1,
        "risk_category_label": "Medium"
      }
    },
    {
      "type": "Feature",
      "geometry": {
        "type": "Polygon",
        "coordinates": [
          [
            [
              73.86868421052633,
              18.405526315789473
            ],
            [
              73.87868421052632,
              18.405526315789473
            ],
            [
              73.87868421052632,
              18.41552631578947
            ],
            [
              73.86868421052633,
              18.41552631578947
            ],
            [
              73.86868421052633,
              18.405526315789473
            ]
          ]
        ]
      },
      "properties": {
        "cell_id": "R01C07",
        "row": 1,
        "col": 7,
        "week": 8,
        "week_label": "Wk8",
        "date_start": "2024-07-20",
        "date_end": "2024-07-26",
        "phase": "post",
        "avg_risk": 0.1846,
        "avg_gt": 0.0225,
        "risk_category": 1,
        "risk_category_label": "Medium"
      }
    },
    {
      "type": "Feature",
      "geometry": {
        "type": "Polygon",
        "coordinates": [
          [
            [
              73.87921052631579,
              18.405526315789473
            ],
            [
              73.88921052631578,
              18.405526315789473
            ],
            [
              73.88921052631578,
              18.41552631578947
            ],
            [
              73.87921052631579,
              18.41552631578947
            ],
            [
              73.87921052631579,
              18.405526315789473
            ]
          ]
        ]
      },
      "properties": {
        "cell_id": "R01C08",
        "row": 1,
        "col": 8,
        "week": 8,
        "week_label": "Wk8",
        "date_start": "2024-07-20",
        "date_end": "2024-07-26",
        "phase": "post",
        "avg_risk": 0.1875,
        "avg_gt": 0.0094,
        "risk_category": 1,
        "risk_category_label": "Medium"
      }
    },
    {
      "type": "Feature",
      "geometry": {
        "type": "Polygon",
        "coordinates": [
          [
            [
              73.88973684210526,
              18.405526315789473
            ],
            [
              73.89973684210526,
              18.405526315789473
            ],
            [
              73.89973684210526,
              18.41552631578947
            ],
            [
              73.88973684210526,
              18.41552631578947
            ],
            [
              73.88973684210526,
              18.405526315789473
            ]
          ]
        ]
      },
      "properties": {
        "cell_id": "R01C09",
        "row": 1,
        "col": 9,
        "week": 8,
        "week_label": "Wk8",
        "date_start": "2024-07-20",
        "date_end": "2024-07-26",
        "phase": "post",
        "avg_risk": 0.1824,
        "avg_gt": 0.003,
        "risk_category": 1,
        "risk_category_label": "Medium"
      }
    },
    {
      "type": "Feature",
      "geometry": {
        "type": "Polygon",
        "coordinates": [
          [
            [
              73.90026315789474,
              18.405526315789473
            ],
            [
              73.91026315789473,
              18.405526315789473
            ],
            [
              73.91026315789473,
              18.41552631578947
            ],
            [
              73.90026315789474,
              18.41552631578947
            ],
            [
              73.90026315789474,
              18.405526315789473
            ]
          ]
        ]
      },
      "properties": {
        "cell_id": "R01C10",
        "row": 1,
        "col": 10,
        "week": 8,
        "week_label": "Wk8",
        "date_start": "2024-07-20",
        "date_end": "2024-07-26",
        "phase": "post",
        "avg_risk": 0.1677,
        "avg_gt": 0.0007,
        "risk_category": 1,
        "risk_category_label": "Medium"
      }
    },
    {
      "type": "Feature",
      "geometry": {
        "type": "Polygon",
        "coordinates": [
          [
            [
              73.91078947368422,
              18.405526315789473
            ],
            [
              73.92078947368421,
              18.405526315789473
            ],
            [
              73.92078947368421,
              18.41552631578947
            ],
            [
              73.91078947368422,
              18.41552631578947
            ],
            [
              73.91078947368422,
              18.405526315789473
            ]
          ]
        ]
      },
      "properties": {
        "cell_id": "R01C11",
        "row": 1,
        "col": 11,
        "week": 8,
        "week_label": "Wk8",
        "date_start": "2024-07-20",
        "date_end": "2024-07-26",
        "phase": "post",
        "avg_risk": 0.1582,
        "avg_gt": 0.0001,
        "risk_category": 1,
        "risk_category_label": "Medium"
      }
    },
    {
      "type": "Feature",
      "geometry": {
        "type": "Polygon",
        "coordinates": [
          [
            [
              73.92131578947368,
              18.405526315789473
            ],
            [
              73.93131578947367,
              18.405526315789473
            ],
            [
              73.93131578947367,
              18.41552631578947
            ],
            [
              73.92131578947368,
              18.41552631578947
            ],
            [
              73.92131578947368,
              18.405526315789473
            ]
          ]
        ]
      },
      "properties": {
        "cell_id": "R01C12",
        "row": 1,
        "col": 12,
        "week": 8,
        "week_label": "Wk8",
        "date_start": "2024-07-20",
        "date_end": "2024-07-26",
        "phase": "post",
        "avg_risk": 0.1603,
        "avg_gt": 0.0,
        "risk_category": 1,
        "risk_category_label": "Medium"
      }
    },
    {
      "type": "Feature",
      "geometry": {
        "type": "Polygon",
        "coordinates": [
          [
            [
              73.93184210526316,
              18.405526315789473
            ],
            [
              73.94184210526315,
              18.405526315789473
            ],
            [
              73.94184210526315,
              18.41552631578947
            ],
            [
              73.93184210526316,
              18.41552631578947
            ],
            [
              73.93184210526316,
              18.405526315789473
            ]
          ]
        ]
      },
      "properties": {
        "cell_id": "R01C13",
        "row": 1,
        "col": 13,
        "week": 8,
        "week_label": "Wk8",
        "date_start": "2024-07-20",
        "date_end": "2024-07-26",
        "phase": "post",
        "avg_risk": 0.1638,
        "avg_gt": 0.0005,
        "risk_category": 1,
        "risk_category_label": "Medium"
      }
    },
    {
      "type": "Feature",
      "geometry": {
        "type": "Polygon",
        "coordinates": [
          [
            [
              73.94236842105263,
              18.405526315789473
            ],
            [
              73.95236842105263,
              18.405526315789473
            ],
            [
              73.95236842105263,
              18.41552631578947
            ],
            [
              73.94236842105263,
              18.41552631578947
            ],
            [
              73.94236842105263,
              18.405526315789473
            ]
          ]
        ]
      },
      "properties": {
        "cell_id": "R01C14",
        "row": 1,
        "col": 14,
        "week": 8,
        "week_label": "Wk8",
        "date_start": "2024-07-20",
        "date_end": "2024-07-26",
        "phase": "post",
        "avg_risk": 0.1619,
        "avg_gt": 0.0041,
        "risk_category": 1,
        "risk_category_label": "Medium"
      }
    },
    {
      "type": "Feature",
      "geometry": {
        "type": "Polygon",
        "coordinates": [
          [
            [
              73.95289473684211,
              18.405526315789473
            ],
            [
              73.9628947368421,
              18.405526315789473
            ],
            [
              73.9628947368421,
              18.41552631578947
            ],
            [
              73.95289473684211,
              18.41552631578947
            ],
            [
              73.95289473684211,
              18.405526315789473
            ]
          ]
        ]
      },
      "properties": {
        "cell_id": "R01C15",
        "row": 1,
        "col": 15,
        "week": 8,
        "week_label": "Wk8",
        "date_start": "2024-07-20",
        "date_end": "2024-07-26",
        "phase": "post",
        "avg_risk": 0.1584,
        "avg_gt": 0.0196,
        "risk_category": 1,
        "risk_category_label": "Medium"
      }
    },
    {
      "type": "Feature",
      "geometry": {
        "type": "Polygon",
        "coordinates": [
          [
            [
              73.96342105263159,
              18.405526315789473
            ],
            [
              73.97342105263158,
              18.405526315789473
            ],
            [
              73.97342105263158,
              18.41552631578947
            ],
            [
              73.96342105263159,
              18.41552631578947
            ],
            [
              73.96342105263159,
              18.405526315789473
            ]
          ]
        ]
      },
      "properties": {
        "cell_id": "R01C16",
        "row": 1,
        "col": 16,
        "week": 8,
        "week_label": "Wk8",
        "date_start": "2024-07-20",
        "date_end": "2024-07-26",
        "phase": "post",
        "avg_risk": 0.1562,
        "avg_gt": 0.0596,
        "risk_category": 1,
        "risk_category_label": "Medium"
      }
    },
    {
      "type": "Feature",
      "geometry": {
        "type": "Polygon",
        "coordinates": [
          [
            [
              73.97394736842105,
              18.405526315789473
            ],
            [
              73.98394736842104,
              18.405526315789473
            ],
            [
              73.98394736842104,
              18.41552631578947
            ],
            [
              73.97394736842105,
              18.41552631578947
            ],
            [
              73.97394736842105,
              18.405526315789473
            ]
          ]
        ]
      },
      "properties": {
        "cell_id": "R01C17",
        "row": 1,
        "col": 17,
        "week": 8,
        "week_label": "Wk8",
        "date_start": "2024-07-20",
        "date_end": "2024-07-26",
        "phase": "post",
        "avg_risk": 0.1564,
        "avg_gt": 0.1162,
        "risk_category": 1,
        "risk_category_label": "Medium"
      }
    },
    {
      "type": "Feature",
      "geometry": {
        "type": "Polygon",
        "coordinates": [
          [
            [
              73.98447368421053,
              18.405526315789473
            ],
            [
              73.99447368421052,
              18.405526315789473
            ],
            [
              73.99447368421052,
              18.41552631578947
            ],
            [
              73.98447368421053,
              18.41552631578947
            ],
            [
              73.98447368421053,
              18.405526315789473
            ]
          ]
        ]
      },
      "properties": {
        "cell_id": "R01C18",
        "row": 1,
        "col": 18,
        "week": 8,
        "week_label": "Wk8",
        "date_start": "2024-07-20",
        "date_end": "2024-07-26",
        "phase": "post",
        "avg_risk": 0.1597,
        "avg_gt": 0.1451,
        "risk_category": 1,
        "risk_category_label": "Medium"
      }
    },
    {
      "type": "Feature",
      "geometry": {
        "type": "Polygon",
        "coordinates": [
          [
            [
              73.995,
              18.405526315789473
            ],
            [
              74.005,
              18.405526315789473
            ],
            [
              74.005,
              18.41552631578947
            ],
            [
              73.995,
              18.41552631578947
            ],
            [
              73.995,
              18.405526315789473
            ]
          ]
        ]
      },
      "properties": {
        "cell_id": "R01C19",
        "row": 1,
        "col": 19,
        "week": 8,
        "week_label": "Wk8",
        "date_start": "2024-07-20",
        "date_end": "2024-07-26",
        "phase": "post",
        "avg_risk": 0.1685,
        "avg_gt": 0.1162,
        "risk_category": 1,
        "risk_category_label": "Medium"
      }
    },
    {
      "type": "Feature",
      "geometry": {
        "type": "Polygon",
        "coordinates": [
          [
            [
              73.795,
              18.416052631578946
            ],
            [
              73.80499999999999,
              18.416052631578946
            ],
            [
              73.80499999999999,
              18.426052631578944
            ],
            [
              73.795,
              18.426052631578944
            ],
            [
              73.795,
              18.416052631578946
            ]
          ]
        ]
      },
      "properties": {
        "cell_id": "R02C00",
        "row": 2,
        "col": 0,
        "week": 8,
        "week_label": "Wk8",
        "date_start": "2024-07-20",
        "date_end": "2024-07-26",
        "phase": "post",
        "avg_risk": 0.1512,
        "avg_gt": 0.0175,
        "risk_category": 1,
        "risk_category_label": "Medium"
      }
    },
    {
      "type": "Feature",
      "geometry": {
        "type": "Polygon",
        "coordinates": [
          [
            [
              73.80552631578948,
              18.416052631578946
            ],
            [
              73.81552631578947,
              18.416052631578946
            ],
            [
              73.81552631578947,
              18.426052631578944
            ],
            [
              73.80552631578948,
              18.426052631578944
            ],
            [
              73.80552631578948,
              18.416052631578946
            ]
          ]
        ]
      },
      "properties": {
        "cell_id": "R02C01",
        "row": 2,
        "col": 1,
        "week": 8,
        "week_label": "Wk8",
        "date_start": "2024-07-20",
        "date_end": "2024-07-26",
        "phase": "post",
        "avg_risk": 0.1455,
        "avg_gt": 0.042,
        "risk_category": 0,
        "risk_category_label": "Low"
      }
    },
    {
      "type": "Feature",
      "geometry": {
        "type": "Polygon",
        "coordinates": [
          [
            [
              73.81605263157896,
              18.416052631578946
            ],
            [
              73.82605263157895,
              18.416052631578946
            ],
            [
              73.82605263157895,
              18.426052631578944
            ],
            [
              73.81605263157896,
              18.426052631578944
            ],
            [
              73.81605263157896,
              18.416052631578946
            ]
          ]
        ]
      },
      "properties": {
        "cell_id": "R02C02",
        "row": 2,
        "col": 2,
        "week": 8,
        "week_label": "Wk8",
        "date_start": "2024-07-20",
        "date_end": "2024-07-26",
        "phase": "post",
        "avg_risk": 0.1502,
        "avg_gt": 0.0784,
        "risk_category": 1,
        "risk_category_label": "Medium"
      }
    },
    {
      "type": "Feature",
      "geometry": {
        "type": "Polygon",
        "coordinates": [
          [
            [
              73.82657894736842,
              18.416052631578946
            ],
            [
              73.83657894736841,
              18.416052631578946
            ],
            [
              73.83657894736841,
              18.426052631578944
            ],
            [
              73.82657894736842,
              18.426052631578944
            ],
            [
              73.82657894736842,
              18.416052631578946
            ]
          ]
        ]
      },
      "properties": {
        "cell_id": "R02C03",
        "row": 2,
        "col": 3,
        "week": 8,
        "week_label": "Wk8",
        "date_start": "2024-07-20",
        "date_end": "2024-07-26",
        "phase": "post",
        "avg_risk": 0.1627,
        "avg_gt": 0.1141,
        "risk_category": 1,
        "risk_category_label": "Medium"
      }
    },
    {
      "type": "Feature",
      "geometry": {
        "type": "Polygon",
        "coordinates": [
          [
            [
              73.8371052631579,
              18.416052631578946
            ],
            [
              73.84710526315789,
              18.416052631578946
            ],
            [
              73.84710526315789,
              18.426052631578944
            ],
            [
              73.8371052631579,
              18.426052631578944
            ],
            [
              73.8371052631579,
              18.416052631578946
            ]
          ]
        ]
      },
      "properties": {
        "cell_id": "R02C04",
        "row": 2,
        "col": 4,
        "week": 8,
        "week_label": "Wk8",
        "date_start": "2024-07-20",
        "date_end": "2024-07-26",
        "phase": "post",
        "avg_risk": 0.1787,
        "avg_gt": 0.1293,
        "risk_category": 1,
        "risk_category_label": "Medium"
      }
    },
    {
      "type": "Feature",
      "geometry": {
        "type": "Polygon",
        "coordinates": [
          [
            [
              73.84763157894737,
              18.416052631578946
            ],
            [
              73.85763157894736,
              18.416052631578946
            ],
            [
              73.85763157894736,
              18.426052631578944
            ],
            [
              73.84763157894737,
              18.426052631578944
            ],
            [
              73.84763157894737,
              18.416052631578946
            ]
          ]
        ]
      },
      "properties": {
        "cell_id": "R02C05",
        "row": 2,
        "col": 5,
        "week": 8,
        "week_label": "Wk8",
        "date_start": "2024-07-20",
        "date_end": "2024-07-26",
        "phase": "post",
        "avg_risk": 0.1937,
        "avg_gt": 0.1142,
        "risk_category": 1,
        "risk_category_label": "Medium"
      }
    },
    {
      "type": "Feature",
      "geometry": {
        "type": "Polygon",
        "coordinates": [
          [
            [
              73.85815789473685,
              18.416052631578946
            ],
            [
              73.86815789473684,
              18.416052631578946
            ],
            [
              73.86815789473684,
              18.426052631578944
            ],
            [
              73.85815789473685,
              18.426052631578944
            ],
            [
              73.85815789473685,
              18.416052631578946
            ]
          ]
        ]
      },
      "properties": {
        "cell_id": "R02C06",
        "row": 2,
        "col": 6,
        "week": 8,
        "week_label": "Wk8",
        "date_start": "2024-07-20",
        "date_end": "2024-07-26",
        "phase": "post",
        "avg_risk": 0.2057,
        "avg_gt": 0.0785,
        "risk_category": 1,
        "risk_category_label": "Medium"
      }
    },
    {
      "type": "Feature",
      "geometry": {
        "type": "Polygon",
        "coordinates": [
          [
            [
              73.86868421052633,
              18.416052631578946
            ],
            [
              73.87868421052632,
              18.416052631578946
            ],
            [
              73.87868421052632,
              18.426052631578944
            ],
            [
              73.86868421052633,
              18.426052631578944
            ],
            [
              73.86868421052633,
              18.416052631578946
            ]
          ]
        ]
      },
      "properties": {
        "cell_id": "R02C07",
        "row": 2,
        "col": 7,
        "week": 8,
        "week_label": "Wk8",
        "date_start": "2024-07-20",
        "date_end": "2024-07-26",
        "phase": "post",
        "avg_risk": 0.2139,
        "avg_gt": 0.0421,
        "risk_category": 1,
        "risk_category_label": "Medium"
      }
    },
    {
      "type": "Feature",
      "geometry": {
        "type": "Polygon",
        "coordinates": [
          [
            [
              73.87921052631579,
              18.416052631578946
            ],
            [
              73.88921052631578,
              18.416052631578946
            ],
            [
              73.88921052631578,
              18.426052631578944
            ],
            [
              73.87921052631579,
              18.426052631578944
            ],
            [
              73.87921052631579,
              18.416052631578946
            ]
          ]
        ]
      },
      "properties": {
        "cell_id": "R02C08",
        "row": 2,
        "col": 8,
        "week": 8,
        "week_label": "Wk8",
        "date_start": "2024-07-20",
        "date_end": "2024-07-26",
        "phase": "post",
        "avg_risk": 0.2171,
        "avg_gt": 0.0176,
        "risk_category": 1,
        "risk_category_label": "Medium"
      }
    },
    {
      "type": "Feature",
      "geometry": {
        "type": "Polygon",
        "coordinates": [
          [
            [
              73.88973684210526,
              18.416052631578946
            ],
            [
              73.89973684210526,
              18.416052631578946
            ],
            [
              73.89973684210526,
              18.426052631578944
            ],
            [
              73.88973684210526,
              18.426052631578944
            ],
            [
              73.88973684210526,
              18.416052631578946
            ]
          ]
        ]
      },
      "properties": {
        "cell_id": "R02C09",
        "row": 2,
        "col": 9,
        "week": 8,
        "week_label": "Wk8",
        "date_start": "2024-07-20",
        "date_end": "2024-07-26",
        "phase": "post",
        "avg_risk": 0.2112,
        "avg_gt": 0.0058,
        "risk_category": 1,
        "risk_category_label": "Medium"
      }
    },
    {
      "type": "Feature",
      "geometry": {
        "type": "Polygon",
        "coordinates": [
          [
            [
              73.90026315789474,
              18.416052631578946
            ],
            [
              73.91026315789473,
              18.416052631578946
            ],
            [
              73.91026315789473,
              18.426052631578944
            ],
            [
              73.90026315789474,
              18.426052631578944
            ],
            [
              73.90026315789474,
              18.416052631578946
            ]
          ]
        ]
      },
      "properties": {
        "cell_id": "R02C10",
        "row": 2,
        "col": 10,
        "week": 8,
        "week_label": "Wk8",
        "date_start": "2024-07-20",
        "date_end": "2024-07-26",
        "phase": "post",
        "avg_risk": 0.1952,
        "avg_gt": 0.0015,
        "risk_category": 1,
        "risk_category_label": "Medium"
      }
    },
    {
      "type": "Feature",
      "geometry": {
        "type": "Polygon",
        "coordinates": [
          [
            [
              73.91078947368422,
              18.416052631578946
            ],
            [
              73.92078947368421,
              18.416052631578946
            ],
            [
              73.92078947368421,
              18.426052631578944
            ],
            [
              73.91078947368422,
              18.426052631578944
            ],
            [
              73.91078947368422,
              18.416052631578946
            ]
          ]
        ]
      },
      "properties": {
        "cell_id": "R02C11",
        "row": 2,
        "col": 11,
        "week": 8,
        "week_label": "Wk8",
        "date_start": "2024-07-20",
        "date_end": "2024-07-26",
        "phase": "post",
        "avg_risk": 0.1783,
        "avg_gt": 0.0003,
        "risk_category": 1,
        "risk_category_label": "Medium"
      }
    },
    {
      "type": "Feature",
      "geometry": {
        "type": "Polygon",
        "coordinates": [
          [
            [
              73.92131578947368,
              18.416052631578946
            ],
            [
              73.93131578947367,
              18.416052631578946
            ],
            [
              73.93131578947367,
              18.426052631578944
            ],
            [
              73.92131578947368,
              18.426052631578944
            ],
            [
              73.92131578947368,
              18.416052631578946
            ]
          ]
        ]
      },
      "properties": {
        "cell_id": "R02C12",
        "row": 2,
        "col": 12,
        "week": 8,
        "week_label": "Wk8",
        "date_start": "2024-07-20",
        "date_end": "2024-07-26",
        "phase": "post",
        "avg_risk": 0.1719,
        "avg_gt": 0.0001,
        "risk_category": 1,
        "risk_category_label": "Medium"
      }
    },
    {
      "type": "Feature",
      "geometry": {
        "type": "Polygon",
        "coordinates": [
          [
            [
              73.93184210526316,
              18.416052631578946
            ],
            [
              73.94184210526315,
              18.416052631578946
            ],
            [
              73.94184210526315,
              18.426052631578944
            ],
            [
              73.93184210526316,
              18.426052631578944
            ],
            [
              73.93184210526316,
              18.416052631578946
            ]
          ]
        ]
      },
      "properties": {
        "cell_id": "R02C13",
        "row": 2,
        "col": 13,
        "week": 8,
        "week_label": "Wk8",
        "date_start": "2024-07-20",
        "date_end": "2024-07-26",
        "phase": "post",
        "avg_risk": 0.1681,
        "avg_gt": 0.0007,
        "risk_category": 1,
        "risk_category_label": "Medium"
      }
    },
    {
      "type": "Feature",
      "geometry": {
        "type": "Polygon",
        "coordinates": [
          [
            [
              73.94236842105263,
              18.416052631578946
            ],
            [
              73.95236842105263,
              18.416052631578946
            ],
            [
              73.95236842105263,
              18.426052631578944
            ],
            [
              73.94236842105263,
              18.426052631578944
            ],
            [
              73.94236842105263,
              18.416052631578946
            ]
          ]
        ]
      },
      "properties": {
        "cell_id": "R02C14",
        "row": 2,
        "col": 14,
        "week": 8,
        "week_label": "Wk8",
        "date_start": "2024-07-20",
        "date_end": "2024-07-26",
        "phase": "post",
        "avg_risk": 0.1617,
        "avg_gt": 0.0051,
        "risk_category": 1,
        "risk_category_label": "Medium"
      }
    },
    {
      "type": "Feature",
      "geometry": {
        "type": "Polygon",
        "coordinates": [
          [
            [
              73.95289473684211,
              18.416052631578946
            ],
            [
              73.9628947368421,
              18.416052631578946
            ],
            [
              73.9628947368421,
              18.426052631578944
            ],
            [
              73.95289473684211,
              18.426052631578944
            ],
            [
              73.95289473684211,
              18.416052631578946
            ]
          ]
        ]
      },
      "properties": {
        "cell_id": "R02C15",
        "row": 2,
        "col": 15,
        "week": 8,
        "week_label": "Wk8",
        "date_start": "2024-07-20",
        "date_end": "2024-07-26",
        "phase": "post",
        "avg_risk": 0.156,
        "avg_gt": 0.0245,
        "risk_category": 1,
        "risk_category_label": "Medium"
      }
    },
    {
      "type": "Feature",
      "geometry": {
        "type": "Polygon",
        "coordinates": [
          [
            [
              73.96342105263159,
              18.416052631578946
            ],
            [
              73.97342105263158,
              18.416052631578946
            ],
            [
              73.97342105263158,
              18.426052631578944
            ],
            [
              73.96342105263159,
              18.426052631578944
            ],
            [
              73.96342105263159,
              18.416052631578946
            ]
          ]
        ]
      },
      "properties": {
        "cell_id": "R02C16",
        "row": 2,
        "col": 16,
        "week": 8,
        "week_label": "Wk8",
        "date_start": "2024-07-20",
        "date_end": "2024-07-26",
        "phase": "post",
        "avg_risk": 0.1531,
        "avg_gt": 0.0745,
        "risk_category": 1,
        "risk_category_label": "Medium"
      }
    },
    {
      "type": "Feature",
      "geometry": {
        "type": "Polygon",
        "coordinates": [
          [
            [
              73.97394736842105,
              18.416052631578946
            ],
            [
              73.98394736842104,
              18.416052631578946
            ],
            [
              73.98394736842104,
              18.426052631578944
            ],
            [
              73.97394736842105,
              18.426052631578944
            ],
            [
              73.97394736842105,
              18.416052631578946
            ]
          ]
        ]
      },
      "properties": {
        "cell_id": "R02C17",
        "row": 2,
        "col": 17,
        "week": 8,
        "week_label": "Wk8",
        "date_start": "2024-07-20",
        "date_end": "2024-07-26",
        "phase": "post",
        "avg_risk": 0.1532,
        "avg_gt": 0.1451,
        "risk_category": 1,
        "risk_category_label": "Medium"
      }
    },
    {
      "type": "Feature",
      "geometry": {
        "type": "Polygon",
        "coordinates": [
          [
            [
              73.98447368421053,
              18.416052631578946
            ],
            [
              73.99447368421052,
              18.416052631578946
            ],
            [
              73.99447368421052,
              18.426052631578944
            ],
            [
              73.98447368421053,
              18.426052631578944
            ],
            [
              73.98447368421053,
              18.416052631578946
            ]
          ]
        ]
      },
      "properties": {
        "cell_id": "R02C18",
        "row": 2,
        "col": 18,
        "week": 8,
        "week_label": "Wk8",
        "date_start": "2024-07-20",
        "date_end": "2024-07-26",
        "phase": "post",
        "avg_risk": 0.1565,
        "avg_gt": 0.1812,
        "risk_category": 1,
        "risk_category_label": "Medium"
      }
    },
    {
      "type": "Feature",
      "geometry": {
        "type": "Polygon",
        "coordinates": [
          [
            [
              73.995,
              18.416052631578946
            ],
            [
              74.005,
              18.416052631578946
            ],
            [
              74.005,
              18.426052631578944
            ],
            [
              73.995,
              18.426052631578944
            ],
            [
              73.995,
              18.416052631578946
            ]
          ]
        ]
      },
      "properties": {
        "cell_id": "R02C19",
        "row": 2,
        "col": 19,
        "week": 8,
        "week_label": "Wk8",
        "date_start": "2024-07-20",
        "date_end": "2024-07-26",
        "phase": "post",
        "avg_risk": 0.165,
        "avg_gt": 0.1451,
        "risk_category": 1,
        "risk_category_label": "Medium"
      }
    },
    {
      "type": "Feature",
      "geometry": {
        "type": "Polygon",
        "coordinates": [
          [
            [
              73.795,
              18.42657894736842
            ],
            [
              73.80499999999999,
              18.42657894736842
            ],
            [
              73.80499999999999,
              18.436578947368417
            ],
            [
              73.795,
              18.436578947368417
            ],
            [
              73.795,
              18.42657894736842
            ]
          ]
        ]
      },
      "properties": {
        "cell_id": "R03C00",
        "row": 3,
        "col": 0,
        "week": 8,
        "week_label": "Wk8",
        "date_start": "2024-07-20",
        "date_end": "2024-07-26",
        "phase": "post",
        "avg_risk": 0.1521,
        "avg_gt": 0.0254,
        "risk_category": 1,
        "risk_category_label": "Medium"
      }
    },
    {
      "type": "Feature",
      "geometry": {
        "type": "Polygon",
        "coordinates": [
          [
            [
              73.80552631578948,
              18.42657894736842
            ],
            [
              73.81552631578947,
              18.42657894736842
            ],
            [
              73.81552631578947,
              18.436578947368417
            ],
            [
              73.80552631578948,
              18.436578947368417
            ],
            [
              73.80552631578948,
              18.42657894736842
            ]
          ]
        ]
      },
      "properties": {
        "cell_id": "R03C01",
        "row": 3,
        "col": 1,
        "week": 8,
        "week_label": "Wk8",
        "date_start": "2024-07-20",
        "date_end": "2024-07-26",
        "phase": "post",
        "avg_risk": 0.1502,
        "avg_gt": 0.0611,
        "risk_category": 1,
        "risk_category_label": "Medium"
      }
    },
    {
      "type": "Feature",
      "geometry": {
        "type": "Polygon",
        "coordinates": [
          [
            [
              73.81605263157896,
              18.42657894736842
            ],
            [
              73.82605263157895,
              18.42657894736842
            ],
            [
              73.82605263157895,
              18.436578947368417
            ],
            [
              73.81605263157896,
              18.436578947368417
            ],
            [
              73.81605263157896,
              18.42657894736842
            ]
          ]
        ]
      },
      "properties": {
        "cell_id": "R03C02",
        "row": 3,
        "col": 2,
        "week": 8,
        "week_label": "Wk8",
        "date_start": "2024-07-20",
        "date_end": "2024-07-26",
        "phase": "post",
        "avg_risk": 0.1622,
        "avg_gt": 0.1141,
        "risk_category": 1,
        "risk_category_label": "Medium"
      }
    },
    {
      "type": "Feature",
      "geometry": {
        "type": "Polygon",
        "coordinates": [
          [
            [
              73.82657894736842,
              18.42657894736842
            ],
            [
              73.83657894736841,
              18.42657894736842
            ],
            [
              73.83657894736841,
              18.436578947368417
            ],
            [
              73.82657894736842,
              18.436578947368417
            ],
            [
              73.82657894736842,
              18.42657894736842
            ]
          ]
        ]
      },
      "properties": {
        "cell_id": "R03C03",
        "row": 3,
        "col": 3,
        "week": 8,
        "week_label": "Wk8",
        "date_start": "2024-07-20",
        "date_end": "2024-07-26",
        "phase": "post",
        "avg_risk": 0.1856,
        "avg_gt": 0.1661,
        "risk_category": 1,
        "risk_category_label": "Medium"
      }
    },
    {
      "type": "Feature",
      "geometry": {
        "type": "Polygon",
        "coordinates": [
          [
            [
              73.8371052631579,
              18.42657894736842
            ],
            [
              73.84710526315789,
              18.42657894736842
            ],
            [
              73.84710526315789,
              18.436578947368417
            ],
            [
              73.8371052631579,
              18.436578947368417
            ],
            [
              73.8371052631579,
              18.42657894736842
            ]
          ]
        ]
      },
      "properties": {
        "cell_id": "R03C04",
        "row": 3,
        "col": 4,
        "week": 8,
        "week_label": "Wk8",
        "date_start": "2024-07-20",
        "date_end": "2024-07-26",
        "phase": "post",
        "avg_risk": 0.2138,
        "avg_gt": 0.1883,
        "risk_category": 1,
        "risk_category_label": "Medium"
      }
    },
    {
      "type": "Feature",
      "geometry": {
        "type": "Polygon",
        "coordinates": [
          [
            [
              73.84763157894737,
              18.42657894736842
            ],
            [
              73.85763157894736,
              18.42657894736842
            ],
            [
              73.85763157894736,
              18.436578947368417
            ],
            [
              73.84763157894737,
              18.436578947368417
            ],
            [
              73.84763157894737,
              18.42657894736842
            ]
          ]
        ]
      },
      "properties": {
        "cell_id": "R03C05",
        "row": 3,
        "col": 5,
        "week": 8,
        "week_label": "Wk8",
        "date_start": "2024-07-20",
        "date_end": "2024-07-26",
        "phase": "post",
        "avg_risk": 0.2396,
        "avg_gt": 0.1663,
        "risk_category": 1,
        "risk_category_label": "Medium"
      }
    },
    {
      "type": "Feature",
      "geometry": {
        "type": "Polygon",
        "coordinates": [
          [
            [
              73.85815789473685,
              18.42657894736842
            ],
            [
              73.86815789473684,
              18.42657894736842
            ],
            [
              73.86815789473684,
              18.436578947368417
            ],
            [
              73.85815789473685,
              18.436578947368417
            ],
            [
              73.85815789473685,
              18.42657894736842
            ]
          ]
        ]
      },
      "properties": {
        "cell_id": "R03C06",
        "row": 3,
        "col": 6,
        "week": 8,
        "week_label": "Wk8",
        "date_start": "2024-07-20",
        "date_end": "2024-07-26",
        "phase": "post",
        "avg_risk": 0.2588,
        "avg_gt": 0.1146,
        "risk_category": 1,
        "risk_category_label": "Medium"
      }
    },
    {
      "type": "Feature",
      "geometry": {
        "type": "Polygon",
        "coordinates": [
          [
            [
              73.86868421052633,
              18.42657894736842
            ],
            [
              73.87868421052632,
              18.42657894736842
            ],
            [
              73.87868421052632,
              18.436578947368417
            ],
            [
              73.86868421052633,
              18.436578947368417
            ],
            [
              73.86868421052633,
              18.42657894736842
            ]
          ]
        ]
      },
      "properties": {
        "cell_id": "R03C07",
        "row": 3,
        "col": 7,
        "week": 8,
        "week_label": "Wk8",
        "date_start": "2024-07-20",
        "date_end": "2024-07-26",
        "phase": "post",
        "avg_risk": 0.2699,
        "avg_gt": 0.0618,
        "risk_category": 1,
        "risk_category_label": "Medium"
      }
    },
    {
      "type": "Feature",
      "geometry": {
        "type": "Polygon",
        "coordinates": [
          [
            [
              73.87921052631579,
              18.42657894736842
            ],
            [
              73.88921052631578,
              18.42657894736842
            ],
            [
              73.88921052631578,
              18.436578947368417
            ],
            [
              73.87921052631579,
              18.436578947368417
            ],
            [
              73.87921052631579,
              18.42657894736842
            ]
          ]
        ]
      },
      "properties": {
        "cell_id": "R03C08",
        "row": 3,
        "col": 8,
        "week": 8,
        "week_label": "Wk8",
        "date_start": "2024-07-20",
        "date_end": "2024-07-26",
        "phase": "post",
        "avg_risk": 0.2719,
        "avg_gt": 0.0263,
        "risk_category": 1,
        "risk_category_label": "Medium"
      }
    },
    {
      "type": "Feature",
      "geometry": {
        "type": "Polygon",
        "coordinates": [
          [
            [
              73.88973684210526,
              18.42657894736842
            ],
            [
              73.89973684210526,
              18.42657894736842
            ],
            [
              73.89973684210526,
              18.436578947368417
            ],
            [
              73.88973684210526,
              18.436578947368417
            ],
            [
              73.88973684210526,
              18.42657894736842
            ]
          ]
        ]
      },
      "properties": {
        "cell_id": "R03C09",
        "row": 3,
        "col": 9,
        "week": 8,
        "week_label": "Wk8",
        "date_start": "2024-07-20",
        "date_end": "2024-07-26",
        "phase": "post",
        "avg_risk": 0.2632,
        "avg_gt": 0.009,
        "risk_category": 1,
        "risk_category_label": "Medium"
      }
    },
    {
      "type": "Feature",
      "geometry": {
        "type": "Polygon",
        "coordinates": [
          [
            [
              73.90026315789474,
              18.42657894736842
            ],
            [
              73.91026315789473,
              18.42657894736842
            ],
            [
              73.91026315789473,
              18.436578947368417
            ],
            [
              73.90026315789474,
              18.436578947368417
            ],
            [
              73.90026315789474,
              18.42657894736842
            ]
          ]
        ]
      },
      "properties": {
        "cell_id": "R03C10",
        "row": 3,
        "col": 10,
        "week": 8,
        "week_label": "Wk8",
        "date_start": "2024-07-20",
        "date_end": "2024-07-26",
        "phase": "post",
        "avg_risk": 0.2421,
        "avg_gt": 0.0026,
        "risk_category": 1,
        "risk_category_label": "Medium"
      }
    },
    {
      "type": "Feature",
      "geometry": {
        "type": "Polygon",
        "coordinates": [
          [
            [
              73.91078947368422,
              18.42657894736842
            ],
            [
              73.92078947368421,
              18.42657894736842
            ],
            [
              73.92078947368421,
              18.436578947368417
            ],
            [
              73.91078947368422,
              18.436578947368417
            ],
            [
              73.91078947368422,
              18.42657894736842
            ]
          ]
        ]
      },
      "properties": {
        "cell_id": "R03C11",
        "row": 3,
        "col": 11,
        "week": 8,
        "week_label": "Wk8",
        "date_start": "2024-07-20",
        "date_end": "2024-07-26",
        "phase": "post",
        "avg_risk": 0.2157,
        "avg_gt": 0.0007,
        "risk_category": 1,
        "risk_category_label": "Medium"
      }
    },
    {
      "type": "Feature",
      "geometry": {
        "type": "Polygon",
        "coordinates": [
          [
            [
              73.92131578947368,
              18.42657894736842
            ],
            [
              73.93131578947367,
              18.42657894736842
            ],
            [
              73.93131578947367,
              18.436578947368417
            ],
            [
              73.92131578947368,
              18.436578947368417
            ],
            [
              73.92131578947368,
              18.42657894736842
            ]
          ]
        ]
      },
      "properties": {
        "cell_id": "R03C12",
        "row": 3,
        "col": 12,
        "week": 8,
        "week_label": "Wk8",
        "date_start": "2024-07-20",
        "date_end": "2024-07-26",
        "phase": "post",
        "avg_risk": 0.1954,
        "avg_gt": 0.0002,
        "risk_category": 1,
        "risk_category_label": "Medium"
      }
    },
    {
      "type": "Feature",
      "geometry": {
        "type": "Polygon",
        "coordinates": [
          [
            [
              73.93184210526316,
              18.42657894736842
            ],
            [
              73.94184210526315,
              18.42657894736842
            ],
            [
              73.94184210526315,
              18.436578947368417
            ],
            [
              73.93184210526316,
              18.436578947368417
            ],
            [
              73.93184210526316,
              18.42657894736842
            ]
          ]
        ]
      },
      "properties": {
        "cell_id": "R03C13",
        "row": 3,
        "col": 13,
        "week": 8,
        "week_label": "Wk8",
        "date_start": "2024-07-20",
        "date_end": "2024-07-26",
        "phase": "post",
        "avg_risk": 0.1802,
        "avg_gt": 0.0006,
        "risk_category": 1,
        "risk_category_label": "Medium"
      }
    },
    {
      "type": "Feature",
      "geometry": {
        "type": "Polygon",
        "coordinates": [
          [
            [
              73.94236842105263,
              18.42657894736842
            ],
            [
              73.95236842105263,
              18.42657894736842
            ],
            [
              73.95236842105263,
              18.436578947368417
            ],
            [
              73.94236842105263,
              18.436578947368417
            ],
            [
              73.94236842105263,
              18.42657894736842
            ]
          ]
        ]
      },
      "properties": {
        "cell_id": "R03C14",
        "row": 3,
        "col": 14,
        "week": 8,
        "week_label": "Wk8",
        "date_start": "2024-07-20",
        "date_end": "2024-07-26",
        "phase": "post",
        "avg_risk": 0.1666,
        "avg_gt": 0.0041,
        "risk_category": 1,
        "risk_category_label": "Medium"
      }
    },
    {
      "type": "Feature",
      "geometry": {
        "type": "Polygon",
        "coordinates": [
          [
            [
              73.95289473684211,
              18.42657894736842
            ],
            [
              73.9628947368421,
              18.42657894736842
            ],
            [
              73.9628947368421,
              18.436578947368417
            ],
            [
              73.95289473684211,
              18.436578947368417
            ],
            [
              73.95289473684211,
              18.42657894736842
            ]
          ]
        ]
      },
      "properties": {
        "cell_id": "R03C15",
        "row": 3,
        "col": 15,
        "week": 8,
        "week_label": "Wk8",
        "date_start": "2024-07-20",
        "date_end": "2024-07-26",
        "phase": "post",
        "avg_risk": 0.1566,
        "avg_gt": 0.0196,
        "risk_category": 1,
        "risk_category_label": "Medium"
      }
    },
    {
      "type": "Feature",
      "geometry": {
        "type": "Polygon",
        "coordinates": [
          [
            [
              73.96342105263159,
              18.42657894736842
            ],
            [
              73.97342105263158,
              18.42657894736842
            ],
            [
              73.97342105263158,
              18.436578947368417
            ],
            [
              73.96342105263159,
              18.436578947368417
            ],
            [
              73.96342105263159,
              18.42657894736842
            ]
          ]
        ]
      },
      "properties": {
        "cell_id": "R03C16",
        "row": 3,
        "col": 16,
        "week": 8,
        "week_label": "Wk8",
        "date_start": "2024-07-20",
        "date_end": "2024-07-26",
        "phase": "post",
        "avg_risk": 0.1515,
        "avg_gt": 0.0596,
        "risk_category": 1,
        "risk_category_label": "Medium"
      }
    },
    {
      "type": "Feature",
      "geometry": {
        "type": "Polygon",
        "coordinates": [
          [
            [
              73.97394736842105,
              18.42657894736842
            ],
            [
              73.98394736842104,
              18.42657894736842
            ],
            [
              73.98394736842104,
              18.436578947368417
            ],
            [
              73.97394736842105,
              18.436578947368417
            ],
            [
              73.97394736842105,
              18.42657894736842
            ]
          ]
        ]
      },
      "properties": {
        "cell_id": "R03C17",
        "row": 3,
        "col": 17,
        "week": 8,
        "week_label": "Wk8",
        "date_start": "2024-07-20",
        "date_end": "2024-07-26",
        "phase": "post",
        "avg_risk": 0.1508,
        "avg_gt": 0.1162,
        "risk_category": 1,
        "risk_category_label": "Medium"
      }
    },
    {
      "type": "Feature",
      "geometry": {
        "type": "Polygon",
        "coordinates": [
          [
            [
              73.98447368421053,
              18.42657894736842
            ],
            [
              73.99447368421052,
              18.42657894736842
            ],
            [
              73.99447368421052,
              18.436578947368417
            ],
            [
              73.98447368421053,
              18.436578947368417
            ],
            [
              73.98447368421053,
              18.42657894736842
            ]
          ]
        ]
      },
      "properties": {
        "cell_id": "R03C18",
        "row": 3,
        "col": 18,
        "week": 8,
        "week_label": "Wk8",
        "date_start": "2024-07-20",
        "date_end": "2024-07-26",
        "phase": "post",
        "avg_risk": 0.1541,
        "avg_gt": 0.1451,
        "risk_category": 1,
        "risk_category_label": "Medium"
      }
    },
    {
      "type": "Feature",
      "geometry": {
        "type": "Polygon",
        "coordinates": [
          [
            [
              73.995,
              18.42657894736842
            ],
            [
              74.005,
              18.42657894736842
            ],
            [
              74.005,
              18.436578947368417
            ],
            [
              73.995,
              18.436578947368417
            ],
            [
              73.995,
              18.42657894736842
            ]
          ]
        ]
      },
      "properties": {
        "cell_id": "R03C19",
        "row": 3,
        "col": 19,
        "week": 8,
        "week_label": "Wk8",
        "date_start": "2024-07-20",
        "date_end": "2024-07-26",
        "phase": "post",
        "avg_risk": 0.1627,
        "avg_gt": 0.1162,
        "risk_category": 1,
        "risk_category_label": "Medium"
      }
    },
    {
      "type": "Feature",
      "geometry": {
        "type": "Polygon",
        "coordinates": [
          [
            [
              73.795,
              18.437105263157896
            ],
            [
              73.80499999999999,
              18.437105263157896
            ],
            [
              73.80499999999999,
              18.447105263157894
            ],
            [
              73.795,
              18.447105263157894
            ],
            [
              73.795,
              18.437105263157896
            ]
          ]
        ]
      },
      "properties": {
        "cell_id": "R04C00",
        "row": 4,
        "col": 0,
        "week": 8,
        "week_label": "Wk8",
        "date_start": "2024-07-20",
        "date_end": "2024-07-26",
        "phase": "post",
        "avg_risk": 0.1605,
        "avg_gt": 0.0288,
        "risk_category": 1,
        "risk_category_label": "Medium"
      }
    },
    {
      "type": "Feature",
      "geometry": {
        "type": "Polygon",
        "coordinates": [
          [
            [
              73.80552631578948,
              18.437105263157896
            ],
            [
              73.81552631578947,
              18.437105263157896
            ],
            [
              73.81552631578947,
              18.447105263157894
            ],
            [
              73.80552631578948,
              18.447105263157894
            ],
            [
              73.80552631578948,
              18.437105263157896
            ]
          ]
        ]
      },
      "properties": {
        "cell_id": "R04C01",
        "row": 4,
        "col": 1,
        "week": 8,
        "week_label": "Wk8",
        "date_start": "2024-07-20",
        "date_end": "2024-07-26",
        "phase": "post",
        "avg_risk": 0.1643,
        "avg_gt": 0.0692,
        "risk_category": 1,
        "risk_category_label": "Medium"
      }
    },
    {
      "type": "Feature",
      "geometry": {
        "type": "Polygon",
        "coordinates": [
          [
            [
              73.81605263157896,
              18.437105263157896
            ],
            [
              73.82605263157895,
              18.437105263157896
            ],
            [
              73.82605263157895,
              18.447105263157894
            ],
            [
              73.81605263157896,
              18.447105263157894
            ],
            [
              73.81605263157896,
              18.437105263157896
            ]
          ]
        ]
      },
      "properties": {
        "cell_id": "R04C02",
        "row": 4,
        "col": 2,
        "week": 8,
        "week_label": "Wk8",
        "date_start": "2024-07-20",
        "date_end": "2024-07-26",
        "phase": "post",
        "avg_risk": 0.1876,
        "avg_gt": 0.1294,
        "risk_category": 1,
        "risk_category_label": "Medium"
      }
    },
    {
      "type": "Feature",
      "geometry": {
        "type": "Polygon",
        "coordinates": [
          [
            [
              73.82657894736842,
              18.437105263157896
            ],
            [
              73.83657894736841,
              18.437105263157896
            ],
            [
              73.83657894736841,
              18.447105263157894
            ],
            [
              73.82657894736842,
              18.447105263157894
            ],
            [
              73.82657894736842,
              18.437105263157896
            ]
          ]
        ]
      },
      "properties": {
        "cell_id": "R04C03",
        "row": 4,
        "col": 3,
        "week": 8,
        "week_label": "Wk8",
        "date_start": "2024-07-20",
        "date_end": "2024-07-26",
        "phase": "post",
        "avg_risk": 0.2251,
        "avg_gt": 0.1884,
        "risk_category": 1,
        "risk_category_label": "Medium"
      }
    },
    {
      "type": "Feature",
      "geometry": {
        "type": "Polygon",
        "coordinates": [
          [
            [
              73.8371052631579,
              18.437105263157896
            ],
            [
              73.84710526315789,
              18.437105263157896
            ],
            [
              73.84710526315789,
              18.447105263157894
            ],
            [
              73.8371052631579,
              18.447105263157894
            ],
            [
              73.8371052631579,
              18.437105263157896
            ]
          ]
        ]
      },
      "properties": {
        "cell_id": "R04C04",
        "row": 4,
        "col": 4,
        "week": 8,
        "week_label": "Wk8",
        "date_start": "2024-07-20",
        "date_end": "2024-07-26",
        "phase": "post",
        "avg_risk": 0.2657,
        "avg_gt": 0.2138,
        "risk_category": 1,
        "risk_category_label": "Medium"
      }
    },
    {
      "type": "Feature",
      "geometry": {
        "type": "Polygon",
        "coordinates": [
          [
            [
              73.84763157894737,
              18.437105263157896
            ],
            [
              73.85763157894736,
              18.437105263157896
            ],
            [
              73.85763157894736,
              18.447105263157894
            ],
            [
              73.84763157894737,
              18.447105263157894
            ],
            [
              73.84763157894737,
              18.437105263157896
            ]
          ]
        ]
      },
      "properties": {
        "cell_id": "R04C05",
        "row": 4,
        "col": 5,
        "week": 8,
        "week_label": "Wk8",
        "date_start": "2024-07-20",
        "date_end": "2024-07-26",
        "phase": "post",
        "avg_risk": 0.2996,
        "avg_gt": 0.1896,
        "risk_category": 1,
        "risk_category_label": "Medium"
      }
    },
    {
      "type": "Feature",
      "geometry": {
        "type": "Polygon",
        "coordinates": [
          [
            [
              73.85815789473685,
              18.437105263157896
            ],
            [
              73.86815789473684,
              18.437105263157896
            ],
            [
              73.86815789473684,
              18.447105263157894
            ],
            [
              73.85815789473685,
              18.447105263157894
            ],
            [
              73.85815789473685,
              18.437105263157896
            ]
          ]
        ]
      },
      "properties": {
        "cell_id": "R04C06",
        "row": 4,
        "col": 6,
        "week": 8,
        "week_label": "Wk8",
        "date_start": "2024-07-20",
        "date_end": "2024-07-26",
        "phase": "post",
        "avg_risk": 0.3223,
        "avg_gt": 0.132,
        "risk_category": 1,
        "risk_category_label": "Medium"
      }
    },
    {
      "type": "Feature",
      "geometry": {
        "type": "Polygon",
        "coordinates": [
          [
            [
              73.86868421052633,
              18.437105263157896
            ],
            [
              73.87868421052632,
              18.437105263157896
            ],
            [
              73.87868421052632,
              18.447105263157894
            ],
            [
              73.86868421052633,
              18.447105263157894
            ],
            [
              73.86868421052633,
              18.437105263157896
            ]
          ]
        ]
      },
      "properties": {
        "cell_id": "R04C07",
        "row": 4,
        "col": 7,
        "week": 8,
        "week_label": "Wk8",
        "date_start": "2024-07-20",
        "date_end": "2024-07-26",
        "phase": "post",
        "avg_risk": 0.3338,
        "avg_gt": 0.073,
        "risk_category": 1,
        "risk_category_label": "Medium"
      }
    },
    {
      "type": "Feature",
      "geometry": {
        "type": "Polygon",
        "coordinates": [
          [
            [
              73.87921052631579,
              18.437105263157896
            ],
            [
              73.88921052631578,
              18.437105263157896
            ],
            [
              73.88921052631578,
              18.447105263157894
            ],
            [
              73.87921052631579,
              18.447105263157894
            ],
            [
              73.87921052631579,
              18.437105263157896
            ]
          ]
        ]
      },
      "properties": {
        "cell_id": "R04C08",
        "row": 4,
        "col": 8,
        "week": 8,
        "week_label": "Wk8",
        "date_start": "2024-07-20",
        "date_end": "2024-07-26",
        "phase": "post",
        "avg_risk": 0.335,
        "avg_gt": 0.0332,
        "risk_category": 1,
        "risk_category_label": "Medium"
      }
    },
    {
      "type": "Feature",
      "geometry": {
        "type": "Polygon",
        "coordinates": [
          [
            [
              73.88973684210526,
              18.437105263157896
            ],
            [
              73.89973684210526,
              18.437105263157896
            ],
            [
              73.89973684210526,
              18.447105263157894
            ],
            [
              73.88973684210526,
              18.447105263157894
            ],
            [
              73.88973684210526,
              18.437105263157896
            ]
          ]
        ]
      },
      "properties": {
        "cell_id": "R04C09",
        "row": 4,
        "col": 9,
        "week": 8,
        "week_label": "Wk8",
        "date_start": "2024-07-20",
        "date_end": "2024-07-26",
        "phase": "post",
        "avg_risk": 0.3255,
        "avg_gt": 0.0132,
        "risk_category": 1,
        "risk_category_label": "Medium"
      }
    },
    {
      "type": "Feature",
      "geometry": {
        "type": "Polygon",
        "coordinates": [
          [
            [
              73.90026315789474,
              18.437105263157896
            ],
            [
              73.91026315789473,
              18.437105263157896
            ],
            [
              73.91026315789473,
              18.447105263157894
            ],
            [
              73.90026315789474,
              18.447105263157894
            ],
            [
              73.90026315789474,
              18.437105263157896
            ]
          ]
        ]
      },
      "properties": {
        "cell_id": "R04C10",
        "row": 4,
        "col": 10,
        "week": 8,
        "week_label": "Wk8",
        "date_start": "2024-07-20",
        "date_end": "2024-07-26",
        "phase": "post",
        "avg_risk": 0.3032,
        "avg_gt": 0.005,
        "risk_category": 1,
        "risk_category_label": "Medium"
      }
    },
    {
      "type": "Feature",
      "geometry": {
        "type": "Polygon",
        "coordinates": [
          [
            [
              73.91078947368422,
              18.437105263157896
            ],
            [
              73.92078947368421,
              18.437105263157896
            ],
            [
              73.92078947368421,
              18.447105263157894
            ],
            [
              73.91078947368422,
              18.447105263157894
            ],
            [
              73.91078947368422,
              18.437105263157896
            ]
          ]
        ]
      },
      "properties": {
        "cell_id": "R04C11",
        "row": 4,
        "col": 11,
        "week": 8,
        "week_label": "Wk8",
        "date_start": "2024-07-20",
        "date_end": "2024-07-26",
        "phase": "post",
        "avg_risk": 0.2693,
        "avg_gt": 0.0018,
        "risk_category": 1,
        "risk_category_label": "Medium"
      }
    },
    {
      "type": "Feature",
      "geometry": {
        "type": "Polygon",
        "coordinates": [
          [
            [
              73.92131578947368,
              18.437105263157896
            ],
            [
              73.93131578947367,
              18.437105263157896
            ],
            [
              73.93131578947367,
              18.447105263157894
            ],
            [
              73.92131578947368,
              18.447105263157894
            ],
            [
              73.92131578947368,
              18.437105263157896
            ]
          ]
        ]
      },
      "properties": {
        "cell_id": "R04C12",
        "row": 4,
        "col": 12,
        "week": 8,
        "week_label": "Wk8",
        "date_start": "2024-07-20",
        "date_end": "2024-07-26",
        "phase": "post",
        "avg_risk": 0.2343,
        "avg_gt": 0.0007,
        "risk_category": 1,
        "risk_category_label": "Medium"
      }
    },
    {
      "type": "Feature",
      "geometry": {
        "type": "Polygon",
        "coordinates": [
          [
            [
              73.93184210526316,
              18.437105263157896
            ],
            [
              73.94184210526315,
              18.437105263157896
            ],
            [
              73.94184210526315,
              18.447105263157894
            ],
            [
              73.93184210526316,
              18.447105263157894
            ],
            [
              73.93184210526316,
              18.437105263157896
            ]
          ]
        ]
      },
      "properties": {
        "cell_id": "R04C13",
        "row": 4,
        "col": 13,
        "week": 8,
        "week_label": "Wk8",
        "date_start": "2024-07-20",
        "date_end": "2024-07-26",
        "phase": "post",
        "avg_risk": 0.2041,
        "avg_gt": 0.0005,
        "risk_category": 1,
        "risk_category_label": "Medium"
      }
    },
    {
      "type": "Feature",
      "geometry": {
        "type": "Polygon",
        "coordinates": [
          [
            [
              73.94236842105263,
              18.437105263157896
            ],
            [
              73.95236842105263,
              18.437105263157896
            ],
            [
              73.95236842105263,
              18.447105263157894
            ],
            [
              73.94236842105263,
              18.447105263157894
            ],
            [
              73.94236842105263,
              18.437105263157896
            ]
          ]
        ]
      },
      "properties": {
        "cell_id": "R04C14",
        "row": 4,
        "col": 14,
        "week": 8,
        "week_label": "Wk8",
        "date_start": "2024-07-20",
        "date_end": "2024-07-26",
        "phase": "post",
        "avg_risk": 0.1788,
        "avg_gt": 0.0021,
        "risk_category": 1,
        "risk_category_label": "Medium"
      }
    },
    {
      "type": "Feature",
      "geometry": {
        "type": "Polygon",
        "coordinates": [
          [
            [
              73.95289473684211,
              18.437105263157896
            ],
            [
              73.9628947368421,
              18.437105263157896
            ],
            [
              73.9628947368421,
              18.447105263157894
            ],
            [
              73.95289473684211,
              18.447105263157894
            ],
            [
              73.95289473684211,
              18.437105263157896
            ]
          ]
        ]
      },
      "properties": {
        "cell_id": "R04C15",
        "row": 4,
        "col": 15,
        "week": 8,
        "week_label": "Wk8",
        "date_start": "2024-07-20",
        "date_end": "2024-07-26",
        "phase": "post",
        "avg_risk": 0.161,
        "avg_gt": 0.0101,
        "risk_category": 1,
        "risk_category_label": "Medium"
      }
    },
    {
      "type": "Feature",
      "geometry": {
        "type": "Polygon",
        "coordinates": [
          [
            [
              73.96342105263159,
              18.437105263157896
            ],
            [
              73.97342105263158,
              18.437105263157896
            ],
            [
              73.97342105263158,
              18.447105263157894
            ],
            [
              73.96342105263159,
              18.447105263157894
            ],
            [
              73.96342105263159,
              18.437105263157896
            ]
          ]
        ]
      },
      "properties": {
        "cell_id": "R04C16",
        "row": 4,
        "col": 16,
        "week": 8,
        "week_label": "Wk8",
        "date_start": "2024-07-20",
        "date_end": "2024-07-26",
        "phase": "post",
        "avg_risk": 0.1514,
        "avg_gt": 0.0306,
        "risk_category": 1,
        "risk_category_label": "Medium"
      }
    },
    {
      "type": "Feature",
      "geometry": {
        "type": "Polygon",
        "coordinates": [
          [
            [
              73.97394736842105,
              18.437105263157896
            ],
            [
              73.98394736842104,
              18.437105263157896
            ],
            [
              73.98394736842104,
              18.447105263157894
            ],
            [
              73.97394736842105,
              18.447105263157894
            ],
            [
              73.97394736842105,
              18.437105263157896
            ]
          ]
        ]
      },
      "properties": {
        "cell_id": "R04C17",
        "row": 4,
        "col": 17,
        "week": 8,
        "week_label": "Wk8",
        "date_start": "2024-07-20",
        "date_end": "2024-07-26",
        "phase": "post",
        "avg_risk": 0.1486,
        "avg_gt": 0.0596,
        "risk_category": 0,
        "risk_category_label": "Low"
      }
    },
    {
      "type": "Feature",
      "geometry": {
        "type": "Polygon",
        "coordinates": [
          [
            [
              73.98447368421053,
              18.437105263157896
            ],
            [
              73.99447368421052,
              18.437105263157896
            ],
            [
              73.99447368421052,
              18.447105263157894
            ],
            [
              73.98447368421053,
              18.447105263157894
            ],
            [
              73.98447368421053,
              18.437105263157896
            ]
          ]
        ]
      },
      "properties": {
        "cell_id": "R04C18",
        "row": 4,
        "col": 18,
        "week": 8,
        "week_label": "Wk8",
        "date_start": "2024-07-20",
        "date_end": "2024-07-26",
        "phase": "post",
        "avg_risk": 0.1513,
        "avg_gt": 0.0745,
        "risk_category": 1,
        "risk_category_label": "Medium"
      }
    },
    {
      "type": "Feature",
      "geometry": {
        "type": "Polygon",
        "coordinates": [
          [
            [
              73.995,
              18.437105263157896
            ],
            [
              74.005,
              18.437105263157896
            ],
            [
              74.005,
              18.447105263157894
            ],
            [
              73.995,
              18.447105263157894
            ],
            [
              73.995,
              18.437105263157896
            ]
          ]
        ]
      },
      "properties": {
        "cell_id": "R04C19",
        "row": 4,
        "col": 19,
        "week": 8,
        "week_label": "Wk8",
        "date_start": "2024-07-20",
        "date_end": "2024-07-26",
        "phase": "post",
        "avg_risk": 0.1602,
        "avg_gt": 0.0596,
        "risk_category": 1,
        "risk_category_label": "Medium"
      }
    },
    {
      "type": "Feature",
      "geometry": {
        "type": "Polygon",
        "coordinates": [
          [
            [
              73.795,
              18.44763157894737
            ],
            [
              73.80499999999999,
              18.44763157894737
            ],
            [
              73.80499999999999,
              18.457631578947368
            ],
            [
              73.795,
              18.457631578947368
            ],
            [
              73.795,
              18.44763157894737
            ]
          ]
        ]
      },
      "properties": {
        "cell_id": "R05C00",
        "row": 5,
        "col": 0,
        "week": 8,
        "week_label": "Wk8",
        "date_start": "2024-07-20",
        "date_end": "2024-07-26",
        "phase": "post",
        "avg_risk": 0.1706,
        "avg_gt": 0.0254,
        "risk_category": 1,
        "risk_category_label": "Medium"
      }
    },
    {
      "type": "Feature",
      "geometry": {
        "type": "Polygon",
        "coordinates": [
          [
            [
              73.80552631578948,
              18.44763157894737
            ],
            [
              73.81552631578947,
              18.44763157894737
            ],
            [
              73.81552631578947,
              18.457631578947368
            ],
            [
              73.80552631578948,
              18.457631578947368
            ],
            [
              73.80552631578948,
              18.44763157894737
            ]
          ]
        ]
      },
      "properties": {
        "cell_id": "R05C01",
        "row": 5,
        "col": 1,
        "week": 8,
        "week_label": "Wk8",
        "date_start": "2024-07-20",
        "date_end": "2024-07-26",
        "phase": "post",
        "avg_risk": 0.1858,
        "avg_gt": 0.0611,
        "risk_category": 1,
        "risk_category_label": "Medium"
      }
    },
    {
      "type": "Feature",
      "geometry": {
        "type": "Polygon",
        "coordinates": [
          [
            [
              73.81605263157896,
              18.44763157894737
            ],
            [
              73.82605263157895,
              18.44763157894737
            ],
            [
              73.82605263157895,
              18.457631578947368
            ],
            [
              73.81605263157896,
              18.457631578947368
            ],
            [
              73.81605263157896,
              18.44763157894737
            ]
          ]
        ]
      },
      "properties": {
        "cell_id": "R05C02",
        "row": 5,
        "col": 2,
        "week": 8,
        "week_label": "Wk8",
        "date_start": "2024-07-20",
        "date_end": "2024-07-26",
        "phase": "post",
        "avg_risk": 0.2225,
        "avg_gt": 0.1143,
        "risk_category": 1,
        "risk_category_label": "Medium"
      }
    },
    {
      "type": "Feature",
      "geometry": {
        "type": "Polygon",
        "coordinates": [
          [
            [
              73.82657894736842,
              18.44763157894737
            ],
            [
              73.83657894736841,
              18.44763157894737
            ],
            [
              73.83657894736841,
              18.457631578947368
            ],
            [
              73.82657894736842,
              18.457631578947368
            ],
            [
              73.82657894736842,
              18.44763157894737
            ]
          ]
        ]
      },
      "properties": {
        "cell_id": "R05C03",
        "row": 5,
        "col": 3,
        "week": 8,
        "week_label": "Wk8",
        "date_start": "2024-07-20",
        "date_end": "2024-07-26",
        "phase": "post",
        "avg_risk": 0.272,
        "avg_gt": 0.1668,
        "risk_category": 1,
        "risk_category_label": "Medium"
      }
    },
    {
      "type": "Feature",
      "geometry": {
        "type": "Polygon",
        "coordinates": [
          [
            [
              73.8371052631579,
              18.44763157894737
            ],
            [
              73.84710526315789,
              18.44763157894737
            ],
            [
              73.84710526315789,
              18.457631578947368
            ],
            [
              73.8371052631579,
              18.457631578947368
            ],
            [
              73.8371052631579,
              18.44763157894737
            ]
          ]
        ]
      },
      "properties": {
        "cell_id": "R05C04",
        "row": 5,
        "col": 4,
        "week": 8,
        "week_label": "Wk8",
        "date_start": "2024-07-20",
        "date_end": "2024-07-26",
        "phase": "post",
        "avg_risk": 0.3188,
        "avg_gt": 0.1905,
        "risk_category": 1,
        "risk_category_label": "Medium"
      }
    },
    {
      "type": "Feature",
      "geometry": {
        "type": "Polygon",
        "coordinates": [
          [
            [
              73.84763157894737,
              18.44763157894737
            ],
            [
              73.85763157894736,
              18.44763157894737
            ],
            [
              73.85763157894736,
              18.457631578947368
            ],
            [
              73.84763157894737,
              18.457631578947368
            ],
            [
              73.84763157894737,
              18.44763157894737
            ]
          ]
        ]
      },
      "properties": {
        "cell_id": "R05C05",
        "row": 5,
        "col": 5,
        "week": 8,
        "week_label": "Wk8",
        "date_start": "2024-07-20",
        "date_end": "2024-07-26",
        "phase": "post",
        "avg_risk": 0.3525,
        "avg_gt": 0.1716,
        "risk_category": 1,
        "risk_category_label": "Medium"
      }
    },
    {
      "type": "Feature",
      "geometry": {
        "type": "Polygon",
        "coordinates": [
          [
            [
              73.85815789473685,
              18.44763157894737
            ],
            [
              73.86815789473684,
              18.44763157894737
            ],
            [
              73.86815789473684,
              18.457631578947368
            ],
            [
              73.85815789473685,
              18.457631578947368
            ],
            [
              73.85815789473685,
              18.44763157894737
            ]
          ]
        ]
      },
      "properties": {
        "cell_id": "R05C06",
        "row": 5,
        "col": 6,
        "week": 8,
        "week_label": "Wk8",
        "date_start": "2024-07-20",
        "date_end": "2024-07-26",
        "phase": "post",
        "avg_risk": 0.3722,
        "avg_gt": 0.1245,
        "risk_category": 1,
        "risk_category_label": "Medium"
      }
    },
    {
      "type": "Feature",
      "geometry": {
        "type": "Polygon",
        "coordinates": [
          [
            [
              73.86868421052633,
              18.44763157894737
            ],
            [
              73.87868421052632,
              18.44763157894737
            ],
            [
              73.87868421052632,
              18.457631578947368
            ],
            [
              73.86868421052633,
              18.457631578947368
            ],
            [
              73.86868421052633,
              18.44763157894737
            ]
          ]
        ]
      },
      "properties": {
        "cell_id": "R05C07",
        "row": 5,
        "col": 7,
        "week": 8,
        "week_label": "Wk8",
        "date_start": "2024-07-20",
        "date_end": "2024-07-26",
        "phase": "post",
        "avg_risk": 0.3811,
        "avg_gt": 0.0762,
        "risk_category": 1,
        "risk_category_label": "Medium"
      }
    },
    {
      "type": "Feature",
      "geometry": {
        "type": "Polygon",
        "coordinates": [
          [
            [
              73.87921052631579,
              18.44763157894737
            ],
            [
              73.88921052631578,
              18.44763157894737
            ],
            [
              73.88921052631578,
              18.457631578947368
            ],
            [
              73.87921052631579,
              18.457631578947368
            ],
            [
              73.87921052631579,
              18.44763157894737
            ]
          ]
        ]
      },
      "properties": {
        "cell_id": "R05C08",
        "row": 5,
        "col": 8,
        "week": 8,
        "week_label": "Wk8",
        "date_start": "2024-07-20",
        "date_end": "2024-07-26",
        "phase": "post",
        "avg_risk": 0.382,
        "avg_gt": 0.0426,
        "risk_category": 1,
        "risk_category_label": "Medium"
      }
    },
    {
      "type": "Feature",
      "geometry": {
        "type": "Polygon",
        "coordinates": [
          [
            [
              73.88973684210526,
              18.44763157894737
            ],
            [
              73.89973684210526,
              18.44763157894737
            ],
            [
              73.89973684210526,
              18.457631578947368
            ],
            [
              73.88973684210526,
              18.457631578947368
            ],
            [
              73.88973684210526,
              18.44763157894737
            ]
          ]
        ]
      },
      "properties": {
        "cell_id": "R05C09",
        "row": 5,
        "col": 9,
        "week": 8,
        "week_label": "Wk8",
        "date_start": "2024-07-20",
        "date_end": "2024-07-26",
        "phase": "post",
        "avg_risk": 0.3755,
        "avg_gt": 0.0234,
        "risk_category": 1,
        "risk_category_label": "Medium"
      }
    },
    {
      "type": "Feature",
      "geometry": {
        "type": "Polygon",
        "coordinates": [
          [
            [
              73.90026315789474,
              18.44763157894737
            ],
            [
              73.91026315789473,
              18.44763157894737
            ],
            [
              73.91026315789473,
              18.457631578947368
            ],
            [
              73.90026315789474,
              18.457631578947368
            ],
            [
              73.90026315789474,
              18.44763157894737
            ]
          ]
        ]
      },
      "properties": {
        "cell_id": "R05C10",
        "row": 5,
        "col": 10,
        "week": 8,
        "week_label": "Wk8",
        "date_start": "2024-07-20",
        "date_end": "2024-07-26",
        "phase": "post",
        "avg_risk": 0.3583,
        "avg_gt": 0.0125,
        "risk_category": 1,
        "risk_category_label": "Medium"
      }
    },
    {
      "type": "Feature",
      "geometry": {
        "type": "Polygon",
        "coordinates": [
          [
            [
              73.91078947368422,
              18.44763157894737
            ],
            [
              73.92078947368421,
              18.44763157894737
            ],
            [
              73.92078947368421,
              18.457631578947368
            ],
            [
              73.91078947368422,
              18.457631578947368
            ],
            [
              73.91078947368422,
              18.44763157894737
            ]
          ]
        ]
      },
      "properties": {
        "cell_id": "R05C11",
        "row": 5,
        "col": 11,
        "week": 8,
        "week_label": "Wk8",
        "date_start": "2024-07-20",
        "date_end": "2024-07-26",
        "phase": "post",
        "avg_risk": 0.3265,
        "avg_gt": 0.006,
        "risk_category": 1,
        "risk_category_label": "Medium"
      }
    },
    {
      "type": "Feature",
      "geometry": {
        "type": "Polygon",
        "coordinates": [
          [
            [
              73.92131578947368,
              18.44763157894737
            ],
            [
              73.93131578947367,
              18.44763157894737
            ],
            [
              73.93131578947367,
              18.457631578947368
            ],
            [
              73.92131578947368,
              18.457631578947368
            ],
            [
              73.92131578947368,
              18.44763157894737
            ]
          ]
        ]
      },
      "properties": {
        "cell_id": "R05C12",
        "row": 5,
        "col": 12,
        "week": 8,
        "week_label": "Wk8",
        "date_start": "2024-07-20",
        "date_end": "2024-07-26",
        "phase": "post",
        "avg_risk": 0.284,
        "avg_gt": 0.0024,
        "risk_category": 1,
        "risk_category_label": "Medium"
      }
    },
    {
      "type": "Feature",
      "geometry": {
        "type": "Polygon",
        "coordinates": [
          [
            [
              73.93184210526316,
              18.44763157894737
            ],
            [
              73.94184210526315,
              18.44763157894737
            ],
            [
              73.94184210526315,
              18.457631578947368
            ],
            [
              73.93184210526316,
              18.457631578947368
            ],
            [
              73.93184210526316,
              18.44763157894737
            ]
          ]
        ]
      },
      "properties": {
        "cell_id": "R05C13",
        "row": 5,
        "col": 13,
        "week": 8,
        "week_label": "Wk8",
        "date_start": "2024-07-20",
        "date_end": "2024-07-26",
        "phase": "post",
        "avg_risk": 0.2398,
        "avg_gt": 0.0008,
        "risk_category": 1,
        "risk_category_label": "Medium"
      }
    },
    {
      "type": "Feature",
      "geometry": {
        "type": "Polygon",
        "coordinates": [
          [
            [
              73.94236842105263,
              18.44763157894737
            ],
            [
              73.95236842105263,
              18.44763157894737
            ],
            [
              73.95236842105263,
              18.457631578947368
            ],
            [
              73.94236842105263,
              18.457631578947368
            ],
            [
              73.94236842105263,
              18.44763157894737
            ]
          ]
        ]
      },
      "properties": {
        "cell_id": "R05C14",
        "row": 5,
        "col": 14,
        "week": 8,
        "week_label": "Wk8",
        "date_start": "2024-07-20",
        "date_end": "2024-07-26",
        "phase": "post",
        "avg_risk": 0.1999,
        "avg_gt": 0.0009,
        "risk_category": 1,
        "risk_category_label": "Medium"
      }
    },
    {
      "type": "Feature",
      "geometry": {
        "type": "Polygon",
        "coordinates": [
          [
            [
              73.95289473684211,
              18.44763157894737
            ],
            [
              73.9628947368421,
              18.44763157894737
            ],
            [
              73.9628947368421,
              18.457631578947368
            ],
            [
              73.95289473684211,
              18.457631578947368
            ],
            [
              73.95289473684211,
              18.44763157894737
            ]
          ]
        ]
      },
      "properties": {
        "cell_id": "R05C15",
        "row": 5,
        "col": 15,
        "week": 8,
        "week_label": "Wk8",
        "date_start": "2024-07-20",
        "date_end": "2024-07-26",
        "phase": "post",
        "avg_risk": 0.1705,
        "avg_gt": 0.0034,
        "risk_category": 1,
        "risk_category_label": "Medium"
      }
    },
    {
      "type": "Feature",
      "geometry": {
        "type": "Polygon",
        "coordinates": [
          [
            [
              73.96342105263159,
              18.44763157894737
            ],
            [
              73.97342105263158,
              18.44763157894737
            ],
            [
              73.97342105263158,
              18.457631578947368
            ],
            [
              73.96342105263159,
              18.457631578947368
            ],
            [
              73.96342105263159,
              18.44763157894737
            ]
          ]
        ]
      },
      "properties": {
        "cell_id": "R05C16",
        "row": 5,
        "col": 16,
        "week": 8,
        "week_label": "Wk8",
        "date_start": "2024-07-20",
        "date_end": "2024-07-26",
        "phase": "post",
        "avg_risk": 0.1538,
        "avg_gt": 0.0101,
        "risk_category": 1,
        "risk_category_label": "Medium"
      }
    },
    {
      "type": "Feature",
      "geometry": {
        "type": "Polygon",
        "coordinates": [
          [
            [
              73.97394736842105,
              18.44763157894737
            ],
            [
              73.98394736842104,
              18.44763157894737
            ],
            [
              73.98394736842104,
              18.457631578947368
            ],
            [
              73.97394736842105,
              18.457631578947368
            ],
            [
              73.97394736842105,
              18.44763157894737
            ]
          ]
        ]
      },
      "properties": {
        "cell_id": "R05C17",
        "row": 5,
        "col": 17,
        "week": 8,
        "week_label": "Wk8",
        "date_start": "2024-07-20",
        "date_end": "2024-07-26",
        "phase": "post",
        "avg_risk": 0.1476,
        "avg_gt": 0.0196,
        "risk_category": 0,
        "risk_category_label": "Low"
      }
    },
    {
      "type": "Feature",
      "geometry": {
        "type": "Polygon",
        "coordinates": [
          [
            [
              73.98447368421053,
              18.44763157894737
            ],
            [
              73.99447368421052,
              18.44763157894737
            ],
            [
              73.99447368421052,
              18.457631578947368
            ],
            [
              73.98447368421053,
              18.457631578947368
            ],
            [
              73.98447368421053,
              18.44763157894737
            ]
          ]
        ]
      },
      "properties": {
        "cell_id": "R05C18",
        "row": 5,
        "col": 18,
        "week": 8,
        "week_label": "Wk8",
        "date_start": "2024-07-20",
        "date_end": "2024-07-26",
        "phase": "post",
        "avg_risk": 0.1492,
        "avg_gt": 0.0245,
        "risk_category": 0,
        "risk_category_label": "Low"
      }
    },
    {
      "type": "Feature",
      "geometry": {
        "type": "Polygon",
        "coordinates": [
          [
            [
              73.995,
              18.44763157894737
            ],
            [
              74.005,
              18.44763157894737
            ],
            [
              74.005,
              18.457631578947368
            ],
            [
              73.995,
              18.457631578947368
            ],
            [
              73.995,
              18.44763157894737
            ]
          ]
        ]
      },
      "properties": {
        "cell_id": "R05C19",
        "row": 5,
        "col": 19,
        "week": 8,
        "week_label": "Wk8",
        "date_start": "2024-07-20",
        "date_end": "2024-07-26",
        "phase": "post",
        "avg_risk": 0.1583,
        "avg_gt": 0.0196,
        "risk_category": 1,
        "risk_category_label": "Medium"
      }
    },
    {
      "type": "Feature",
      "geometry": {
        "type": "Polygon",
        "coordinates": [
          [
            [
              73.795,
              18.458157894736843
            ],
            [
              73.80499999999999,
              18.458157894736843
            ],
            [
              73.80499999999999,
              18.46815789473684
            ],
            [
              73.795,
              18.46815789473684
            ],
            [
              73.795,
              18.458157894736843
            ]
          ]
        ]
      },
      "properties": {
        "cell_id": "R06C00",
        "row": 6,
        "col": 0,
        "week": 8,
        "week_label": "Wk8",
        "date_start": "2024-07-20",
        "date_end": "2024-07-26",
        "phase": "post",
        "avg_risk": 0.1838,
        "avg_gt": 0.0175,
        "risk_category": 1,
        "risk_category_label": "Medium"
      }
    },
    {
      "type": "Feature",
      "geometry": {
        "type": "Polygon",
        "coordinates": [
          [
            [
              73.80552631578948,
              18.458157894736843
            ],
            [
              73.81552631578947,
              18.458157894736843
            ],
            [
              73.81552631578947,
              18.46815789473684
            ],
            [
              73.80552631578948,
              18.46815789473684
            ],
            [
              73.80552631578948,
              18.458157894736843
            ]
          ]
        ]
      },
      "properties": {
        "cell_id": "R06C01",
        "row": 6,
        "col": 1,
        "week": 8,
        "week_label": "Wk8",
        "date_start": "2024-07-20",
        "date_end": "2024-07-26",
        "phase": "post",
        "avg_risk": 0.2102,
        "avg_gt": 0.0421,
        "risk_category": 1,
        "risk_category_label": "Medium"
      }
    },
    {
      "type": "Feature",
      "geometry": {
        "type": "Polygon",
        "coordinates": [
          [
            [
              73.81605263157896,
              18.458157894736843
            ],
            [
              73.82605263157895,
              18.458157894736843
            ],
            [
              73.82605263157895,
              18.46815789473684
            ],
            [
              73.81605263157896,
              18.46815789473684
            ],
            [
              73.81605263157896,
              18.458157894736843
            ]
          ]
        ]
      },
      "properties": {
        "cell_id": "R06C02",
        "row": 6,
        "col": 2,
        "week": 8,
        "week_label": "Wk8",
        "date_start": "2024-07-20",
        "date_end": "2024-07-26",
        "phase": "post",
        "avg_risk": 0.2584,
        "avg_gt": 0.079,
        "risk_category": 1,
        "risk_category_label": "Medium"
      }
    },
    {
      "type": "Feature",
      "geometry": {
        "type": "Polygon",
        "coordinates": [
          [
            [
              73.82657894736842,
              18.458157894736843
            ],
            [
              73.83657894736841,
              18.458157894736843
            ],
            [
              73.83657894736841,
              18.46815789473684
            ],
            [
              73.82657894736842,
              18.46815789473684
            ],
            [
              73.82657894736842,
              18.458157894736843
            ]
          ]
        ]
      },
      "properties": {
        "cell_id": "R06C03",
        "row": 6,
        "col": 3,
        "week": 8,
        "week_label": "Wk8",
        "date_start": "2024-07-20",
        "date_end": "2024-07-26",
        "phase": "post",
        "avg_risk": 0.3137,
        "avg_gt": 0.1164,
        "risk_category": 1,
        "risk_category_label": "Medium"
      }
    },
    {
      "type": "Feature",
      "geometry": {
        "type": "Polygon",
        "coordinates": [
          [
            [
              73.8371052631579,
              18.458157894736843
            ],
            [
              73.84710526315789,
              18.458157894736843
            ],
            [
              73.84710526315789,
              18.46815789473684
            ],
            [
              73.8371052631579,
              18.46815789473684
            ],
            [
              73.8371052631579,
              18.458157894736843
            ]
          ]
        ]
      },
      "properties": {
        "cell_id": "R06C04",
        "row": 6,
        "col": 4,
        "week": 8,
        "week_label": "Wk8",
        "date_start": "2024-07-20",
        "date_end": "2024-07-26",
        "phase": "post",
        "avg_risk": 0.3585,
        "avg_gt": 0.1365,
        "risk_category": 1,
        "risk_category_label": "Medium"
      }
    },
    {
      "type": "Feature",
      "geometry": {
        "type": "Polygon",
        "coordinates": [
          [
            [
              73.84763157894737,
              18.458157894736843
            ],
            [
              73.85763157894736,
              18.458157894736843
            ],
            [
              73.85763157894736,
              18.46815789473684
            ],
            [
              73.84763157894737,
              18.46815789473684
            ],
            [
              73.84763157894737,
              18.458157894736843
            ]
          ]
        ]
      },
      "properties": {
        "cell_id": "R06C05",
        "row": 6,
        "col": 5,
        "week": 8,
        "week_label": "Wk8",
        "date_start": "2024-07-20",
        "date_end": "2024-07-26",
        "phase": "post",
        "avg_risk": 0.3862,
        "avg_gt": 0.1313,
        "risk_category": 1,
        "risk_category_label": "Medium"
      }
    },
    {
      "type": "Feature",
      "geometry": {
        "type": "Polygon",
        "coordinates": [
          [
            [
              73.85815789473685,
              18.458157894736843
            ],
            [
              73.86815789473684,
              18.458157894736843
            ],
            [
              73.86815789473684,
              18.46815789473684
            ],
            [
              73.85815789473685,
              18.46815789473684
            ],
            [
              73.85815789473685,
              18.458157894736843
            ]
          ]
        ]
      },
      "properties": {
        "cell_id": "R06C06",
        "row": 6,
        "col": 6,
        "week": 8,
        "week_label": "Wk8",
        "date_start": "2024-07-20",
        "date_end": "2024-07-26",
        "phase": "post",
        "avg_risk": 0.3998,
        "avg_gt": 0.1105,
        "risk_category": 1,
        "risk_category_label": "Medium"
      }
    },
    {
      "type": "Feature",
      "geometry": {
        "type": "Polygon",
        "coordinates": [
          [
            [
              73.86868421052633,
              18.458157894736843
            ],
            [
              73.87868421052632,
              18.458157894736843
            ],
            [
              73.87868421052632,
              18.46815789473684
            ],
            [
              73.86868421052633,
              18.46815789473684
            ],
            [
              73.86868421052633,
              18.458157894736843
            ]
          ]
        ]
      },
      "properties": {
        "cell_id": "R06C07",
        "row": 6,
        "col": 7,
        "week": 8,
        "week_label": "Wk8",
        "date_start": "2024-07-20",
        "date_end": "2024-07-26",
        "phase": "post",
        "avg_risk": 0.4051,
        "avg_gt": 0.0887,
        "risk_category": 1,
        "risk_category_label": "Medium"
      }
    },
    {
      "type": "Feature",
      "geometry": {
        "type": "Polygon",
        "coordinates": [
          [
            [
              73.87921052631579,
              18.458157894736843
            ],
            [
              73.88921052631578,
              18.458157894736843
            ],
            [
              73.88921052631578,
              18.46815789473684
            ],
            [
              73.87921052631579,
              18.46815789473684
            ],
            [
              73.87921052631579,
              18.458157894736843
            ]
          ]
        ]
      },
      "properties": {
        "cell_id": "R06C08",
        "row": 6,
        "col": 8,
        "week": 8,
        "week_label": "Wk8",
        "date_start": "2024-07-20",
        "date_end": "2024-07-26",
        "phase": "post",
        "avg_risk": 0.4061,
        "avg_gt": 0.0704,
        "risk_category": 1,
        "risk_category_label": "Medium"
      }
    },
    {
      "type": "Feature",
      "geometry": {
        "type": "Polygon",
        "coordinates": [
          [
            [
              73.88973684210526,
              18.458157894736843
            ],
            [
              73.89973684210526,
              18.458157894736843
            ],
            [
              73.89973684210526,
              18.46815789473684
            ],
            [
              73.88973684210526,
              18.46815789473684
            ],
            [
              73.88973684210526,
              18.458157894736843
            ]
          ]
        ]
      },
      "properties": {
        "cell_id": "R06C09",
        "row": 6,
        "col": 9,
        "week": 8,
        "week_label": "Wk8",
        "date_start": "2024-07-20",
        "date_end": "2024-07-26",
        "phase": "post",
        "avg_risk": 0.4034,
        "avg_gt": 0.0524,
        "risk_category": 1,
        "risk_category_label": "Medium"
      }
    },
    {
      "type": "Feature",
      "geometry": {
        "type": "Polygon",
        "coordinates": [
          [
            [
              73.90026315789474,
              18.458157894736843
            ],
            [
              73.91026315789473,
              18.458157894736843
            ],
            [
              73.91026315789473,
              18.46815789473684
            ],
            [
              73.90026315789474,
              18.46815789473684
            ],
            [
              73.90026315789474,
              18.458157894736843
            ]
          ]
        ]
      },
      "properties": {
        "cell_id": "R06C10",
        "row": 6,
        "col": 10,
        "week": 8,
        "week_label": "Wk8",
        "date_start": "2024-07-20",
        "date_end": "2024-07-26",
        "phase": "post",
        "avg_risk": 0.3941,
        "avg_gt": 0.0335,
        "risk_category": 1,
        "risk_category_label": "Medium"
      }
    },
    {
      "type": "Feature",
      "geometry": {
        "type": "Polygon",
        "coordinates": [
          [
            [
              73.91078947368422,
              18.458157894736843
            ],
            [
              73.92078947368421,
              18.458157894736843
            ],
            [
              73.92078947368421,
              18.46815789473684
            ],
            [
              73.91078947368422,
              18.46815789473684
            ],
            [
              73.91078947368422,
              18.458157894736843
            ]
          ]
        ]
      },
      "properties": {
        "cell_id": "R06C11",
        "row": 6,
        "col": 11,
        "week": 8,
        "week_label": "Wk8",
        "date_start": "2024-07-20",
        "date_end": "2024-07-26",
        "phase": "post",
        "avg_risk": 0.3714,
        "avg_gt": 0.0175,
        "risk_category": 1,
        "risk_category_label": "Medium"
      }
    },
    {
      "type": "Feature",
      "geometry": {
        "type": "Polygon",
        "coordinates": [
          [
            [
              73.92131578947368,
              18.458157894736843
            ],
            [
              73.93131578947367,
              18.458157894736843
            ],
            [
              73.93131578947367,
              18.46815789473684
            ],
            [
              73.92131578947368,
              18.46815789473684
            ],
            [
              73.92131578947368,
              18.458157894736843
            ]
          ]
        ]
      },
      "properties": {
        "cell_id": "R06C12",
        "row": 6,
        "col": 12,
        "week": 8,
        "week_label": "Wk8",
        "date_start": "2024-07-20",
        "date_end": "2024-07-26",
        "phase": "post",
        "avg_risk": 0.3321,
        "avg_gt": 0.0073,
        "risk_category": 1,
        "risk_category_label": "Medium"
      }
    },
    {
      "type": "Feature",
      "geometry": {
        "type": "Polygon",
        "coordinates": [
          [
            [
              73.93184210526316,
              18.458157894736843
            ],
            [
              73.94184210526315,
              18.458157894736843
            ],
            [
              73.94184210526315,
              18.46815789473684
            ],
            [
              73.93184210526316,
              18.46815789473684
            ],
            [
              73.93184210526316,
              18.458157894736843
            ]
          ]
        ]
      },
      "properties": {
        "cell_id": "R06C13",
        "row": 6,
        "col": 13,
        "week": 8,
        "week_label": "Wk8",
        "date_start": "2024-07-20",
        "date_end": "2024-07-26",
        "phase": "post",
        "avg_risk": 0.2802,
        "avg_gt": 0.0025,
        "risk_category": 1,
        "risk_category_label": "Medium"
      }
    },
    {
      "type": "Feature",
      "geometry": {
        "type": "Polygon",
        "coordinates": [
          [
            [
              73.94236842105263,
              18.458157894736843
            ],
            [
              73.95236842105263,
              18.458157894736843
            ],
            [
              73.95236842105263,
              18.46815789473684
            ],
            [
              73.94236842105263,
              18.46815789473684
            ],
            [
              73.94236842105263,
              18.458157894736843
            ]
          ]
        ]
      },
      "properties": {
        "cell_id": "R06C14",
        "row": 6,
        "col": 14,
        "week": 8,
        "week_label": "Wk8",
        "date_start": "2024-07-20",
        "date_end": "2024-07-26",
        "phase": "post",
        "avg_risk": 0.2276,
        "avg_gt": 0.001,
        "risk_category": 1,
        "risk_category_label": "Medium"
      }
    },
    {
      "type": "Feature",
      "geometry": {
        "type": "Polygon",
        "coordinates": [
          [
            [
              73.95289473684211,
              18.458157894736843
            ],
            [
              73.9628947368421,
              18.458157894736843
            ],
            [
              73.9628947368421,
              18.46815789473684
            ],
            [
              73.95289473684211,
              18.46815789473684
            ],
            [
              73.95289473684211,
              18.458157894736843
            ]
          ]
        ]
      },
      "properties": {
        "cell_id": "R06C15",
        "row": 6,
        "col": 15,
        "week": 8,
        "week_label": "Wk8",
        "date_start": "2024-07-20",
        "date_end": "2024-07-26",
        "phase": "post",
        "avg_risk": 0.1856,
        "avg_gt": 0.0011,
        "risk_category": 1,
        "risk_category_label": "Medium"
      }
    },
    {
      "type": "Feature",
      "geometry": {
        "type": "Polygon",
        "coordinates": [
          [
            [
              73.96342105263159,
              18.458157894736843
            ],
            [
              73.97342105263158,
              18.458157894736843
            ],
            [
              73.97342105263158,
              18.46815789473684
            ],
            [
              73.96342105263159,
              18.46815789473684
            ],
            [
              73.96342105263159,
              18.458157894736843
            ]
          ]
        ]
      },
      "properties": {
        "cell_id": "R06C16",
        "row": 6,
        "col": 16,
        "week": 8,
        "week_label": "Wk8",
        "date_start": "2024-07-20",
        "date_end": "2024-07-26",
        "phase": "post",
        "avg_risk": 0.1599,
        "avg_gt": 0.0024,
        "risk_category": 1,
        "risk_category_label": "Medium"
      }
    },
    {
      "type": "Feature",
      "geometry": {
        "type": "Polygon",
        "coordinates": [
          [
            [
              73.97394736842105,
              18.458157894736843
            ],
            [
              73.98394736842104,
              18.458157894736843
            ],
            [
              73.98394736842104,
              18.46815789473684
            ],
            [
              73.97394736842105,
              18.46815789473684
            ],
            [
              73.97394736842105,
              18.458157894736843
            ]
          ]
        ]
      },
      "properties": {
        "cell_id": "R06C17",
        "row": 6,
        "col": 17,
        "week": 8,
        "week_label": "Wk8",
        "date_start": "2024-07-20",
        "date_end": "2024-07-26",
        "phase": "post",
        "avg_risk": 0.1492,
        "avg_gt": 0.0043,
        "risk_category": 0,
        "risk_category_label": "Low"
      }
    },
    {
      "type": "Feature",
      "geometry": {
        "type": "Polygon",
        "coordinates": [
          [
            [
              73.98447368421053,
              18.458157894736843
            ],
            [
              73.99447368421052,
              18.458157894736843
            ],
            [
              73.99447368421052,
              18.46815789473684
            ],
            [
              73.98447368421053,
              18.46815789473684
            ],
            [
              73.98447368421053,
              18.458157894736843
            ]
          ]
        ]
      },
      "properties": {
        "cell_id": "R06C18",
        "row": 6,
        "col": 18,
        "week": 8,
        "week_label": "Wk8",
        "date_start": "2024-07-20",
        "date_end": "2024-07-26",
        "phase": "post",
        "avg_risk": 0.1493,
        "avg_gt": 0.0052,
        "risk_category": 0,
        "risk_category_label": "Low"
      }
    },
    {
      "type": "Feature",
      "geometry": {
        "type": "Polygon",
        "coordinates": [
          [
            [
              73.995,
              18.458157894736843
            ],
            [
              74.005,
              18.458157894736843
            ],
            [
              74.005,
              18.46815789473684
            ],
            [
              73.995,
              18.46815789473684
            ],
            [
              73.995,
              18.458157894736843
            ]
          ]
        ]
      },
      "properties": {
        "cell_id": "R06C19",
        "row": 6,
        "col": 19,
        "week": 8,
        "week_label": "Wk8",
        "date_start": "2024-07-20",
        "date_end": "2024-07-26",
        "phase": "post",
        "avg_risk": 0.1582,
        "avg_gt": 0.0042,
        "risk_category": 1,
        "risk_category_label": "Medium"
      }
    },
    {
      "type": "Feature",
      "geometry": {
        "type": "Polygon",
        "coordinates": [
          [
            [
              73.795,
              18.468684210526316
            ],
            [
              73.80499999999999,
              18.468684210526316
            ],
            [
              73.80499999999999,
              18.478684210526314
            ],
            [
              73.795,
              18.478684210526314
            ],
            [
              73.795,
              18.468684210526316
            ]
          ]
        ]
      },
      "properties": {
        "cell_id": "R07C00",
        "row": 7,
        "col": 0,
        "week": 8,
        "week_label": "Wk8",
        "date_start": "2024-07-20",
        "date_end": "2024-07-26",
        "phase": "post",
        "avg_risk": 0.1939,
        "avg_gt": 0.0094,
        "risk_category": 1,
        "risk_category_label": "Medium"
      }
    },
    {
      "type": "Feature",
      "geometry": {
        "type": "Polygon",
        "coordinates": [
          [
            [
              73.80552631578948,
              18.468684210526316
            ],
            [
              73.81552631578947,
              18.468684210526316
            ],
            [
              73.81552631578947,
              18.478684210526314
            ],
            [
              73.80552631578948,
              18.478684210526314
            ],
            [
              73.80552631578948,
              18.468684210526316
            ]
          ]
        ]
      },
      "properties": {
        "cell_id": "R07C01",
        "row": 7,
        "col": 1,
        "week": 8,
        "week_label": "Wk8",
        "date_start": "2024-07-20",
        "date_end": "2024-07-26",
        "phase": "post",
        "avg_risk": 0.2318,
        "avg_gt": 0.0227,
        "risk_category": 1,
        "risk_category_label": "Medium"
      }
    },
    {
      "type": "Feature",
      "geometry": {
        "type": "Polygon",
        "coordinates": [
          [
            [
              73.81605263157896,
              18.468684210526316
            ],
            [
              73.82605263157895,
              18.468684210526316
            ],
            [
              73.82605263157895,
              18.478684210526314
            ],
            [
              73.81605263157896,
              18.478684210526314
            ],
            [
              73.81605263157896,
              18.468684210526316
            ]
          ]
        ]
      },
      "properties": {
        "cell_id": "R07C02",
        "row": 7,
        "col": 2,
        "week": 8,
        "week_label": "Wk8",
        "date_start": "2024-07-20",
        "date_end": "2024-07-26",
        "phase": "post",
        "avg_risk": 0.2874,
        "avg_gt": 0.0434,
        "risk_category": 1,
        "risk_category_label": "Medium"
      }
    },
    {
      "type": "Feature",
      "geometry": {
        "type": "Polygon",
        "coordinates": [
          [
            [
              73.82657894736842,
              18.468684210526316
            ],
            [
              73.83657894736841,
              18.468684210526316
            ],
            [
              73.83657894736841,
              18.478684210526314
            ],
            [
              73.82657894736842,
              18.478684210526314
            ],
            [
              73.82657894736842,
              18.468684210526316
            ]
          ]
        ]
      },
      "properties": {
        "cell_id": "R07C03",
        "row": 7,
        "col": 3,
        "week": 8,
        "week_label": "Wk8",
        "date_start": "2024-07-20",
        "date_end": "2024-07-26",
        "phase": "post",
        "avg_risk": 0.3429,
        "avg_gt": 0.0666,
        "risk_category": 1,
        "risk_category_label": "Medium"
      }
    },
    {
      "type": "Feature",
      "geometry": {
        "type": "Polygon",
        "coordinates": [
          [
            [
              73.8371052631579,
              18.468684210526316
            ],
            [
              73.84710526315789,
              18.468684210526316
            ],
            [
              73.84710526315789,
              18.478684210526314
            ],
            [
              73.8371052631579,
              18.478684210526314
            ],
            [
              73.8371052631579,
              18.468684210526316
            ]
          ]
        ]
      },
      "properties": {
        "cell_id": "R07C04",
        "row": 7,
        "col": 4,
        "week": 8,
        "week_label": "Wk8",
        "date_start": "2024-07-20",
        "date_end": "2024-07-26",
        "phase": "post",
        "avg_risk": 0.3824,
        "avg_gt": 0.0864,
        "risk_category": 1,
        "risk_category_label": "Medium"
      }
    },
    {
      "type": "Feature",
      "geometry": {
        "type": "Polygon",
        "coordinates": [
          [
            [
              73.84763157894737,
              18.468684210526316
            ],
            [
              73.85763157894736,
              18.468684210526316
            ],
            [
              73.85763157894736,
              18.478684210526314
            ],
            [
              73.84763157894737,
              18.478684210526314
            ],
            [
              73.84763157894737,
              18.468684210526316
            ]
          ]
        ]
      },
      "properties": {
        "cell_id": "R07C05",
        "row": 7,
        "col": 5,
        "week": 8,
        "week_label": "Wk8",
        "date_start": "2024-07-20",
        "date_end": "2024-07-26",
        "phase": "post",
        "avg_risk": 0.4034,
        "avg_gt": 0.1023,
        "risk_category": 1,
        "risk_category_label": "Medium"
      }
    },
    {
      "type": "Feature",
      "geometry": {
        "type": "Polygon",
        "coordinates": [
          [
            [
              73.85815789473685,
              18.468684210526316
            ],
            [
              73.86815789473684,
              18.468684210526316
            ],
            [
              73.86815789473684,
              18.478684210526314
            ],
            [
              73.85815789473685,
              18.478684210526314
            ],
            [
              73.85815789473685,
              18.468684210526316
            ]
          ]
        ]
      },
      "properties": {
        "cell_id": "R07C06",
        "row": 7,
        "col": 6,
        "week": 8,
        "week_label": "Wk8",
        "date_start": "2024-07-20",
        "date_end": "2024-07-26",
        "phase": "post",
        "avg_risk": 0.4119,
        "avg_gt": 0.119,
        "risk_category": 1,
        "risk_category_label": "Medium"
      }
    },
    {
      "type": "Feature",
      "geometry": {
        "type": "Polygon",
        "coordinates": [
          [
            [
              73.86868421052633,
              18.468684210526316
            ],
            [
              73.87868421052632,
              18.468684210526316
            ],
            [
              73.87868421052632,
              18.478684210526314
            ],
            [
              73.86868421052633,
              18.478684210526314
            ],
            [
              73.86868421052633,
              18.468684210526316
            ]
          ]
        ]
      },
      "properties": {
        "cell_id": "R07C07",
        "row": 7,
        "col": 7,
        "week": 8,
        "week_label": "Wk8",
        "date_start": "2024-07-20",
        "date_end": "2024-07-26",
        "phase": "post",
        "avg_risk": 0.4145,
        "avg_gt": 0.1345,
        "risk_category": 1,
        "risk_category_label": "Medium"
      }
    },
    {
      "type": "Feature",
      "geometry": {
        "type": "Polygon",
        "coordinates": [
          [
            [
              73.87921052631579,
              18.468684210526316
            ],
            [
              73.88921052631578,
              18.468684210526316
            ],
            [
              73.88921052631578,
              18.478684210526314
            ],
            [
              73.87921052631579,
              18.478684210526314
            ],
            [
              73.87921052631579,
              18.468684210526316
            ]
          ]
        ]
      },
      "properties": {
        "cell_id": "R07C08",
        "row": 7,
        "col": 8,
        "week": 8,
        "week_label": "Wk8",
        "date_start": "2024-07-20",
        "date_end": "2024-07-26",
        "phase": "post",
        "avg_risk": 0.4153,
        "avg_gt": 0.1363,
        "risk_category": 1,
        "risk_category_label": "Medium"
      }
    },
    {
      "type": "Feature",
      "geometry": {
        "type": "Polygon",
        "coordinates": [
          [
            [
              73.88973684210526,
              18.468684210526316
            ],
            [
              73.89973684210526,
              18.468684210526316
            ],
            [
              73.89973684210526,
              18.478684210526314
            ],
            [
              73.88973684210526,
              18.478684210526314
            ],
            [
              73.88973684210526,
              18.468684210526316
            ]
          ]
        ]
      },
      "properties": {
        "cell_id": "R07C09",
        "row": 7,
        "col": 9,
        "week": 8,
        "week_label": "Wk8",
        "date_start": "2024-07-20",
        "date_end": "2024-07-26",
        "phase": "post",
        "avg_risk": 0.4153,
        "avg_gt": 0.1151,
        "risk_category": 1,
        "risk_category_label": "Medium"
      }
    },
    {
      "type": "Feature",
      "geometry": {
        "type": "Polygon",
        "coordinates": [
          [
            [
              73.90026315789474,
              18.468684210526316
            ],
            [
              73.91026315789473,
              18.468684210526316
            ],
            [
              73.91026315789473,
              18.478684210526314
            ],
            [
              73.90026315789474,
              18.478684210526314
            ],
            [
              73.90026315789474,
              18.468684210526316
            ]
          ]
        ]
      },
      "properties": {
        "cell_id": "R07C10",
        "row": 7,
        "col": 10,
        "week": 8,
        "week_label": "Wk8",
        "date_start": "2024-07-20",
        "date_end": "2024-07-26",
        "phase": "post",
        "avg_risk": 0.4122,
        "avg_gt": 0.0778,
        "risk_category": 1,
        "risk_category_label": "Medium"
      }
    },
    {
      "type": "Feature",
      "geometry": {
        "type": "Polygon",
        "coordinates": [
          [
            [
              73.91078947368422,
              18.468684210526316
            ],
            [
              73.92078947368421,
              18.468684210526316
            ],
            [
              73.92078947368421,
              18.478684210526314
            ],
            [
              73.91078947368422,
              18.478684210526314
            ],
            [
              73.91078947368422,
              18.468684210526316
            ]
          ]
        ]
      },
      "properties": {
        "cell_id": "R07C11",
        "row": 7,
        "col": 11,
        "week": 8,
        "week_label": "Wk8",
        "date_start": "2024-07-20",
        "date_end": "2024-07-26",
        "phase": "post",
        "avg_risk": 0.399,
        "avg_gt": 0.0416,
        "risk_category": 1,
        "risk_category_label": "Medium"
      }
    },
    {
      "type": "Feature",
      "geometry": {
        "type": "Polygon",
        "coordinates": [
          [
            [
              73.92131578947368,
              18.468684210526316
            ],
            [
              73.93131578947367,
              18.468684210526316
            ],
            [
              73.93131578947367,
              18.478684210526314
            ],
            [
              73.92131578947368,
              18.478684210526314
            ],
            [
              73.92131578947368,
              18.468684210526316
            ]
          ]
        ]
      },
      "properties": {
        "cell_id": "R07C12",
        "row": 7,
        "col": 12,
        "week": 8,
        "week_label": "Wk8",
        "date_start": "2024-07-20",
        "date_end": "2024-07-26",
        "phase": "post",
        "avg_risk": 0.3676,
        "avg_gt": 0.0179,
        "risk_category": 1,
        "risk_category_label": "Medium"
      }
    },
    {
      "type": "Feature",
      "geometry": {
        "type": "Polygon",
        "coordinates": [
          [
            [
              73.93184210526316,
              18.468684210526316
            ],
            [
              73.94184210526315,
              18.468684210526316
            ],
            [
              73.94184210526315,
              18.478684210526314
            ],
            [
              73.93184210526316,
              18.478684210526314
            ],
            [
              73.93184210526316,
              18.468684210526316
            ]
          ]
        ]
      },
      "properties": {
        "cell_id": "R07C13",
        "row": 7,
        "col": 13,
        "week": 8,
        "week_label": "Wk8",
        "date_start": "2024-07-20",
        "date_end": "2024-07-26",
        "phase": "post",
        "avg_risk": 0.3168,
        "avg_gt": 0.0068,
        "risk_category": 1,
        "risk_category_label": "Medium"
      }
    },
    {
      "type": "Feature",
      "geometry": {
        "type": "Polygon",
        "coordinates": [
          [
            [
              73.94236842105263,
              18.468684210526316
            ],
            [
              73.95236842105263,
              18.468684210526316
            ],
            [
              73.95236842105263,
              18.478684210526314
            ],
            [
              73.94236842105263,
              18.478684210526314
            ],
            [
              73.94236842105263,
              18.468684210526316
            ]
          ]
        ]
      },
      "properties": {
        "cell_id": "R07C14",
        "row": 7,
        "col": 14,
        "week": 8,
        "week_label": "Wk8",
        "date_start": "2024-07-20",
        "date_end": "2024-07-26",
        "phase": "post",
        "avg_risk": 0.256,
        "avg_gt": 0.0032,
        "risk_category": 1,
        "risk_category_label": "Medium"
      }
    },
    {
      "type": "Feature",
      "geometry": {
        "type": "Polygon",
        "coordinates": [
          [
            [
              73.95289473684211,
              18.468684210526316
            ],
            [
              73.9628947368421,
              18.468684210526316
            ],
            [
              73.9628947368421,
              18.478684210526314
            ],
            [
              73.95289473684211,
              18.478684210526314
            ],
            [
              73.95289473684211,
              18.468684210526316
            ]
          ]
        ]
      },
      "properties": {
        "cell_id": "R07C15",
        "row": 7,
        "col": 15,
        "week": 8,
        "week_label": "Wk8",
        "date_start": "2024-07-20",
        "date_end": "2024-07-26",
        "phase": "post",
        "avg_risk": 0.2028,
        "avg_gt": 0.0024,
        "risk_category": 1,
        "risk_category_label": "Medium"
      }
    },
    {
      "type": "Feature",
      "geometry": {
        "type": "Polygon",
        "coordinates": [
          [
            [
              73.96342105263159,
              18.468684210526316
            ],
            [
              73.97342105263158,
              18.468684210526316
            ],
            [
              73.97342105263158,
              18.478684210526314
            ],
            [
              73.96342105263159,
              18.478684210526314
            ],
            [
              73.96342105263159,
              18.468684210526316
            ]
          ]
        ]
      },
      "properties": {
        "cell_id": "R07C16",
        "row": 7,
        "col": 16,
        "week": 8,
        "week_label": "Wk8",
        "date_start": "2024-07-20",
        "date_end": "2024-07-26",
        "phase": "post",
        "avg_risk": 0.1686,
        "avg_gt": 0.0021,
        "risk_category": 1,
        "risk_category_label": "Medium"
      }
    },
    {
      "type": "Feature",
      "geometry": {
        "type": "Polygon",
        "coordinates": [
          [
            [
              73.97394736842105,
              18.468684210526316
            ],
            [
              73.98394736842104,
              18.468684210526316
            ],
            [
              73.98394736842104,
              18.478684210526314
            ],
            [
              73.97394736842105,
              18.478684210526314
            ],
            [
              73.97394736842105,
              18.468684210526316
            ]
          ]
        ]
      },
      "properties": {
        "cell_id": "R07C17",
        "row": 7,
        "col": 17,
        "week": 8,
        "week_label": "Wk8",
        "date_start": "2024-07-20",
        "date_end": "2024-07-26",
        "phase": "post",
        "avg_risk": 0.1531,
        "avg_gt": 0.0018,
        "risk_category": 1,
        "risk_category_label": "Medium"
      }
    },
    {
      "type": "Feature",
      "geometry": {
        "type": "Polygon",
        "coordinates": [
          [
            [
              73.98447368421053,
              18.468684210526316
            ],
            [
              73.99447368421052,
              18.468684210526316
            ],
            [
              73.99447368421052,
              18.478684210526314
            ],
            [
              73.98447368421053,
              18.478684210526314
            ],
            [
              73.98447368421053,
              18.468684210526316
            ]
          ]
        ]
      },
      "properties": {
        "cell_id": "R07C18",
        "row": 7,
        "col": 18,
        "week": 8,
        "week_label": "Wk8",
        "date_start": "2024-07-20",
        "date_end": "2024-07-26",
        "phase": "post",
        "avg_risk": 0.1512,
        "avg_gt": 0.0013,
        "risk_category": 1,
        "risk_category_label": "Medium"
      }
    },
    {
      "type": "Feature",
      "geometry": {
        "type": "Polygon",
        "coordinates": [
          [
            [
              73.995,
              18.468684210526316
            ],
            [
              74.005,
              18.468684210526316
            ],
            [
              74.005,
              18.478684210526314
            ],
            [
              73.995,
              18.478684210526314
            ],
            [
              73.995,
              18.468684210526316
            ]
          ]
        ]
      },
      "properties": {
        "cell_id": "R07C19",
        "row": 7,
        "col": 19,
        "week": 8,
        "week_label": "Wk8",
        "date_start": "2024-07-20",
        "date_end": "2024-07-26",
        "phase": "post",
        "avg_risk": 0.1588,
        "avg_gt": 0.0008,
        "risk_category": 1,
        "risk_category_label": "Medium"
      }
    },
    {
      "type": "Feature",
      "geometry": {
        "type": "Polygon",
        "coordinates": [
          [
            [
              73.795,
              18.47921052631579
            ],
            [
              73.80499999999999,
              18.47921052631579
            ],
            [
              73.80499999999999,
              18.489210526315787
            ],
            [
              73.795,
              18.489210526315787
            ],
            [
              73.795,
              18.47921052631579
            ]
          ]
        ]
      },
      "properties": {
        "cell_id": "R08C00",
        "row": 8,
        "col": 0,
        "week": 8,
        "week_label": "Wk8",
        "date_start": "2024-07-20",
        "date_end": "2024-07-26",
        "phase": "post",
        "avg_risk": 0.199,
        "avg_gt": 0.004,
        "risk_category": 1,
        "risk_category_label": "Medium"
      }
    },
    {
      "type": "Feature",
      "geometry": {
        "type": "Polygon",
        "coordinates": [
          [
            [
              73.80552631578948,
              18.47921052631579
            ],
            [
              73.81552631578947,
              18.47921052631579
            ],
            [
              73.81552631578947,
              18.489210526315787
            ],
            [
              73.80552631578948,
              18.489210526315787
            ],
            [
              73.80552631578948,
              18.47921052631579
            ]
          ]
        ]
      },
      "properties": {
        "cell_id": "R08C01",
        "row": 8,
        "col": 1,
        "week": 8,
        "week_label": "Wk8",
        "date_start": "2024-07-20",
        "date_end": "2024-07-26",
        "phase": "post",
        "avg_risk": 0.2465,
        "avg_gt": 0.0099,
        "risk_category": 1,
        "risk_category_label": "Medium"
      }
    },
    {
      "type": "Feature",
      "geometry": {
        "type": "Polygon",
        "coordinates": [
          [
            [
              73.81605263157896,
              18.47921052631579
            ],
            [
              73.82605263157895,
              18.47921052631579
            ],
            [
              73.82605263157895,
              18.489210526315787
            ],
            [
              73.81605263157896,
              18.489210526315787
            ],
            [
              73.81605263157896,
              18.47921052631579
            ]
          ]
        ]
      },
      "properties": {
        "cell_id": "R08C02",
        "row": 8,
        "col": 2,
        "week": 8,
        "week_label": "Wk8",
        "date_start": "2024-07-20",
        "date_end": "2024-07-26",
        "phase": "post",
        "avg_risk": 0.3061,
        "avg_gt": 0.0201,
        "risk_category": 1,
        "risk_category_label": "Medium"
      }
    },
    {
      "type": "Feature",
      "geometry": {
        "type": "Polygon",
        "coordinates": [
          [
            [
              73.82657894736842,
              18.47921052631579
            ],
            [
              73.83657894736841,
              18.47921052631579
            ],
            [
              73.83657894736841,
              18.489210526315787
            ],
            [
              73.82657894736842,
              18.489210526315787
            ],
            [
              73.82657894736842,
              18.47921052631579
            ]
          ]
        ]
      },
      "properties": {
        "cell_id": "R08C03",
        "row": 8,
        "col": 3,
        "week": 8,
        "week_label": "Wk8",
        "date_start": "2024-07-20",
        "date_end": "2024-07-26",
        "phase": "post",
        "avg_risk": 0.3601,
        "avg_gt": 0.0359,
        "risk_category": 1,
        "risk_category_label": "Medium"
      }
    },
    {
      "type": "Feature",
      "geometry": {
        "type": "Polygon",
        "coordinates": [
          [
            [
              73.8371052631579,
              18.47921052631579
            ],
            [
              73.84710526315789,
              18.47921052631579
            ],
            [
              73.84710526315789,
              18.489210526315787
            ],
            [
              73.8371052631579,
              18.489210526315787
            ],
            [
              73.8371052631579,
              18.47921052631579
            ]
          ]
        ]
      },
      "properties": {
        "cell_id": "R08C04",
        "row": 8,
        "col": 4,
        "week": 8,
        "week_label": "Wk8",
        "date_start": "2024-07-20",
        "date_end": "2024-07-26",
        "phase": "post",
        "avg_risk": 0.3952,
        "avg_gt": 0.0609,
        "risk_category": 1,
        "risk_category_label": "Medium"
      }
    },
    {
      "type": "Feature",
      "geometry": {
        "type": "Polygon",
        "coordinates": [
          [
            [
              73.84763157894737,
              18.47921052631579
            ],
            [
              73.85763157894736,
              18.47921052631579
            ],
            [
              73.85763157894736,
              18.489210526315787
            ],
            [
              73.84763157894737,
              18.489210526315787
            ],
            [
              73.84763157894737,
              18.47921052631579
            ]
          ]
        ]
      },
      "properties": {
        "cell_id": "R08C05",
        "row": 8,
        "col": 5,
        "week": 8,
        "week_label": "Wk8",
        "date_start": "2024-07-20",
        "date_end": "2024-07-26",
        "phase": "post",
        "avg_risk": 0.4117,
        "avg_gt": 0.1024,
        "risk_category": 1,
        "risk_category_label": "Medium"
      }
    },
    {
      "type": "Feature",
      "geometry": {
        "type": "Polygon",
        "coordinates": [
          [
            [
              73.85815789473685,
              18.47921052631579
            ],
            [
              73.86815789473684,
              18.47921052631579
            ],
            [
              73.86815789473684,
              18.489210526315787
            ],
            [
              73.85815789473685,
              18.489210526315787
            ],
            [
              73.85815789473685,
              18.47921052631579
            ]
          ]
        ]
      },
      "properties": {
        "cell_id": "R08C06",
        "row": 8,
        "col": 6,
        "week": 8,
        "week_label": "Wk8",
        "date_start": "2024-07-20",
        "date_end": "2024-07-26",
        "phase": "post",
        "avg_risk": 0.4171,
        "avg_gt": 0.1613,
        "risk_category": 1,
        "risk_category_label": "Medium"
      }
    },
    {
      "type": "Feature",
      "geometry": {
        "type": "Polygon",
        "coordinates": [
          [
            [
              73.86868421052633,
              18.47921052631579
            ],
            [
              73.87868421052632,
              18.47921052631579
            ],
            [
              73.87868421052632,
              18.489210526315787
            ],
            [
              73.86868421052633,
              18.489210526315787
            ],
            [
              73.86868421052633,
              18.47921052631579
            ]
          ]
        ]
      },
      "properties": {
        "cell_id": "R08C07",
        "row": 8,
        "col": 7,
        "week": 8,
        "week_label": "Wk8",
        "date_start": "2024-07-20",
        "date_end": "2024-07-26",
        "phase": "post",
        "avg_risk": 0.4181,
        "avg_gt": 0.2187,
        "risk_category": 1,
        "risk_category_label": "Medium"
      }
    },
    {
      "type": "Feature",
      "geometry": {
        "type": "Polygon",
        "coordinates": [
          [
            [
              73.87921052631579,
              18.47921052631579
            ],
            [
              73.88921052631578,
              18.47921052631579
            ],
            [
              73.88921052631578,
              18.489210526315787
            ],
            [
              73.87921052631579,
              18.489210526315787
            ],
            [
              73.87921052631579,
              18.47921052631579
            ]
          ]
        ]
      },
      "properties": {
        "cell_id": "R08C08",
        "row": 8,
        "col": 8,
        "week": 8,
        "week_label": "Wk8",
        "date_start": "2024-07-20",
        "date_end": "2024-07-26",
        "phase": "post",
        "avg_risk": 0.4187,
        "avg_gt": 0.2411,
        "risk_category": 1,
        "risk_category_label": "Medium"
      }
    },
    {
      "type": "Feature",
      "geometry": {
        "type": "Polygon",
        "coordinates": [
          [
            [
              73.88973684210526,
              18.47921052631579
            ],
            [
              73.89973684210526,
              18.47921052631579
            ],
            [
              73.89973684210526,
              18.489210526315787
            ],
            [
              73.88973684210526,
              18.489210526315787
            ],
            [
              73.88973684210526,
              18.47921052631579
            ]
          ]
        ]
      },
      "properties": {
        "cell_id": "R08C09",
        "row": 8,
        "col": 9,
        "week": 8,
        "week_label": "Wk8",
        "date_start": "2024-07-20",
        "date_end": "2024-07-26",
        "phase": "post",
        "avg_risk": 0.4199,
        "avg_gt": 0.2107,
        "risk_category": 1,
        "risk_category_label": "Medium"
      }
    },
    {
      "type": "Feature",
      "geometry": {
        "type": "Polygon",
        "coordinates": [
          [
            [
              73.90026315789474,
              18.47921052631579
            ],
            [
              73.91026315789473,
              18.47921052631579
            ],
            [
              73.91026315789473,
              18.489210526315787
            ],
            [
              73.90026315789474,
              18.489210526315787
            ],
            [
              73.90026315789474,
              18.47921052631579
            ]
          ]
        ]
      },
      "properties": {
        "cell_id": "R08C10",
        "row": 8,
        "col": 10,
        "week": 8,
        "week_label": "Wk8",
        "date_start": "2024-07-20",
        "date_end": "2024-07-26",
        "phase": "post",
        "avg_risk": 0.4201,
        "avg_gt": 0.1446,
        "risk_category": 1,
        "risk_category_label": "Medium"
      }
    },
    {
      "type": "Feature",
      "geometry": {
        "type": "Polygon",
        "coordinates": [
          [
            [
              73.91078947368422,
              18.47921052631579
            ],
            [
              73.92078947368421,
              18.47921052631579
            ],
            [
              73.92078947368421,
              18.489210526315787
            ],
            [
              73.91078947368422,
              18.489210526315787
            ],
            [
              73.91078947368422,
              18.47921052631579
            ]
          ]
        ]
      },
      "properties": {
        "cell_id": "R08C11",
        "row": 8,
        "col": 11,
        "week": 8,
        "week_label": "Wk8",
        "date_start": "2024-07-20",
        "date_end": "2024-07-26",
        "phase": "post",
        "avg_risk": 0.4133,
        "avg_gt": 0.0785,
        "risk_category": 1,
        "risk_category_label": "Medium"
      }
    },
    {
      "type": "Feature",
      "geometry": {
        "type": "Polygon",
        "coordinates": [
          [
            [
              73.92131578947368,
              18.47921052631579
            ],
            [
              73.93131578947367,
              18.47921052631579
            ],
            [
              73.93131578947367,
              18.489210526315787
            ],
            [
              73.92131578947368,
              18.489210526315787
            ],
            [
              73.92131578947368,
              18.47921052631579
            ]
          ]
        ]
      },
      "properties": {
        "cell_id": "R08C12",
        "row": 8,
        "col": 12,
        "week": 8,
        "week_label": "Wk8",
        "date_start": "2024-07-20",
        "date_end": "2024-07-26",
        "phase": "post",
        "avg_risk": 0.3904,
        "avg_gt": 0.0356,
        "risk_category": 1,
        "risk_category_label": "Medium"
      }
    },
    {
      "type": "Feature",
      "geometry": {
        "type": "Polygon",
        "coordinates": [
          [
            [
              73.93184210526316,
              18.47921052631579
            ],
            [
              73.94184210526315,
              18.47921052631579
            ],
            [
              73.94184210526315,
              18.489210526315787
            ],
            [
              73.93184210526316,
              18.489210526315787
            ],
            [
              73.93184210526316,
              18.47921052631579
            ]
          ]
        ]
      },
      "properties": {
        "cell_id": "R08C13",
        "row": 8,
        "col": 13,
        "week": 8,
        "week_label": "Wk8",
        "date_start": "2024-07-20",
        "date_end": "2024-07-26",
        "phase": "post",
        "avg_risk": 0.3437,
        "avg_gt": 0.0169,
        "risk_category": 1,
        "risk_category_label": "Medium"
      }
    },
    {
      "type": "Feature",
      "geometry": {
        "type": "Polygon",
        "coordinates": [
          [
            [
              73.94236842105263,
              18.47921052631579
            ],
            [
              73.95236842105263,
              18.47921052631579
            ],
            [
              73.95236842105263,
              18.489210526315787
            ],
            [
              73.94236842105263,
              18.489210526315787
            ],
            [
              73.94236842105263,
              18.47921052631579
            ]
          ]
        ]
      },
      "properties": {
        "cell_id": "R08C14",
        "row": 8,
        "col": 14,
        "week": 8,
        "week_label": "Wk8",
        "date_start": "2024-07-20",
        "date_end": "2024-07-26",
        "phase": "post",
        "avg_risk": 0.2785,
        "avg_gt": 0.012,
        "risk_category": 1,
        "risk_category_label": "Medium"
      }
    },
    {
      "type": "Feature",
      "geometry": {
        "type": "Polygon",
        "coordinates": [
          [
            [
              73.95289473684211,
              18.47921052631579
            ],
            [
              73.9628947368421,
              18.47921052631579
            ],
            [
              73.9628947368421,
              18.489210526315787
            ],
            [
              73.95289473684211,
              18.489210526315787
            ],
            [
              73.95289473684211,
              18.47921052631579
            ]
          ]
        ]
      },
      "properties": {
        "cell_id": "R08C15",
        "row": 8,
        "col": 15,
        "week": 8,
        "week_label": "Wk8",
        "date_start": "2024-07-20",
        "date_end": "2024-07-26",
        "phase": "post",
        "avg_risk": 0.2165,
        "avg_gt": 0.0112,
        "risk_category": 1,
        "risk_category_label": "Medium"
      }
    },
    {
      "type": "Feature",
      "geometry": {
        "type": "Polygon",
        "coordinates": [
          [
            [
              73.96342105263159,
              18.47921052631579
            ],
            [
              73.97342105263158,
              18.47921052631579
            ],
            [
              73.97342105263158,
              18.489210526315787
            ],
            [
              73.96342105263159,
              18.489210526315787
            ],
            [
              73.96342105263159,
              18.47921052631579
            ]
          ]
        ]
      },
      "properties": {
        "cell_id": "R08C16",
        "row": 8,
        "col": 16,
        "week": 8,
        "week_label": "Wk8",
        "date_start": "2024-07-20",
        "date_end": "2024-07-26",
        "phase": "post",
        "avg_risk": 0.1746,
        "avg_gt": 0.0095,
        "risk_category": 1,
        "risk_category_label": "Medium"
      }
    },
    {
      "type": "Feature",
      "geometry": {
        "type": "Polygon",
        "coordinates": [
          [
            [
              73.97394736842105,
              18.47921052631579
            ],
            [
              73.98394736842104,
              18.47921052631579
            ],
            [
              73.98394736842104,
              18.489210526315787
            ],
            [
              73.97394736842105,
              18.489210526315787
            ],
            [
              73.97394736842105,
              18.47921052631579
            ]
          ]
        ]
      },
      "properties": {
        "cell_id": "R08C17",
        "row": 8,
        "col": 17,
        "week": 8,
        "week_label": "Wk8",
        "date_start": "2024-07-20",
        "date_end": "2024-07-26",
        "phase": "post",
        "avg_risk": 0.1549,
        "avg_gt": 0.0065,
        "risk_category": 1,
        "risk_category_label": "Medium"
      }
    },
    {
      "type": "Feature",
      "geometry": {
        "type": "Polygon",
        "coordinates": [
          [
            [
              73.98447368421053,
              18.47921052631579
            ],
            [
              73.99447368421052,
              18.47921052631579
            ],
            [
              73.99447368421052,
              18.489210526315787
            ],
            [
              73.98447368421053,
              18.489210526315787
            ],
            [
              73.98447368421053,
              18.47921052631579
            ]
          ]
        ]
      },
      "properties": {
        "cell_id": "R08C18",
        "row": 8,
        "col": 18,
        "week": 8,
        "week_label": "Wk8",
        "date_start": "2024-07-20",
        "date_end": "2024-07-26",
        "phase": "post",
        "avg_risk": 0.151,
        "avg_gt": 0.0035,
        "risk_category": 1,
        "risk_category_label": "Medium"
      }
    },
    {
      "type": "Feature",
      "geometry": {
        "type": "Polygon",
        "coordinates": [
          [
            [
              73.995,
              18.47921052631579
            ],
            [
              74.005,
              18.47921052631579
            ],
            [
              74.005,
              18.489210526315787
            ],
            [
              73.995,
              18.489210526315787
            ],
            [
              73.995,
              18.47921052631579
            ]
          ]
        ]
      },
      "properties": {
        "cell_id": "R08C19",
        "row": 8,
        "col": 19,
        "week": 8,
        "week_label": "Wk8",
        "date_start": "2024-07-20",
        "date_end": "2024-07-26",
        "phase": "post",
        "avg_risk": 0.1553,
        "avg_gt": 0.0015,
        "risk_category": 1,
        "risk_category_label": "Medium"
      }
    },
    {
      "type": "Feature",
      "geometry": {
        "type": "Polygon",
        "coordinates": [
          [
            [
              73.795,
              18.489736842105263
            ],
            [
              73.80499999999999,
              18.489736842105263
            ],
            [
              73.80499999999999,
              18.49973684210526
            ],
            [
              73.795,
              18.49973684210526
            ],
            [
              73.795,
              18.489736842105263
            ]
          ]
        ]
      },
      "properties": {
        "cell_id": "R09C00",
        "row": 9,
        "col": 0,
        "week": 8,
        "week_label": "Wk8",
        "date_start": "2024-07-20",
        "date_end": "2024-07-26",
        "phase": "post",
        "avg_risk": 0.1939,
        "avg_gt": 0.0014,
        "risk_category": 1,
        "risk_category_label": "Medium"
      }
    },
    {
      "type": "Feature",
      "geometry": {
        "type": "Polygon",
        "coordinates": [
          [
            [
              73.80552631578948,
              18.489736842105263
            ],
            [
              73.81552631578947,
              18.489736842105263
            ],
            [
              73.81552631578947,
              18.49973684210526
            ],
            [
              73.80552631578948,
              18.49973684210526
            ],
            [
              73.80552631578948,
              18.489736842105263
            ]
          ]
        ]
      },
      "properties": {
        "cell_id": "R09C01",
        "row": 9,
        "col": 1,
        "week": 8,
        "week_label": "Wk8",
        "date_start": "2024-07-20",
        "date_end": "2024-07-26",
        "phase": "post",
        "avg_risk": 0.251,
        "avg_gt": 0.0038,
        "risk_category": 1,
        "risk_category_label": "Medium"
      }
    },
    {
      "type": "Feature",
      "geometry": {
        "type": "Polygon",
        "coordinates": [
          [
            [
              73.81605263157896,
              18.489736842105263
            ],
            [
              73.82605263157895,
              18.489736842105263
            ],
            [
              73.82605263157895,
              18.49973684210526
            ],
            [
              73.81605263157896,
              18.49973684210526
            ],
            [
              73.81605263157896,
              18.489736842105263
            ]
          ]
        ]
      },
      "properties": {
        "cell_id": "R09C02",
        "row": 9,
        "col": 2,
        "week": 8,
        "week_label": "Wk8",
        "date_start": "2024-07-20",
        "date_end": "2024-07-26",
        "phase": "post",
        "avg_risk": 0.3143,
        "avg_gt": 0.0095,
        "risk_category": 1,
        "risk_category_label": "Medium"
      }
    },
    {
      "type": "Feature",
      "geometry": {
        "type": "Polygon",
        "coordinates": [
          [
            [
              73.82657894736842,
              18.489736842105263
            ],
            [
              73.83657894736841,
              18.489736842105263
            ],
            [
              73.83657894736841,
              18.49973684210526
            ],
            [
              73.82657894736842,
              18.49973684210526
            ],
            [
              73.82657894736842,
              18.489736842105263
            ]
          ]
        ]
      },
      "properties": {
        "cell_id": "R09C03",
        "row": 9,
        "col": 3,
        "week": 8,
        "week_label": "Wk8",
        "date_start": "2024-07-20",
        "date_end": "2024-07-26",
        "phase": "post",
        "avg_risk": 0.3684,
        "avg_gt": 0.0234,
        "risk_category": 1,
        "risk_category_label": "Medium"
      }
    },
    {
      "type": "Feature",
      "geometry": {
        "type": "Polygon",
        "coordinates": [
          [
            [
              73.8371052631579,
              18.489736842105263
            ],
            [
              73.84710526315789,
              18.489736842105263
            ],
            [
              73.84710526315789,
              18.49973684210526
            ],
            [
              73.8371052631579,
              18.49973684210526
            ],
            [
              73.8371052631579,
              18.489736842105263
            ]
          ]
        ]
      },
      "properties": {
        "cell_id": "R09C04",
        "row": 9,
        "col": 4,
        "week": 8,
        "week_label": "Wk8",
        "date_start": "2024-07-20",
        "date_end": "2024-07-26",
        "phase": "post",
        "avg_risk": 0.4016,
        "avg_gt": 0.0561,
        "risk_category": 1,
        "risk_category_label": "Medium"
      }
    },
    {
      "type": "Feature",
      "geometry": {
        "type": "Polygon",
        "coordinates": [
          [
            [
              73.84763157894737,
              18.489736842105263
            ],
            [
              73.85763157894736,
              18.489736842105263
            ],
            [
              73.85763157894736,
              18.49973684210526
            ],
            [
              73.84763157894737,
              18.49973684210526
            ],
            [
              73.84763157894737,
              18.489736842105263
            ]
          ]
        ]
      },
      "properties": {
        "cell_id": "R09C05",
        "row": 9,
        "col": 5,
        "week": 8,
        "week_label": "Wk8",
        "date_start": "2024-07-20",
        "date_end": "2024-07-26",
        "phase": "post",
        "avg_risk": 0.416,
        "avg_gt": 0.1203,
        "risk_category": 1,
        "risk_category_label": "Medium"
      }
    },
    {
      "type": "Feature",
      "geometry": {
        "type": "Polygon",
        "coordinates": [
          [
            [
              73.85815789473685,
              18.489736842105263
            ],
            [
              73.86815789473684,
              18.489736842105263
            ],
            [
              73.86815789473684,
              18.49973684210526
            ],
            [
              73.85815789473685,
              18.49973684210526
            ],
            [
              73.85815789473685,
              18.489736842105263
            ]
          ]
        ]
      },
      "properties": {
        "cell_id": "R09C06",
        "row": 9,
        "col": 6,
        "week": 8,
        "week_label": "Wk8",
        "date_start": "2024-07-20",
        "date_end": "2024-07-26",
        "phase": "post",
        "avg_risk": 0.4199,
        "avg_gt": 0.215,
        "risk_category": 1,
        "risk_category_label": "Medium"
      }
    },
    {
      "type": "Feature",
      "geometry": {
        "type": "Polygon",
        "coordinates": [
          [
            [
              73.86868421052633,
              18.489736842105263
            ],
            [
              73.87868421052632,
              18.489736842105263
            ],
            [
              73.87868421052632,
              18.49973684210526
            ],
            [
              73.86868421052633,
              18.49973684210526
            ],
            [
              73.86868421052633,
              18.489736842105263
            ]
          ]
        ]
      },
      "properties": {
        "cell_id": "R09C07",
        "row": 9,
        "col": 7,
        "week": 8,
        "week_label": "Wk8",
        "date_start": "2024-07-20",
        "date_end": "2024-07-26",
        "phase": "post",
        "avg_risk": 0.4201,
        "avg_gt": 0.3076,
        "risk_category": 1,
        "risk_category_label": "Medium"
      }
    },
    {
      "type": "Feature",
      "geometry": {
        "type": "Polygon",
        "coordinates": [
          [
            [
              73.87921052631579,
              18.489736842105263
            ],
            [
              73.88921052631578,
              18.489736842105263
            ],
            [
              73.88921052631578,
              18.49973684210526
            ],
            [
              73.87921052631579,
              18.49973684210526
            ],
            [
              73.87921052631579,
              18.489736842105263
            ]
          ]
        ]
      },
      "properties": {
        "cell_id": "R09C08",
        "row": 9,
        "col": 8,
        "week": 8,
        "week_label": "Wk8",
        "date_start": "2024-07-20",
        "date_end": "2024-07-26",
        "phase": "post",
        "avg_risk": 0.4205,
        "avg_gt": 0.3465,
        "risk_category": 1,
        "risk_category_label": "Medium"
      }
    },
    {
      "type": "Feature",
      "geometry": {
        "type": "Polygon",
        "coordinates": [
          [
            [
              73.88973684210526,
              18.489736842105263
            ],
            [
              73.89973684210526,
              18.489736842105263
            ],
            [
              73.89973684210526,
              18.49973684210526
            ],
            [
              73.88973684210526,
              18.49973684210526
            ],
            [
              73.88973684210526,
              18.489736842105263
            ]
          ]
        ]
      },
      "properties": {
        "cell_id": "R09C09",
        "row": 9,
        "col": 9,
        "week": 8,
        "week_label": "Wk8",
        "date_start": "2024-07-20",
        "date_end": "2024-07-26",
        "phase": "post",
        "avg_risk": 0.4222,
        "avg_gt": 0.3054,
        "risk_category": 1,
        "risk_category_label": "Medium"
      }
    },
    {
      "type": "Feature",
      "geometry": {
        "type": "Polygon",
        "coordinates": [
          [
            [
              73.90026315789474,
              18.489736842105263
            ],
            [
              73.91026315789473,
              18.489736842105263
            ],
            [
              73.91026315789473,
              18.49973684210526
            ],
            [
              73.90026315789474,
              18.49973684210526
            ],
            [
              73.90026315789474,
              18.489736842105263
            ]
          ]
        ]
      },
      "properties": {
        "cell_id": "R09C10",
        "row": 9,
        "col": 10,
        "week": 8,
        "week_label": "Wk8",
        "date_start": "2024-07-20",
        "date_end": "2024-07-26",
        "phase": "post",
        "avg_risk": 0.4238,
        "avg_gt": 0.2113,
        "risk_category": 1,
        "risk_category_label": "Medium"
      }
    },
    {
      "type": "Feature",
      "geometry": {
        "type": "Polygon",
        "coordinates": [
          [
            [
              73.91078947368422,
              18.489736842105263
            ],
            [
              73.92078947368421,
              18.489736842105263
            ],
            [
              73.92078947368421,
              18.49973684210526
            ],
            [
              73.91078947368422,
              18.49973684210526
            ],
            [
              73.91078947368422,
              18.489736842105263
            ]
          ]
        ]
      },
      "properties": {
        "cell_id": "R09C11",
        "row": 9,
        "col": 11,
        "week": 8,
        "week_label": "Wk8",
        "date_start": "2024-07-20",
        "date_end": "2024-07-26",
        "phase": "post",
        "avg_risk": 0.4205,
        "avg_gt": 0.1178,
        "risk_category": 1,
        "risk_category_label": "Medium"
      }
    },
    {
      "type": "Feature",
      "geometry": {
        "type": "Polygon",
        "coordinates": [
          [
            [
              73.92131578947368,
              18.489736842105263
            ],
            [
              73.93131578947367,
              18.489736842105263
            ],
            [
              73.93131578947367,
              18.49973684210526
            ],
            [
              73.92131578947368,
              18.49973684210526
            ],
            [
              73.92131578947368,
              18.489736842105263
            ]
          ]
        ]
      },
      "properties": {
        "cell_id": "R09C12",
        "row": 9,
        "col": 12,
        "week": 8,
        "week_label": "Wk8",
        "date_start": "2024-07-20",
        "date_end": "2024-07-26",
        "phase": "post",
        "avg_risk": 0.4021,
        "avg_gt": 0.0605,
        "risk_category": 1,
        "risk_category_label": "Medium"
      }
    },
    {
      "type": "Feature",
      "geometry": {
        "type": "Polygon",
        "coordinates": [
          [
            [
              73.93184210526316,
              18.489736842105263
            ],
            [
              73.94184210526315,
              18.489736842105263
            ],
            [
              73.94184210526315,
              18.49973684210526
            ],
            [
              73.93184210526316,
              18.49973684210526
            ],
            [
              73.93184210526316,
              18.489736842105263
            ]
          ]
        ]
      },
      "properties": {
        "cell_id": "R09C13",
        "row": 9,
        "col": 13,
        "week": 8,
        "week_label": "Wk8",
        "date_start": "2024-07-20",
        "date_end": "2024-07-26",
        "phase": "post",
        "avg_risk": 0.3589,
        "avg_gt": 0.0408,
        "risk_category": 1,
        "risk_category_label": "Medium"
      }
    },
    {
      "type": "Feature",
      "geometry": {
        "type": "Polygon",
        "coordinates": [
          [
            [
              73.94236842105263,
              18.489736842105263
            ],
            [
              73.95236842105263,
              18.489736842105263
            ],
            [
              73.95236842105263,
              18.49973684210526
            ],
            [
              73.94236842105263,
              18.49973684210526
            ],
            [
              73.94236842105263,
              18.489736842105263
            ]
          ]
        ]
      },
      "properties": {
        "cell_id": "R09C14",
        "row": 9,
        "col": 14,
        "week": 8,
        "week_label": "Wk8",
        "date_start": "2024-07-20",
        "date_end": "2024-07-26",
        "phase": "post",
        "avg_risk": 0.2909,
        "avg_gt": 0.0411,
        "risk_category": 1,
        "risk_category_label": "Medium"
      }
    },
    {
      "type": "Feature",
      "geometry": {
        "type": "Polygon",
        "coordinates": [
          [
            [
              73.95289473684211,
              18.489736842105263
            ],
            [
              73.9628947368421,
              18.489736842105263
            ],
            [
              73.9628947368421,
              18.49973684210526
            ],
            [
              73.95289473684211,
              18.49973684210526
            ],
            [
              73.95289473684211,
              18.489736842105263
            ]
          ]
        ]
      },
      "properties": {
        "cell_id": "R09C15",
        "row": 9,
        "col": 15,
        "week": 8,
        "week_label": "Wk8",
        "date_start": "2024-07-20",
        "date_end": "2024-07-26",
        "phase": "post",
        "avg_risk": 0.2224,
        "avg_gt": 0.0429,
        "risk_category": 1,
        "risk_category_label": "Medium"
      }
    },
    {
      "type": "Feature",
      "geometry": {
        "type": "Polygon",
        "coordinates": [
          [
            [
              73.96342105263159,
              18.489736842105263
            ],
            [
              73.97342105263158,
              18.489736842105263
            ],
            [
              73.97342105263158,
              18.49973684210526
            ],
            [
              73.96342105263159,
              18.49973684210526
            ],
            [
              73.96342105263159,
              18.489736842105263
            ]
          ]
        ]
      },
      "properties": {
        "cell_id": "R09C16",
        "row": 9,
        "col": 16,
        "week": 8,
        "week_label": "Wk8",
        "date_start": "2024-07-20",
        "date_end": "2024-07-26",
        "phase": "post",
        "avg_risk": 0.1733,
        "avg_gt": 0.0373,
        "risk_category": 1,
        "risk_category_label": "Medium"
      }
    },
    {
      "type": "Feature",
      "geometry": {
        "type": "Polygon",
        "coordinates": [
          [
            [
              73.97394736842105,
              18.489736842105263
            ],
            [
              73.98394736842104,
              18.489736842105263
            ],
            [
              73.98394736842104,
              18.49973684210526
            ],
            [
              73.97394736842105,
              18.49973684210526
            ],
            [
              73.97394736842105,
              18.489736842105263
            ]
          ]
        ]
      },
      "properties": {
        "cell_id": "R09C17",
        "row": 9,
        "col": 17,
        "week": 8,
        "week_label": "Wk8",
        "date_start": "2024-07-20",
        "date_end": "2024-07-26",
        "phase": "post",
        "avg_risk": 0.1493,
        "avg_gt": 0.0256,
        "risk_category": 0,
        "risk_category_label": "Low"
      }
    },
    {
      "type": "Feature",
      "geometry": {
        "type": "Polygon",
        "coordinates": [
          [
            [
              73.98447368421053,
              18.489736842105263
            ],
            [
              73.99447368421052,
              18.489736842105263
            ],
            [
              73.99447368421052,
              18.49973684210526
            ],
            [
              73.98447368421053,
              18.49973684210526
            ],
            [
              73.98447368421053,
              18.489736842105263
            ]
          ]
        ]
      },
      "properties": {
        "cell_id": "R09C18",
        "row": 9,
        "col": 18,
        "week": 8,
        "week_label": "Wk8",
        "date_start": "2024-07-20",
        "date_end": "2024-07-26",
        "phase": "post",
        "avg_risk": 0.1423,
        "avg_gt": 0.0137,
        "risk_category": 0,
        "risk_category_label": "Low"
      }
    },
    {
      "type": "Feature",
      "geometry": {
        "type": "Polygon",
        "coordinates": [
          [
            [
              73.995,
              18.489736842105263
            ],
            [
              74.005,
              18.489736842105263
            ],
            [
              74.005,
              18.49973684210526
            ],
            [
              73.995,
              18.49973684210526
            ],
            [
              73.995,
              18.489736842105263
            ]
          ]
        ]
      },
      "properties": {
        "cell_id": "R09C19",
        "row": 9,
        "col": 19,
        "week": 8,
        "week_label": "Wk8",
        "date_start": "2024-07-20",
        "date_end": "2024-07-26",
        "phase": "post",
        "avg_risk": 0.1412,
        "avg_gt": 0.0057,
        "risk_category": 0,
        "risk_category_label": "Low"
      }
    },
    {
      "type": "Feature",
      "geometry": {
        "type": "Polygon",
        "coordinates": [
          [
            [
              73.795,
              18.50026315789474
            ],
            [
              73.80499999999999,
              18.50026315789474
            ],
            [
              73.80499999999999,
              18.510263157894737
            ],
            [
              73.795,
              18.510263157894737
            ],
            [
              73.795,
              18.50026315789474
            ]
          ]
        ]
      },
      "properties": {
        "cell_id": "R10C00",
        "row": 10,
        "col": 0,
        "week": 8,
        "week_label": "Wk8",
        "date_start": "2024-07-20",
        "date_end": "2024-07-26",
        "phase": "post",
        "avg_risk": 0.1816,
        "avg_gt": 0.0005,
        "risk_category": 1,
        "risk_category_label": "Medium"
      }
    },
    {
      "type": "Feature",
      "geometry": {
        "type": "Polygon",
        "coordinates": [
          [
            [
              73.80552631578948,
              18.50026315789474
            ],
            [
              73.81552631578947,
              18.50026315789474
            ],
            [
              73.81552631578947,
              18.510263157894737
            ],
            [
              73.80552631578948,
              18.510263157894737
            ],
            [
              73.80552631578948,
              18.50026315789474
            ]
          ]
        ]
      },
      "properties": {
        "cell_id": "R10C01",
        "row": 10,
        "col": 1,
        "week": 8,
        "week_label": "Wk8",
        "date_start": "2024-07-20",
        "date_end": "2024-07-26",
        "phase": "post",
        "avg_risk": 0.2447,
        "avg_gt": 0.0017,
        "risk_category": 1,
        "risk_category_label": "Medium"
      }
    },
    {
      "type": "Feature",
      "geometry": {
        "type": "Polygon",
        "coordinates": [
          [
            [
              73.81605263157896,
              18.50026315789474
            ],
            [
              73.82605263157895,
              18.50026315789474
            ],
            [
              73.82605263157895,
              18.510263157894737
            ],
            [
              73.81605263157896,
              18.510263157894737
            ],
            [
              73.81605263157896,
              18.50026315789474
            ]
          ]
        ]
      },
      "properties": {
        "cell_id": "R10C02",
        "row": 10,
        "col": 2,
        "week": 8,
        "week_label": "Wk8",
        "date_start": "2024-07-20",
        "date_end": "2024-07-26",
        "phase": "post",
        "avg_risk": 0.3121,
        "avg_gt": 0.0059,
        "risk_category": 1,
        "risk_category_label": "Medium"
      }
    },
    {
      "type": "Feature",
      "geometry": {
        "type": "Polygon",
        "coordinates": [
          [
            [
              73.82657894736842,
              18.50026315789474
            ],
            [
              73.83657894736841,
              18.50026315789474
            ],
            [
              73.83657894736841,
              18.510263157894737
            ],
            [
              73.82657894736842,
              18.510263157894737
            ],
            [
              73.82657894736842,
              18.50026315789474
            ]
          ]
        ]
      },
      "properties": {
        "cell_id": "R10C03",
        "row": 10,
        "col": 3,
        "week": 8,
        "week_label": "Wk8",
        "date_start": "2024-07-20",
        "date_end": "2024-07-26",
        "phase": "post",
        "avg_risk": 0.369,
        "avg_gt": 0.0195,
        "risk_category": 1,
        "risk_category_label": "Medium"
      }
    },
    {
      "type": "Feature",
      "geometry": {
        "type": "Polygon",
        "coordinates": [
          [
            [
              73.8371052631579,
              18.50026315789474
            ],
            [
              73.84710526315789,
              18.50026315789474
            ],
            [
              73.84710526315789,
              18.510263157894737
            ],
            [
              73.8371052631579,
              18.510263157894737
            ],
            [
              73.8371052631579,
              18.50026315789474
            ]
          ]
        ]
      },
      "properties": {
        "cell_id": "R10C04",
        "row": 10,
        "col": 4,
        "week": 8,
        "week_label": "Wk8",
        "date_start": "2024-07-20",
        "date_end": "2024-07-26",
        "phase": "post",
        "avg_risk": 0.4036,
        "avg_gt": 0.0555,
        "risk_category": 1,
        "risk_category_label": "Medium"
      }
    },
    {
      "type": "Feature",
      "geometry": {
        "type": "Polygon",
        "coordinates": [
          [
            [
              73.84763157894737,
              18.50026315789474
            ],
            [
              73.85763157894736,
              18.50026315789474
            ],
            [
              73.85763157894736,
              18.510263157894737
            ],
            [
              73.84763157894737,
              18.510263157894737
            ],
            [
              73.84763157894737,
              18.50026315789474
            ]
          ]
        ]
      },
      "properties": {
        "cell_id": "R10C05",
        "row": 10,
        "col": 5,
        "week": 8,
        "week_label": "Wk8",
        "date_start": "2024-07-20",
        "date_end": "2024-07-26",
        "phase": "post",
        "avg_risk": 0.4182,
        "avg_gt": 0.1291,
        "risk_category": 1,
        "risk_category_label": "Medium"
      }
    },
    {
      "type": "Feature",
      "geometry": {
        "type": "Polygon",
        "coordinates": [
          [
            [
              73.85815789473685,
              18.50026315789474
            ],
            [
              73.86815789473684,
              18.50026315789474
            ],
            [
              73.86815789473684,
              18.510263157894737
            ],
            [
              73.85815789473685,
              18.510263157894737
            ],
            [
              73.85815789473685,
              18.50026315789474
            ]
          ]
        ]
      },
      "properties": {
        "cell_id": "R10C06",
        "row": 10,
        "col": 6,
        "week": 8,
        "week_label": "Wk8",
        "date_start": "2024-07-20",
        "date_end": "2024-07-26",
        "phase": "post",
        "avg_risk": 0.4219,
        "avg_gt": 0.2387,
        "risk_category": 1,
        "risk_category_label": "Medium"
      }
    },
    {
      "type": "Feature",
      "geometry": {
        "type": "Polygon",
        "coordinates": [
          [
            [
              73.86868421052633,
              18.50026315789474
            ],
            [
              73.87868421052632,
              18.50026315789474
            ],
            [
              73.87868421052632,
              18.510263157894737
            ],
            [
              73.86868421052633,
              18.510263157894737
            ],
            [
              73.86868421052633,
              18.50026315789474
            ]
          ]
        ]
      },
      "properties": {
        "cell_id": "R10C07",
        "row": 10,
        "col": 7,
        "week": 8,
        "week_label": "Wk8",
        "date_start": "2024-07-20",
        "date_end": "2024-07-26",
        "phase": "post",
        "avg_risk": 0.422,
        "avg_gt": 0.346,
        "risk_category": 1,
        "risk_category_label": "Medium"
      }
    },
    {
      "type": "Feature",
      "geometry": {
        "type": "Polygon",
        "coordinates": [
          [
            [
              73.87921052631579,
              18.50026315789474
            ],
            [
              73.88921052631578,
              18.50026315789474
            ],
            [
              73.88921052631578,
              18.510263157894737
            ],
            [
              73.87921052631579,
              18.510263157894737
            ],
            [
              73.87921052631579,
              18.50026315789474
            ]
          ]
        ]
      },
      "properties": {
        "cell_id": "R10C08",
        "row": 10,
        "col": 8,
        "week": 8,
        "week_label": "Wk8",
        "date_start": "2024-07-20",
        "date_end": "2024-07-26",
        "phase": "post",
        "avg_risk": 0.4223,
        "avg_gt": 0.3918,
        "risk_category": 1,
        "risk_category_label": "Medium"
      }
    },
    {
      "type": "Feature",
      "geometry": {
        "type": "Polygon",
        "coordinates": [
          [
            [
              73.88973684210526,
              18.50026315789474
            ],
            [
              73.89973684210526,
              18.50026315789474
            ],
            [
              73.89973684210526,
              18.510263157894737
            ],
            [
              73.88973684210526,
              18.510263157894737
            ],
            [
              73.88973684210526,
              18.50026315789474
            ]
          ]
        ]
      },
      "properties": {
        "cell_id": "R10C09",
        "row": 10,
        "col": 9,
        "week": 8,
        "week_label": "Wk8",
        "date_start": "2024-07-20",
        "date_end": "2024-07-26",
        "phase": "post",
        "avg_risk": 0.4239,
        "avg_gt": 0.3469,
        "risk_category": 1,
        "risk_category_label": "Medium"
      }
    },
    {
      "type": "Feature",
      "geometry": {
        "type": "Polygon",
        "coordinates": [
          [
            [
              73.90026315789474,
              18.50026315789474
            ],
            [
              73.91026315789473,
              18.50026315789474
            ],
            [
              73.91026315789473,
              18.510263157894737
            ],
            [
              73.90026315789474,
              18.510263157894737
            ],
            [
              73.90026315789474,
              18.50026315789474
            ]
          ]
        ]
      },
      "properties": {
        "cell_id": "R10C10",
        "row": 10,
        "col": 10,
        "week": 8,
        "week_label": "Wk8",
        "date_start": "2024-07-20",
        "date_end": "2024-07-26",
        "phase": "post",
        "avg_risk": 0.4258,
        "avg_gt": 0.2434,
        "risk_category": 1,
        "risk_category_label": "Medium"
      }
    },
    {
      "type": "Feature",
      "geometry": {
        "type": "Polygon",
        "coordinates": [
          [
            [
              73.91078947368422,
              18.50026315789474
            ],
            [
              73.92078947368421,
              18.50026315789474
            ],
            [
              73.92078947368421,
              18.510263157894737
            ],
            [
              73.91078947368422,
              18.510263157894737
            ],
            [
              73.91078947368422,
              18.50026315789474
            ]
          ]
        ]
      },
      "properties": {
        "cell_id": "R10C11",
        "row": 10,
        "col": 11,
        "week": 8,
        "week_label": "Wk8",
        "date_start": "2024-07-20",
        "date_end": "2024-07-26",
        "phase": "post",
        "avg_risk": 0.4234,
        "avg_gt": 0.1451,
        "risk_category": 1,
        "risk_category_label": "Medium"
      }
    },
    {
      "type": "Feature",
      "geometry": {
        "type": "Polygon",
        "coordinates": [
          [
            [
              73.92131578947368,
              18.50026315789474
            ],
            [
              73.93131578947367,
              18.50026315789474
            ],
            [
              73.93131578947367,
              18.510263157894737
            ],
            [
              73.92131578947368,
              18.510263157894737
            ],
            [
              73.92131578947368,
              18.50026315789474
            ]
          ]
        ]
      },
      "properties": {
        "cell_id": "R10C12",
        "row": 10,
        "col": 12,
        "week": 8,
        "week_label": "Wk8",
        "date_start": "2024-07-20",
        "date_end": "2024-07-26",
        "phase": "post",
        "avg_risk": 0.407,
        "avg_gt": 0.0958,
        "risk_category": 1,
        "risk_category_label": "Medium"
      }
    },
    {
      "type": "Feature",
      "geometry": {
        "type": "Polygon",
        "coordinates": [
          [
            [
              73.93184210526316,
              18.50026315789474
            ],
            [
              73.94184210526315,
              18.50026315789474
            ],
            [
              73.94184210526315,
              18.510263157894737
            ],
            [
              73.93184210526316,
              18.510263157894737
            ],
            [
              73.93184210526316,
              18.50026315789474
            ]
          ]
        ]
      },
      "properties": {
        "cell_id": "R10C13",
        "row": 10,
        "col": 13,
        "week": 8,
        "week_label": "Wk8",
        "date_start": "2024-07-20",
        "date_end": "2024-07-26",
        "phase": "post",
        "avg_risk": 0.3627,
        "avg_gt": 0.0966,
        "risk_category": 1,
        "risk_category_label": "Medium"
      }
    },
    {
      "type": "Feature",
      "geometry": {
        "type": "Polygon",
        "coordinates": [
          [
            [
              73.94236842105263,
              18.50026315789474
            ],
            [
              73.95236842105263,
              18.50026315789474
            ],
            [
              73.95236842105263,
              18.510263157894737
            ],
            [
              73.94236842105263,
              18.510263157894737
            ],
            [
              73.94236842105263,
              18.50026315789474
            ]
          ]
        ]
      },
      "properties": {
        "cell_id": "R10C14",
        "row": 10,
        "col": 14,
        "week": 8,
        "week_label": "Wk8",
        "date_start": "2024-07-20",
        "date_end": "2024-07-26",
        "phase": "post",
        "avg_risk": 0.2899,
        "avg_gt": 0.1194,
        "risk_category": 1,
        "risk_category_label": "Medium"
      }
    },
    {
      "type": "Feature",
      "geometry": {
        "type": "Polygon",
        "coordinates": [
          [
            [
              73.95289473684211,
              18.50026315789474
            ],
            [
              73.9628947368421,
              18.50026315789474
            ],
            [
              73.9628947368421,
              18.510263157894737
            ],
            [
              73.95289473684211,
              18.510263157894737
            ],
            [
              73.95289473684211,
              18.50026315789474
            ]
          ]
        ]
      },
      "properties": {
        "cell_id": "R10C15",
        "row": 10,
        "col": 15,
        "week": 8,
        "week_label": "Wk8",
        "date_start": "2024-07-20",
        "date_end": "2024-07-26",
        "phase": "post",
        "avg_risk": 0.2148,
        "avg_gt": 0.131,
        "risk_category": 1,
        "risk_category_label": "Medium"
      }
    },
    {
      "type": "Feature",
      "geometry": {
        "type": "Polygon",
        "coordinates": [
          [
            [
              73.96342105263159,
              18.50026315789474
            ],
            [
              73.97342105263158,
              18.50026315789474
            ],
            [
              73.97342105263158,
              18.510263157894737
            ],
            [
              73.96342105263159,
              18.510263157894737
            ],
            [
              73.96342105263159,
              18.50026315789474
            ]
          ]
        ]
      },
      "properties": {
        "cell_id": "R10C16",
        "row": 10,
        "col": 16,
        "week": 8,
        "week_label": "Wk8",
        "date_start": "2024-07-20",
        "date_end": "2024-07-26",
        "phase": "post",
        "avg_risk": 0.1612,
        "avg_gt": 0.1149,
        "risk_category": 1,
        "risk_category_label": "Medium"
      }
    },
    {
      "type": "Feature",
      "geometry": {
        "type": "Polygon",
        "coordinates": [
          [
            [
              73.97394736842105,
              18.50026315789474
            ],
            [
              73.98394736842104,
              18.50026315789474
            ],
            [
              73.98394736842104,
              18.510263157894737
            ],
            [
              73.97394736842105,
              18.510263157894737
            ],
            [
              73.97394736842105,
              18.50026315789474
            ]
          ]
        ]
      },
      "properties": {
        "cell_id": "R10C17",
        "row": 10,
        "col": 17,
        "week": 8,
        "week_label": "Wk8",
        "date_start": "2024-07-20",
        "date_end": "2024-07-26",
        "phase": "post",
        "avg_risk": 0.1357,
        "avg_gt": 0.0788,
        "risk_category": 0,
        "risk_category_label": "Low"
      }
    },
    {
      "type": "Feature",
      "geometry": {
        "type": "Polygon",
        "coordinates": [
          [
            [
              73.98447368421053,
              18.50026315789474
            ],
            [
              73.99447368421052,
              18.50026315789474
            ],
            [
              73.99447368421052,
              18.510263157894737
            ],
            [
              73.98447368421053,
              18.510263157894737
            ],
            [
              73.98447368421053,
              18.50026315789474
            ]
          ]
        ]
      },
      "properties": {
        "cell_id": "R10C18",
        "row": 10,
        "col": 18,
        "week": 8,
        "week_label": "Wk8",
        "date_start": "2024-07-20",
        "date_end": "2024-07-26",
        "phase": "post",
        "avg_risk": 0.1301,
        "avg_gt": 0.0422,
        "risk_category": 0,
        "risk_category_label": "Low"
      }
    },
    {
      "type": "Feature",
      "geometry": {
        "type": "Polygon",
        "coordinates": [
          [
            [
              73.995,
              18.50026315789474
            ],
            [
              74.005,
              18.50026315789474
            ],
            [
              74.005,
              18.510263157894737
            ],
            [
              73.995,
              18.510263157894737
            ],
            [
              73.995,
              18.50026315789474
            ]
          ]
        ]
      },
      "properties": {
        "cell_id": "R10C19",
        "row": 10,
        "col": 19,
        "week": 8,
        "week_label": "Wk8",
        "date_start": "2024-07-20",
        "date_end": "2024-07-26",
        "phase": "post",
        "avg_risk": 0.1262,
        "avg_gt": 0.0175,
        "risk_category": 0,
        "risk_category_label": "Low"
      }
    },
    {
      "type": "Feature",
      "geometry": {
        "type": "Polygon",
        "coordinates": [
          [
            [
              73.795,
              18.510789473684213
            ],
            [
              73.80499999999999,
              18.510789473684213
            ],
            [
              73.80499999999999,
              18.52078947368421
            ],
            [
              73.795,
              18.52078947368421
            ],
            [
              73.795,
              18.510789473684213
            ]
          ]
        ]
      },
      "properties": {
        "cell_id": "R11C00",
        "row": 11,
        "col": 0,
        "week": 8,
        "week_label": "Wk8",
        "date_start": "2024-07-20",
        "date_end": "2024-07-26",
        "phase": "post",
        "avg_risk": 0.1624,
        "avg_gt": 0.0006,
        "risk_category": 1,
        "risk_category_label": "Medium"
      }
    },
    {
      "type": "Feature",
      "geometry": {
        "type": "Polygon",
        "coordinates": [
          [
            [
              73.80552631578948,
              18.510789473684213
            ],
            [
              73.81552631578947,
              18.510789473684213
            ],
            [
              73.81552631578947,
              18.52078947368421
            ],
            [
              73.80552631578948,
              18.52078947368421
            ],
            [
              73.80552631578948,
              18.510789473684213
            ]
          ]
        ]
      },
      "properties": {
        "cell_id": "R11C01",
        "row": 11,
        "col": 1,
        "week": 8,
        "week_label": "Wk8",
        "date_start": "2024-07-20",
        "date_end": "2024-07-26",
        "phase": "post",
        "avg_risk": 0.2274,
        "avg_gt": 0.0018,
        "risk_category": 1,
        "risk_category_label": "Medium"
      }
    },
    {
      "type": "Feature",
      "geometry": {
        "type": "Polygon",
        "coordinates": [
          [
            [
              73.81605263157896,
              18.510789473684213
            ],
            [
              73.82605263157895,
              18.510789473684213
            ],
            [
              73.82605263157895,
              18.52078947368421
            ],
            [
              73.81605263157896,
              18.52078947368421
            ],
            [
              73.81605263157896,
              18.510789473684213
            ]
          ]
        ]
      },
      "properties": {
        "cell_id": "R11C02",
        "row": 11,
        "col": 2,
        "week": 8,
        "week_label": "Wk8",
        "date_start": "2024-07-20",
        "date_end": "2024-07-26",
        "phase": "post",
        "avg_risk": 0.2988,
        "avg_gt": 0.0056,
        "risk_category": 1,
        "risk_category_label": "Medium"
      }
    },
    {
      "type": "Feature",
      "geometry": {
        "type": "Polygon",
        "coordinates": [
          [
            [
              73.82657894736842,
              18.510789473684213
            ],
            [
              73.83657894736841,
              18.510789473684213
            ],
            [
              73.83657894736841,
              18.52078947368421
            ],
            [
              73.82657894736842,
              18.52078947368421
            ],
            [
              73.82657894736842,
              18.510789473684213
            ]
          ]
        ]
      },
      "properties": {
        "cell_id": "R11C03",
        "row": 11,
        "col": 3,
        "week": 8,
        "week_label": "Wk8",
        "date_start": "2024-07-20",
        "date_end": "2024-07-26",
        "phase": "post",
        "avg_risk": 0.3614,
        "avg_gt": 0.0173,
        "risk_category": 1,
        "risk_category_label": "Medium"
      }
    },
    {
      "type": "Feature",
      "geometry": {
        "type": "Polygon",
        "coordinates": [
          [
            [
              73.8371052631579,
              18.510789473684213
            ],
            [
              73.84710526315789,
              18.510789473684213
            ],
            [
              73.84710526315789,
              18.52078947368421
            ],
            [
              73.8371052631579,
              18.52078947368421
            ],
            [
              73.8371052631579,
              18.510789473684213
            ]
          ]
        ]
      },
      "properties": {
        "cell_id": "R11C04",
        "row": 11,
        "col": 4,
        "week": 8,
        "week_label": "Wk8",
        "date_start": "2024-07-20",
        "date_end": "2024-07-26",
        "phase": "post",
        "avg_risk": 0.4002,
        "avg_gt": 0.0486,
        "risk_category": 1,
        "risk_category_label": "Medium"
      }
    },
    {
      "type": "Feature",
      "geometry": {
        "type": "Polygon",
        "coordinates": [
          [
            [
              73.84763157894737,
              18.510789473684213
            ],
            [
              73.85763157894736,
              18.510789473684213
            ],
            [
              73.85763157894736,
              18.52078947368421
            ],
            [
              73.84763157894737,
              18.52078947368421
            ],
            [
              73.84763157894737,
              18.510789473684213
            ]
          ]
        ]
      },
      "properties": {
        "cell_id": "R11C05",
        "row": 11,
        "col": 5,
        "week": 8,
        "week_label": "Wk8",
        "date_start": "2024-07-20",
        "date_end": "2024-07-26",
        "phase": "post",
        "avg_risk": 0.4179,
        "avg_gt": 0.1134,
        "risk_category": 1,
        "risk_category_label": "Medium"
      }
    },
    {
      "type": "Feature",
      "geometry": {
        "type": "Polygon",
        "coordinates": [
          [
            [
              73.85815789473685,
              18.510789473684213
            ],
            [
              73.86815789473684,
              18.510789473684213
            ],
            [
              73.86815789473684,
              18.52078947368421
            ],
            [
              73.85815789473685,
              18.52078947368421
            ],
            [
              73.85815789473685,
              18.510789473684213
            ]
          ]
        ]
      },
      "properties": {
        "cell_id": "R11C06",
        "row": 11,
        "col": 6,
        "week": 8,
        "week_label": "Wk8",
        "date_start": "2024-07-20",
        "date_end": "2024-07-26",
        "phase": "post",
        "avg_risk": 0.423,
        "avg_gt": 0.2101,
        "risk_category": 1,
        "risk_category_label": "Medium"
      }
    },
    {
      "type": "Feature",
      "geometry": {
        "type": "Polygon",
        "coordinates": [
          [
            [
              73.86868421052633,
              18.510789473684213
            ],
            [
              73.87868421052632,
              18.510789473684213
            ],
            [
              73.87868421052632,
              18.52078947368421
            ],
            [
              73.86868421052633,
              18.52078947368421
            ],
            [
              73.86868421052633,
              18.510789473684213
            ]
          ]
        ]
      },
      "properties": {
        "cell_id": "R11C07",
        "row": 11,
        "col": 7,
        "week": 8,
        "week_label": "Wk8",
        "date_start": "2024-07-20",
        "date_end": "2024-07-26",
        "phase": "post",
        "avg_risk": 0.4235,
        "avg_gt": 0.3052,
        "risk_category": 1,
        "risk_category_label": "Medium"
      }
    },
    {
      "type": "Feature",
      "geometry": {
        "type": "Polygon",
        "coordinates": [
          [
            [
              73.87921052631579,
              18.510789473684213
            ],
            [
              73.88921052631578,
              18.510789473684213
            ],
            [
              73.88921052631578,
              18.52078947368421
            ],
            [
              73.87921052631579,
              18.52078947368421
            ],
            [
              73.87921052631579,
              18.510789473684213
            ]
          ]
        ]
      },
      "properties": {
        "cell_id": "R11C08",
        "row": 11,
        "col": 8,
        "week": 8,
        "week_label": "Wk8",
        "date_start": "2024-07-20",
        "date_end": "2024-07-26",
        "phase": "post",
        "avg_risk": 0.424,
        "avg_gt": 0.3465,
        "risk_category": 1,
        "risk_category_label": "Medium"
      }
    },
    {
      "type": "Feature",
      "geometry": {
        "type": "Polygon",
        "coordinates": [
          [
            [
              73.88973684210526,
              18.510789473684213
            ],
            [
              73.89973684210526,
              18.510789473684213
            ],
            [
              73.89973684210526,
              18.52078947368421
            ],
            [
              73.88973684210526,
              18.52078947368421
            ],
            [
              73.88973684210526,
              18.510789473684213
            ]
          ]
        ]
      },
      "properties": {
        "cell_id": "R11C09",
        "row": 11,
        "col": 9,
        "week": 8,
        "week_label": "Wk8",
        "date_start": "2024-07-20",
        "date_end": "2024-07-26",
        "phase": "post",
        "avg_risk": 0.4253,
        "avg_gt": 0.3093,
        "risk_category": 1,
        "risk_category_label": "Medium"
      }
    },
    {
      "type": "Feature",
      "geometry": {
        "type": "Polygon",
        "coordinates": [
          [
            [
              73.90026315789474,
              18.510789473684213
            ],
            [
              73.91026315789473,
              18.510789473684213
            ],
            [
              73.91026315789473,
              18.52078947368421
            ],
            [
              73.90026315789474,
              18.52078947368421
            ],
            [
              73.90026315789474,
              18.510789473684213
            ]
          ]
        ]
      },
      "properties": {
        "cell_id": "R11C10",
        "row": 11,
        "col": 10,
        "week": 8,
        "week_label": "Wk8",
        "date_start": "2024-07-20",
        "date_end": "2024-07-26",
        "phase": "post",
        "avg_risk": 0.4267,
        "avg_gt": 0.2252,
        "risk_category": 1,
        "risk_category_label": "Medium"
      }
    },
    {
      "type": "Feature",
      "geometry": {
        "type": "Polygon",
        "coordinates": [
          [
            [
              73.91078947368422,
              18.510789473684213
            ],
            [
              73.92078947368421,
              18.510789473684213
            ],
            [
              73.92078947368421,
              18.52078947368421
            ],
            [
              73.91078947368422,
              18.52078947368421
            ],
            [
              73.91078947368422,
              18.510789473684213
            ]
          ]
        ]
      },
      "properties": {
        "cell_id": "R11C11",
        "row": 11,
        "col": 11,
        "week": 8,
        "week_label": "Wk8",
        "date_start": "2024-07-20",
        "date_end": "2024-07-26",
        "phase": "post",
        "avg_risk": 0.4229,
        "avg_gt": 0.1572,
        "risk_category": 1,
        "risk_category_label": "Medium"
      }
    },
    {
      "type": "Feature",
      "geometry": {
        "type": "Polygon",
        "coordinates": [
          [
            [
              73.92131578947368,
              18.510789473684213
            ],
            [
              73.93131578947367,
              18.510789473684213
            ],
            [
              73.93131578947367,
              18.52078947368421
            ],
            [
              73.92131578947368,
              18.52078947368421
            ],
            [
              73.92131578947368,
              18.510789473684213
            ]
          ]
        ]
      },
      "properties": {
        "cell_id": "R11C12",
        "row": 11,
        "col": 12,
        "week": 8,
        "week_label": "Wk8",
        "date_start": "2024-07-20",
        "date_end": "2024-07-26",
        "phase": "post",
        "avg_risk": 0.4048,
        "avg_gt": 0.1512,
        "risk_category": 1,
        "risk_category_label": "Medium"
      }
    },
    {
      "type": "Feature",
      "geometry": {
        "type": "Polygon",
        "coordinates": [
          [
            [
              73.93184210526316,
              18.510789473684213
            ],
            [
              73.94184210526315,
              18.510789473684213
            ],
            [
              73.94184210526315,
              18.52078947368421
            ],
            [
              73.93184210526316,
              18.52078947368421
            ],
            [
              73.93184210526316,
              18.510789473684213
            ]
          ]
        ]
      },
      "properties": {
        "cell_id": "R11C13",
        "row": 11,
        "col": 13,
        "week": 8,
        "week_label": "Wk8",
        "date_start": "2024-07-20",
        "date_end": "2024-07-26",
        "phase": "post",
        "avg_risk": 0.3557,
        "avg_gt": 0.2071,
        "risk_category": 1,
        "risk_category_label": "Medium"
      }
    },
    {
      "type": "Feature",
      "geometry": {
        "type": "Polygon",
        "coordinates": [
          [
            [
              73.94236842105263,
              18.510789473684213
            ],
            [
              73.95236842105263,
              18.510789473684213
            ],
            [
              73.95236842105263,
              18.52078947368421
            ],
            [
              73.94236842105263,
              18.52078947368421
            ],
            [
              73.94236842105263,
              18.510789473684213
            ]
          ]
        ]
      },
      "properties": {
        "cell_id": "R11C14",
        "row": 11,
        "col": 14,
        "week": 8,
        "week_label": "Wk8",
        "date_start": "2024-07-20",
        "date_end": "2024-07-26",
        "phase": "post",
        "avg_risk": 0.2846,
        "avg_gt": 0.281,
        "risk_category": 1,
        "risk_category_label": "Medium"
      }
    },
    {
      "type": "Feature",
      "geometry": {
        "type": "Polygon",
        "coordinates": [
          [
            [
              73.95289473684211,
              18.510789473684213
            ],
            [
              73.9628947368421,
              18.510789473684213
            ],
            [
              73.9628947368421,
              18.52078947368421
            ],
            [
              73.95289473684211,
              18.52078947368421
            ],
            [
              73.95289473684211,
              18.510789473684213
            ]
          ]
        ]
      },
      "properties": {
        "cell_id": "R11C15",
        "row": 11,
        "col": 15,
        "week": 8,
        "week_label": "Wk8",
        "date_start": "2024-07-20",
        "date_end": "2024-07-26",
        "phase": "post",
        "avg_risk": 0.2063,
        "avg_gt": 0.3136,
        "risk_category": 1,
        "risk_category_label": "Medium"
      }
    },
    {
      "type": "Feature",
      "geometry": {
        "type": "Polygon",
        "coordinates": [
          [
            [
              73.96342105263159,
              18.510789473684213
            ],
            [
              73.97342105263158,
              18.510789473684213
            ],
            [
              73.97342105263158,
              18.52078947368421
            ],
            [
              73.96342105263159,
              18.52078947368421
            ],
            [
              73.96342105263159,
              18.510789473684213
            ]
          ]
        ]
      },
      "properties": {
        "cell_id": "R11C16",
        "row": 11,
        "col": 16,
        "week": 8,
        "week_label": "Wk8",
        "date_start": "2024-07-20",
        "date_end": "2024-07-26",
        "phase": "post",
        "avg_risk": 0.1506,
        "avg_gt": 0.2757,
        "risk_category": 1,
        "risk_category_label": "Medium"
      }
    },
    {
      "type": "Feature",
      "geometry": {
        "type": "Polygon",
        "coordinates": [
          [
            [
              73.97394736842105,
              18.510789473684213
            ],
            [
              73.98394736842104,
              18.510789473684213
            ],
            [
              73.98394736842104,
              18.52078947368421
            ],
            [
              73.97394736842105,
              18.52078947368421
            ],
            [
              73.97394736842105,
              18.510789473684213
            ]
          ]
        ]
      },
      "properties": {
        "cell_id": "R11C17",
        "row": 11,
        "col": 17,
        "week": 8,
        "week_label": "Wk8",
        "date_start": "2024-07-20",
        "date_end": "2024-07-26",
        "phase": "post",
        "avg_risk": 0.1188,
        "avg_gt": 0.1892,
        "risk_category": 0,
        "risk_category_label": "Low"
      }
    },
    {
      "type": "Feature",
      "geometry": {
        "type": "Polygon",
        "coordinates": [
          [
            [
              73.98447368421053,
              18.510789473684213
            ],
            [
              73.99447368421052,
              18.510789473684213
            ],
            [
              73.99447368421052,
              18.52078947368421
            ],
            [
              73.98447368421053,
              18.52078947368421
            ],
            [
              73.98447368421053,
              18.510789473684213
            ]
          ]
        ]
      },
      "properties": {
        "cell_id": "R11C18",
        "row": 11,
        "col": 18,
        "week": 8,
        "week_label": "Wk8",
        "date_start": "2024-07-20",
        "date_end": "2024-07-26",
        "phase": "post",
        "avg_risk": 0.1195,
        "avg_gt": 0.1012,
        "risk_category": 0,
        "risk_category_label": "Low"
      }
    },
    {
      "type": "Feature",
      "geometry": {
        "type": "Polygon",
        "coordinates": [
          [
            [
              73.995,
              18.510789473684213
            ],
            [
              74.005,
              18.510789473684213
            ],
            [
              74.005,
              18.52078947368421
            ],
            [
              73.995,
              18.52078947368421
            ],
            [
              73.995,
              18.510789473684213
            ]
          ]
        ]
      },
      "properties": {
        "cell_id": "R11C19",
        "row": 11,
        "col": 19,
        "week": 8,
        "week_label": "Wk8",
        "date_start": "2024-07-20",
        "date_end": "2024-07-26",
        "phase": "post",
        "avg_risk": 0.114,
        "avg_gt": 0.0422,
        "risk_category": 0,
        "risk_category_label": "Low"
      }
    },
    {
      "type": "Feature",
      "geometry": {
        "type": "Polygon",
        "coordinates": [
          [
            [
              73.795,
              18.521315789473686
            ],
            [
              73.80499999999999,
              18.521315789473686
            ],
            [
              73.80499999999999,
              18.531315789473684
            ],
            [
              73.795,
              18.531315789473684
            ],
            [
              73.795,
              18.521315789473686
            ]
          ]
        ]
      },
      "properties": {
        "cell_id": "R12C00",
        "row": 12,
        "col": 0,
        "week": 8,
        "week_label": "Wk8",
        "date_start": "2024-07-20",
        "date_end": "2024-07-26",
        "phase": "post",
        "avg_risk": 0.1627,
        "avg_gt": 0.0024,
        "risk_category": 1,
        "risk_category_label": "Medium"
      }
    },
    {
      "type": "Feature",
      "geometry": {
        "type": "Polygon",
        "coordinates": [
          [
            [
              73.80552631578948,
              18.521315789473686
            ],
            [
              73.81552631578947,
              18.521315789473686
            ],
            [
              73.81552631578947,
              18.531315789473684
            ],
            [
              73.80552631578948,
              18.531315789473684
            ],
            [
              73.80552631578948,
              18.521315789473686
            ]
          ]
        ]
      },
      "properties": {
        "cell_id": "R12C01",
        "row": 12,
        "col": 1,
        "week": 8,
        "week_label": "Wk8",
        "date_start": "2024-07-20",
        "date_end": "2024-07-26",
        "phase": "post",
        "avg_risk": 0.2147,
        "avg_gt": 0.0056,
        "risk_category": 1,
        "risk_category_label": "Medium"
      }
    },
    {
      "type": "Feature",
      "geometry": {
        "type": "Polygon",
        "coordinates": [
          [
            [
              73.81605263157896,
              18.521315789473686
            ],
            [
              73.82605263157895,
              18.521315789473686
            ],
            [
              73.82605263157895,
              18.531315789473684
            ],
            [
              73.81605263157896,
              18.531315789473684
            ],
            [
              73.81605263157896,
              18.521315789473686
            ]
          ]
        ]
      },
      "properties": {
        "cell_id": "R12C02",
        "row": 12,
        "col": 2,
        "week": 8,
        "week_label": "Wk8",
        "date_start": "2024-07-20",
        "date_end": "2024-07-26",
        "phase": "post",
        "avg_risk": 0.2828,
        "avg_gt": 0.0107,
        "risk_category": 1,
        "risk_category_label": "Medium"
      }
    },
    {
      "type": "Feature",
      "geometry": {
        "type": "Polygon",
        "coordinates": [
          [
            [
              73.82657894736842,
              18.521315789473686
            ],
            [
              73.83657894736841,
              18.521315789473686
            ],
            [
              73.83657894736841,
              18.531315789473684
            ],
            [
              73.82657894736842,
              18.531315789473684
            ],
            [
              73.82657894736842,
              18.521315789473686
            ]
          ]
        ]
      },
      "properties": {
        "cell_id": "R12C03",
        "row": 12,
        "col": 3,
        "week": 8,
        "week_label": "Wk8",
        "date_start": "2024-07-20",
        "date_end": "2024-07-26",
        "phase": "post",
        "avg_risk": 0.3456,
        "avg_gt": 0.0199,
        "risk_category": 1,
        "risk_category_label": "Medium"
      }
    },
    {
      "type": "Feature",
      "geometry": {
        "type": "Polygon",
        "coordinates": [
          [
            [
              73.8371052631579,
              18.521315789473686
            ],
            [
              73.84710526315789,
              18.521315789473686
            ],
            [
              73.84710526315789,
              18.531315789473684
            ],
            [
              73.8371052631579,
              18.531315789473684
            ],
            [
              73.8371052631579,
              18.521315789473686
            ]
          ]
        ]
      },
      "properties": {
        "cell_id": "R12C04",
        "row": 12,
        "col": 4,
        "week": 8,
        "week_label": "Wk8",
        "date_start": "2024-07-20",
        "date_end": "2024-07-26",
        "phase": "post",
        "avg_risk": 0.39,
        "avg_gt": 0.0403,
        "risk_category": 1,
        "risk_category_label": "Medium"
      }
    },
    {
      "type": "Feature",
      "geometry": {
        "type": "Polygon",
        "coordinates": [
          [
            [
              73.84763157894737,
              18.521315789473686
            ],
            [
              73.85763157894736,
              18.521315789473686
            ],
            [
              73.85763157894736,
              18.531315789473684
            ],
            [
              73.84763157894737,
              18.531315789473684
            ],
            [
              73.84763157894737,
              18.521315789473686
            ]
          ]
        ]
      },
      "properties": {
        "cell_id": "R12C05",
        "row": 12,
        "col": 5,
        "week": 8,
        "week_label": "Wk8",
        "date_start": "2024-07-20",
        "date_end": "2024-07-26",
        "phase": "post",
        "avg_risk": 0.4126,
        "avg_gt": 0.0822,
        "risk_category": 1,
        "risk_category_label": "Medium"
      }
    },
    {
      "type": "Feature",
      "geometry": {
        "type": "Polygon",
        "coordinates": [
          [
            [
              73.85815789473685,
              18.521315789473686
            ],
            [
              73.86815789473684,
              18.521315789473686
            ],
            [
              73.86815789473684,
              18.531315789473684
            ],
            [
              73.85815789473685,
              18.531315789473684
            ],
            [
              73.85815789473685,
              18.521315789473686
            ]
          ]
        ]
      },
      "properties": {
        "cell_id": "R12C06",
        "row": 12,
        "col": 6,
        "week": 8,
        "week_label": "Wk8",
        "date_start": "2024-07-20",
        "date_end": "2024-07-26",
        "phase": "post",
        "avg_risk": 0.4213,
        "avg_gt": 0.1466,
        "risk_category": 1,
        "risk_category_label": "Medium"
      }
    },
    {
      "type": "Feature",
      "geometry": {
        "type": "Polygon",
        "coordinates": [
          [
            [
              73.86868421052633,
              18.521315789473686
            ],
            [
              73.87868421052632,
              18.521315789473686
            ],
            [
              73.87868421052632,
              18.531315789473684
            ],
            [
              73.86868421052633,
              18.531315789473684
            ],
            [
              73.86868421052633,
              18.521315789473686
            ]
          ]
        ]
      },
      "properties": {
        "cell_id": "R12C07",
        "row": 12,
        "col": 7,
        "week": 8,
        "week_label": "Wk8",
        "date_start": "2024-07-20",
        "date_end": "2024-07-26",
        "phase": "post",
        "avg_risk": 0.4235,
        "avg_gt": 0.2113,
        "risk_category": 1,
        "risk_category_label": "Medium"
      }
    },
    {
      "type": "Feature",
      "geometry": {
        "type": "Polygon",
        "coordinates": [
          [
            [
              73.87921052631579,
              18.521315789473686
            ],
            [
              73.88921052631578,
              18.521315789473686
            ],
            [
              73.88921052631578,
              18.531315789473684
            ],
            [
              73.87921052631579,
              18.531315789473684
            ],
            [
              73.87921052631579,
              18.521315789473686
            ]
          ]
        ]
      },
      "properties": {
        "cell_id": "R12C08",
        "row": 12,
        "col": 8,
        "week": 8,
        "week_label": "Wk8",
        "date_start": "2024-07-20",
        "date_end": "2024-07-26",
        "phase": "post",
        "avg_risk": 0.424,
        "avg_gt": 0.2411,
        "risk_category": 1,
        "risk_category_label": "Medium"
      }
    },
    {
      "type": "Feature",
      "geometry": {
        "type": "Polygon",
        "coordinates": [
          [
            [
              73.88973684210526,
              18.521315789473686
            ],
            [
              73.89973684210526,
              18.521315789473686
            ],
            [
              73.89973684210526,
              18.531315789473684
            ],
            [
              73.88973684210526,
              18.531315789473684
            ],
            [
              73.88973684210526,
              18.521315789473686
            ]
          ]
        ]
      },
      "properties": {
        "cell_id": "R12C09",
        "row": 12,
        "col": 9,
        "week": 8,
        "week_label": "Wk8",
        "date_start": "2024-07-20",
        "date_end": "2024-07-26",
        "phase": "post",
        "avg_risk": 0.4248,
        "avg_gt": 0.2209,
        "risk_category": 1,
        "risk_category_label": "Medium"
      }
    },
    {
      "type": "Feature",
      "geometry": {
        "type": "Polygon",
        "coordinates": [
          [
            [
              73.90026315789474,
              18.521315789473686
            ],
            [
              73.91026315789473,
              18.521315789473686
            ],
            [
              73.91026315789473,
              18.531315789473684
            ],
            [
              73.90026315789474,
              18.531315789473684
            ],
            [
              73.90026315789474,
              18.521315789473686
            ]
          ]
        ]
      },
      "properties": {
        "cell_id": "R12C10",
        "row": 12,
        "col": 10,
        "week": 8,
        "week_label": "Wk8",
        "date_start": "2024-07-20",
        "date_end": "2024-07-26",
        "phase": "post",
        "avg_risk": 0.424,
        "avg_gt": 0.1779,
        "risk_category": 1,
        "risk_category_label": "Medium"
      }
    },
    {
      "type": "Feature",
      "geometry": {
        "type": "Polygon",
        "coordinates": [
          [
            [
              73.91078947368422,
              18.521315789473686
            ],
            [
              73.92078947368421,
              18.521315789473686
            ],
            [
              73.92078947368421,
              18.531315789473684
            ],
            [
              73.91078947368422,
              18.531315789473684
            ],
            [
              73.91078947368422,
              18.521315789473686
            ]
          ]
        ]
      },
      "properties": {
        "cell_id": "R12C11",
        "row": 12,
        "col": 11,
        "week": 8,
        "week_label": "Wk8",
        "date_start": "2024-07-20",
        "date_end": "2024-07-26",
        "phase": "post",
        "avg_risk": 0.4156,
        "avg_gt": 0.1674,
        "risk_category": 1,
        "risk_category_label": "Medium"
      }
    },
    {
      "type": "Feature",
      "geometry": {
        "type": "Polygon",
        "coordinates": [
          [
            [
              73.92131578947368,
              18.521315789473686
            ],
            [
              73.93131578947367,
              18.521315789473686
            ],
            [
              73.93131578947367,
              18.531315789473684
            ],
            [
              73.92131578947368,
              18.531315789473684
            ],
            [
              73.92131578947368,
              18.521315789473686
            ]
          ]
        ]
      },
      "properties": {
        "cell_id": "R12C12",
        "row": 12,
        "col": 12,
        "week": 8,
        "week_label": "Wk8",
        "date_start": "2024-07-20",
        "date_end": "2024-07-26",
        "phase": "post",
        "avg_risk": 0.392,
        "avg_gt": 0.2339,
        "risk_category": 1,
        "risk_category_label": "Medium"
      }
    },
    {
      "type": "Feature",
      "geometry": {
        "type": "Polygon",
        "coordinates": [
          [
            [
              73.93184210526316,
              18.521315789473686
            ],
            [
              73.94184210526315,
              18.521315789473686
            ],
            [
              73.94184210526315,
              18.531315789473684
            ],
            [
              73.93184210526316,
              18.531315789473684
            ],
            [
              73.93184210526316,
              18.521315789473686
            ]
          ]
        ]
      },
      "properties": {
        "cell_id": "R12C13",
        "row": 12,
        "col": 13,
        "week": 8,
        "week_label": "Wk8",
        "date_start": "2024-07-20",
        "date_end": "2024-07-26",
        "phase": "post",
        "avg_risk": 0.3408,
        "avg_gt": 0.3751,
        "risk_category": 1,
        "risk_category_label": "Medium"
      }
    },
    {
      "type": "Feature",
      "geometry": {
        "type": "Polygon",
        "coordinates": [
          [
            [
              73.94236842105263,
              18.521315789473686
            ],
            [
              73.95236842105263,
              18.521315789473686
            ],
            [
              73.95236842105263,
              18.531315789473684
            ],
            [
              73.94236842105263,
              18.531315789473684
            ],
            [
              73.94236842105263,
              18.521315789473686
            ]
          ]
        ]
      },
      "properties": {
        "cell_id": "R12C14",
        "row": 12,
        "col": 14,
        "week": 8,
        "week_label": "Wk8",
        "date_start": "2024-07-20",
        "date_end": "2024-07-26",
        "phase": "post",
        "avg_risk": 0.2616,
        "avg_gt": 0.5248,
        "risk_category": 1,
        "risk_category_label": "Medium"
      }
    },
    {
      "type": "Feature",
      "geometry": {
        "type": "Polygon",
        "coordinates": [
          [
            [
              73.95289473684211,
              18.521315789473686
            ],
            [
              73.9628947368421,
              18.521315789473686
            ],
            [
              73.9628947368421,
              18.531315789473684
            ],
            [
              73.95289473684211,
              18.531315789473684
            ],
            [
              73.95289473684211,
              18.521315789473686
            ]
          ]
        ]
      },
      "properties": {
        "cell_id": "R12C15",
        "row": 12,
        "col": 15,
        "week": 8,
        "week_label": "Wk8",
        "date_start": "2024-07-20",
        "date_end": "2024-07-26",
        "phase": "post",
        "avg_risk": 0.1835,
        "avg_gt": 0.5877,
        "risk_category": 1,
        "risk_category_label": "Medium"
      }
    },
    {
      "type": "Feature",
      "geometry": {
        "type": "Polygon",
        "coordinates": [
          [
            [
              73.96342105263159,
              18.521315789473686
            ],
            [
              73.97342105263158,
              18.521315789473686
            ],
            [
              73.97342105263158,
              18.531315789473684
            ],
            [
              73.96342105263159,
              18.531315789473684
            ],
            [
              73.96342105263159,
              18.521315789473686
            ]
          ]
        ]
      },
      "properties": {
        "cell_id": "R12C16",
        "row": 12,
        "col": 16,
        "week": 8,
        "week_label": "Wk8",
        "date_start": "2024-07-20",
        "date_end": "2024-07-26",
        "phase": "post",
        "avg_risk": 0.1413,
        "avg_gt": 0.5162,
        "risk_category": 0,
        "risk_category_label": "Low"
      }
    },
    {
      "type": "Feature",
      "geometry": {
        "type": "Polygon",
        "coordinates": [
          [
            [
              73.97394736842105,
              18.521315789473686
            ],
            [
              73.98394736842104,
              18.521315789473686
            ],
            [
              73.98394736842104,
              18.531315789473684
            ],
            [
              73.97394736842105,
              18.531315789473684
            ],
            [
              73.97394736842105,
              18.521315789473686
            ]
          ]
        ]
      },
      "properties": {
        "cell_id": "R12C17",
        "row": 12,
        "col": 17,
        "week": 8,
        "week_label": "Wk8",
        "date_start": "2024-07-20",
        "date_end": "2024-07-26",
        "phase": "post",
        "avg_risk": 0.1212,
        "avg_gt": 0.354,
        "risk_category": 0,
        "risk_category_label": "Low"
      }
    },
    {
      "type": "Feature",
      "geometry": {
        "type": "Polygon",
        "coordinates": [
          [
            [
              73.98447368421053,
              18.521315789473686
            ],
            [
              73.99447368421052,
              18.521315789473686
            ],
            [
              73.99447368421052,
              18.531315789473684
            ],
            [
              73.98447368421053,
              18.531315789473684
            ],
            [
              73.98447368421053,
              18.521315789473686
            ]
          ]
        ]
      },
      "properties": {
        "cell_id": "R12C18",
        "row": 12,
        "col": 18,
        "week": 8,
        "week_label": "Wk8",
        "date_start": "2024-07-20",
        "date_end": "2024-07-26",
        "phase": "post",
        "avg_risk": 0.1086,
        "avg_gt": 0.1893,
        "risk_category": 0,
        "risk_category_label": "Low"
      }
    },
    {
      "type": "Feature",
      "geometry": {
        "type": "Polygon",
        "coordinates": [
          [
            [
              73.995,
              18.521315789473686
            ],
            [
              74.005,
              18.521315789473686
            ],
            [
              74.005,
              18.531315789473684
            ],
            [
              73.995,
              18.531315789473684
            ],
            [
              73.995,
              18.521315789473686
            ]
          ]
        ]
      },
      "properties": {
        "cell_id": "R12C19",
        "row": 12,
        "col": 19,
        "week": 8,
        "week_label": "Wk8",
        "date_start": "2024-07-20",
        "date_end": "2024-07-26",
        "phase": "post",
        "avg_risk": 0.1271,
        "avg_gt": 0.0788,
        "risk_category": 0,
        "risk_category_label": "Low"
      }
    },
    {
      "type": "Feature",
      "geometry": {
        "type": "Polygon",
        "coordinates": [
          [
            [
              73.795,
              18.53184210526316
            ],
            [
              73.80499999999999,
              18.53184210526316
            ],
            [
              73.80499999999999,
              18.541842105263157
            ],
            [
              73.795,
              18.541842105263157
            ],
            [
              73.795,
              18.53184210526316
            ]
          ]
        ]
      },
      "properties": {
        "cell_id": "R13C00",
        "row": 13,
        "col": 0,
        "week": 8,
        "week_label": "Wk8",
        "date_start": "2024-07-20",
        "date_end": "2024-07-26",
        "phase": "post",
        "avg_risk": 0.1758,
        "avg_gt": 0.0095,
        "risk_category": 1,
        "risk_category_label": "Medium"
      }
    },
    {
      "type": "Feature",
      "geometry": {
        "type": "Polygon",
        "coordinates": [
          [
            [
              73.80552631578948,
              18.53184210526316
            ],
            [
              73.81552631578947,
              18.53184210526316
            ],
            [
              73.81552631578947,
              18.541842105263157
            ],
            [
              73.80552631578948,
              18.541842105263157
            ],
            [
              73.80552631578948,
              18.53184210526316
            ]
          ]
        ]
      },
      "properties": {
        "cell_id": "R13C01",
        "row": 13,
        "col": 1,
        "week": 8,
        "week_label": "Wk8",
        "date_start": "2024-07-20",
        "date_end": "2024-07-26",
        "phase": "post",
        "avg_risk": 0.22,
        "avg_gt": 0.0207,
        "risk_category": 1,
        "risk_category_label": "Medium"
      }
    },
    {
      "type": "Feature",
      "geometry": {
        "type": "Polygon",
        "coordinates": [
          [
            [
              73.81605263157896,
              18.53184210526316
            ],
            [
              73.82605263157895,
              18.53184210526316
            ],
            [
              73.82605263157895,
              18.541842105263157
            ],
            [
              73.81605263157896,
              18.541842105263157
            ],
            [
              73.81605263157896,
              18.53184210526316
            ]
          ]
        ]
      },
      "properties": {
        "cell_id": "R13C02",
        "row": 13,
        "col": 2,
        "week": 8,
        "week_label": "Wk8",
        "date_start": "2024-07-20",
        "date_end": "2024-07-26",
        "phase": "post",
        "avg_risk": 0.2734,
        "avg_gt": 0.0339,
        "risk_category": 1,
        "risk_category_label": "Medium"
      }
    },
    {
      "type": "Feature",
      "geometry": {
        "type": "Polygon",
        "coordinates": [
          [
            [
              73.82657894736842,
              18.53184210526316
            ],
            [
              73.83657894736841,
              18.53184210526316
            ],
            [
              73.83657894736841,
              18.541842105263157
            ],
            [
              73.82657894736842,
              18.541842105263157
            ],
            [
              73.82657894736842,
              18.53184210526316
            ]
          ]
        ]
      },
      "properties": {
        "cell_id": "R13C03",
        "row": 13,
        "col": 3,
        "week": 8,
        "week_label": "Wk8",
        "date_start": "2024-07-20",
        "date_end": "2024-07-26",
        "phase": "post",
        "avg_risk": 0.3269,
        "avg_gt": 0.0435,
        "risk_category": 1,
        "risk_category_label": "Medium"
      }
    },
    {
      "type": "Feature",
      "geometry": {
        "type": "Polygon",
        "coordinates": [
          [
            [
              73.8371052631579,
              18.53184210526316
            ],
            [
              73.84710526315789,
              18.53184210526316
            ],
            [
              73.84710526315789,
              18.541842105263157
            ],
            [
              73.8371052631579,
              18.541842105263157
            ],
            [
              73.8371052631579,
              18.53184210526316
            ]
          ]
        ]
      },
      "properties": {
        "cell_id": "R13C04",
        "row": 13,
        "col": 4,
        "week": 8,
        "week_label": "Wk8",
        "date_start": "2024-07-20",
        "date_end": "2024-07-26",
        "phase": "post",
        "avg_risk": 0.3717,
        "avg_gt": 0.0497,
        "risk_category": 1,
        "risk_category_label": "Medium"
      }
    },
    {
      "type": "Feature",
      "geometry": {
        "type": "Polygon",
        "coordinates": [
          [
            [
              73.84763157894737,
              18.53184210526316
            ],
            [
              73.85763157894736,
              18.53184210526316
            ],
            [
              73.85763157894736,
              18.541842105263157
            ],
            [
              73.84763157894737,
              18.541842105263157
            ],
            [
              73.84763157894737,
              18.53184210526316
            ]
          ]
        ]
      },
      "properties": {
        "cell_id": "R13C05",
        "row": 13,
        "col": 5,
        "week": 8,
        "week_label": "Wk8",
        "date_start": "2024-07-20",
        "date_end": "2024-07-26",
        "phase": "post",
        "avg_risk": 0.398,
        "avg_gt": 0.0619,
        "risk_category": 1,
        "risk_category_label": "Medium"
      }
    },
    {
      "type": "Feature",
      "geometry": {
        "type": "Polygon",
        "coordinates": [
          [
            [
              73.85815789473685,
              18.53184210526316
            ],
            [
              73.86815789473684,
              18.53184210526316
            ],
            [
              73.86815789473684,
              18.541842105263157
            ],
            [
              73.85815789473685,
              18.541842105263157
            ],
            [
              73.85815789473685,
              18.53184210526316
            ]
          ]
        ]
      },
      "properties": {
        "cell_id": "R13C06",
        "row": 13,
        "col": 6,
        "week": 8,
        "week_label": "Wk8",
        "date_start": "2024-07-20",
        "date_end": "2024-07-26",
        "phase": "post",
        "avg_risk": 0.413,
        "avg_gt": 0.0874,
        "risk_category": 1,
        "risk_category_label": "Medium"
      }
    },
    {
      "type": "Feature",
      "geometry": {
        "type": "Polygon",
        "coordinates": [
          [
            [
              73.86868421052633,
              18.53184210526316
            ],
            [
              73.87868421052632,
              18.53184210526316
            ],
            [
              73.87868421052632,
              18.541842105263157
            ],
            [
              73.86868421052633,
              18.541842105263157
            ],
            [
              73.86868421052633,
              18.53184210526316
            ]
          ]
        ]
      },
      "properties": {
        "cell_id": "R13C07",
        "row": 13,
        "col": 7,
        "week": 8,
        "week_label": "Wk8",
        "date_start": "2024-07-20",
        "date_end": "2024-07-26",
        "phase": "post",
        "avg_risk": 0.4177,
        "avg_gt": 0.1185,
        "risk_category": 1,
        "risk_category_label": "Medium"
      }
    },
    {
      "type": "Feature",
      "geometry": {
        "type": "Polygon",
        "coordinates": [
          [
            [
              73.87921052631579,
              18.53184210526316
            ],
            [
              73.88921052631578,
              18.53184210526316
            ],
            [
              73.88921052631578,
              18.541842105263157
            ],
            [
              73.87921052631579,
              18.541842105263157
            ],
            [
              73.87921052631579,
              18.53184210526316
            ]
          ]
        ]
      },
      "properties": {
        "cell_id": "R13C08",
        "row": 13,
        "col": 8,
        "week": 8,
        "week_label": "Wk8",
        "date_start": "2024-07-20",
        "date_end": "2024-07-26",
        "phase": "post",
        "avg_risk": 0.4205,
        "avg_gt": 0.1373,
        "risk_category": 1,
        "risk_category_label": "Medium"
      }
    },
    {
      "type": "Feature",
      "geometry": {
        "type": "Polygon",
        "coordinates": [
          [
            [
              73.88973684210526,
              18.53184210526316
            ],
            [
              73.89973684210526,
              18.53184210526316
            ],
            [
              73.89973684210526,
              18.541842105263157
            ],
            [
              73.88973684210526,
              18.541842105263157
            ],
            [
              73.88973684210526,
              18.53184210526316
            ]
          ]
        ]
      },
      "properties": {
        "cell_id": "R13C09",
        "row": 13,
        "col": 9,
        "week": 8,
        "week_label": "Wk8",
        "date_start": "2024-07-20",
        "date_end": "2024-07-26",
        "phase": "post",
        "avg_risk": 0.4182,
        "avg_gt": 0.1374,
        "risk_category": 1,
        "risk_category_label": "Medium"
      }
    },
    {
      "type": "Feature",
      "geometry": {
        "type": "Polygon",
        "coordinates": [
          [
            [
              73.90026315789474,
              18.53184210526316
            ],
            [
              73.91026315789473,
              18.53184210526316
            ],
            [
              73.91026315789473,
              18.541842105263157
            ],
            [
              73.90026315789474,
              18.541842105263157
            ],
            [
              73.90026315789474,
              18.53184210526316
            ]
          ]
        ]
      },
      "properties": {
        "cell_id": "R13C10",
        "row": 13,
        "col": 10,
        "week": 8,
        "week_label": "Wk8",
        "date_start": "2024-07-20",
        "date_end": "2024-07-26",
        "phase": "post",
        "avg_risk": 0.4139,
        "avg_gt": 0.1408,
        "risk_category": 1,
        "risk_category_label": "Medium"
      }
    },
    {
      "type": "Feature",
      "geometry": {
        "type": "Polygon",
        "coordinates": [
          [
            [
              73.91078947368422,
              18.53184210526316
            ],
            [
              73.92078947368421,
              18.53184210526316
            ],
            [
              73.92078947368421,
              18.541842105263157
            ],
            [
              73.91078947368422,
              18.541842105263157
            ],
            [
              73.91078947368422,
              18.53184210526316
            ]
          ]
        ]
      },
      "properties": {
        "cell_id": "R13C11",
        "row": 13,
        "col": 11,
        "week": 8,
        "week_label": "Wk8",
        "date_start": "2024-07-20",
        "date_end": "2024-07-26",
        "phase": "post",
        "avg_risk": 0.3965,
        "avg_gt": 0.1921,
        "risk_category": 1,
        "risk_category_label": "Medium"
      }
    },
    {
      "type": "Feature",
      "geometry": {
        "type": "Polygon",
        "coordinates": [
          [
            [
              73.92131578947368,
              18.53184210526316
            ],
            [
              73.93131578947367,
              18.53184210526316
            ],
            [
              73.93131578947367,
              18.541842105263157
            ],
            [
              73.92131578947368,
              18.541842105263157
            ],
            [
              73.92131578947368,
              18.53184210526316
            ]
          ]
        ]
      },
      "properties": {
        "cell_id": "R13C12",
        "row": 13,
        "col": 12,
        "week": 8,
        "week_label": "Wk8",
        "date_start": "2024-07-20",
        "date_end": "2024-07-26",
        "phase": "post",
        "avg_risk": 0.3674,
        "avg_gt": 0.3323,
        "risk_category": 1,
        "risk_category_label": "Medium"
      }
    },
    {
      "type": "Feature",
      "geometry": {
        "type": "Polygon",
        "coordinates": [
          [
            [
              73.93184210526316,
              18.53184210526316
            ],
            [
              73.94184210526315,
              18.53184210526316
            ],
            [
              73.94184210526315,
              18.541842105263157
            ],
            [
              73.93184210526316,
              18.541842105263157
            ],
            [
              73.93184210526316,
              18.53184210526316
            ]
          ]
        ]
      },
      "properties": {
        "cell_id": "R13C13",
        "row": 13,
        "col": 13,
        "week": 8,
        "week_label": "Wk8",
        "date_start": "2024-07-20",
        "date_end": "2024-07-26",
        "phase": "post",
        "avg_risk": 0.3087,
        "avg_gt": 0.5555,
        "risk_category": 1,
        "risk_category_label": "Medium"
      }
    },
    {
      "type": "Feature",
      "geometry": {
        "type": "Polygon",
        "coordinates": [
          [
            [
              73.94236842105263,
              18.53184210526316
            ],
            [
              73.95236842105263,
              18.53184210526316
            ],
            [
              73.95236842105263,
              18.541842105263157
            ],
            [
              73.94236842105263,
              18.541842105263157
            ],
            [
              73.94236842105263,
              18.53184210526316
            ]
          ]
        ]
      },
      "properties": {
        "cell_id": "R13C14",
        "row": 13,
        "col": 14,
        "week": 8,
        "week_label": "Wk8",
        "date_start": "2024-07-20",
        "date_end": "2024-07-26",
        "phase": "post",
        "avg_risk": 0.2327,
        "avg_gt": 0.7754,
        "risk_category": 1,
        "risk_category_label": "Medium"
      }
    },
    {
      "type": "Feature",
      "geometry": {
        "type": "Polygon",
        "coordinates": [
          [
            [
              73.95289473684211,
              18.53184210526316
            ],
            [
              73.9628947368421,
              18.53184210526316
            ],
            [
              73.9628947368421,
              18.541842105263157
            ],
            [
              73.95289473684211,
              18.541842105263157
            ],
            [
              73.95289473684211,
              18.53184210526316
            ]
          ]
        ]
      },
      "properties": {
        "cell_id": "R13C15",
        "row": 13,
        "col": 15,
        "week": 8,
        "week_label": "Wk8",
        "date_start": "2024-07-20",
        "date_end": "2024-07-26",
        "phase": "post",
        "avg_risk": 0.1812,
        "avg_gt": 0.8631,
        "risk_category": 1,
        "risk_category_label": "Medium"
      }
    },
    {
      "type": "Feature",
      "geometry": {
        "type": "Polygon",
        "coordinates": [
          [
            [
              73.96342105263159,
              18.53184210526316
            ],
            [
              73.97342105263158,
              18.53184210526316
            ],
            [
              73.97342105263158,
              18.541842105263157
            ],
            [
              73.96342105263159,
              18.541842105263157
            ],
            [
              73.96342105263159,
              18.53184210526316
            ]
          ]
        ]
      },
      "properties": {
        "cell_id": "R13C16",
        "row": 13,
        "col": 16,
        "week": 8,
        "week_label": "Wk8",
        "date_start": "2024-07-20",
        "date_end": "2024-07-26",
        "phase": "post",
        "avg_risk": 0.1424,
        "avg_gt": 0.7551,
        "risk_category": 0,
        "risk_category_label": "Low"
      }
    },
    {
      "type": "Feature",
      "geometry": {
        "type": "Polygon",
        "coordinates": [
          [
            [
              73.97394736842105,
              18.53184210526316
            ],
            [
              73.98394736842104,
              18.53184210526316
            ],
            [
              73.98394736842104,
              18.541842105263157
            ],
            [
              73.97394736842105,
              18.541842105263157
            ],
            [
              73.97394736842105,
              18.53184210526316
            ]
          ]
        ]
      },
      "properties": {
        "cell_id": "R13C17",
        "row": 13,
        "col": 17,
        "week": 8,
        "week_label": "Wk8",
        "date_start": "2024-07-20",
        "date_end": "2024-07-26",
        "phase": "post",
        "avg_risk": 0.1386,
        "avg_gt": 0.5167,
        "risk_category": 0,
        "risk_category_label": "Low"
      }
    },
    {
      "type": "Feature",
      "geometry": {
        "type": "Polygon",
        "coordinates": [
          [
            [
              73.98447368421053,
              18.53184210526316
            ],
            [
              73.99447368421052,
              18.53184210526316
            ],
            [
              73.99447368421052,
              18.541842105263157
            ],
            [
              73.98447368421053,
              18.541842105263157
            ],
            [
              73.98447368421053,
              18.53184210526316
            ]
          ]
        ]
      },
      "properties": {
        "cell_id": "R13C18",
        "row": 13,
        "col": 18,
        "week": 8,
        "week_label": "Wk8",
        "date_start": "2024-07-20",
        "date_end": "2024-07-26",
        "phase": "post",
        "avg_risk": 0.1134,
        "avg_gt": 0.2759,
        "risk_category": 0,
        "risk_category_label": "Low"
      }
    },
    {
      "type": "Feature",
      "geometry": {
        "type": "Polygon",
        "coordinates": [
          [
            [
              73.995,
              18.53184210526316
            ],
            [
              74.005,
              18.53184210526316
            ],
            [
              74.005,
              18.541842105263157
            ],
            [
              73.995,
              18.541842105263157
            ],
            [
              73.995,
              18.53184210526316
            ]
          ]
        ]
      },
      "properties": {
        "cell_id": "R13C19",
        "row": 13,
        "col": 19,
        "week": 8,
        "week_label": "Wk8",
        "date_start": "2024-07-20",
        "date_end": "2024-07-26",
        "phase": "post",
        "avg_risk": 0.1276,
        "avg_gt": 0.1148,
        "risk_category": 0,
        "risk_category_label": "Low"
      }
    },
    {
      "type": "Feature",
      "geometry": {
        "type": "Polygon",
        "coordinates": [
          [
            [
              73.795,
              18.542368421052632
            ],
            [
              73.80499999999999,
              18.542368421052632
            ],
            [
              73.80499999999999,
              18.55236842105263
            ],
            [
              73.795,
              18.55236842105263
            ],
            [
              73.795,
              18.542368421052632
            ]
          ]
        ]
      },
      "properties": {
        "cell_id": "R14C00",
        "row": 14,
        "col": 0,
        "week": 8,
        "week_label": "Wk8",
        "date_start": "2024-07-20",
        "date_end": "2024-07-26",
        "phase": "post",
        "avg_risk": 0.197,
        "avg_gt": 0.0278,
        "risk_category": 1,
        "risk_category_label": "Medium"
      }
    },
    {
      "type": "Feature",
      "geometry": {
        "type": "Polygon",
        "coordinates": [
          [
            [
              73.80552631578948,
              18.542368421052632
            ],
            [
              73.81552631578947,
              18.542368421052632
            ],
            [
              73.81552631578947,
              18.55236842105263
            ],
            [
              73.80552631578948,
              18.55236842105263
            ],
            [
              73.80552631578948,
              18.542368421052632
            ]
          ]
        ]
      },
      "properties": {
        "cell_id": "R14C01",
        "row": 14,
        "col": 1,
        "week": 8,
        "week_label": "Wk8",
        "date_start": "2024-07-20",
        "date_end": "2024-07-26",
        "phase": "post",
        "avg_risk": 0.2414,
        "avg_gt": 0.0603,
        "risk_category": 1,
        "risk_category_label": "Medium"
      }
    },
    {
      "type": "Feature",
      "geometry": {
        "type": "Polygon",
        "coordinates": [
          [
            [
              73.81605263157896,
              18.542368421052632
            ],
            [
              73.82605263157895,
              18.542368421052632
            ],
            [
              73.82605263157895,
              18.55236842105263
            ],
            [
              73.81605263157896,
              18.55236842105263
            ],
            [
              73.81605263157896,
              18.542368421052632
            ]
          ]
        ]
      },
      "properties": {
        "cell_id": "R14C02",
        "row": 14,
        "col": 2,
        "week": 8,
        "week_label": "Wk8",
        "date_start": "2024-07-20",
        "date_end": "2024-07-26",
        "phase": "post",
        "avg_risk": 0.2751,
        "avg_gt": 0.0963,
        "risk_category": 1,
        "risk_category_label": "Medium"
      }
    },
    {
      "type": "Feature",
      "geometry": {
        "type": "Polygon",
        "coordinates": [
          [
            [
              73.82657894736842,
              18.542368421052632
            ],
            [
              73.83657894736841,
              18.542368421052632
            ],
            [
              73.83657894736841,
              18.55236842105263
            ],
            [
              73.82657894736842,
              18.55236842105263
            ],
            [
              73.82657894736842,
              18.542368421052632
            ]
          ]
        ]
      },
      "properties": {
        "cell_id": "R14C03",
        "row": 14,
        "col": 3,
        "week": 8,
        "week_label": "Wk8",
        "date_start": "2024-07-20",
        "date_end": "2024-07-26",
        "phase": "post",
        "avg_risk": 0.3096,
        "avg_gt": 0.114,
        "risk_category": 1,
        "risk_category_label": "Medium"
      }
    },
    {
      "type": "Feature",
      "geometry": {
        "type": "Polygon",
        "coordinates": [
          [
            [
              73.8371052631579,
              18.542368421052632
            ],
            [
              73.84710526315789,
              18.542368421052632
            ],
            [
              73.84710526315789,
              18.55236842105263
            ],
            [
              73.8371052631579,
              18.55236842105263
            ],
            [
              73.8371052631579,
              18.542368421052632
            ]
          ]
        ]
      },
      "properties": {
        "cell_id": "R14C04",
        "row": 14,
        "col": 4,
        "week": 8,
        "week_label": "Wk8",
        "date_start": "2024-07-20",
        "date_end": "2024-07-26",
        "phase": "post",
        "avg_risk": 0.3477,
        "avg_gt": 0.103,
        "risk_category": 1,
        "risk_category_label": "Medium"
      }
    },
    {
      "type": "Feature",
      "geometry": {
        "type": "Polygon",
        "coordinates": [
          [
            [
              73.84763157894737,
              18.542368421052632
            ],
            [
              73.85763157894736,
              18.542368421052632
            ],
            [
              73.85763157894736,
              18.55236842105263
            ],
            [
              73.84763157894737,
              18.55236842105263
            ],
            [
              73.84763157894737,
              18.542368421052632
            ]
          ]
        ]
      },
      "properties": {
        "cell_id": "R14C05",
        "row": 14,
        "col": 5,
        "week": 8,
        "week_label": "Wk8",
        "date_start": "2024-07-20",
        "date_end": "2024-07-26",
        "phase": "post",
        "avg_risk": 0.3747,
        "avg_gt": 0.078,
        "risk_category": 1,
        "risk_category_label": "Medium"
      }
    },
    {
      "type": "Feature",
      "geometry": {
        "type": "Polygon",
        "coordinates": [
          [
            [
              73.85815789473685,
              18.542368421052632
            ],
            [
              73.86815789473684,
              18.542368421052632
            ],
            [
              73.86815789473684,
              18.55236842105263
            ],
            [
              73.85815789473685,
              18.55236842105263
            ],
            [
              73.85815789473685,
              18.542368421052632
            ]
          ]
        ]
      },
      "properties": {
        "cell_id": "R14C06",
        "row": 14,
        "col": 6,
        "week": 8,
        "week_label": "Wk8",
        "date_start": "2024-07-20",
        "date_end": "2024-07-26",
        "phase": "post",
        "avg_risk": 0.393,
        "avg_gt": 0.0624,
        "risk_category": 1,
        "risk_category_label": "Medium"
      }
    },
    {
      "type": "Feature",
      "geometry": {
        "type": "Polygon",
        "coordinates": [
          [
            [
              73.86868421052633,
              18.542368421052632
            ],
            [
              73.87868421052632,
              18.542368421052632
            ],
            [
              73.87868421052632,
              18.55236842105263
            ],
            [
              73.86868421052633,
              18.55236842105263
            ],
            [
              73.86868421052633,
              18.542368421052632
            ]
          ]
        ]
      },
      "properties": {
        "cell_id": "R14C07",
        "row": 14,
        "col": 7,
        "week": 8,
        "week_label": "Wk8",
        "date_start": "2024-07-20",
        "date_end": "2024-07-26",
        "phase": "post",
        "avg_risk": 0.4008,
        "avg_gt": 0.0641,
        "risk_category": 1,
        "risk_category_label": "Medium"
      }
    },
    {
      "type": "Feature",
      "geometry": {
        "type": "Polygon",
        "coordinates": [
          [
            [
              73.87921052631579,
              18.542368421052632
            ],
            [
              73.88921052631578,
              18.542368421052632
            ],
            [
              73.88921052631578,
              18.55236842105263
            ],
            [
              73.87921052631579,
              18.55236842105263
            ],
            [
              73.87921052631579,
              18.542368421052632
            ]
          ]
        ]
      },
      "properties": {
        "cell_id": "R14C08",
        "row": 14,
        "col": 8,
        "week": 8,
        "week_label": "Wk8",
        "date_start": "2024-07-20",
        "date_end": "2024-07-26",
        "phase": "post",
        "avg_risk": 0.3987,
        "avg_gt": 0.0768,
        "risk_category": 1,
        "risk_category_label": "Medium"
      }
    },
    {
      "type": "Feature",
      "geometry": {
        "type": "Polygon",
        "coordinates": [
          [
            [
              73.88973684210526,
              18.542368421052632
            ],
            [
              73.89973684210526,
              18.542368421052632
            ],
            [
              73.89973684210526,
              18.55236842105263
            ],
            [
              73.88973684210526,
              18.55236842105263
            ],
            [
              73.88973684210526,
              18.542368421052632
            ]
          ]
        ]
      },
      "properties": {
        "cell_id": "R14C09",
        "row": 14,
        "col": 9,
        "week": 8,
        "week_label": "Wk8",
        "date_start": "2024-07-20",
        "date_end": "2024-07-26",
        "phase": "post",
        "avg_risk": 0.3974,
        "avg_gt": 0.098,
        "risk_category": 1,
        "risk_category_label": "Medium"
      }
    },
    {
      "type": "Feature",
      "geometry": {
        "type": "Polygon",
        "coordinates": [
          [
            [
              73.90026315789474,
              18.542368421052632
            ],
            [
              73.91026315789473,
              18.542368421052632
            ],
            [
              73.91026315789473,
              18.55236842105263
            ],
            [
              73.90026315789474,
              18.55236842105263
            ],
            [
              73.90026315789474,
              18.542368421052632
            ]
          ]
        ]
      },
      "properties": {
        "cell_id": "R14C10",
        "row": 14,
        "col": 10,
        "week": 8,
        "week_label": "Wk8",
        "date_start": "2024-07-20",
        "date_end": "2024-07-26",
        "phase": "post",
        "avg_risk": 0.3846,
        "avg_gt": 0.1417,
        "risk_category": 1,
        "risk_category_label": "Medium"
      }
    },
    {
      "type": "Feature",
      "geometry": {
        "type": "Polygon",
        "coordinates": [
          [
            [
              73.91078947368422,
              18.542368421052632
            ],
            [
              73.92078947368421,
              18.542368421052632
            ],
            [
              73.92078947368421,
              18.55236842105263
            ],
            [
              73.91078947368422,
              18.55236842105263
            ],
            [
              73.91078947368422,
              18.542368421052632
            ]
          ]
        ]
      },
      "properties": {
        "cell_id": "R14C11",
        "row": 14,
        "col": 11,
        "week": 8,
        "week_label": "Wk8",
        "date_start": "2024-07-20",
        "date_end": "2024-07-26",
        "phase": "post",
        "avg_risk": 0.3667,
        "avg_gt": 0.2389,
        "risk_category": 1,
        "risk_category_label": "Medium"
      }
    },
    {
      "type": "Feature",
      "geometry": {
        "type": "Polygon",
        "coordinates": [
          [
            [
              73.92131578947368,
              18.542368421052632
            ],
            [
              73.93131578947367,
              18.542368421052632
            ],
            [
              73.93131578947367,
              18.55236842105263
            ],
            [
              73.92131578947368,
              18.55236842105263
            ],
            [
              73.92131578947368,
              18.542368421052632
            ]
          ]
        ]
      },
      "properties": {
        "cell_id": "R14C12",
        "row": 14,
        "col": 12,
        "week": 8,
        "week_label": "Wk8",
        "date_start": "2024-07-20",
        "date_end": "2024-07-26",
        "phase": "post",
        "avg_risk": 0.3216,
        "avg_gt": 0.4206,
        "risk_category": 1,
        "risk_category_label": "Medium"
      }
    },
    {
      "type": "Feature",
      "geometry": {
        "type": "Polygon",
        "coordinates": [
          [
            [
              73.93184210526316,
              18.542368421052632
            ],
            [
              73.94184210526315,
              18.542368421052632
            ],
            [
              73.94184210526315,
              18.55236842105263
            ],
            [
              73.93184210526316,
              18.55236842105263
            ],
            [
              73.93184210526316,
              18.542368421052632
            ]
          ]
        ]
      },
      "properties": {
        "cell_id": "R14C13",
        "row": 14,
        "col": 13,
        "week": 8,
        "week_label": "Wk8",
        "date_start": "2024-07-20",
        "date_end": "2024-07-26",
        "phase": "post",
        "avg_risk": 0.2521,
        "avg_gt": 0.6762,
        "risk_category": 1,
        "risk_category_label": "Medium"
      }
    },
    {
      "type": "Feature",
      "geometry": {
        "type": "Polygon",
        "coordinates": [
          [
            [
              73.94236842105263,
              18.542368421052632
            ],
            [
              73.95236842105263,
              18.542368421052632
            ],
            [
              73.95236842105263,
              18.55236842105263
            ],
            [
              73.94236842105263,
              18.55236842105263
            ],
            [
              73.94236842105263,
              18.542368421052632
            ]
          ]
        ]
      },
      "properties": {
        "cell_id": "R14C14",
        "row": 14,
        "col": 14,
        "week": 8,
        "week_label": "Wk8",
        "date_start": "2024-07-20",
        "date_end": "2024-07-26",
        "phase": "post",
        "avg_risk": 0.1884,
        "avg_gt": 0.9149,
        "risk_category": 1,
        "risk_category_label": "Medium"
      }
    },
    {
      "type": "Feature",
      "geometry": {
        "type": "Polygon",
        "coordinates": [
          [
            [
              73.95289473684211,
              18.542368421052632
            ],
            [
              73.9628947368421,
              18.542368421052632
            ],
            [
              73.9628947368421,
              18.55236842105263
            ],
            [
              73.95289473684211,
              18.55236842105263
            ],
            [
              73.95289473684211,
              18.542368421052632
            ]
          ]
        ]
      },
      "properties": {
        "cell_id": "R14C15",
        "row": 14,
        "col": 15,
        "week": 8,
        "week_label": "Wk8",
        "date_start": "2024-07-20",
        "date_end": "2024-07-26",
        "phase": "post",
        "avg_risk": 0.1406,
        "avg_gt": 1.0,
        "risk_category": 0,
        "risk_category_label": "Low"
      }
    },
    {
      "type": "Feature",
      "geometry": {
        "type": "Polygon",
        "coordinates": [
          [
            [
              73.96342105263159,
              18.542368421052632
            ],
            [
              73.97342105263158,
              18.542368421052632
            ],
            [
              73.97342105263158,
              18.55236842105263
            ],
            [
              73.96342105263159,
              18.55236842105263
            ],
            [
              73.96342105263159,
              18.542368421052632
            ]
          ]
        ]
      },
      "properties": {
        "cell_id": "R14C16",
        "row": 14,
        "col": 16,
        "week": 8,
        "week_label": "Wk8",
        "date_start": "2024-07-20",
        "date_end": "2024-07-26",
        "phase": "post",
        "avg_risk": 0.1156,
        "avg_gt": 0.8664,
        "risk_category": 0,
        "risk_category_label": "Low"
      }
    },
    {
      "type": "Feature",
      "geometry": {
        "type": "Polygon",
        "coordinates": [
          [
            [
              73.97394736842105,
              18.542368421052632
            ],
            [
              73.98394736842104,
              18.542368421052632
            ],
            [
              73.98394736842104,
              18.55236842105263
            ],
            [
              73.97394736842105,
              18.55236842105263
            ],
            [
              73.97394736842105,
              18.542368421052632
            ]
          ]
        ]
      },
      "properties": {
        "cell_id": "R14C17",
        "row": 14,
        "col": 17,
        "week": 8,
        "week_label": "Wk8",
        "date_start": "2024-07-20",
        "date_end": "2024-07-26",
        "phase": "post",
        "avg_risk": 0.1176,
        "avg_gt": 0.5898,
        "risk_category": 0,
        "risk_category_label": "Low"
      }
    },
    {
      "type": "Feature",
      "geometry": {
        "type": "Polygon",
        "coordinates": [
          [
            [
              73.98447368421053,
              18.542368421052632
            ],
            [
              73.99447368421052,
              18.542368421052632
            ],
            [
              73.99447368421052,
              18.55236842105263
            ],
            [
              73.98447368421053,
              18.55236842105263
            ],
            [
              73.98447368421053,
              18.542368421052632
            ]
          ]
        ]
      },
      "properties": {
        "cell_id": "R14C18",
        "row": 14,
        "col": 18,
        "week": 8,
        "week_label": "Wk8",
        "date_start": "2024-07-20",
        "date_end": "2024-07-26",
        "phase": "post",
        "avg_risk": 0.1491,
        "avg_gt": 0.314,
        "risk_category": 0,
        "risk_category_label": "Low"
      }
    },
    {
      "type": "Feature",
      "geometry": {
        "type": "Polygon",
        "coordinates": [
          [
            [
              73.995,
              18.542368421052632
            ],
            [
              74.005,
              18.542368421052632
            ],
            [
              74.005,
              18.55236842105263
            ],
            [
              73.995,
              18.55236842105263
            ],
            [
              73.995,
              18.542368421052632
            ]
          ]
        ]
      },
      "properties": {
        "cell_id": "R14C19",
        "row": 14,
        "col": 19,
        "week": 8,
        "week_label": "Wk8",
        "date_start": "2024-07-20",
        "date_end": "2024-07-26",
        "phase": "post",
        "avg_risk": 0.1748,
        "avg_gt": 0.1305,
        "risk_category": 1,
        "risk_category_label": "Medium"
      }
    },
    {
      "type": "Feature",
      "geometry": {
        "type": "Polygon",
        "coordinates": [
          [
            [
              73.795,
              18.552894736842106
            ],
            [
              73.80499999999999,
              18.552894736842106
            ],
            [
              73.80499999999999,
              18.562894736842104
            ],
            [
              73.795,
              18.562894736842104
            ],
            [
              73.795,
              18.552894736842106
            ]
          ]
        ]
      },
      "properties": {
        "cell_id": "R15C00",
        "row": 15,
        "col": 0,
        "week": 8,
        "week_label": "Wk8",
        "date_start": "2024-07-20",
        "date_end": "2024-07-26",
        "phase": "post",
        "avg_risk": 0.2309,
        "avg_gt": 0.0602,
        "risk_category": 1,
        "risk_category_label": "Medium"
      }
    },
    {
      "type": "Feature",
      "geometry": {
        "type": "Polygon",
        "coordinates": [
          [
            [
              73.80552631578948,
              18.552894736842106
            ],
            [
              73.81552631578947,
              18.552894736842106
            ],
            [
              73.81552631578947,
              18.562894736842104
            ],
            [
              73.80552631578948,
              18.562894736842104
            ],
            [
              73.80552631578948,
              18.552894736842106
            ]
          ]
        ]
      },
      "properties": {
        "cell_id": "R15C01",
        "row": 15,
        "col": 1,
        "week": 8,
        "week_label": "Wk8",
        "date_start": "2024-07-20",
        "date_end": "2024-07-26",
        "phase": "post",
        "avg_risk": 0.2608,
        "avg_gt": 0.1303,
        "risk_category": 1,
        "risk_category_label": "Medium"
      }
    },
    {
      "type": "Feature",
      "geometry": {
        "type": "Polygon",
        "coordinates": [
          [
            [
              73.81605263157896,
              18.552894736842106
            ],
            [
              73.82605263157895,
              18.552894736842106
            ],
            [
              73.82605263157895,
              18.562894736842104
            ],
            [
              73.81605263157896,
              18.562894736842104
            ],
            [
              73.81605263157896,
              18.552894736842106
            ]
          ]
        ]
      },
      "properties": {
        "cell_id": "R15C02",
        "row": 15,
        "col": 2,
        "week": 8,
        "week_label": "Wk8",
        "date_start": "2024-07-20",
        "date_end": "2024-07-26",
        "phase": "post",
        "avg_risk": 0.2864,
        "avg_gt": 0.2072,
        "risk_category": 1,
        "risk_category_label": "Medium"
      }
    },
    {
      "type": "Feature",
      "geometry": {
        "type": "Polygon",
        "coordinates": [
          [
            [
              73.82657894736842,
              18.552894736842106
            ],
            [
              73.83657894736841,
              18.552894736842106
            ],
            [
              73.83657894736841,
              18.562894736842104
            ],
            [
              73.82657894736842,
              18.562894736842104
            ],
            [
              73.82657894736842,
              18.552894736842106
            ]
          ]
        ]
      },
      "properties": {
        "cell_id": "R15C03",
        "row": 15,
        "col": 3,
        "week": 8,
        "week_label": "Wk8",
        "date_start": "2024-07-20",
        "date_end": "2024-07-26",
        "phase": "post",
        "avg_risk": 0.3073,
        "avg_gt": 0.2424,
        "risk_category": 1,
        "risk_category_label": "Medium"
      }
    },
    {
      "type": "Feature",
      "geometry": {
        "type": "Polygon",
        "coordinates": [
          [
            [
              73.8371052631579,
              18.552894736842106
            ],
            [
              73.84710526315789,
              18.552894736842106
            ],
            [
              73.84710526315789,
              18.562894736842104
            ],
            [
              73.8371052631579,
              18.562894736842104
            ],
            [
              73.8371052631579,
              18.552894736842106
            ]
          ]
        ]
      },
      "properties": {
        "cell_id": "R15C04",
        "row": 15,
        "col": 4,
        "week": 8,
        "week_label": "Wk8",
        "date_start": "2024-07-20",
        "date_end": "2024-07-26",
        "phase": "post",
        "avg_risk": 0.3274,
        "avg_gt": 0.2096,
        "risk_category": 1,
        "risk_category_label": "Medium"
      }
    },
    {
      "type": "Feature",
      "geometry": {
        "type": "Polygon",
        "coordinates": [
          [
            [
              73.84763157894737,
              18.552894736842106
            ],
            [
              73.85763157894736,
              18.552894736842106
            ],
            [
              73.85763157894736,
              18.562894736842104
            ],
            [
              73.84763157894737,
              18.562894736842104
            ],
            [
              73.84763157894737,
              18.552894736842106
            ]
          ]
        ]
      },
      "properties": {
        "cell_id": "R15C05",
        "row": 15,
        "col": 5,
        "week": 8,
        "week_label": "Wk8",
        "date_start": "2024-07-20",
        "date_end": "2024-07-26",
        "phase": "post",
        "avg_risk": 0.3455,
        "avg_gt": 0.1372,
        "risk_category": 1,
        "risk_category_label": "Medium"
      }
    },
    {
      "type": "Feature",
      "geometry": {
        "type": "Polygon",
        "coordinates": [
          [
            [
              73.85815789473685,
              18.552894736842106
            ],
            [
              73.86815789473684,
              18.552894736842106
            ],
            [
              73.86815789473684,
              18.562894736842104
            ],
            [
              73.85815789473685,
              18.562894736842104
            ],
            [
              73.85815789473685,
              18.552894736842106
            ]
          ]
        ]
      },
      "properties": {
        "cell_id": "R15C06",
        "row": 15,
        "col": 6,
        "week": 8,
        "week_label": "Wk8",
        "date_start": "2024-07-20",
        "date_end": "2024-07-26",
        "phase": "post",
        "avg_risk": 0.3596,
        "avg_gt": 0.0758,
        "risk_category": 1,
        "risk_category_label": "Medium"
      }
    },
    {
      "type": "Feature",
      "geometry": {
        "type": "Polygon",
        "coordinates": [
          [
            [
              73.86868421052633,
              18.552894736842106
            ],
            [
              73.87868421052632,
              18.552894736842106
            ],
            [
              73.87868421052632,
              18.562894736842104
            ],
            [
              73.86868421052633,
              18.562894736842104
            ],
            [
              73.86868421052633,
              18.552894736842106
            ]
          ]
        ]
      },
      "properties": {
        "cell_id": "R15C07",
        "row": 15,
        "col": 7,
        "week": 8,
        "week_label": "Wk8",
        "date_start": "2024-07-20",
        "date_end": "2024-07-26",
        "phase": "post",
        "avg_risk": 0.3635,
        "avg_gt": 0.0517,
        "risk_category": 1,
        "risk_category_label": "Medium"
      }
    },
    {
      "type": "Feature",
      "geometry": {
        "type": "Polygon",
        "coordinates": [
          [
            [
              73.87921052631579,
              18.552894736842106
            ],
            [
              73.88921052631578,
              18.552894736842106
            ],
            [
              73.88921052631578,
              18.562894736842104
            ],
            [
              73.87921052631579,
              18.562894736842104
            ],
            [
              73.87921052631579,
              18.552894736842106
            ]
          ]
        ]
      },
      "properties": {
        "cell_id": "R15C08",
        "row": 15,
        "col": 8,
        "week": 8,
        "week_label": "Wk8",
        "date_start": "2024-07-20",
        "date_end": "2024-07-26",
        "phase": "post",
        "avg_risk": 0.3579,
        "avg_gt": 0.0643,
        "risk_category": 1,
        "risk_category_label": "Medium"
      }
    },
    {
      "type": "Feature",
      "geometry": {
        "type": "Polygon",
        "coordinates": [
          [
            [
              73.88973684210526,
              18.552894736842106
            ],
            [
              73.89973684210526,
              18.552894736842106
            ],
            [
              73.89973684210526,
              18.562894736842104
            ],
            [
              73.88973684210526,
              18.562894736842104
            ],
            [
              73.88973684210526,
              18.552894736842106
            ]
          ]
        ]
      },
      "properties": {
        "cell_id": "R15C09",
        "row": 15,
        "col": 9,
        "week": 8,
        "week_label": "Wk8",
        "date_start": "2024-07-20",
        "date_end": "2024-07-26",
        "phase": "post",
        "avg_risk": 0.3437,
        "avg_gt": 0.1083,
        "risk_category": 1,
        "risk_category_label": "Medium"
      }
    },
    {
      "type": "Feature",
      "geometry": {
        "type": "Polygon",
        "coordinates": [
          [
            [
              73.90026315789474,
              18.552894736842106
            ],
            [
              73.91026315789473,
              18.552894736842106
            ],
            [
              73.91026315789473,
              18.562894736842104
            ],
            [
              73.90026315789474,
              18.562894736842104
            ],
            [
              73.90026315789474,
              18.552894736842106
            ]
          ]
        ]
      },
      "properties": {
        "cell_id": "R15C10",
        "row": 15,
        "col": 10,
        "week": 8,
        "week_label": "Wk8",
        "date_start": "2024-07-20",
        "date_end": "2024-07-26",
        "phase": "post",
        "avg_risk": 0.3312,
        "avg_gt": 0.1866,
        "risk_category": 1,
        "risk_category_label": "Medium"
      }
    },
    {
      "type": "Feature",
      "geometry": {
        "type": "Polygon",
        "coordinates": [
          [
            [
              73.91078947368422,
              18.552894736842106
            ],
            [
              73.92078947368421,
              18.552894736842106
            ],
            [
              73.92078947368421,
              18.562894736842104
            ],
            [
              73.91078947368422,
              18.562894736842104
            ],
            [
              73.91078947368422,
              18.552894736842106
            ]
          ]
        ]
      },
      "properties": {
        "cell_id": "R15C11",
        "row": 15,
        "col": 11,
        "week": 8,
        "week_label": "Wk8",
        "date_start": "2024-07-20",
        "date_end": "2024-07-26",
        "phase": "post",
        "avg_risk": 0.2932,
        "avg_gt": 0.3095,
        "risk_category": 1,
        "risk_category_label": "Medium"
      }
    },
    {
      "type": "Feature",
      "geometry": {
        "type": "Polygon",
        "coordinates": [
          [
            [
              73.92131578947368,
              18.552894736842106
            ],
            [
              73.93131578947367,
              18.552894736842106
            ],
            [
              73.93131578947367,
              18.562894736842104
            ],
            [
              73.92131578947368,
              18.562894736842104
            ],
            [
              73.92131578947368,
              18.552894736842106
            ]
          ]
        ]
      },
      "properties": {
        "cell_id": "R15C12",
        "row": 15,
        "col": 12,
        "week": 8,
        "week_label": "Wk8",
        "date_start": "2024-07-20",
        "date_end": "2024-07-26",
        "phase": "post",
        "avg_risk": 0.2454,
        "avg_gt": 0.4872,
        "risk_category": 1,
        "risk_category_label": "Medium"
      }
    },
    {
      "type": "Feature",
      "geometry": {
        "type": "Polygon",
        "coordinates": [
          [
            [
              73.93184210526316,
              18.552894736842106
            ],
            [
              73.94184210526315,
              18.552894736842106
            ],
            [
              73.94184210526315,
              18.562894736842104
            ],
            [
              73.93184210526316,
              18.562894736842104
            ],
            [
              73.93184210526316,
              18.552894736842106
            ]
          ]
        ]
      },
      "properties": {
        "cell_id": "R15C13",
        "row": 15,
        "col": 13,
        "week": 8,
        "week_label": "Wk8",
        "date_start": "2024-07-20",
        "date_end": "2024-07-26",
        "phase": "post",
        "avg_risk": 0.2043,
        "avg_gt": 0.7037,
        "risk_category": 1,
        "risk_category_label": "Medium"
      }
    },
    {
      "type": "Feature",
      "geometry": {
        "type": "Polygon",
        "coordinates": [
          [
            [
              73.94236842105263,
              18.552894736842106
            ],
            [
              73.95236842105263,
              18.552894736842106
            ],
            [
              73.95236842105263,
              18.562894736842104
            ],
            [
              73.94236842105263,
              18.562894736842104
            ],
            [
              73.94236842105263,
              18.552894736842106
            ]
          ]
        ]
      },
      "properties": {
        "cell_id": "R15C14",
        "row": 15,
        "col": 14,
        "week": 8,
        "week_label": "Wk8",
        "date_start": "2024-07-20",
        "date_end": "2024-07-26",
        "phase": "post",
        "avg_risk": 0.1672,
        "avg_gt": 0.8864,
        "risk_category": 1,
        "risk_category_label": "Medium"
      }
    },
    {
      "type": "Feature",
      "geometry": {
        "type": "Polygon",
        "coordinates": [
          [
            [
              73.95289473684211,
              18.552894736842106
            ],
            [
              73.9628947368421,
              18.552894736842106
            ],
            [
              73.9628947368421,
              18.562894736842104
            ],
            [
              73.95289473684211,
              18.562894736842104
            ],
            [
              73.95289473684211,
              18.552894736842106
            ]
          ]
        ]
      },
      "properties": {
        "cell_id": "R15C15",
        "row": 15,
        "col": 15,
        "week": 8,
        "week_label": "Wk8",
        "date_start": "2024-07-20",
        "date_end": "2024-07-26",
        "phase": "post",
        "avg_risk": 0.1177,
        "avg_gt": 0.9298,
        "risk_category": 0,
        "risk_category_label": "Low"
      }
    },
    {
      "type": "Feature",
      "geometry": {
        "type": "Polygon",
        "coordinates": [
          [
            [
              73.96342105263159,
              18.552894736842106
            ],
            [
              73.97342105263158,
              18.552894736842106
            ],
            [
              73.97342105263158,
              18.562894736842104
            ],
            [
              73.96342105263159,
              18.562894736842104
            ],
            [
              73.96342105263159,
              18.552894736842106
            ]
          ]
        ]
      },
      "properties": {
        "cell_id": "R15C16",
        "row": 15,
        "col": 16,
        "week": 8,
        "week_label": "Wk8",
        "date_start": "2024-07-20",
        "date_end": "2024-07-26",
        "phase": "post",
        "avg_risk": 0.1357,
        "avg_gt": 0.7876,
        "risk_category": 0,
        "risk_category_label": "Low"
      }
    },
    {
      "type": "Feature",
      "geometry": {
        "type": "Polygon",
        "coordinates": [
          [
            [
              73.97394736842105,
              18.552894736842106
            ],
            [
              73.98394736842104,
              18.552894736842106
            ],
            [
              73.98394736842104,
              18.562894736842104
            ],
            [
              73.97394736842105,
              18.562894736842104
            ],
            [
              73.97394736842105,
              18.552894736842106
            ]
          ]
        ]
      },
      "properties": {
        "cell_id": "R15C17",
        "row": 15,
        "col": 17,
        "week": 8,
        "week_label": "Wk8",
        "date_start": "2024-07-20",
        "date_end": "2024-07-26",
        "phase": "post",
        "avg_risk": 0.1162,
        "avg_gt": 0.5295,
        "risk_category": 0,
        "risk_category_label": "Low"
      }
    },
    {
      "type": "Feature",
      "geometry": {
        "type": "Polygon",
        "coordinates": [
          [
            [
              73.98447368421053,
              18.552894736842106
            ],
            [
              73.99447368421052,
              18.552894736842106
            ],
            [
              73.99447368421052,
              18.562894736842104
            ],
            [
              73.98447368421053,
              18.562894736842104
            ],
            [
              73.98447368421053,
              18.552894736842106
            ]
          ]
        ]
      },
      "properties": {
        "cell_id": "R15C18",
        "row": 15,
        "col": 18,
        "week": 8,
        "week_label": "Wk8",
        "date_start": "2024-07-20",
        "date_end": "2024-07-26",
        "phase": "post",
        "avg_risk": 0.0959,
        "avg_gt": 0.28,
        "risk_category": 0,
        "risk_category_label": "Low"
      }
    },
    {
      "type": "Feature",
      "geometry": {
        "type": "Polygon",
        "coordinates": [
          [
            [
              73.995,
              18.552894736842106
            ],
            [
              74.005,
              18.552894736842106
            ],
            [
              74.005,
              18.562894736842104
            ],
            [
              73.995,
              18.562894736842104
            ],
            [
              73.995,
              18.552894736842106
            ]
          ]
        ]
      },
      "properties": {
        "cell_id": "R15C19",
        "row": 15,
        "col": 19,
        "week": 8,
        "week_label": "Wk8",
        "date_start": "2024-07-20",
        "date_end": "2024-07-26",
        "phase": "post",
        "avg_risk": 0.1433,
        "avg_gt": 0.1159,
        "risk_category": 0,
        "risk_category_label": "Low"
      }
    },
    {
      "type": "Feature",
      "geometry": {
        "type": "Polygon",
        "coordinates": [
          [
            [
              73.795,
              18.563421052631583
            ],
            [
              73.80499999999999,
              18.563421052631583
            ],
            [
              73.80499999999999,
              18.57342105263158
            ],
            [
              73.795,
              18.57342105263158
            ],
            [
              73.795,
              18.563421052631583
            ]
          ]
        ]
      },
      "properties": {
        "cell_id": "R16C00",
        "row": 16,
        "col": 0,
        "week": 8,
        "week_label": "Wk8",
        "date_start": "2024-07-20",
        "date_end": "2024-07-26",
        "phase": "post",
        "avg_risk": 0.2565,
        "avg_gt": 0.0957,
        "risk_category": 1,
        "risk_category_label": "Medium"
      }
    },
    {
      "type": "Feature",
      "geometry": {
        "type": "Polygon",
        "coordinates": [
          [
            [
              73.80552631578948,
              18.563421052631583
            ],
            [
              73.81552631578947,
              18.563421052631583
            ],
            [
              73.81552631578947,
              18.57342105263158
            ],
            [
              73.80552631578948,
              18.57342105263158
            ],
            [
              73.80552631578948,
              18.563421052631583
            ]
          ]
        ]
      },
      "properties": {
        "cell_id": "R16C01",
        "row": 16,
        "col": 1,
        "week": 8,
        "week_label": "Wk8",
        "date_start": "2024-07-20",
        "date_end": "2024-07-26",
        "phase": "post",
        "avg_risk": 0.2819,
        "avg_gt": 0.207,
        "risk_category": 1,
        "risk_category_label": "Medium"
      }
    },
    {
      "type": "Feature",
      "geometry": {
        "type": "Polygon",
        "coordinates": [
          [
            [
              73.81605263157896,
              18.563421052631583
            ],
            [
              73.82605263157895,
              18.563421052631583
            ],
            [
              73.82605263157895,
              18.57342105263158
            ],
            [
              73.81605263157896,
              18.57342105263158
            ],
            [
              73.81605263157896,
              18.563421052631583
            ]
          ]
        ]
      },
      "properties": {
        "cell_id": "R16C02",
        "row": 16,
        "col": 2,
        "week": 8,
        "week_label": "Wk8",
        "date_start": "2024-07-20",
        "date_end": "2024-07-26",
        "phase": "post",
        "avg_risk": 0.2975,
        "avg_gt": 0.329,
        "risk_category": 1,
        "risk_category_label": "Medium"
      }
    },
    {
      "type": "Feature",
      "geometry": {
        "type": "Polygon",
        "coordinates": [
          [
            [
              73.82657894736842,
              18.563421052631583
            ],
            [
              73.83657894736841,
              18.563421052631583
            ],
            [
              73.83657894736841,
              18.57342105263158
            ],
            [
              73.82657894736842,
              18.57342105263158
            ],
            [
              73.82657894736842,
              18.563421052631583
            ]
          ]
        ]
      },
      "properties": {
        "cell_id": "R16C03",
        "row": 16,
        "col": 3,
        "week": 8,
        "week_label": "Wk8",
        "date_start": "2024-07-20",
        "date_end": "2024-07-26",
        "phase": "post",
        "avg_risk": 0.3068,
        "avg_gt": 0.3841,
        "risk_category": 1,
        "risk_category_label": "Medium"
      }
    },
    {
      "type": "Feature",
      "geometry": {
        "type": "Polygon",
        "coordinates": [
          [
            [
              73.8371052631579,
              18.563421052631583
            ],
            [
              73.84710526315789,
              18.563421052631583
            ],
            [
              73.84710526315789,
              18.57342105263158
            ],
            [
              73.8371052631579,
              18.57342105263158
            ],
            [
              73.8371052631579,
              18.563421052631583
            ]
          ]
        ]
      },
      "properties": {
        "cell_id": "R16C04",
        "row": 16,
        "col": 4,
        "week": 8,
        "week_label": "Wk8",
        "date_start": "2024-07-20",
        "date_end": "2024-07-26",
        "phase": "post",
        "avg_risk": 0.3171,
        "avg_gt": 0.33,
        "risk_category": 1,
        "risk_category_label": "Medium"
      }
    },
    {
      "type": "Feature",
      "geometry": {
        "type": "Polygon",
        "coordinates": [
          [
            [
              73.84763157894737,
              18.563421052631583
            ],
            [
              73.85763157894736,
              18.563421052631583
            ],
            [
              73.85763157894736,
              18.57342105263158
            ],
            [
              73.84763157894737,
              18.57342105263158
            ],
            [
              73.84763157894737,
              18.563421052631583
            ]
          ]
        ]
      },
      "properties": {
        "cell_id": "R16C05",
        "row": 16,
        "col": 5,
        "week": 8,
        "week_label": "Wk8",
        "date_start": "2024-07-20",
        "date_end": "2024-07-26",
        "phase": "post",
        "avg_risk": 0.3185,
        "avg_gt": 0.2106,
        "risk_category": 1,
        "risk_category_label": "Medium"
      }
    },
    {
      "type": "Feature",
      "geometry": {
        "type": "Polygon",
        "coordinates": [
          [
            [
              73.85815789473685,
              18.563421052631583
            ],
            [
              73.86815789473684,
              18.563421052631583
            ],
            [
              73.86815789473684,
              18.57342105263158
            ],
            [
              73.85815789473685,
              18.57342105263158
            ],
            [
              73.85815789473685,
              18.563421052631583
            ]
          ]
        ]
      },
      "properties": {
        "cell_id": "R16C06",
        "row": 16,
        "col": 6,
        "week": 8,
        "week_label": "Wk8",
        "date_start": "2024-07-20",
        "date_end": "2024-07-26",
        "phase": "post",
        "avg_risk": 0.3171,
        "avg_gt": 0.1069,
        "risk_category": 1,
        "risk_category_label": "Medium"
      }
    },
    {
      "type": "Feature",
      "geometry": {
        "type": "Polygon",
        "coordinates": [
          [
            [
              73.86868421052633,
              18.563421052631583
            ],
            [
              73.87868421052632,
              18.563421052631583
            ],
            [
              73.87868421052632,
              18.57342105263158
            ],
            [
              73.86868421052633,
              18.57342105263158
            ],
            [
              73.86868421052633,
              18.563421052631583
            ]
          ]
        ]
      },
      "properties": {
        "cell_id": "R16C07",
        "row": 16,
        "col": 7,
        "week": 8,
        "week_label": "Wk8",
        "date_start": "2024-07-20",
        "date_end": "2024-07-26",
        "phase": "post",
        "avg_risk": 0.3071,
        "avg_gt": 0.0631,
        "risk_category": 1,
        "risk_category_label": "Medium"
      }
    },
    {
      "type": "Feature",
      "geometry": {
        "type": "Polygon",
        "coordinates": [
          [
            [
              73.87921052631579,
              18.563421052631583
            ],
            [
              73.88921052631578,
              18.563421052631583
            ],
            [
              73.88921052631578,
              18.57342105263158
            ],
            [
              73.87921052631579,
              18.57342105263158
            ],
            [
              73.87921052631579,
              18.563421052631583
            ]
          ]
        ]
      },
      "properties": {
        "cell_id": "R16C08",
        "row": 16,
        "col": 8,
        "week": 8,
        "week_label": "Wk8",
        "date_start": "2024-07-20",
        "date_end": "2024-07-26",
        "phase": "post",
        "avg_risk": 0.2951,
        "avg_gt": 0.0811,
        "risk_category": 1,
        "risk_category_label": "Medium"
      }
    },
    {
      "type": "Feature",
      "geometry": {
        "type": "Polygon",
        "coordinates": [
          [
            [
              73.88973684210526,
              18.563421052631583
            ],
            [
              73.89973684210526,
              18.563421052631583
            ],
            [
              73.89973684210526,
              18.57342105263158
            ],
            [
              73.88973684210526,
              18.57342105263158
            ],
            [
              73.88973684210526,
              18.563421052631583
            ]
          ]
        ]
      },
      "properties": {
        "cell_id": "R16C09",
        "row": 16,
        "col": 9,
        "week": 8,
        "week_label": "Wk8",
        "date_start": "2024-07-20",
        "date_end": "2024-07-26",
        "phase": "post",
        "avg_risk": 0.2679,
        "avg_gt": 0.1506,
        "risk_category": 1,
        "risk_category_label": "Medium"
      }
    },
    {
      "type": "Feature",
      "geometry": {
        "type": "Polygon",
        "coordinates": [
          [
            [
              73.90026315789474,
              18.563421052631583
            ],
            [
              73.91026315789473,
              18.563421052631583
            ],
            [
              73.91026315789473,
              18.57342105263158
            ],
            [
              73.90026315789474,
              18.57342105263158
            ],
            [
              73.90026315789474,
              18.563421052631583
            ]
          ]
        ]
      },
      "properties": {
        "cell_id": "R16C10",
        "row": 16,
        "col": 10,
        "week": 8,
        "week_label": "Wk8",
        "date_start": "2024-07-20",
        "date_end": "2024-07-26",
        "phase": "post",
        "avg_risk": 0.2393,
        "avg_gt": 0.2611,
        "risk_category": 1,
        "risk_category_label": "Medium"
      }
    },
    {
      "type": "Feature",
      "geometry": {
        "type": "Polygon",
        "coordinates": [
          [
            [
              73.91078947368422,
              18.563421052631583
            ],
            [
              73.92078947368421,
              18.563421052631583
            ],
            [
              73.92078947368421,
              18.57342105263158
            ],
            [
              73.91078947368422,
              18.57342105263158
            ],
            [
              73.91078947368422,
              18.563421052631583
            ]
          ]
        ]
      },
      "properties": {
        "cell_id": "R16C11",
        "row": 16,
        "col": 11,
        "week": 8,
        "week_label": "Wk8",
        "date_start": "2024-07-20",
        "date_end": "2024-07-26",
        "phase": "post",
        "avg_risk": 0.1889,
        "avg_gt": 0.3975,
        "risk_category": 1,
        "risk_category_label": "Medium"
      }
    },
    {
      "type": "Feature",
      "geometry": {
        "type": "Polygon",
        "coordinates": [
          [
            [
              73.92131578947368,
              18.563421052631583
            ],
            [
              73.93131578947367,
              18.563421052631583
            ],
            [
              73.93131578947367,
              18.57342105263158
            ],
            [
              73.92131578947368,
              18.57342105263158
            ],
            [
              73.92131578947368,
              18.563421052631583
            ]
          ]
        ]
      },
      "properties": {
        "cell_id": "R16C12",
        "row": 16,
        "col": 12,
        "week": 8,
        "week_label": "Wk8",
        "date_start": "2024-07-20",
        "date_end": "2024-07-26",
        "phase": "post",
        "avg_risk": 0.1876,
        "avg_gt": 0.5414,
        "risk_category": 1,
        "risk_category_label": "Medium"
      }
    },
    {
      "type": "Feature",
      "geometry": {
        "type": "Polygon",
        "coordinates": [
          [
            [
              73.93184210526316,
              18.563421052631583
            ],
            [
              73.94184210526315,
              18.563421052631583
            ],
            [
              73.94184210526315,
              18.57342105263158
            ],
            [
              73.93184210526316,
              18.57342105263158
            ],
            [
              73.93184210526316,
              18.563421052631583
            ]
          ]
        ]
      },
      "properties": {
        "cell_id": "R16C13",
        "row": 16,
        "col": 13,
        "week": 8,
        "week_label": "Wk8",
        "date_start": "2024-07-20",
        "date_end": "2024-07-26",
        "phase": "post",
        "avg_risk": 0.1232,
        "avg_gt": 0.6705,
        "risk_category": 0,
        "risk_category_label": "Low"
      }
    },
    {
      "type": "Feature",
      "geometry": {
        "type": "Polygon",
        "coordinates": [
          [
            [
              73.94236842105263,
              18.563421052631583
            ],
            [
              73.95236842105263,
              18.563421052631583
            ],
            [
              73.95236842105263,
              18.57342105263158
            ],
            [
              73.94236842105263,
              18.57342105263158
            ],
            [
              73.94236842105263,
              18.563421052631583
            ]
          ]
        ]
      },
      "properties": {
        "cell_id": "R16C14",
        "row": 16,
        "col": 14,
        "week": 8,
        "week_label": "Wk8",
        "date_start": "2024-07-20",
        "date_end": "2024-07-26",
        "phase": "post",
        "avg_risk": 0.1634,
        "avg_gt": 0.7465,
        "risk_category": 1,
        "risk_category_label": "Medium"
      }
    },
    {
      "type": "Feature",
      "geometry": {
        "type": "Polygon",
        "coordinates": [
          [
            [
              73.95289473684211,
              18.563421052631583
            ],
            [
              73.9628947368421,
              18.563421052631583
            ],
            [
              73.9628947368421,
              18.57342105263158
            ],
            [
              73.95289473684211,
              18.57342105263158
            ],
            [
              73.95289473684211,
              18.563421052631583
            ]
          ]
        ]
      },
      "properties": {
        "cell_id": "R16C15",
        "row": 16,
        "col": 15,
        "week": 8,
        "week_label": "Wk8",
        "date_start": "2024-07-20",
        "date_end": "2024-07-26",
        "phase": "post",
        "avg_risk": 0.2022,
        "avg_gt": 0.7209,
        "risk_category": 1,
        "risk_category_label": "Medium"
      }
    },
    {
      "type": "Feature",
      "geometry": {
        "type": "Polygon",
        "coordinates": [
          [
            [
              73.96342105263159,
              18.563421052631583
            ],
            [
              73.97342105263158,
              18.563421052631583
            ],
            [
              73.97342105263158,
              18.57342105263158
            ],
            [
              73.96342105263159,
              18.57342105263158
            ],
            [
              73.96342105263159,
              18.563421052631583
            ]
          ]
        ]
      },
      "properties": {
        "cell_id": "R16C16",
        "row": 16,
        "col": 16,
        "week": 8,
        "week_label": "Wk8",
        "date_start": "2024-07-20",
        "date_end": "2024-07-26",
        "phase": "post",
        "avg_risk": 0.1446,
        "avg_gt": 0.581,
        "risk_category": 0,
        "risk_category_label": "Low"
      }
    },
    {
      "type": "Feature",
      "geometry": {
        "type": "Polygon",
        "coordinates": [
          [
            [
              73.97394736842105,
              18.563421052631583
            ],
            [
              73.98394736842104,
              18.563421052631583
            ],
            [
              73.98394736842104,
              18.57342105263158
            ],
            [
              73.97394736842105,
              18.57342105263158
            ],
            [
              73.97394736842105,
              18.563421052631583
            ]
          ]
        ]
      },
      "properties": {
        "cell_id": "R16C17",
        "row": 16,
        "col": 17,
        "week": 8,
        "week_label": "Wk8",
        "date_start": "2024-07-20",
        "date_end": "2024-07-26",
        "phase": "post",
        "avg_risk": 0.1369,
        "avg_gt": 0.3796,
        "risk_category": 0,
        "risk_category_label": "Low"
      }
    },
    {
      "type": "Feature",
      "geometry": {
        "type": "Polygon",
        "coordinates": [
          [
            [
              73.98447368421053,
              18.563421052631583
            ],
            [
              73.99447368421052,
              18.563421052631583
            ],
            [
              73.99447368421052,
              18.57342105263158
            ],
            [
              73.98447368421053,
              18.57342105263158
            ],
            [
              73.98447368421053,
              18.563421052631583
            ]
          ]
        ]
      },
      "properties": {
        "cell_id": "R16C18",
        "row": 16,
        "col": 18,
        "week": 8,
        "week_label": "Wk8",
        "date_start": "2024-07-20",
        "date_end": "2024-07-26",
        "phase": "post",
        "avg_risk": 0.1355,
        "avg_gt": 0.1975,
        "risk_category": 0,
        "risk_category_label": "Low"
      }
    },
    {
      "type": "Feature",
      "geometry": {
        "type": "Polygon",
        "coordinates": [
          [
            [
              73.995,
              18.563421052631583
            ],
            [
              74.005,
              18.563421052631583
            ],
            [
              74.005,
              18.57342105263158
            ],
            [
              73.995,
              18.57342105263158
            ],
            [
              73.995,
              18.563421052631583
            ]
          ]
        ]
      },
      "properties": {
        "cell_id": "R16C19",
        "row": 16,
        "col": 19,
        "week": 8,
        "week_label": "Wk8",
        "date_start": "2024-07-20",
        "date_end": "2024-07-26",
        "phase": "post",
        "avg_risk": 0.1512,
        "avg_gt": 0.081,
        "risk_category": 1,
        "risk_category_label": "Medium"
      }
    },
    {
      "type": "Feature",
      "geometry": {
        "type": "Polygon",
        "coordinates": [
          [
            [
              73.795,
              18.573947368421056
            ],
            [
              73.80499999999999,
              18.573947368421056
            ],
            [
              73.80499999999999,
              18.583947368421054
            ],
            [
              73.795,
              18.583947368421054
            ],
            [
              73.795,
              18.573947368421056
            ]
          ]
        ]
      },
      "properties": {
        "cell_id": "R17C00",
        "row": 17,
        "col": 0,
        "week": 8,
        "week_label": "Wk8",
        "date_start": "2024-07-20",
        "date_end": "2024-07-26",
        "phase": "post",
        "avg_risk": 0.2677,
        "avg_gt": 0.1116,
        "risk_category": 1,
        "risk_category_label": "Medium"
      }
    },
    {
      "type": "Feature",
      "geometry": {
        "type": "Polygon",
        "coordinates": [
          [
            [
              73.80552631578948,
              18.573947368421056
            ],
            [
              73.81552631578947,
              18.573947368421056
            ],
            [
              73.81552631578947,
              18.583947368421054
            ],
            [
              73.80552631578948,
              18.583947368421054
            ],
            [
              73.80552631578948,
              18.573947368421056
            ]
          ]
        ]
      },
      "properties": {
        "cell_id": "R17C01",
        "row": 17,
        "col": 1,
        "week": 8,
        "week_label": "Wk8",
        "date_start": "2024-07-20",
        "date_end": "2024-07-26",
        "phase": "post",
        "avg_risk": 0.2877,
        "avg_gt": 0.2416,
        "risk_category": 1,
        "risk_category_label": "Medium"
      }
    },
    {
      "type": "Feature",
      "geometry": {
        "type": "Polygon",
        "coordinates": [
          [
            [
              73.81605263157896,
              18.573947368421056
            ],
            [
              73.82605263157895,
              18.573947368421056
            ],
            [
              73.82605263157895,
              18.583947368421054
            ],
            [
              73.81605263157896,
              18.583947368421054
            ],
            [
              73.81605263157896,
              18.573947368421056
            ]
          ]
        ]
      },
      "properties": {
        "cell_id": "R17C02",
        "row": 17,
        "col": 2,
        "week": 8,
        "week_label": "Wk8",
        "date_start": "2024-07-20",
        "date_end": "2024-07-26",
        "phase": "post",
        "avg_risk": 0.3003,
        "avg_gt": 0.3838,
        "risk_category": 1,
        "risk_category_label": "Medium"
      }
    },
    {
      "type": "Feature",
      "geometry": {
        "type": "Polygon",
        "coordinates": [
          [
            [
              73.82657894736842,
              18.573947368421056
            ],
            [
              73.83657894736841,
              18.573947368421056
            ],
            [
              73.83657894736841,
              18.583947368421054
            ],
            [
              73.82657894736842,
              18.583947368421054
            ],
            [
              73.82657894736842,
              18.573947368421056
            ]
          ]
        ]
      },
      "properties": {
        "cell_id": "R17C03",
        "row": 17,
        "col": 3,
        "week": 8,
        "week_label": "Wk8",
        "date_start": "2024-07-20",
        "date_end": "2024-07-26",
        "phase": "post",
        "avg_risk": 0.3081,
        "avg_gt": 0.448,
        "risk_category": 1,
        "risk_category_label": "Medium"
      }
    },
    {
      "type": "Feature",
      "geometry": {
        "type": "Polygon",
        "coordinates": [
          [
            [
              73.8371052631579,
              18.573947368421056
            ],
            [
              73.84710526315789,
              18.573947368421056
            ],
            [
              73.84710526315789,
              18.583947368421054
            ],
            [
              73.8371052631579,
              18.583947368421054
            ],
            [
              73.8371052631579,
              18.573947368421056
            ]
          ]
        ]
      },
      "properties": {
        "cell_id": "R17C04",
        "row": 17,
        "col": 4,
        "week": 8,
        "week_label": "Wk8",
        "date_start": "2024-07-20",
        "date_end": "2024-07-26",
        "phase": "post",
        "avg_risk": 0.3085,
        "avg_gt": 0.3846,
        "risk_category": 1,
        "risk_category_label": "Medium"
      }
    },
    {
      "type": "Feature",
      "geometry": {
        "type": "Polygon",
        "coordinates": [
          [
            [
              73.84763157894737,
              18.573947368421056
            ],
            [
              73.85763157894736,
              18.573947368421056
            ],
            [
              73.85763157894736,
              18.583947368421054
            ],
            [
              73.84763157894737,
              18.583947368421054
            ],
            [
              73.84763157894737,
              18.573947368421056
            ]
          ]
        ]
      },
      "properties": {
        "cell_id": "R17C05",
        "row": 17,
        "col": 5,
        "week": 8,
        "week_label": "Wk8",
        "date_start": "2024-07-20",
        "date_end": "2024-07-26",
        "phase": "post",
        "avg_risk": 0.3032,
        "avg_gt": 0.2449,
        "risk_category": 1,
        "risk_category_label": "Medium"
      }
    },
    {
      "type": "Feature",
      "geometry": {
        "type": "Polygon",
        "coordinates": [
          [
            [
              73.85815789473685,
              18.573947368421056
            ],
            [
              73.86815789473684,
              18.573947368421056
            ],
            [
              73.86815789473684,
              18.583947368421054
            ],
            [
              73.85815789473685,
              18.583947368421054
            ],
            [
              73.85815789473685,
              18.573947368421056
            ]
          ]
        ]
      },
      "properties": {
        "cell_id": "R17C06",
        "row": 17,
        "col": 6,
        "week": 8,
        "week_label": "Wk8",
        "date_start": "2024-07-20",
        "date_end": "2024-07-26",
        "phase": "post",
        "avg_risk": 0.2814,
        "avg_gt": 0.1238,
        "risk_category": 1,
        "risk_category_label": "Medium"
      }
    },
    {
      "type": "Feature",
      "geometry": {
        "type": "Polygon",
        "coordinates": [
          [
            [
              73.86868421052633,
              18.573947368421056
            ],
            [
              73.87868421052632,
              18.573947368421056
            ],
            [
              73.87868421052632,
              18.583947368421054
            ],
            [
              73.86868421052633,
              18.583947368421054
            ],
            [
              73.86868421052633,
              18.573947368421056
            ]
          ]
        ]
      },
      "properties": {
        "cell_id": "R17C07",
        "row": 17,
        "col": 7,
        "week": 8,
        "week_label": "Wk8",
        "date_start": "2024-07-20",
        "date_end": "2024-07-26",
        "phase": "post",
        "avg_risk": 0.2583,
        "avg_gt": 0.075,
        "risk_category": 1,
        "risk_category_label": "Medium"
      }
    },
    {
      "type": "Feature",
      "geometry": {
        "type": "Polygon",
        "coordinates": [
          [
            [
              73.87921052631579,
              18.573947368421056
            ],
            [
              73.88921052631578,
              18.573947368421056
            ],
            [
              73.88921052631578,
              18.583947368421054
            ],
            [
              73.87921052631579,
              18.583947368421054
            ],
            [
              73.87921052631579,
              18.573947368421056
            ]
          ]
        ]
      },
      "properties": {
        "cell_id": "R17C08",
        "row": 17,
        "col": 8,
        "week": 8,
        "week_label": "Wk8",
        "date_start": "2024-07-20",
        "date_end": "2024-07-26",
        "phase": "post",
        "avg_risk": 0.2207,
        "avg_gt": 0.1028,
        "risk_category": 1,
        "risk_category_label": "Medium"
      }
    },
    {
      "type": "Feature",
      "geometry": {
        "type": "Polygon",
        "coordinates": [
          [
            [
              73.88973684210526,
              18.573947368421056
            ],
            [
              73.89973684210526,
              18.573947368421056
            ],
            [
              73.89973684210526,
              18.583947368421054
            ],
            [
              73.88973684210526,
              18.583947368421054
            ],
            [
              73.88973684210526,
              18.573947368421056
            ]
          ]
        ]
      },
      "properties": {
        "cell_id": "R17C09",
        "row": 17,
        "col": 9,
        "week": 8,
        "week_label": "Wk8",
        "date_start": "2024-07-20",
        "date_end": "2024-07-26",
        "phase": "post",
        "avg_risk": 0.1951,
        "avg_gt": 0.1952,
        "risk_category": 1,
        "risk_category_label": "Medium"
      }
    },
    {
      "type": "Feature",
      "geometry": {
        "type": "Polygon",
        "coordinates": [
          [
            [
              73.90026315789474,
              18.573947368421056
            ],
            [
              73.91026315789473,
              18.573947368421056
            ],
            [
              73.91026315789473,
              18.583947368421054
            ],
            [
              73.90026315789474,
              18.583947368421054
            ],
            [
              73.90026315789474,
              18.573947368421056
            ]
          ]
        ]
      },
      "properties": {
        "cell_id": "R17C10",
        "row": 17,
        "col": 10,
        "week": 8,
        "week_label": "Wk8",
        "date_start": "2024-07-20",
        "date_end": "2024-07-26",
        "phase": "post",
        "avg_risk": 0.1533,
        "avg_gt": 0.3317,
        "risk_category": 1,
        "risk_category_label": "Medium"
      }
    },
    {
      "type": "Feature",
      "geometry": {
        "type": "Polygon",
        "coordinates": [
          [
            [
              73.91078947368422,
              18.573947368421056
            ],
            [
              73.92078947368421,
              18.573947368421056
            ],
            [
              73.92078947368421,
              18.583947368421054
            ],
            [
              73.91078947368422,
              18.583947368421054
            ],
            [
              73.91078947368422,
              18.573947368421056
            ]
          ]
        ]
      },
      "properties": {
        "cell_id": "R17C11",
        "row": 17,
        "col": 11,
        "week": 8,
        "week_label": "Wk8",
        "date_start": "2024-07-20",
        "date_end": "2024-07-26",
        "phase": "post",
        "avg_risk": 0.1247,
        "avg_gt": 0.475,
        "risk_category": 0,
        "risk_category_label": "Low"
      }
    },
    {
      "type": "Feature",
      "geometry": {
        "type": "Polygon",
        "coordinates": [
          [
            [
              73.92131578947368,
              18.573947368421056
            ],
            [
              73.93131578947367,
              18.573947368421056
            ],
            [
              73.93131578947367,
              18.583947368421054
            ],
            [
              73.92131578947368,
              18.583947368421054
            ],
            [
              73.92131578947368,
              18.573947368421056
            ]
          ]
        ]
      },
      "properties": {
        "cell_id": "R17C12",
        "row": 17,
        "col": 12,
        "week": 8,
        "week_label": "Wk8",
        "date_start": "2024-07-20",
        "date_end": "2024-07-26",
        "phase": "post",
        "avg_risk": 0.1039,
        "avg_gt": 0.5809,
        "risk_category": 0,
        "risk_category_label": "Low"
      }
    },
    {
      "type": "Feature",
      "geometry": {
        "type": "Polygon",
        "coordinates": [
          [
            [
              73.93184210526316,
              18.573947368421056
            ],
            [
              73.94184210526315,
              18.573947368421056
            ],
            [
              73.94184210526315,
              18.583947368421054
            ],
            [
              73.93184210526316,
              18.583947368421054
            ],
            [
              73.93184210526316,
              18.573947368421056
            ]
          ]
        ]
      },
      "properties": {
        "cell_id": "R17C13",
        "row": 17,
        "col": 13,
        "week": 8,
        "week_label": "Wk8",
        "date_start": "2024-07-20",
        "date_end": "2024-07-26",
        "phase": "post",
        "avg_risk": 0.1213,
        "avg_gt": 0.6216,
        "risk_category": 0,
        "risk_category_label": "Low"
      }
    },
    {
      "type": "Feature",
      "geometry": {
        "type": "Polygon",
        "coordinates": [
          [
            [
              73.94236842105263,
              18.573947368421056
            ],
            [
              73.95236842105263,
              18.573947368421056
            ],
            [
              73.95236842105263,
              18.583947368421054
            ],
            [
              73.94236842105263,
              18.583947368421054
            ],
            [
              73.94236842105263,
              18.573947368421056
            ]
          ]
        ]
      },
      "properties": {
        "cell_id": "R17C14",
        "row": 17,
        "col": 14,
        "week": 8,
        "week_label": "Wk8",
        "date_start": "2024-07-20",
        "date_end": "2024-07-26",
        "phase": "post",
        "avg_risk": 0.0818,
        "avg_gt": 0.5922,
        "risk_category": 0,
        "risk_category_label": "Low"
      }
    },
    {
      "type": "Feature",
      "geometry": {
        "type": "Polygon",
        "coordinates": [
          [
            [
              73.95289473684211,
              18.573947368421056
            ],
            [
              73.9628947368421,
              18.573947368421056
            ],
            [
              73.9628947368421,
              18.583947368421054
            ],
            [
              73.95289473684211,
              18.583947368421054
            ],
            [
              73.95289473684211,
              18.573947368421056
            ]
          ]
        ]
      },
      "properties": {
        "cell_id": "R17C15",
        "row": 17,
        "col": 15,
        "week": 8,
        "week_label": "Wk8",
        "date_start": "2024-07-20",
        "date_end": "2024-07-26",
        "phase": "post",
        "avg_risk": 0.1343,
        "avg_gt": 0.5008,
        "risk_category": 0,
        "risk_category_label": "Low"
      }
    },
    {
      "type": "Feature",
      "geometry": {
        "type": "Polygon",
        "coordinates": [
          [
            [
              73.96342105263159,
              18.573947368421056
            ],
            [
              73.97342105263158,
              18.573947368421056
            ],
            [
              73.97342105263158,
              18.583947368421054
            ],
            [
              73.96342105263159,
              18.583947368421054
            ],
            [
              73.96342105263159,
              18.573947368421056
            ]
          ]
        ]
      },
      "properties": {
        "cell_id": "R17C16",
        "row": 17,
        "col": 16,
        "week": 8,
        "week_label": "Wk8",
        "date_start": "2024-07-20",
        "date_end": "2024-07-26",
        "phase": "post",
        "avg_risk": 0.1075,
        "avg_gt": 0.3668,
        "risk_category": 0,
        "risk_category_label": "Low"
      }
    },
    {
      "type": "Feature",
      "geometry": {
        "type": "Polygon",
        "coordinates": [
          [
            [
              73.97394736842105,
              18.573947368421056
            ],
            [
              73.98394736842104,
              18.573947368421056
            ],
            [
              73.98394736842104,
              18.583947368421054
            ],
            [
              73.97394736842105,
              18.583947368421054
            ],
            [
              73.97394736842105,
              18.573947368421056
            ]
          ]
        ]
      },
      "properties": {
        "cell_id": "R17C17",
        "row": 17,
        "col": 17,
        "week": 8,
        "week_label": "Wk8",
        "date_start": "2024-07-20",
        "date_end": "2024-07-26",
        "phase": "post",
        "avg_risk": 0.0845,
        "avg_gt": 0.2252,
        "risk_category": 0,
        "risk_category_label": "Low"
      }
    },
    {
      "type": "Feature",
      "geometry": {
        "type": "Polygon",
        "coordinates": [
          [
            [
              73.98447368421053,
              18.573947368421056
            ],
            [
              73.99447368421052,
              18.573947368421056
            ],
            [
              73.99447368421052,
              18.583947368421054
            ],
            [
              73.98447368421053,
              18.583947368421054
            ],
            [
              73.98447368421053,
              18.573947368421056
            ]
          ]
        ]
      },
      "properties": {
        "cell_id": "R17C18",
        "row": 17,
        "col": 18,
        "week": 8,
        "week_label": "Wk8",
        "date_start": "2024-07-20",
        "date_end": "2024-07-26",
        "phase": "post",
        "avg_risk": 0.1102,
        "avg_gt": 0.1128,
        "risk_category": 0,
        "risk_category_label": "Low"
      }
    },
    {
      "type": "Feature",
      "geometry": {
        "type": "Polygon",
        "coordinates": [
          [
            [
              73.995,
              18.573947368421056
            ],
            [
              74.005,
              18.573947368421056
            ],
            [
              74.005,
              18.583947368421054
            ],
            [
              73.995,
              18.583947368421054
            ],
            [
              73.995,
              18.573947368421056
            ]
          ]
        ]
      },
      "properties": {
        "cell_id": "R17C19",
        "row": 17,
        "col": 19,
        "week": 8,
        "week_label": "Wk8",
        "date_start": "2024-07-20",
        "date_end": "2024-07-26",
        "phase": "post",
        "avg_risk": 0.1557,
        "avg_gt": 0.0452,
        "risk_category": 1,
        "risk_category_label": "Medium"
      }
    },
    {
      "type": "Feature",
      "geometry": {
        "type": "Polygon",
        "coordinates": [
          [
            [
              73.795,
              18.58447368421053
            ],
            [
              73.80499999999999,
              18.58447368421053
            ],
            [
              73.80499999999999,
              18.594473684210527
            ],
            [
              73.795,
              18.594473684210527
            ],
            [
              73.795,
              18.58447368421053
            ]
          ]
        ]
      },
      "properties": {
        "cell_id": "R18C00",
        "row": 18,
        "col": 0,
        "week": 8,
        "week_label": "Wk8",
        "date_start": "2024-07-20",
        "date_end": "2024-07-26",
        "phase": "post",
        "avg_risk": 0.27,
        "avg_gt": 0.0957,
        "risk_category": 1,
        "risk_category_label": "Medium"
      }
    },
    {
      "type": "Feature",
      "geometry": {
        "type": "Polygon",
        "coordinates": [
          [
            [
              73.80552631578948,
              18.58447368421053
            ],
            [
              73.81552631578947,
              18.58447368421053
            ],
            [
              73.81552631578947,
              18.594473684210527
            ],
            [
              73.80552631578948,
              18.594473684210527
            ],
            [
              73.80552631578948,
              18.58447368421053
            ]
          ]
        ]
      },
      "properties": {
        "cell_id": "R18C01",
        "row": 18,
        "col": 1,
        "week": 8,
        "week_label": "Wk8",
        "date_start": "2024-07-20",
        "date_end": "2024-07-26",
        "phase": "post",
        "avg_risk": 0.287,
        "avg_gt": 0.207,
        "risk_category": 1,
        "risk_category_label": "Medium"
      }
    },
    {
      "type": "Feature",
      "geometry": {
        "type": "Polygon",
        "coordinates": [
          [
            [
              73.81605263157896,
              18.58447368421053
            ],
            [
              73.82605263157895,
              18.58447368421053
            ],
            [
              73.82605263157895,
              18.594473684210527
            ],
            [
              73.81605263157896,
              18.594473684210527
            ],
            [
              73.81605263157896,
              18.58447368421053
            ]
          ]
        ]
      },
      "properties": {
        "cell_id": "R18C02",
        "row": 18,
        "col": 2,
        "week": 8,
        "week_label": "Wk8",
        "date_start": "2024-07-20",
        "date_end": "2024-07-26",
        "phase": "post",
        "avg_risk": 0.2973,
        "avg_gt": 0.3289,
        "risk_category": 1,
        "risk_category_label": "Medium"
      }
    },
    {
      "type": "Feature",
      "geometry": {
        "type": "Polygon",
        "coordinates": [
          [
            [
              73.82657894736842,
              18.58447368421053
            ],
            [
              73.83657894736841,
              18.58447368421053
            ],
            [
              73.83657894736841,
              18.594473684210527
            ],
            [
              73.82657894736842,
              18.594473684210527
            ],
            [
              73.82657894736842,
              18.58447368421053
            ]
          ]
        ]
      },
      "properties": {
        "cell_id": "R18C03",
        "row": 18,
        "col": 3,
        "week": 8,
        "week_label": "Wk8",
        "date_start": "2024-07-20",
        "date_end": "2024-07-26",
        "phase": "post",
        "avg_risk": 0.3042,
        "avg_gt": 0.3839,
        "risk_category": 1,
        "risk_category_label": "Medium"
      }
    },
    {
      "type": "Feature",
      "geometry": {
        "type": "Polygon",
        "coordinates": [
          [
            [
              73.8371052631579,
              18.58447368421053
            ],
            [
              73.84710526315789,
              18.58447368421053
            ],
            [
              73.84710526315789,
              18.594473684210527
            ],
            [
              73.8371052631579,
              18.594473684210527
            ],
            [
              73.8371052631579,
              18.58447368421053
            ]
          ]
        ]
      },
      "properties": {
        "cell_id": "R18C04",
        "row": 18,
        "col": 4,
        "week": 8,
        "week_label": "Wk8",
        "date_start": "2024-07-20",
        "date_end": "2024-07-26",
        "phase": "post",
        "avg_risk": 0.3002,
        "avg_gt": 0.3296,
        "risk_category": 1,
        "risk_category_label": "Medium"
      }
    },
    {
      "type": "Feature",
      "geometry": {
        "type": "Polygon",
        "coordinates": [
          [
            [
              73.84763157894737,
              18.58447368421053
            ],
            [
              73.85763157894736,
              18.58447368421053
            ],
            [
              73.85763157894736,
              18.594473684210527
            ],
            [
              73.84763157894737,
              18.594473684210527
            ],
            [
              73.84763157894737,
              18.58447368421053
            ]
          ]
        ]
      },
      "properties": {
        "cell_id": "R18C05",
        "row": 18,
        "col": 5,
        "week": 8,
        "week_label": "Wk8",
        "date_start": "2024-07-20",
        "date_end": "2024-07-26",
        "phase": "post",
        "avg_risk": 0.2877,
        "avg_gt": 0.2104,
        "risk_category": 1,
        "risk_category_label": "Medium"
      }
    },
    {
      "type": "Feature",
      "geometry": {
        "type": "Polygon",
        "coordinates": [
          [
            [
              73.85815789473685,
              18.58447368421053
            ],
            [
              73.86815789473684,
              18.58447368421053
            ],
            [
              73.86815789473684,
              18.594473684210527
            ],
            [
              73.85815789473685,
              18.594473684210527
            ],
            [
              73.85815789473685,
              18.58447368421053
            ]
          ]
        ]
      },
      "properties": {
        "cell_id": "R18C06",
        "row": 18,
        "col": 6,
        "week": 8,
        "week_label": "Wk8",
        "date_start": "2024-07-20",
        "date_end": "2024-07-26",
        "phase": "post",
        "avg_risk": 0.2608,
        "avg_gt": 0.1087,
        "risk_category": 1,
        "risk_category_label": "Medium"
      }
    },
    {
      "type": "Feature",
      "geometry": {
        "type": "Polygon",
        "coordinates": [
          [
            [
              73.86868421052633,
              18.58447368421053
            ],
            [
              73.87868421052632,
              18.58447368421053
            ],
            [
              73.87868421052632,
              18.594473684210527
            ],
            [
              73.86868421052633,
              18.594473684210527
            ],
            [
              73.86868421052633,
              18.58447368421053
            ]
          ]
        ]
      },
      "properties": {
        "cell_id": "R18C07",
        "row": 18,
        "col": 7,
        "week": 8,
        "week_label": "Wk8",
        "date_start": "2024-07-20",
        "date_end": "2024-07-26",
        "phase": "post",
        "avg_risk": 0.2201,
        "avg_gt": 0.0728,
        "risk_category": 1,
        "risk_category_label": "Medium"
      }
    },
    {
      "type": "Feature",
      "geometry": {
        "type": "Polygon",
        "coordinates": [
          [
            [
              73.87921052631579,
              18.58447368421053
            ],
            [
              73.88921052631578,
              18.58447368421053
            ],
            [
              73.88921052631578,
              18.594473684210527
            ],
            [
              73.87921052631579,
              18.594473684210527
            ],
            [
              73.87921052631579,
              18.58447368421053
            ]
          ]
        ]
      },
      "properties": {
        "cell_id": "R18C08",
        "row": 18,
        "col": 8,
        "week": 8,
        "week_label": "Wk8",
        "date_start": "2024-07-20",
        "date_end": "2024-07-26",
        "phase": "post",
        "avg_risk": 0.168,
        "avg_gt": 0.1103,
        "risk_category": 1,
        "risk_category_label": "Medium"
      }
    },
    {
      "type": "Feature",
      "geometry": {
        "type": "Polygon",
        "coordinates": [
          [
            [
              73.88973684210526,
              18.58447368421053
            ],
            [
              73.89973684210526,
              18.58447368421053
            ],
            [
              73.89973684210526,
              18.594473684210527
            ],
            [
              73.88973684210526,
              18.594473684210527
            ],
            [
              73.88973684210526,
              18.58447368421053
            ]
          ]
        ]
      },
      "properties": {
        "cell_id": "R18C09",
        "row": 18,
        "col": 9,
        "week": 8,
        "week_label": "Wk8",
        "date_start": "2024-07-20",
        "date_end": "2024-07-26",
        "phase": "post",
        "avg_risk": 0.1366,
        "avg_gt": 0.2129,
        "risk_category": 0,
        "risk_category_label": "Low"
      }
    },
    {
      "type": "Feature",
      "geometry": {
        "type": "Polygon",
        "coordinates": [
          [
            [
              73.90026315789474,
              18.58447368421053
            ],
            [
              73.91026315789473,
              18.58447368421053
            ],
            [
              73.91026315789473,
              18.594473684210527
            ],
            [
              73.90026315789474,
              18.594473684210527
            ],
            [
              73.90026315789474,
              18.58447368421053
            ]
          ]
        ]
      },
      "properties": {
        "cell_id": "R18C10",
        "row": 18,
        "col": 10,
        "week": 8,
        "week_label": "Wk8",
        "date_start": "2024-07-20",
        "date_end": "2024-07-26",
        "phase": "post",
        "avg_risk": 0.0928,
        "avg_gt": 0.3578,
        "risk_category": 0,
        "risk_category_label": "Low"
      }
    },
    {
      "type": "Feature",
      "geometry": {
        "type": "Polygon",
        "coordinates": [
          [
            [
              73.91078947368422,
              18.58447368421053
            ],
            [
              73.92078947368421,
              18.58447368421053
            ],
            [
              73.92078947368421,
              18.594473684210527
            ],
            [
              73.91078947368422,
              18.594473684210527
            ],
            [
              73.91078947368422,
              18.58447368421053
            ]
          ]
        ]
      },
      "properties": {
        "cell_id": "R18C11",
        "row": 18,
        "col": 11,
        "week": 8,
        "week_label": "Wk8",
        "date_start": "2024-07-20",
        "date_end": "2024-07-26",
        "phase": "post",
        "avg_risk": 0.0856,
        "avg_gt": 0.4973,
        "risk_category": 0,
        "risk_category_label": "Low"
      }
    },
    {
      "type": "Feature",
      "geometry": {
        "type": "Polygon",
        "coordinates": [
          [
            [
              73.92131578947368,
              18.58447368421053
            ],
            [
              73.93131578947367,
              18.58447368421053
            ],
            [
              73.93131578947367,
              18.594473684210527
            ],
            [
              73.92131578947368,
              18.594473684210527
            ],
            [
              73.92131578947368,
              18.58447368421053
            ]
          ]
        ]
      },
      "properties": {
        "cell_id": "R18C12",
        "row": 18,
        "col": 12,
        "week": 8,
        "week_label": "Wk8",
        "date_start": "2024-07-20",
        "date_end": "2024-07-26",
        "phase": "post",
        "avg_risk": 0.0665,
        "avg_gt": 0.574,
        "risk_category": 0,
        "risk_category_label": "Low"
      }
    },
    {
      "type": "Feature",
      "geometry": {
        "type": "Polygon",
        "coordinates": [
          [
            [
              73.93184210526316,
              18.58447368421053
            ],
            [
              73.94184210526315,
              18.58447368421053
            ],
            [
              73.94184210526315,
              18.594473684210527
            ],
            [
              73.93184210526316,
              18.594473684210527
            ],
            [
              73.93184210526316,
              18.58447368421053
            ]
          ]
        ]
      },
      "properties": {
        "cell_id": "R18C13",
        "row": 18,
        "col": 13,
        "week": 8,
        "week_label": "Wk8",
        "date_start": "2024-07-20",
        "date_end": "2024-07-26",
        "phase": "post",
        "avg_risk": 0.0789,
        "avg_gt": 0.5584,
        "risk_category": 0,
        "risk_category_label": "Low"
      }
    },
    {
      "type": "Feature",
      "geometry": {
        "type": "Polygon",
        "coordinates": [
          [
            [
              73.94236842105263,
              18.58447368421053
            ],
            [
              73.95236842105263,
              18.58447368421053
            ],
            [
              73.95236842105263,
              18.594473684210527
            ],
            [
              73.94236842105263,
              18.594473684210527
            ],
            [
              73.94236842105263,
              18.58447368421053
            ]
          ]
        ]
      },
      "properties": {
        "cell_id": "R18C14",
        "row": 18,
        "col": 14,
        "week": 8,
        "week_label": "Wk8",
        "date_start": "2024-07-20",
        "date_end": "2024-07-26",
        "phase": "post",
        "avg_risk": 0.0682,
        "avg_gt": 0.4664,
        "risk_category": 0,
        "risk_category_label": "Low"
      }
    },
    {
      "type": "Feature",
      "geometry": {
        "type": "Polygon",
        "coordinates": [
          [
            [
              73.95289473684211,
              18.58447368421053
            ],
            [
              73.9628947368421,
              18.58447368421053
            ],
            [
              73.9628947368421,
              18.594473684210527
            ],
            [
              73.95289473684211,
              18.594473684210527
            ],
            [
              73.95289473684211,
              18.58447368421053
            ]
          ]
        ]
      },
      "properties": {
        "cell_id": "R18C15",
        "row": 18,
        "col": 15,
        "week": 8,
        "week_label": "Wk8",
        "date_start": "2024-07-20",
        "date_end": "2024-07-26",
        "phase": "post",
        "avg_risk": 0.0735,
        "avg_gt": 0.3397,
        "risk_category": 0,
        "risk_category_label": "Low"
      }
    },
    {
      "type": "Feature",
      "geometry": {
        "type": "Polygon",
        "coordinates": [
          [
            [
              73.96342105263159,
              18.58447368421053
            ],
            [
              73.97342105263158,
              18.58447368421053
            ],
            [
              73.97342105263158,
              18.594473684210527
            ],
            [
              73.96342105263159,
              18.594473684210527
            ],
            [
              73.96342105263159,
              18.58447368421053
            ]
          ]
        ]
      },
      "properties": {
        "cell_id": "R18C16",
        "row": 18,
        "col": 16,
        "week": 8,
        "week_label": "Wk8",
        "date_start": "2024-07-20",
        "date_end": "2024-07-26",
        "phase": "post",
        "avg_risk": 0.0702,
        "avg_gt": 0.2164,
        "risk_category": 0,
        "risk_category_label": "Low"
      }
    },
    {
      "type": "Feature",
      "geometry": {
        "type": "Polygon",
        "coordinates": [
          [
            [
              73.97394736842105,
              18.58447368421053
            ],
            [
              73.98394736842104,
              18.58447368421053
            ],
            [
              73.98394736842104,
              18.594473684210527
            ],
            [
              73.97394736842105,
              18.594473684210527
            ],
            [
              73.97394736842105,
              18.58447368421053
            ]
          ]
        ]
      },
      "properties": {
        "cell_id": "R18C17",
        "row": 18,
        "col": 17,
        "week": 8,
        "week_label": "Wk8",
        "date_start": "2024-07-20",
        "date_end": "2024-07-26",
        "phase": "post",
        "avg_risk": 0.1554,
        "avg_gt": 0.1189,
        "risk_category": 1,
        "risk_category_label": "Medium"
      }
    },
    {
      "type": "Feature",
      "geometry": {
        "type": "Polygon",
        "coordinates": [
          [
            [
              73.98447368421053,
              18.58447368421053
            ],
            [
              73.99447368421052,
              18.58447368421053
            ],
            [
              73.99447368421052,
              18.594473684210527
            ],
            [
              73.98447368421053,
              18.594473684210527
            ],
            [
              73.98447368421053,
              18.58447368421053
            ]
          ]
        ]
      },
      "properties": {
        "cell_id": "R18C18",
        "row": 18,
        "col": 18,
        "week": 8,
        "week_label": "Wk8",
        "date_start": "2024-07-20",
        "date_end": "2024-07-26",
        "phase": "post",
        "avg_risk": 0.1891,
        "avg_gt": 0.055,
        "risk_category": 1,
        "risk_category_label": "Medium"
      }
    },
    {
      "type": "Feature",
      "geometry": {
        "type": "Polygon",
        "coordinates": [
          [
            [
              73.995,
              18.58447368421053
            ],
            [
              74.005,
              18.58447368421053
            ],
            [
              74.005,
              18.594473684210527
            ],
            [
              73.995,
              18.594473684210527
            ],
            [
              73.995,
              18.58447368421053
            ]
          ]
        ]
      },
      "properties": {
        "cell_id": "R18C19",
        "row": 18,
        "col": 19,
        "week": 8,
        "week_label": "Wk8",
        "date_start": "2024-07-20",
        "date_end": "2024-07-26",
        "phase": "post",
        "avg_risk": 0.1735,
        "avg_gt": 0.0209,
        "risk_category": 1,
        "risk_category_label": "Medium"
      }
    },
    {
      "type": "Feature",
      "geometry": {
        "type": "Polygon",
        "coordinates": [
          [
            [
              73.795,
              18.595000000000002
            ],
            [
              73.80499999999999,
              18.595000000000002
            ],
            [
              73.80499999999999,
              18.605
            ],
            [
              73.795,
              18.605
            ],
            [
              73.795,
              18.595000000000002
            ]
          ]
        ]
      },
      "properties": {
        "cell_id": "R19C00",
        "row": 19,
        "col": 0,
        "week": 8,
        "week_label": "Wk8",
        "date_start": "2024-07-20",
        "date_end": "2024-07-26",
        "phase": "post",
        "avg_risk": 0.2624,
        "avg_gt": 0.0602,
        "risk_category": 1,
        "risk_category_label": "Medium"
      }
    },
    {
      "type": "Feature",
      "geometry": {
        "type": "Polygon",
        "coordinates": [
          [
            [
              73.80552631578948,
              18.595000000000002
            ],
            [
              73.81552631578947,
              18.595000000000002
            ],
            [
              73.81552631578947,
              18.605
            ],
            [
              73.80552631578948,
              18.605
            ],
            [
              73.80552631578948,
              18.595000000000002
            ]
          ]
        ]
      },
      "properties": {
        "cell_id": "R19C01",
        "row": 19,
        "col": 1,
        "week": 8,
        "week_label": "Wk8",
        "date_start": "2024-07-20",
        "date_end": "2024-07-26",
        "phase": "post",
        "avg_risk": 0.2781,
        "avg_gt": 0.1303,
        "risk_category": 1,
        "risk_category_label": "Medium"
      }
    },
    {
      "type": "Feature",
      "geometry": {
        "type": "Polygon",
        "coordinates": [
          [
            [
              73.81605263157896,
              18.595000000000002
            ],
            [
              73.82605263157895,
              18.595000000000002
            ],
            [
              73.82605263157895,
              18.605
            ],
            [
              73.81605263157896,
              18.605
            ],
            [
              73.81605263157896,
              18.595000000000002
            ]
          ]
        ]
      },
      "properties": {
        "cell_id": "R19C02",
        "row": 19,
        "col": 2,
        "week": 8,
        "week_label": "Wk8",
        "date_start": "2024-07-20",
        "date_end": "2024-07-26",
        "phase": "post",
        "avg_risk": 0.2905,
        "avg_gt": 0.207,
        "risk_category": 1,
        "risk_category_label": "Medium"
      }
    },
    {
      "type": "Feature",
      "geometry": {
        "type": "Polygon",
        "coordinates": [
          [
            [
              73.82657894736842,
              18.595000000000002
            ],
            [
              73.83657894736841,
              18.595000000000002
            ],
            [
              73.83657894736841,
              18.605
            ],
            [
              73.82657894736842,
              18.605
            ],
            [
              73.82657894736842,
              18.595000000000002
            ]
          ]
        ]
      },
      "properties": {
        "cell_id": "R19C03",
        "row": 19,
        "col": 3,
        "week": 8,
        "week_label": "Wk8",
        "date_start": "2024-07-20",
        "date_end": "2024-07-26",
        "phase": "post",
        "avg_risk": 0.2942,
        "avg_gt": 0.2417,
        "risk_category": 1,
        "risk_category_label": "Medium"
      }
    },
    {
      "type": "Feature",
      "geometry": {
        "type": "Polygon",
        "coordinates": [
          [
            [
              73.8371052631579,
              18.595000000000002
            ],
            [
              73.84710526315789,
              18.595000000000002
            ],
            [
              73.84710526315789,
              18.605
            ],
            [
              73.8371052631579,
              18.605
            ],
            [
              73.8371052631579,
              18.595000000000002
            ]
          ]
        ]
      },
      "properties": {
        "cell_id": "R19C04",
        "row": 19,
        "col": 4,
        "week": 8,
        "week_label": "Wk8",
        "date_start": "2024-07-20",
        "date_end": "2024-07-26",
        "phase": "post",
        "avg_risk": 0.2979,
        "avg_gt": 0.2077,
        "risk_category": 1,
        "risk_category_label": "Medium"
      }
    },
    {
      "type": "Feature",
      "geometry": {
        "type": "Polygon",
        "coordinates": [
          [
            [
              73.84763157894737,
              18.595000000000002
            ],
            [
              73.85763157894736,
              18.595000000000002
            ],
            [
              73.85763157894736,
              18.605
            ],
            [
              73.84763157894737,
              18.605
            ],
            [
              73.84763157894737,
              18.595000000000002
            ]
          ]
        ]
      },
      "properties": {
        "cell_id": "R19C05",
        "row": 19,
        "col": 5,
        "week": 8,
        "week_label": "Wk8",
        "date_start": "2024-07-20",
        "date_end": "2024-07-26",
        "phase": "post",
        "avg_risk": 0.2843,
        "avg_gt": 0.1333,
        "risk_category": 1,
        "risk_category_label": "Medium"
      }
    },
    {
      "type": "Feature",
      "geometry": {
        "type": "Polygon",
        "coordinates": [
          [
            [
              73.85815789473685,
              18.595000000000002
            ],
            [
              73.86815789473684,
              18.595000000000002
            ],
            [
              73.86815789473684,
              18.605
            ],
            [
              73.85815789473685,
              18.605
            ],
            [
              73.85815789473685,
              18.595000000000002
            ]
          ]
        ]
      },
      "properties": {
        "cell_id": "R19C06",
        "row": 19,
        "col": 6,
        "week": 8,
        "week_label": "Wk8",
        "date_start": "2024-07-20",
        "date_end": "2024-07-26",
        "phase": "post",
        "avg_risk": 0.2448,
        "avg_gt": 0.0719,
        "risk_category": 1,
        "risk_category_label": "Medium"
      }
    },
    {
      "type": "Feature",
      "geometry": {
        "type": "Polygon",
        "coordinates": [
          [
            [
              73.86868421052633,
              18.595000000000002
            ],
            [
              73.87868421052632,
              18.595000000000002
            ],
            [
              73.87868421052632,
              18.605
            ],
            [
              73.86868421052633,
              18.605
            ],
            [
              73.86868421052633,
              18.595000000000002
            ]
          ]
        ]
      },
      "properties": {
        "cell_id": "R19C07",
        "row": 19,
        "col": 7,
        "week": 8,
        "week_label": "Wk8",
        "date_start": "2024-07-20",
        "date_end": "2024-07-26",
        "phase": "post",
        "avg_risk": 0.1943,
        "avg_gt": 0.0567,
        "risk_category": 1,
        "risk_category_label": "Medium"
      }
    },
    {
      "type": "Feature",
      "geometry": {
        "type": "Polygon",
        "coordinates": [
          [
            [
              73.87921052631579,
              18.595000000000002
            ],
            [
              73.88921052631578,
              18.595000000000002
            ],
            [
              73.88921052631578,
              18.605
            ],
            [
              73.87921052631579,
              18.605
            ],
            [
              73.87921052631579,
              18.595000000000002
            ]
          ]
        ]
      },
      "properties": {
        "cell_id": "R19C08",
        "row": 19,
        "col": 8,
        "week": 8,
        "week_label": "Wk8",
        "date_start": "2024-07-20",
        "date_end": "2024-07-26",
        "phase": "post",
        "avg_risk": 0.1364,
        "avg_gt": 0.097,
        "risk_category": 0,
        "risk_category_label": "Low"
      }
    },
    {
      "type": "Feature",
      "geometry": {
        "type": "Polygon",
        "coordinates": [
          [
            [
              73.88973684210526,
              18.595000000000002
            ],
            [
              73.89973684210526,
              18.595000000000002
            ],
            [
              73.89973684210526,
              18.605
            ],
            [
              73.88973684210526,
              18.605
            ],
            [
              73.88973684210526,
              18.595000000000002
            ]
          ]
        ]
      },
      "properties": {
        "cell_id": "R19C09",
        "row": 19,
        "col": 9,
        "week": 8,
        "week_label": "Wk8",
        "date_start": "2024-07-20",
        "date_end": "2024-07-26",
        "phase": "post",
        "avg_risk": 0.0882,
        "avg_gt": 0.1907,
        "risk_category": 0,
        "risk_category_label": "Low"
      }
    },
    {
      "type": "Feature",
      "geometry": {
        "type": "Polygon",
        "coordinates": [
          [
            [
              73.90026315789474,
              18.595000000000002
            ],
            [
              73.91026315789473,
              18.595000000000002
            ],
            [
              73.91026315789473,
              18.605
            ],
            [
              73.90026315789474,
              18.605
            ],
            [
              73.90026315789474,
              18.595000000000002
            ]
          ]
        ]
      },
      "properties": {
        "cell_id": "R19C10",
        "row": 19,
        "col": 10,
        "week": 8,
        "week_label": "Wk8",
        "date_start": "2024-07-20",
        "date_end": "2024-07-26",
        "phase": "post",
        "avg_risk": 0.0646,
        "avg_gt": 0.3192,
        "risk_category": 0,
        "risk_category_label": "Low"
      }
    },
    {
      "type": "Feature",
      "geometry": {
        "type": "Polygon",
        "coordinates": [
          [
            [
              73.91078947368422,
              18.595000000000002
            ],
            [
              73.92078947368421,
              18.595000000000002
            ],
            [
              73.92078947368421,
              18.605
            ],
            [
              73.91078947368422,
              18.605
            ],
            [
              73.91078947368422,
              18.595000000000002
            ]
          ]
        ]
      },
      "properties": {
        "cell_id": "R19C11",
        "row": 19,
        "col": 11,
        "week": 8,
        "week_label": "Wk8",
        "date_start": "2024-07-20",
        "date_end": "2024-07-26",
        "phase": "post",
        "avg_risk": 0.0483,
        "avg_gt": 0.4383,
        "risk_category": 0,
        "risk_category_label": "Low"
      }
    },
    {
      "type": "Feature",
      "geometry": {
        "type": "Polygon",
        "coordinates": [
          [
            [
              73.92131578947368,
              18.595000000000002
            ],
            [
              73.93131578947367,
              18.595000000000002
            ],
            [
              73.93131578947367,
              18.605
            ],
            [
              73.92131578947368,
              18.605
            ],
            [
              73.92131578947368,
              18.595000000000002
            ]
          ]
        ]
      },
      "properties": {
        "cell_id": "R19C12",
        "row": 19,
        "col": 12,
        "week": 8,
        "week_label": "Wk8",
        "date_start": "2024-07-20",
        "date_end": "2024-07-26",
        "phase": "post",
        "avg_risk": 0.038,
        "avg_gt": 0.4933,
        "risk_category": 0,
        "risk_category_label": "Low"
      }
    },
    {
      "type": "Feature",
      "geometry": {
        "type": "Polygon",
        "coordinates": [
          [
            [
              73.93184210526316,
              18.595000000000002
            ],
            [
              73.94184210526315,
              18.595000000000002
            ],
            [
              73.94184210526315,
              18.605
            ],
            [
              73.93184210526316,
              18.605
            ],
            [
              73.93184210526316,
              18.595000000000002
            ]
          ]
        ]
      },
      "properties": {
        "cell_id": "R19C13",
        "row": 19,
        "col": 13,
        "week": 8,
        "week_label": "Wk8",
        "date_start": "2024-07-20",
        "date_end": "2024-07-26",
        "phase": "post",
        "avg_risk": 0.0678,
        "avg_gt": 0.4581,
        "risk_category": 0,
        "risk_category_label": "Low"
      }
    },
    {
      "type": "Feature",
      "geometry": {
        "type": "Polygon",
        "coordinates": [
          [
            [
              73.94236842105263,
              18.595000000000002
            ],
            [
              73.95236842105263,
              18.595000000000002
            ],
            [
              73.95236842105263,
              18.605
            ],
            [
              73.94236842105263,
              18.605
            ],
            [
              73.94236842105263,
              18.595000000000002
            ]
          ]
        ]
      },
      "properties": {
        "cell_id": "R19C14",
        "row": 19,
        "col": 14,
        "week": 8,
        "week_label": "Wk8",
        "date_start": "2024-07-20",
        "date_end": "2024-07-26",
        "phase": "post",
        "avg_risk": 0.1312,
        "avg_gt": 0.3545,
        "risk_category": 0,
        "risk_category_label": "Low"
      }
    },
    {
      "type": "Feature",
      "geometry": {
        "type": "Polygon",
        "coordinates": [
          [
            [
              73.95289473684211,
              18.595000000000002
            ],
            [
              73.9628947368421,
              18.595000000000002
            ],
            [
              73.9628947368421,
              18.605
            ],
            [
              73.95289473684211,
              18.605
            ],
            [
              73.95289473684211,
              18.595000000000002
            ]
          ]
        ]
      },
      "properties": {
        "cell_id": "R19C15",
        "row": 19,
        "col": 15,
        "week": 8,
        "week_label": "Wk8",
        "date_start": "2024-07-20",
        "date_end": "2024-07-26",
        "phase": "post",
        "avg_risk": 0.1411,
        "avg_gt": 0.2314,
        "risk_category": 0,
        "risk_category_label": "Low"
      }
    },
    {
      "type": "Feature",
      "geometry": {
        "type": "Polygon",
        "coordinates": [
          [
            [
              73.96342105263159,
              18.595000000000002
            ],
            [
              73.97342105263158,
              18.595000000000002
            ],
            [
              73.97342105263158,
              18.605
            ],
            [
              73.96342105263159,
              18.605
            ],
            [
              73.96342105263159,
              18.595000000000002
            ]
          ]
        ]
      },
      "properties": {
        "cell_id": "R19C16",
        "row": 19,
        "col": 16,
        "week": 8,
        "week_label": "Wk8",
        "date_start": "2024-07-20",
        "date_end": "2024-07-26",
        "phase": "post",
        "avg_risk": 0.1122,
        "avg_gt": 0.129,
        "risk_category": 0,
        "risk_category_label": "Low"
      }
    },
    {
      "type": "Feature",
      "geometry": {
        "type": "Polygon",
        "coordinates": [
          [
            [
              73.97394736842105,
              18.595000000000002
            ],
            [
              73.98394736842104,
              18.595000000000002
            ],
            [
              73.98394736842104,
              18.605
            ],
            [
              73.97394736842105,
              18.605
            ],
            [
              73.97394736842105,
              18.595000000000002
            ]
          ]
        ]
      },
      "properties": {
        "cell_id": "R19C17",
        "row": 19,
        "col": 17,
        "week": 8,
        "week_label": "Wk8",
        "date_start": "2024-07-20",
        "date_end": "2024-07-26",
        "phase": "post",
        "avg_risk": 0.1167,
        "avg_gt": 0.0618,
        "risk_category": 0,
        "risk_category_label": "Low"
      }
    },
    {
      "type": "Feature",
      "geometry": {
        "type": "Polygon",
        "coordinates": [
          [
            [
              73.98447368421053,
              18.595000000000002
            ],
            [
              73.99447368421052,
              18.595000000000002
            ],
            [
              73.99447368421052,
              18.605
            ],
            [
              73.98447368421053,
              18.605
            ],
            [
              73.98447368421053,
              18.595000000000002
            ]
          ]
        ]
      },
      "properties": {
        "cell_id": "R19C18",
        "row": 19,
        "col": 18,
        "week": 8,
        "week_label": "Wk8",
        "date_start": "2024-07-20",
        "date_end": "2024-07-26",
        "phase": "post",
        "avg_risk": 0.1262,
        "avg_gt": 0.0253,
        "risk_category": 0,
        "risk_category_label": "Low"
      }
    },
    {
      "type": "Feature",
      "geometry": {
        "type": "Polygon",
        "coordinates": [
          [
            [
              73.995,
              18.595000000000002
            ],
            [
              74.005,
              18.595000000000002
            ],
            [
              74.005,
              18.605
            ],
            [
              73.995,
              18.605
            ],
            [
              73.995,
              18.595000000000002
            ]
          ]
        ]
      },
      "properties": {
        "cell_id": "R19C19",
        "row": 19,
        "col": 19,
        "week": 8,
        "week_label": "Wk8",
        "date_start": "2024-07-20",
        "date_end": "2024-07-26",
        "phase": "post",
        "avg_risk": 0.1655,
        "avg_gt": 0.0087,
        "risk_category": 1,
        "risk_category_label": "Medium"
      }
    }
  ]
}