{
  "type": "FeatureCollection",
  "features": [
    {
      "type": "Feature",
      "geometry": {
        "type": "Polygon",
        "coordinates": [
          [
            [
              73.795,
              18.395
            ],
            [
              73.80499999999999,
              18.395
            ],
            [
              73.80499999999999,
              18.404999999999998
            ],
            [
              73.795,
              18.404999999999998
            ],
            [
              73.795,
              18.395
            ]
          ]
        ]
      },
      "properties": {
        "cell_id": "R00C00",
        "row": 0,
        "col": 0,
        "week": 1,
        "week_label": "Wk1",
        "date_start": "2024-06-01",
        "date_end": "2024-06-07",
        "phase": "pre",
        "avg_risk": 0.48,
        "avg_gt": 0.0182,
        "risk_category": 1,
        "risk_category_label": "Medium"
      }
    },
    {
      "type": "Feature",
      "geometry": {
        "type": "Polygon",
        "coordinates": [
          [
            [
              73.80552631578948,
              18.395
            ],
            [
              73.81552631578947,
              18.395
            ],
            [
              73.81552631578947,
              18.404999999999998
            ],
            [
              73.80552631578948,
              18.404999999999998
            ],
            [
              73.80552631578948,
              18.395
            ]
          ]
        ]
      },
      "properties": {
        "cell_id": "R00C01",
        "row": 0,
        "col": 1,
        "week": 1,
        "week_label": "Wk1",
        "date_start": "2024-06-01",
        "date_end": "2024-06-07",
        "phase": "pre",
        "avg_risk": 0.2805,
        "avg_gt": 0.0438,
        "risk_category": 1,
        "risk_category_label": "Medium"
      }
    },
    {
      "type": "Feature",
      "geometry": {
        "type": "Polygon",
        "coordinates": [
          [
            [
              73.81605263157896,
              18.395
            ],
            [
              73.82605263157895,
              18.395
            ],
            [
              73.82605263157895,
              18.404999999999998
            ],
            [
              73.81605263157896,
              18.404999999999998
            ],
            [
              73.81605263157896,
              18.395
            ]
          ]
        ]
      },
      "properties": {
        "cell_id": "R00C02",
        "row": 0,
        "col": 2,
        "week": 1,
        "week_label": "Wk1",
        "date_start": "2024-06-01",
        "date_end": "2024-06-07",
        "phase": "pre",
        "avg_risk": 0.3042,
        "avg_gt": 0.0819,
        "risk_category": 1,
        "risk_category_label": "Medium"
      }
    },
    {
      "type": "Feature",
      "geometry": {
        "type": "Polygon",
        "coordinates": [
          [
            [
              73.82657894736842,
              18.395
            ],
            [
              73.83657894736841,
              18.395
            ],
            [
              73.83657894736841,
              18.404999999999998
            ],
            [
              73.82657894736842,
              18.404999999999998
            ],
            [
              73.82657894736842,
              18.395
            ]
          ]
        ]
      },
      "properties": {
        "cell_id": "R00C03",
        "row": 0,
        "col": 3,
        "week": 1,
        "week_label": "Wk1",
        "date_start": "2024-06-01",
        "date_end": "2024-06-07",
        "phase": "pre",
        "avg_risk": 0.3956,
        "avg_gt": 0.1193,
        "risk_category": 1,
        "risk_category_label": "Medium"
      }
    },
    {
      "type": "Feature",
      "geometry": {
        "type": "Polygon",
        "coordinates": [
          [
            [
              73.8371052631579,
              18.395
            ],
            [
              73.84710526315789,
              18.395
            ],
            [
              73.84710526315789,
              18.404999999999998
            ],
            [
              73.8371052631579,
              18.404999999999998
            ],
            [
              73.8371052631579,
              18.395
            ]
          ]
        ]
      },
      "properties": {
        "cell_id": "R00C04",
        "row": 0,
        "col": 4,
        "week": 1,
        "week_label": "Wk1",
        "date_start": "2024-06-01",
        "date_end": "2024-06-07",
        "phase": "pre",
        "avg_risk": 0.3862,
        "avg_gt": 0.1352,
        "risk_category": 1,
        "risk_category_label": "Medium"
      }
    },
    {
      "type": "Feature",
      "geometry": {
        "type": "Polygon",
        "coordinates": [
          [
            [
              73.84763157894737,
              18.395
            ],
            [
              73.85763157894736,
              18.395
            ],
            [
              73.85763157894736,
              18.404999999999998
            ],
            [
              73.84763157894737,
              18.404999999999998
            ],
            [
              73.84763157894737,
              18.395
            ]
          ]
        ]
      },
      "properties": {
        "cell_id": "R00C05",
        "row": 0,
        "col": 5,
        "week": 1,
        "week_label": "Wk1",
        "date_start": "2024-06-01",
        "date_end": "2024-06-07",
        "phase": "pre",
        "avg_risk": 0.3753,
        "avg_gt": 0.1193,
        "risk_category": 1,
        "risk_category_label": "Medium"
      }
    },
    {
      "type": "Feature",
      "geometry": {
        "type": "Polygon",
        "coordinates": [
          [
            [
              73.85815789473685,
              18.395
            ],
            [
              73.86815789473684,
              18.395
            ],
            [
              73.86815789473684,
              18.404999999999998
            ],
            [
              73.85815789473685,
              18.404999999999998
            ],
            [
              73.85815789473685,
              18.395
            ]
          ]
        ]
      },
      "properties": {
        "cell_id": "R00C06",
        "row": 0,
        "col": 6,
        "week": 1,
        "week_label": "Wk1",
        "date_start": "2024-06-01",
        "date_end": "2024-06-07",
        "phase": "pre",
        "avg_risk": 0.3256,
        "avg_gt": 0.0819,
        "risk_category": 1,
        "risk_category_label": "Medium"
      }
    },
    {
      "type": "Feature",
      "geometry": {
        "type": "Polygon",
        "coordinates": [
          [
            [
              73.86868421052633,
              18.395
            ],
            [
              73.87868421052632,
              18.395
            ],
            [
              73.87868421052632,
              18.404999999999998
            ],
            [
              73.86868421052633,
              18.404999999999998
            ],
            [
              73.86868421052633,
              18.395
            ]
          ]
        ]
      },
      "properties": {
        "cell_id": "R00C07",
        "row": 0,
        "col": 7,
        "week": 1,
        "week_label": "Wk1",
        "date_start": "2024-06-01",
        "date_end": "2024-06-07",
        "phase": "pre",
        "avg_risk": 0.281,
        "avg_gt": 0.0438,
        "risk_category": 1,
        "risk_category_label": "Medium"
      }
    },
    {
      "type": "Feature",
      "geometry": {
        "type": "Polygon",
        "coordinates": [
          [
            [
              73.87921052631579,
              18.395
            ],
            [
              73.88921052631578,
              18.395
            ],
            [
              73.88921052631578,
              18.404999999999998
            ],
            [
              73.87921052631579,
              18.404999999999998
            ],
            [
              73.87921052631579,
              18.395
            ]
          ]
        ]
      },
      "properties": {
        "cell_id": "R00C08",
        "row": 0,
        "col": 8,
        "week": 1,
        "week_label": "Wk1",
        "date_start": "2024-06-01",
        "date_end": "2024-06-07",
        "phase": "pre",
        "avg_risk": 0.2778,
        "avg_gt": 0.0182,
        "risk_category": 1,
        "risk_category_label": "Medium"
      }
    },
    {
      "type": "Feature",
      "geometry": {
        "type": "Polygon",
        "coordinates": [
          [
            [
              73.88973684210526,
              18.395
            ],
            [
              73.89973684210526,
              18.395
            ],
            [
              73.89973684210526,
              18.404999999999998
            ],
            [
              73.88973684210526,
              18.404999999999998
            ],
            [
              73.88973684210526,
              18.395
            ]
          ]
        ]
      },
      "properties": {
        "cell_id": "R00C09",
        "row": 0,
        "col": 9,
        "week": 1,
        "week_label": "Wk1",
        "date_start": "2024-06-01",
        "date_end": "2024-06-07",
        "phase": "pre",
        "avg_risk": 0.2272,
        "avg_gt": 0.0058,
        "risk_category": 1,
        "risk_category_label": "Medium"
      }
    },
    {
      "type": "Feature",
      "geometry": {
        "type": "Polygon",
        "coordinates": [
          [
            [
              73.90026315789474,
              18.395
            ],
            [
              73.91026315789473,
              18.395
            ],
            [
              73.91026315789473,
              18.404999999999998
            ],
            [
              73.90026315789474,
              18.404999999999998
            ],
            [
              73.90026315789474,
              18.395
            ]
          ]
        ]
      },
      "properties": {
        "cell_id": "R00C10",
        "row": 0,
        "col": 10,
        "week": 1,
        "week_label": "Wk1",
        "date_start": "2024-06-01",
        "date_end": "2024-06-07",
        "phase": "pre",
        "avg_risk": 0.1788,
        "avg_gt": 0.0013,
        "risk_category": 1,
        "risk_category_label": "Medium"
      }
    },
    {
      "type": "Feature",
      "geometry": {
        "type": "Polygon",
        "coordinates": [
          [
            [
              73.91078947368422,
              18.395
            ],
            [
              73.92078947368421,
              18.395
            ],
            [
              73.92078947368421,
              18.404999999999998
            ],
            [
              73.91078947368422,
              18.404999999999998
            ],
            [
              73.91078947368422,
              18.395
            ]
          ]
        ]
      },
      "properties": {
        "cell_id": "R00C11",
        "row": 0,
        "col": 11,
        "week": 1,
        "week_label": "Wk1",
        "date_start": "2024-06-01",
        "date_end": "2024-06-07",
        "phase": "pre",
        "avg_risk": 0.1505,
        "avg_gt": 0.0001,
        "risk_category": 1,
        "risk_category_label": "Medium"
      }
    },
    {
      "type": "Feature",
      "geometry": {
        "type": "Polygon",
        "coordinates": [
          [
            [
              73.92131578947368,
              18.395
            ],
            [
              73.93131578947367,
              18.395
            ],
            [
              73.93131578947367,
              18.404999999999998
            ],
            [
              73.92131578947368,
              18.404999999999998
            ],
            [
              73.92131578947368,
              18.395
            ]
          ]
        ]
      },
      "properties": {
        "cell_id": "R00C12",
        "row": 0,
        "col": 12,
        "week": 1,
        "week_label": "Wk1",
        "date_start": "2024-06-01",
        "date_end": "2024-06-07",
        "phase": "pre",
        "avg_risk": 0.1247,
        "avg_gt": 0.0,
        "risk_category": 0,
        "risk_category_label": "Low"
      }
    },
    {
      "type": "Feature",
      "geometry": {
        "type": "Polygon",
        "coordinates": [
          [
            [
              73.93184210526316,
              18.395
            ],
            [
              73.94184210526315,
              18.395
            ],
            [
              73.94184210526315,
              18.404999999999998
            ],
            [
              73.93184210526316,
              18.404999999999998
            ],
            [
              73.93184210526316,
              18.395
            ]
          ]
        ]
      },
      "properties": {
        "cell_id": "R00C13",
        "row": 0,
        "col": 13,
        "week": 1,
        "week_label": "Wk1",
        "date_start": "2024-06-01",
        "date_end": "2024-06-07",
        "phase": "pre",
        "avg_risk": 0.1343,
        "avg_gt": 0.0012,
        "risk_category": 0,
        "risk_category_label": "Low"
      }
    },
    {
      "type": "Feature",
      "geometry": {
        "type": "Polygon",
        "coordinates": [
          [
            [
              73.94236842105263,
              18.395
            ],
            [
              73.95236842105263,
              18.395
            ],
            [
              73.95236842105263,
              18.404999999999998
            ],
            [
              73.94236842105263,
              18.404999999999998
            ],
            [
              73.94236842105263,
              18.395
            ]
          ]
        ]
      },
      "properties": {
        "cell_id": "R00C14",
        "row": 0,
        "col": 14,
        "week": 1,
        "week_label": "Wk1",
        "date_start": "2024-06-01",
        "date_end": "2024-06-07",
        "phase": "pre",
        "avg_risk": 0.1528,
        "avg_gt": 0.0098,
        "risk_category": 1,
        "risk_category_label": "Medium"
      }
    },
    {
      "type": "Feature",
      "geometry": {
        "type": "Polygon",
        "coordinates": [
          [
            [
              73.95289473684211,
              18.395
            ],
            [
              73.9628947368421,
              18.395
            ],
            [
              73.9628947368421,
              18.404999999999998
            ],
            [
              73.95289473684211,
              18.404999999999998
            ],
            [
              73.95289473684211,
              18.395
            ]
          ]
        ]
      },
      "properties": {
        "cell_id": "R00C15",
        "row": 0,
        "col": 15,
        "week": 1,
        "week_label": "Wk1",
        "date_start": "2024-06-01",
        "date_end": "2024-06-07",
        "phase": "pre",
        "avg_risk": 0.2191,
        "avg_gt": 0.0471,
        "risk_category": 1,
        "risk_category_label": "Medium"
      }
    },
    {
      "type": "Feature",
      "geometry": {
        "type": "Polygon",
        "coordinates": [
          [
            [
              73.96342105263159,
              18.395
            ],
            [
              73.97342105263158,
              18.395
            ],
            [
              73.97342105263158,
              18.404999999999998
            ],
            [
              73.96342105263159,
              18.404999999999998
            ],
            [
              73.96342105263159,
              18.395
            ]
          ]
        ]
      },
      "properties": {
        "cell_id": "R00C16",
        "row": 0,
        "col": 16,
        "week": 1,
        "week_label": "Wk1",
        "date_start": "2024-06-01",
        "date_end": "2024-06-07",
        "phase": "pre",
        "avg_risk": 0.2971,
        "avg_gt": 0.1435,
        "risk_category": 1,
        "risk_category_label": "Medium"
      }
    },
    {
      "type": "Feature",
      "geometry": {
        "type": "Polygon",
        "coordinates": [
          [
            [
              73.97394736842105,
              18.395
            ],
            [
              73.98394736842104,
              18.395
            ],
            [
              73.98394736842104,
              18.404999999999998
            ],
            [
              73.97394736842105,
              18.404999999999998
            ],
            [
              73.97394736842105,
              18.395
            ]
          ]
        ]
      },
      "properties": {
        "cell_id": "R00C17",
        "row": 0,
        "col": 17,
        "week": 1,
        "week_label": "Wk1",
        "date_start": "2024-06-01",
        "date_end": "2024-06-07",
        "phase": "pre",
        "avg_risk": 0.3955,
        "avg_gt": 0.2797,
        "risk_category": 1,
        "risk_category_label": "Medium"
      }
    },
    {
      "type": "Feature",
      "geometry": {
        "type": "Polygon",
        "coordinates": [
          [
            [
              73.98447368421053,
              18.395
            ],
            [
              73.99447368421052,
              18.395
            ],
            [
              73.99447368421052,
              18.404999999999998
            ],
            [
              73.98447368421053,
              18.404999999999998
            ],
            [
              73.98447368421053,
              18.395
            ]
          ]
        ]
      },
      "properties": {
        "cell_id": "R00C18",
        "row": 0,
        "col": 18,
        "week": 1,
        "week_label": "Wk1",
        "date_start": "2024-06-01",
        "date_end": "2024-06-07",
        "phase": "pre",
        "avg_risk": 0.4463,
        "avg_gt": 0.3493,
        "risk_category": 1,
        "risk_category_label": "Medium"
      }
    },
    {
      "type": "Feature",
      "geometry": {
        "type": "Polygon",
        "coordinates": [
          [
            [
              73.995,
              18.395
            ],
            [
              74.005,
              18.395
            ],
            [
              74.005,
              18.404999999999998
            ],
            [
              73.995,
              18.404999999999998
            ],
            [
              73.995,
              18.395
            ]
          ]
        ]
      },
      "properties": {
        "cell_id": "R00C19",
        "row": 0,
        "col": 19,
        "week": 1,
        "week_label": "Wk1",
        "date_start": "2024-06-01",
        "date_end": "2024-06-07",
        "phase": "pre",
        "avg_risk": 0.5021,
        "avg_gt": 0.2797,
        "risk_category": 1,
        "risk_category_label": "Medium"
      }
    },
    {
      "type": "Feature",
      "geometry": {
        "type": "Polygon",
        "coordinates": [
          [
            [
              73.795,
              18.405526315789473
            ],
            [
              73.80499999999999,
              18.405526315789473
            ],
            [
              73.80499999999999,
              18.41552631578947
            ],
            [
              73.795,
              18.41552631578947
            ],
            [
              73.795,
              18.405526315789473
            ]
          ]
        ]
      },
      "properties": {
        "cell_id": "R01C00",
        "row": 1,
        "col": 0,
        "week": 1,
        "week_label": "Wk1",
        "date_start": "2024-06-01",
        "date_end": "2024-06-07",
        "phase": "pre",
        "avg_risk": 0.3437,
        "avg_gt": 0.0438,
        "risk_category": 1,
        "risk_category_label": "Medium"
      }
    },
    {
      "type": "Feature",
      "geometry": {
        "type": "Polygon",
        "coordinates": [
          [
            [
              73.80552631578948,
              18.405526315789473
            ],
            [
              73.81552631578947,
              18.405526315789473
            ],
            [
              73.81552631578947,
              18.41552631578947
            ],
            [
              73.80552631578948,
              18.41552631578947
            ],
            [
              73.80552631578948,
              18.405526315789473
            ]
          ]
        ]
      },
      "properties": {
        "cell_id": "R01C01",
        "row": 1,
        "col": 1,
        "week": 1,
        "week_label": "Wk1",
        "date_start": "2024-06-01",
        "date_end": "2024-06-07",
        "phase": "pre",
        "avg_risk": 0.2704,
        "avg_gt": 0.1053,
        "risk_category": 1,
        "risk_category_label": "Medium"
      }
    },
    {
      "type": "Feature",
      "geometry": {
        "type": "Polygon",
        "coordinates": [
          [
            [
              73.81605263157896,
              18.405526315789473
            ],
            [
              73.82605263157895,
              18.405526315789473
            ],
            [
              73.82605263157895,
              18.41552631578947
            ],
            [
              73.81605263157896,
              18.41552631578947
            ],
            [
              73.81605263157896,
              18.405526315789473
            ]
          ]
        ]
      },
      "properties": {
        "cell_id": "R01C02",
        "row": 1,
        "col": 2,
        "week": 1,
        "week_label": "Wk1",
        "date_start": "2024-06-01",
        "date_end": "2024-06-07",
        "phase": "pre",
        "avg_risk": 0.3322,
        "avg_gt": 0.1968,
        "risk_category": 1,
        "risk_category_label": "Medium"
      }
    },
    {
      "type": "Feature",
      "geometry": {
        "type": "Polygon",
        "coordinates": [
          [
            [
              73.82657894736842,
              18.405526315789473
            ],
            [
              73.83657894736841,
              18.405526315789473
            ],
            [
              73.83657894736841,
              18.41552631578947
            ],
            [
              73.82657894736842,
              18.41552631578947
            ],
            [
              73.82657894736842,
              18.405526315789473
            ]
          ]
        ]
      },
      "properties": {
        "cell_id": "R01C03",
        "row": 1,
        "col": 3,
        "week": 1,
        "week_label": "Wk1",
        "date_start": "2024-06-01",
        "date_end": "2024-06-07",
        "phase": "pre",
        "avg_risk": 0.395,
        "avg_gt": 0.2864,
        "risk_category": 1,
        "risk_category_label": "Medium"
      }
    },
    {
      "type": "Feature",
      "geometry": {
        "type": "Polygon",
        "coordinates": [
          [
            [
              73.8371052631579,
              18.405526315789473
            ],
            [
              73.84710526315789,
              18.405526315789473
            ],
            [
              73.84710526315789,
              18.41552631578947
            ],
            [
              73.8371052631579,
              18.41552631578947
            ],
            [
              73.8371052631579,
              18.405526315789473
            ]
          ]
        ]
      },
      "properties": {
        "cell_id": "R01C04",
        "row": 1,
        "col": 4,
        "week": 1,
        "week_label": "Wk1",
        "date_start": "2024-06-01",
        "date_end": "2024-06-07",
        "phase": "pre",
        "avg_risk": 0.426,
        "avg_gt": 0.3245,
        "risk_category": 1,
        "risk_category_label": "Medium"
      }
    },
    {
      "type": "Feature",
      "geometry": {
        "type": "Polygon",
        "coordinates": [
          [
            [
              73.84763157894737,
              18.405526315789473
            ],
            [
              73.85763157894736,
              18.405526315789473
            ],
            [
              73.85763157894736,
              18.41552631578947
            ],
            [
              73.84763157894737,
              18.41552631578947
            ],
            [
              73.84763157894737,
              18.405526315789473
            ]
          ]
        ]
      },
      "properties": {
        "cell_id": "R01C05",
        "row": 1,
        "col": 5,
        "week": 1,
        "week_label": "Wk1",
        "date_start": "2024-06-01",
        "date_end": "2024-06-07",
        "phase": "pre",
        "avg_risk": 0.4046,
        "avg_gt": 0.2864,
        "risk_category": 1,
        "risk_category_label": "Medium"
      }
    },
    {
      "type": "Feature",
      "geometry": {
        "type": "Polygon",
        "coordinates": [
          [
            [
              73.85815789473685,
              18.405526315789473
            ],
            [
              73.86815789473684,
              18.405526315789473
            ],
            [
              73.86815789473684,
              18.41552631578947
            ],
            [
              73.85815789473685,
              18.41552631578947
            ],
            [
              73.85815789473685,
              18.405526315789473
            ]
          ]
        ]
      },
      "properties": {
        "cell_id": "R01C06",
        "row": 1,
        "col": 6,
        "week": 1,
        "week_label": "Wk1",
        "date_start": "2024-06-01",
        "date_end": "2024-06-07",
        "phase": "pre",
        "avg_risk": 0.3434,
        "avg_gt": 0.1968,
        "risk_category": 1,
        "risk_category_label": "Medium"
      }
    },
    {
      "type": "Feature",
      "geometry": {
        "type": "Polygon",
        "coordinates": [
          [
            [
              73.86868421052633,
              18.405526315789473
            ],
            [
              73.87868421052632,
              18.405526315789473
            ],
            [
              73.87868421052632,
              18.41552631578947
            ],
            [
              73.86868421052633,
              18.41552631578947
            ],
            [
              73.86868421052633,
              18.405526315789473
            ]
          ]
        ]
      },
      "properties": {
        "cell_id": "R01C07",
        "row": 1,
        "col": 7,
        "week": 1,
        "week_label": "Wk1",
        "date_start": "2024-06-01",
        "date_end": "2024-06-07",
        "phase": "pre",
        "avg_risk": 0.3147,
        "avg_gt": 0.1053,
        "risk_category": 1,
        "risk_category_label": "Medium"
      }
    },
    {
      "type": "Feature",
      "geometry": {
        "type": "Polygon",
        "coordinates": [
          [
            [
              73.87921052631579,
              18.405526315789473
            ],
            [
              73.88921052631578,
              18.405526315789473
            ],
            [
              73.88921052631578,
              18.41552631578947
            ],
            [
              73.87921052631579,
              18.41552631578947
            ],
            [
              73.87921052631579,
              18.405526315789473
            ]
          ]
        ]
      },
      "properties": {
        "cell_id": "R01C08",
        "row": 1,
        "col": 8,
        "week": 1,
        "week_label": "Wk1",
        "date_start": "2024-06-01",
        "date_end": "2024-06-07",
        "phase": "pre",
        "avg_risk": 0.2715,
        "avg_gt": 0.0438,
        "risk_category": 1,
        "risk_category_label": "Medium"
      }
    },
    {
      "type": "Feature",
      "geometry": {
        "type": "Polygon",
        "coordinates": [
          [
            [
              73.88973684210526,
              18.405526315789473
            ],
            [
              73.89973684210526,
              18.405526315789473
            ],
            [
              73.89973684210526,
              18.41552631578947
            ],
            [
              73.88973684210526,
              18.41552631578947
            ],
            [
              73.88973684210526,
              18.405526315789473
            ]
          ]
        ]
      },
      "properties": {
        "cell_id": "R01C09",
        "row": 1,
        "col": 9,
        "week": 1,
        "week_label": "Wk1",
        "date_start": "2024-06-01",
        "date_end": "2024-06-07",
        "phase": "pre",
        "avg_risk": 0.228,
        "avg_gt": 0.0141,
        "risk_category": 1,
        "risk_category_label": "Medium"
      }
    },
    {
      "type": "Feature",
      "geometry": {
        "type": "Polygon",
        "coordinates": [
          [
            [
              73.90026315789474,
              18.405526315789473
            ],
            [
              73.91026315789473,
              18.405526315789473
            ],
            [
              73.91026315789473,
              18.41552631578947
            ],
            [
              73.90026315789474,
              18.41552631578947
            ],
            [
              73.90026315789474,
              18.405526315789473
            ]
          ]
        ]
      },
      "properties": {
        "cell_id": "R01C10",
        "row": 1,
        "col": 10,
        "week": 1,
        "week_label": "Wk1",
        "date_start": "2024-06-01",
        "date_end": "2024-06-07",
        "phase": "pre",
        "avg_risk": 0.1813,
        "avg_gt": 0.0034,
        "risk_category": 1,
        "risk_category_label": "Medium"
      }
    },
    {
      "type": "Feature",
      "geometry": {
        "type": "Polygon",
        "coordinates": [
          [
            [
              73.91078947368422,
              18.405526315789473
            ],
            [
              73.92078947368421,
              18.405526315789473
            ],
            [
              73.92078947368421,
              18.41552631578947
            ],
            [
              73.91078947368422,
              18.41552631578947
            ],
            [
              73.91078947368422,
              18.405526315789473
            ]
          ]
        ]
      },
      "properties": {
        "cell_id": "R01C11",
        "row": 1,
        "col": 11,
        "week": 1,
        "week_label": "Wk1",
        "date_start": "2024-06-01",
        "date_end": "2024-06-07",
        "phase": "pre",
        "avg_risk": 0.1492,
        "avg_gt": 0.0006,
        "risk_category": 0,
        "risk_category_label": "Low"
      }
    },
    {
      "type": "Feature",
      "geometry": {
        "type": "Polygon",
        "coordinates": [
          [
            [
              73.92131578947368,
              18.405526315789473
            ],
            [
              73.93131578947367,
              18.405526315789473
            ],
            [
              73.93131578947367,
              18.41552631578947
            ],
            [
              73.92131578947368,
              18.41552631578947
            ],
            [
              73.92131578947368,
              18.405526315789473
            ]
          ]
        ]
      },
      "properties": {
        "cell_id": "R01C12",
        "row": 1,
        "col": 12,
        "week": 1,
        "week_label": "Wk1",
        "date_start": "2024-06-01",
        "date_end": "2024-06-07",
        "phase": "pre",
        "avg_risk": 0.1184,
        "avg_gt": 0.0002,
        "risk_category": 0,
        "risk_category_label": "Low"
      }
    },
    {
      "type": "Feature",
      "geometry": {
        "type": "Polygon",
        "coordinates": [
          [
            [
              73.93184210526316,
              18.405526315789473
            ],
            [
              73.94184210526315,
              18.405526315789473
            ],
            [
              73.94184210526315,
              18.41552631578947
            ],
            [
              73.93184210526316,
              18.41552631578947
            ],
            [
              73.93184210526316,
              18.405526315789473
            ]
          ]
        ]
      },
      "properties": {
        "cell_id": "R01C13",
        "row": 1,
        "col": 13,
        "week": 1,
        "week_label": "Wk1",
        "date_start": "2024-06-01",
        "date_end": "2024-06-07",
        "phase": "pre",
        "avg_risk": 0.1144,
        "avg_gt": 0.0025,
        "risk_category": 0,
        "risk_category_label": "Low"
      }
    },
    {
      "type": "Feature",
      "geometry": {
        "type": "Polygon",
        "coordinates": [
          [
            [
              73.94236842105263,
              18.405526315789473
            ],
            [
              73.95236842105263,
              18.405526315789473
            ],
            [
              73.95236842105263,
              18.41552631578947
            ],
            [
              73.94236842105263,
              18.41552631578947
            ],
            [
              73.94236842105263,
              18.405526315789473
            ]
          ]
        ]
      },
      "properties": {
        "cell_id": "R01C14",
        "row": 1,
        "col": 14,
        "week": 1,
        "week_label": "Wk1",
        "date_start": "2024-06-01",
        "date_end": "2024-06-07",
        "phase": "pre",
        "avg_risk": 0.1352,
        "avg_gt": 0.0193,
        "risk_category": 0,
        "risk_category_label": "Low"
      }
    },
    {
      "type": "Feature",
      "geometry": {
        "type": "Polygon",
        "coordinates": [
          [
            [
              73.95289473684211,
              18.405526315789473
            ],
            [
              73.9628947368421,
              18.405526315789473
            ],
            [
              73.9628947368421,
              18.41552631578947
            ],
            [
              73.95289473684211,
              18.41552631578947
            ],
            [
              73.95289473684211,
              18.405526315789473
            ]
          ]
        ]
      },
      "properties": {
        "cell_id": "R01C15",
        "row": 1,
        "col": 15,
        "week": 1,
        "week_label": "Wk1",
        "date_start": "2024-06-01",
        "date_end": "2024-06-07",
        "phase": "pre",
        "avg_risk": 0.2001,
        "avg_gt": 0.092,
        "risk_category": 1,
        "risk_category_label": "Medium"
      }
    },
    {
      "type": "Feature",
      "geometry": {
        "type": "Polygon",
        "coordinates": [
          [
            [
              73.96342105263159,
              18.405526315789473
            ],
            [
              73.97342105263158,
              18.405526315789473
            ],
            [
              73.97342105263158,
              18.41552631578947
            ],
            [
              73.96342105263159,
              18.41552631578947
            ],
            [
              73.96342105263159,
              18.405526315789473
            ]
          ]
        ]
      },
      "properties": {
        "cell_id": "R01C16",
        "row": 1,
        "col": 16,
        "week": 1,
        "week_label": "Wk1",
        "date_start": "2024-06-01",
        "date_end": "2024-06-07",
        "phase": "pre",
        "avg_risk": 0.2678,
        "avg_gt": 0.2797,
        "risk_category": 1,
        "risk_category_label": "Medium"
      }
    },
    {
      "type": "Feature",
      "geometry": {
        "type": "Polygon",
        "coordinates": [
          [
            [
              73.97394736842105,
              18.405526315789473
            ],
            [
              73.98394736842104,
              18.405526315789473
            ],
            [
              73.98394736842104,
              18.41552631578947
            ],
            [
              73.97394736842105,
              18.41552631578947
            ],
            [
              73.97394736842105,
              18.405526315789473
            ]
          ]
        ]
      },
      "properties": {
        "cell_id": "R01C17",
        "row": 1,
        "col": 17,
        "week": 1,
        "week_label": "Wk1",
        "date_start": "2024-06-01",
        "date_end": "2024-06-07",
        "phase": "pre",
        "avg_risk": 0.3571,
        "avg_gt": 0.5449,
        "risk_category": 1,
        "risk_category_label": "Medium"
      }
    },
    {
      "type": "Feature",
      "geometry": {
        "type": "Polygon",
        "coordinates": [
          [
            [
              73.98447368421053,
              18.405526315789473
            ],
            [
              73.99447368421052,
              18.405526315789473
            ],
            [
              73.99447368421052,
              18.41552631578947
            ],
            [
              73.98447368421053,
              18.41552631578947
            ],
            [
              73.98447368421053,
              18.405526315789473
            ]
          ]
        ]
      },
      "properties": {
        "cell_id": "R01C18",
        "row": 1,
        "col": 18,
        "week": 1,
        "week_label": "Wk1",
        "date_start": "2024-06-01",
        "date_end": "2024-06-07",
        "phase": "pre",
        "avg_risk": 0.4319,
        "avg_gt": 0.6806,
        "risk_category": 1,
        "risk_category_label": "Medium"
      }
    },
    {
      "type": "Feature",
      "geometry": {
        "type": "Polygon",
        "coordinates": [
          [
            [
              73.995,
              18.405526315789473
            ],
            [
              74.005,
              18.405526315789473
            ],
            [
              74.005,
              18.41552631578947
            ],
            [
              73.995,
              18.41552631578947
            ],
            [
              73.995,
              18.405526315789473
            ]
          ]
        ]
      },
      "properties": {
        "cell_id": "R01C19",
        "row": 1,
        "col": 19,
        "week": 1,
        "week_label": "Wk1",
        "date_start": "2024-06-01",
        "date_end": "2024-06-07",
        "phase": "pre",
        "avg_risk": 0.4783,
        "avg_gt": 0.5449,
        "risk_category": 1,
        "risk_category_label": "Medium"
      }
    },
    {
      "type": "Feature",
      "geometry": {
        "type": "Polygon",
        "coordinates": [
          [
            [
              73.795,
              18.416052631578946
            ],
            [
              73.80499999999999,
              18.416052631578946
            ],
            [
              73.80499999999999,
              18.426052631578944
            ],
            [
              73.795,
              18.426052631578944
            ],
            [
              73.795,
              18.416052631578946
            ]
          ]
        ]
      },
      "properties": {
        "cell_id": "R02C00",
        "row": 2,
        "col": 0,
        "week": 1,
        "week_label": "Wk1",
        "date_start": "2024-06-01",
        "date_end": "2024-06-07",
        "phase": "pre",
        "avg_risk": 0.328,
        "avg_gt": 0.0819,
        "risk_category": 1,
        "risk_category_label": "Medium"
      }
    },
    {
      "type": "Feature",
      "geometry": {
        "type": "Polygon",
        "coordinates": [
          [
            [
              73.80552631578948,
              18.416052631578946
            ],
            [
              73.81552631578947,
              18.416052631578946
            ],
            [
              73.81552631578947,
              18.426052631578944
            ],
            [
              73.80552631578948,
              18.426052631578944
            ],
            [
              73.80552631578948,
              18.416052631578946
            ]
          ]
        ]
      },
      "properties": {
        "cell_id": "R02C01",
        "row": 2,
        "col": 1,
        "week": 1,
        "week_label": "Wk1",
        "date_start": "2024-06-01",
        "date_end": "2024-06-07",
        "phase": "pre",
        "avg_risk": 0.366,
        "avg_gt": 0.1968,
        "risk_category": 1,
        "risk_category_label": "Medium"
      }
    },
    {
      "type": "Feature",
      "geometry": {
        "type": "Polygon",
        "coordinates": [
          [
            [
              73.81605263157896,
              18.416052631578946
            ],
            [
              73.82605263157895,
              18.416052631578946
            ],
            [
              73.82605263157895,
              18.426052631578944
            ],
            [
              73.81605263157896,
              18.426052631578944
            ],
            [
              73.81605263157896,
              18.416052631578946
            ]
          ]
        ]
      },
      "properties": {
        "cell_id": "R02C02",
        "row": 2,
        "col": 2,
        "week": 1,
        "week_label": "Wk1",
        "date_start": "2024-06-01",
        "date_end": "2024-06-07",
        "phase": "pre",
        "avg_risk": 0.4127,
        "avg_gt": 0.3678,
        "risk_category": 1,
        "risk_category_label": "Medium"
      }
    },
    {
      "type": "Feature",
      "geometry": {
        "type": "Polygon",
        "coordinates": [
          [
            [
              73.82657894736842,
              18.416052631578946
            ],
            [
              73.83657894736841,
              18.416052631578946
            ],
            [
              73.83657894736841,
              18.426052631578944
            ],
            [
              73.82657894736842,
              18.426052631578944
            ],
            [
              73.82657894736842,
              18.416052631578946
            ]
          ]
        ]
      },
      "properties": {
        "cell_id": "R02C03",
        "row": 2,
        "col": 3,
        "week": 1,
        "week_label": "Wk1",
        "date_start": "2024-06-01",
        "date_end": "2024-06-07",
        "phase": "pre",
        "avg_risk": 0.4099,
        "avg_gt": 0.5352,
        "risk_category": 1,
        "risk_category_label": "Medium"
      }
    },
    {
      "type": "Feature",
      "geometry": {
        "type": "Polygon",
        "coordinates": [
          [
            [
              73.8371052631579,
              18.416052631578946
            ],
            [
              73.84710526315789,
              18.416052631578946
            ],
            [
              73.84710526315789,
              18.426052631578944
            ],
            [
              73.8371052631579,
              18.426052631578944
            ],
            [
              73.8371052631579,
              18.416052631578946
            ]
          ]
        ]
      },
      "properties": {
        "cell_id": "R02C04",
        "row": 2,
        "col": 4,
        "week": 1,
        "week_label": "Wk1",
        "date_start": "2024-06-01",
        "date_end": "2024-06-07",
        "phase": "pre",
        "avg_risk": 0.4139,
        "avg_gt": 0.6065,
        "risk_category": 1,
        "risk_category_label": "Medium"
      }
    },
    {
      "type": "Feature",
      "geometry": {
        "type": "Polygon",
        "coordinates": [
          [
            [
              73.84763157894737,
              18.416052631578946
            ],
            [
              73.85763157894736,
              18.416052631578946
            ],
            [
              73.85763157894736,
              18.426052631578944
            ],
            [
              73.84763157894737,
              18.426052631578944
            ],
            [
              73.84763157894737,
              18.416052631578946
            ]
          ]
        ]
      },
      "properties": {
        "cell_id": "R02C05",
        "row": 2,
        "col": 5,
        "week": 1,
        "week_label": "Wk1",
        "date_start": "2024-06-01",
        "date_end": "2024-06-07",
        "phase": "pre",
        "avg_risk": 0.398,
        "avg_gt": 0.5352,
        "risk_category": 1,
        "risk_category_label": "Medium"
      }
    },
    {
      "type": "Feature",
      "geometry": {
        "type": "Polygon",
        "coordinates": [
          [
            [
              73.85815789473685,
              18.416052631578946
            ],
            [
              73.86815789473684,
              18.416052631578946
            ],
            [
              73.86815789473684,
              18.426052631578944
            ],
            [
              73.85815789473685,
              18.426052631578944
            ],
            [
              73.85815789473685,
              18.416052631578946
            ]
          ]
        ]
      },
      "properties": {
        "cell_id": "R02C06",
        "row": 2,
        "col": 6,
        "week": 1,
        "week_label": "Wk1",
        "date_start": "2024-06-01",
        "date_end": "2024-06-07",
        "phase": "pre",
        "avg_risk": 0.3788,
        "avg_gt": 0.3678,
        "risk_category": 1,
        "risk_category_label": "Medium"
      }
    },
    {
      "type": "Feature",
      "geometry": {
        "type": "Polygon",
        "coordinates": [
          [
            [
              73.86868421052633,
              18.416052631578946
            ],
            [
              73.87868421052632,
              18.416052631578946
            ],
            [
              73.87868421052632,
              18.426052631578944
            ],
            [
              73.86868421052633,
              18.426052631578944
            ],
            [
              73.86868421052633,
              18.416052631578946
            ]
          ]
        ]
      },
      "properties": {
        "cell_id": "R02C07",
        "row": 2,
        "col": 7,
        "week": 1,
        "week_label": "Wk1",
        "date_start": "2024-06-01",
        "date_end": "2024-06-07",
        "phase": "pre",
        "avg_risk": 0.3348,
        "avg_gt": 0.1968,
        "risk_category": 1,
        "risk_category_label": "Medium"
      }
    },
    {
      "type": "Feature",
      "geometry": {
        "type": "Polygon",
        "coordinates": [
          [
            [
              73.87921052631579,
              18.416052631578946
            ],
            [
              73.88921052631578,
              18.416052631578946
            ],
            [
              73.88921052631578,
              18.426052631578944
            ],
            [
              73.87921052631579,
              18.426052631578944
            ],
            [
              73.87921052631579,
              18.416052631578946
            ]
          ]
        ]
      },
      "properties": {
        "cell_id": "R02C08",
        "row": 2,
        "col": 8,
        "week": 1,
        "week_label": "Wk1",
        "date_start": "2024-06-01",
        "date_end": "2024-06-07",
        "phase": "pre",
        "avg_risk": 0.299,
        "avg_gt": 0.0819,
        "risk_category": 1,
        "risk_category_label": "Medium"
      }
    },
    {
      "type": "Feature",
      "geometry": {
        "type": "Polygon",
        "coordinates": [
          [
            [
              73.88973684210526,
              18.416052631578946
            ],
            [
              73.89973684210526,
              18.416052631578946
            ],
            [
              73.89973684210526,
              18.426052631578944
            ],
            [
              73.88973684210526,
              18.426052631578944
            ],
            [
              73.88973684210526,
              18.416052631578946
            ]
          ]
        ]
      },
      "properties": {
        "cell_id": "R02C09",
        "row": 2,
        "col": 9,
        "week": 1,
        "week_label": "Wk1",
        "date_start": "2024-06-01",
        "date_end": "2024-06-07",
        "phase": "pre",
        "avg_risk": 0.2383,
        "avg_gt": 0.0265,
        "risk_category": 1,
        "risk_category_label": "Medium"
      }
    },
    {
      "type": "Feature",
      "geometry": {
        "type": "Polygon",
        "coordinates": [
          [
            [
              73.90026315789474,
              18.416052631578946
            ],
            [
              73.91026315789473,
              18.416052631578946
            ],
            [
              73.91026315789473,
              18.426052631578944
            ],
            [
              73.90026315789474,
              18.426052631578944
            ],
            [
              73.90026315789474,
              18.416052631578946
            ]
          ]
        ]
      },
      "properties": {
        "cell_id": "R02C10",
        "row": 2,
        "col": 10,
        "week": 1,
        "week_label": "Wk1",
        "date_start": "2024-06-01",
        "date_end": "2024-06-07",
        "phase": "pre",
        "avg_risk": 0.1939,
        "avg_gt": 0.0066,
        "risk_category": 1,
        "risk_category_label": "Medium"
      }
    },
    {
      "type": "Feature",
      "geometry": {
        "type": "Polygon",
        "coordinates": [
          [
            [
              73.91078947368422,
              18.416052631578946
            ],
            [
              73.92078947368421,
              18.416052631578946
            ],
            [
              73.92078947368421,
              18.426052631578944
            ],
            [
              73.91078947368422,
              18.426052631578944
            ],
            [
              73.91078947368422,
              18.416052631578946
            ]
          ]
        ]
      },
      "properties": {
        "cell_id": "R02C11",
        "row": 2,
        "col": 11,
        "week": 1,
        "week_label": "Wk1",
        "date_start": "2024-06-01",
        "date_end": "2024-06-07",
        "phase": "pre",
        "avg_risk": 0.1443,
        "avg_gt": 0.0012,
        "risk_category": 0,
        "risk_category_label": "Low"
      }
    },
    {
      "type": "Feature",
      "geometry": {
        "type": "Polygon",
        "coordinates": [
          [
            [
              73.92131578947368,
              18.416052631578946
            ],
            [
              73.93131578947367,
              18.416052631578946
            ],
            [
              73.93131578947367,
              18.426052631578944
            ],
            [
              73.92131578947368,
              18.426052631578944
            ],
            [
              73.92131578947368,
              18.416052631578946
            ]
          ]
        ]
      },
      "properties": {
        "cell_id": "R02C12",
        "row": 2,
        "col": 12,
        "week": 1,
        "week_label": "Wk1",
        "date_start": "2024-06-01",
        "date_end": "2024-06-07",
        "phase": "pre",
        "avg_risk": 0.1151,
        "avg_gt": 0.0003,
        "risk_category": 0,
        "risk_category_label": "Low"
      }
    },
    {
      "type": "Feature",
      "geometry": {
        "type": "Polygon",
        "coordinates": [
          [
            [
              73.93184210526316,
              18.416052631578946
            ],
            [
              73.94184210526315,
              18.416052631578946
            ],
            [
              73.94184210526315,
              18.426052631578944
            ],
            [
              73.93184210526316,
              18.426052631578944
            ],
            [
              73.93184210526316,
              18.416052631578946
            ]
          ]
        ]
      },
      "properties": {
        "cell_id": "R02C13",
        "row": 2,
        "col": 13,
        "week": 1,
        "week_label": "Wk1",
        "date_start": "2024-06-01",
        "date_end": "2024-06-07",
        "phase": "pre",
        "avg_risk": 0.1116,
        "avg_gt": 0.0031,
        "risk_category": 0,
        "risk_category_label": "Low"
      }
    },
    {
      "type": "Feature",
      "geometry": {
        "type": "Polygon",
        "coordinates": [
          [
            [
              73.94236842105263,
              18.416052631578946
            ],
            [
              73.95236842105263,
              18.416052631578946
            ],
            [
              73.95236842105263,
              18.426052631578944
            ],
            [
              73.94236842105263,
              18.426052631578944
            ],
            [
              73.94236842105263,
              18.416052631578946
            ]
          ]
        ]
      },
      "properties": {
        "cell_id": "R02C14",
        "row": 2,
        "col": 14,
        "week": 1,
        "week_label": "Wk1",
        "date_start": "2024-06-01",
        "date_end": "2024-06-07",
        "phase": "pre",
        "avg_risk": 0.1275,
        "avg_gt": 0.0241,
        "risk_category": 0,
        "risk_category_label": "Low"
      }
    },
    {
      "type": "Feature",
      "geometry": {
        "type": "Polygon",
        "coordinates": [
          [
            [
              73.95289473684211,
              18.416052631578946
            ],
            [
              73.9628947368421,
              18.416052631578946
            ],
            [
              73.9628947368421,
              18.426052631578944
            ],
            [
              73.95289473684211,
              18.426052631578944
            ],
            [
              73.95289473684211,
              18.416052631578946
            ]
          ]
        ]
      },
      "properties": {
        "cell_id": "R02C15",
        "row": 2,
        "col": 15,
        "week": 1,
        "week_label": "Wk1",
        "date_start": "2024-06-01",
        "date_end": "2024-06-07",
        "phase": "pre",
        "avg_risk": 0.1675,
        "avg_gt": 0.1149,
        "risk_category": 1,
        "risk_category_label": "Medium"
      }
    },
    {
      "type": "Feature",
      "geometry": {
        "type": "Polygon",
        "coordinates": [
          [
            [
              73.96342105263159,
              18.416052631578946
            ],
            [
              73.97342105263158,
              18.416052631578946
            ],
            [
              73.97342105263158,
              18.426052631578944
            ],
            [
              73.96342105263159,
              18.426052631578944
            ],
            [
              73.96342105263159,
              18.416052631578946
            ]
          ]
        ]
      },
      "properties": {
        "cell_id": "R02C16",
        "row": 2,
        "col": 16,
        "week": 1,
        "week_label": "Wk1",
        "date_start": "2024-06-01",
        "date_end": "2024-06-07",
        "phase": "pre",
        "avg_risk": 0.225,
        "avg_gt": 0.3493,
        "risk_category": 1,
        "risk_category_label": "Medium"
      }
    },
    {
      "type": "Feature",
      "geometry": {
        "type": "Polygon",
        "coordinates": [
          [
            [
              73.97394736842105,
              18.416052631578946
            ],
            [
              73.98394736842104,
              18.416052631578946
            ],
            [
              73.98394736842104,
              18.426052631578944
            ],
            [
              73.97394736842105,
              18.426052631578944
            ],
            [
              73.97394736842105,
              18.416052631578946
            ]
          ]
        ]
      },
      "properties": {
        "cell_id": "R02C17",
        "row": 2,
        "col": 17,
        "week": 1,
        "week_label": "Wk1",
        "date_start": "2024-06-01",
        "date_end": "2024-06-07",
        "phase": "pre",
        "avg_risk": 0.3176,
        "avg_gt": 0.6806,
        "risk_category": 1,
        "risk_category_label": "Medium"
      }
    },
    {
      "type": "Feature",
      "geometry": {
        "type": "Polygon",
        "coordinates": [
          [
            [
              73.98447368421053,
              18.416052631578946
            ],
            [
              73.99447368421052,
              18.416052631578946
            ],
            [
              73.99447368421052,
              18.426052631578944
            ],
            [
              73.98447368421053,
              18.426052631578944
            ],
            [
              73.98447368421053,
              18.416052631578946
            ]
          ]
        ]
      },
      "properties": {
        "cell_id": "R02C18",
        "row": 2,
        "col": 18,
        "week": 1,
        "week_label": "Wk1",
        "date_start": "2024-06-01",
        "date_end": "2024-06-07",
        "phase": "pre",
        "avg_risk": 0.3806,
        "avg_gt": 0.85,
        "risk_category": 1,
        "risk_category_label": "Medium"
      }
    },
    {
      "type": "Feature",
      "geometry": {
        "type": "Polygon",
        "coordinates": [
          [
            [
              73.995,
              18.416052631578946
            ],
            [
              74.005,
              18.416052631578946
            ],
            [
              74.005,
              18.426052631578944
            ],
            [
              73.995,
              18.426052631578944
            ],
            [
              73.995,
              18.416052631578946
            ]
          ]
        ]
      },
      "properties": {
        "cell_id": "R02C19",
        "row": 2,
        "col": 19,
        "week": 1,
        "week_label": "Wk1",
        "date_start": "2024-06-01",
        "date_end": "2024-06-07",
        "phase": "pre",
        "avg_risk": 0.4346,
        "avg_gt": 0.6806,
        "risk_category": 1,
        "risk_category_label": "Medium"
      }
    },
    {
      "type": "Feature",
      "geometry": {
        "type": "Polygon",
        "coordinates": [
          [
            [
              73.795,
              18.42657894736842
            ],
            [
              73.80499999999999,
              18.42657894736842
            ],
            [
              73.80499999999999,
              18.436578947368417
            ],
            [
              73.795,
              18.436578947368417
            ],
            [
              73.795,
              18.42657894736842
            ]
          ]
        ]
      },
      "properties": {
        "cell_id": "R03C00",
        "row": 3,
        "col": 0,
        "week": 1,
        "week_label": "Wk1",
        "date_start": "2024-06-01",
        "date_end": "2024-06-07",
        "phase": "pre",
        "avg_risk": 0.2852,
        "avg_gt": 0.1193,
        "risk_category": 1,
        "risk_category_label": "Medium"
      }
    },
    {
      "type": "Feature",
      "geometry": {
        "type": "Polygon",
        "coordinates": [
          [
            [
              73.80552631578948,
              18.42657894736842
            ],
            [
              73.81552631578947,
              18.42657894736842
            ],
            [
              73.81552631578947,
              18.436578947368417
            ],
            [
              73.80552631578948,
              18.436578947368417
            ],
            [
              73.80552631578948,
              18.42657894736842
            ]
          ]
        ]
      },
      "properties": {
        "cell_id": "R03C01",
        "row": 3,
        "col": 1,
        "week": 1,
        "week_label": "Wk1",
        "date_start": "2024-06-01",
        "date_end": "2024-06-07",
        "phase": "pre",
        "avg_risk": 0.3374,
        "avg_gt": 0.2864,
        "risk_category": 1,
        "risk_category_label": "Medium"
      }
    },
    {
      "type": "Feature",
      "geometry": {
        "type": "Polygon",
        "coordinates": [
          [
            [
              73.81605263157896,
              18.42657894736842
            ],
            [
              73.82605263157895,
              18.42657894736842
            ],
            [
              73.82605263157895,
              18.436578947368417
            ],
            [
              73.81605263157896,
              18.436578947368417
            ],
            [
              73.81605263157896,
              18.42657894736842
            ]
          ]
        ]
      },
      "properties": {
        "cell_id": "R03C02",
        "row": 3,
        "col": 2,
        "week": 1,
        "week_label": "Wk1",
        "date_start": "2024-06-01",
        "date_end": "2024-06-07",
        "phase": "pre",
        "avg_risk": 0.4028,
        "avg_gt": 0.5352,
        "risk_category": 1,
        "risk_category_label": "Medium"
      }
    },
    {
      "type": "Feature",
      "geometry": {
        "type": "Polygon",
        "coordinates": [
          [
            [
              73.82657894736842,
              18.42657894736842
            ],
            [
              73.83657894736841,
              18.42657894736842
            ],
            [
              73.83657894736841,
              18.436578947368417
            ],
            [
              73.82657894736842,
              18.436578947368417
            ],
            [
              73.82657894736842,
              18.42657894736842
            ]
          ]
        ]
      },
      "properties": {
        "cell_id": "R03C03",
        "row": 3,
        "col": 3,
        "week": 1,
        "week_label": "Wk1",
        "date_start": "2024-06-01",
        "date_end": "2024-06-07",
        "phase": "pre",
        "avg_risk": 0.4133,
        "avg_gt": 0.7788,
        "risk_category": 1,
        "risk_category_label": "Medium"
      }
    },
    {
      "type": "Feature",
      "geometry": {
        "type": "Polygon",
        "coordinates": [
          [
            [
              73.8371052631579,
              18.42657894736842
            ],
            [
              73.84710526315789,
              18.42657894736842
            ],
            [
              73.84710526315789,
              18.436578947368417
            ],
            [
              73.8371052631579,
              18.436578947368417
            ],
            [
              73.8371052631579,
              18.42657894736842
            ]
          ]
        ]
      },
      "properties": {
        "cell_id": "R03C04",
        "row": 3,
        "col": 4,
        "week": 1,
        "week_label": "Wk1",
        "date_start": "2024-06-01",
        "date_end": "2024-06-07",
        "phase": "pre",
        "avg_risk": 0.4449,
        "avg_gt": 0.8825,
        "risk_category": 1,
        "risk_category_label": "Medium"
      }
    },
    {
      "type": "Feature",
      "geometry": {
        "type": "Polygon",
        "coordinates": [
          [
            [
              73.84763157894737,
              18.42657894736842
            ],
            [
              73.85763157894736,
              18.42657894736842
            ],
            [
              73.85763157894736,
              18.436578947368417
            ],
            [
              73.84763157894737,
              18.436578947368417
            ],
            [
              73.84763157894737,
              18.42657894736842
            ]
          ]
        ]
      },
      "properties": {
        "cell_id": "R03C05",
        "row": 3,
        "col": 5,
        "week": 1,
        "week_label": "Wk1",
        "date_start": "2024-06-01",
        "date_end": "2024-06-07",
        "phase": "pre",
        "avg_risk": 0.4415,
        "avg_gt": 0.7788,
        "risk_category": 1,
        "risk_category_label": "Medium"
      }
    },
    {
      "type": "Feature",
      "geometry": {
        "type": "Polygon",
        "coordinates": [
          [
            [
              73.85815789473685,
              18.42657894736842
            ],
            [
              73.86815789473684,
              18.42657894736842
            ],
            [
              73.86815789473684,
              18.436578947368417
            ],
            [
              73.85815789473685,
              18.436578947368417
            ],
            [
              73.85815789473685,
              18.42657894736842
            ]
          ]
        ]
      },
      "properties": {
        "cell_id": "R03C06",
        "row": 3,
        "col": 6,
        "week": 1,
        "week_label": "Wk1",
        "date_start": "2024-06-01",
        "date_end": "2024-06-07",
        "phase": "pre",
        "avg_risk": 0.4007,
        "avg_gt": 0.5352,
        "risk_category": 1,
        "risk_category_label": "Medium"
      }
    },
    {
      "type": "Feature",
      "geometry": {
        "type": "Polygon",
        "coordinates": [
          [
            [
              73.86868421052633,
              18.42657894736842
            ],
            [
              73.87868421052632,
              18.42657894736842
            ],
            [
              73.87868421052632,
              18.436578947368417
            ],
            [
              73.86868421052633,
              18.436578947368417
            ],
            [
              73.86868421052633,
              18.42657894736842
            ]
          ]
        ]
      },
      "properties": {
        "cell_id": "R03C07",
        "row": 3,
        "col": 7,
        "week": 1,
        "week_label": "Wk1",
        "date_start": "2024-06-01",
        "date_end": "2024-06-07",
        "phase": "pre",
        "avg_risk": 0.3747,
        "avg_gt": 0.2864,
        "risk_category": 1,
        "risk_category_label": "Medium"
      }
    },
    {
      "type": "Feature",
      "geometry": {
        "type": "Polygon",
        "coordinates": [
          [
            [
              73.87921052631579,
              18.42657894736842
            ],
            [
              73.88921052631578,
              18.42657894736842
            ],
            [
              73.88921052631578,
              18.436578947368417
            ],
            [
              73.87921052631579,
              18.436578947368417
            ],
            [
              73.87921052631579,
              18.42657894736842
            ]
          ]
        ]
      },
      "properties": {
        "cell_id": "R03C08",
        "row": 3,
        "col": 8,
        "week": 1,
        "week_label": "Wk1",
        "date_start": "2024-06-01",
        "date_end": "2024-06-07",
        "phase": "pre",
        "avg_risk": 0.316,
        "avg_gt": 0.1193,
        "risk_category": 1,
        "risk_category_label": "Medium"
      }
    },
    {
      "type": "Feature",
      "geometry": {
        "type": "Polygon",
        "coordinates": [
          [
            [
              73.88973684210526,
              18.42657894736842
            ],
            [
              73.89973684210526,
              18.42657894736842
            ],
            [
              73.89973684210526,
              18.436578947368417
            ],
            [
              73.88973684210526,
              18.436578947368417
            ],
            [
              73.88973684210526,
              18.42657894736842
            ]
          ]
        ]
      },
      "properties": {
        "cell_id": "R03C09",
        "row": 3,
        "col": 9,
        "week": 1,
        "week_label": "Wk1",
        "date_start": "2024-06-01",
        "date_end": "2024-06-07",
        "phase": "pre",
        "avg_risk": 0.252,
        "avg_gt": 0.0386,
        "risk_category": 1,
        "risk_category_label": "Medium"
      }
    },
    {
      "type": "Feature",
      "geometry": {
        "type": "Polygon",
        "coordinates": [
          [
            [
              73.90026315789474,
              18.42657894736842
            ],
            [
              73.91026315789473,
              18.42657894736842
            ],
            [
              73.91026315789473,
              18.436578947368417
            ],
            [
              73.90026315789474,
              18.436578947368417
            ],
            [
              73.90026315789474,
              18.42657894736842
            ]
          ]
        ]
      },
      "properties": {
        "cell_id": "R03C10",
        "row": 3,
        "col": 10,
        "week": 1,
        "week_label": "Wk1",
        "date_start": "2024-06-01",
        "date_end": "2024-06-07",
        "phase": "pre",
        "avg_risk": 0.1888,
        "avg_gt": 0.0096,
        "risk_category": 1,
        "risk_category_label": "Medium"
      }
    },
    {
      "type": "Feature",
      "geometry": {
        "type": "Polygon",
        "coordinates": [
          [
            [
              73.91078947368422,
              18.42657894736842
            ],
            [
              73.92078947368421,
              18.42657894736842
            ],
            [
              73.92078947368421,
              18.436578947368417
            ],
            [
              73.91078947368422,
              18.436578947368417
            ],
            [
              73.91078947368422,
              18.42657894736842
            ]
          ]
        ]
      },
      "properties": {
        "cell_id": "R03C11",
        "row": 3,
        "col": 11,
        "week": 1,
        "week_label": "Wk1",
        "date_start": "2024-06-01",
        "date_end": "2024-06-07",
        "phase": "pre",
        "avg_risk": 0.1443,
        "avg_gt": 0.0018,
        "risk_category": 0,
        "risk_category_label": "Low"
      }
    },
    {
      "type": "Feature",
      "geometry": {
        "type": "Polygon",
        "coordinates": [
          [
            [
              73.92131578947368,
              18.42657894736842
            ],
            [
              73.93131578947367,
              18.42657894736842
            ],
            [
              73.93131578947367,
              18.436578947368417
            ],
            [
              73.92131578947368,
              18.436578947368417
            ],
            [
              73.92131578947368,
              18.42657894736842
            ]
          ]
        ]
      },
      "properties": {
        "cell_id": "R03C12",
        "row": 3,
        "col": 12,
        "week": 1,
        "week_label": "Wk1",
        "date_start": "2024-06-01",
        "date_end": "2024-06-07",
        "phase": "pre",
        "avg_risk": 0.1121,
        "avg_gt": 0.0004,
        "risk_category": 0,
        "risk_category_label": "Low"
      }
    },
    {
      "type": "Feature",
      "geometry": {
        "type": "Polygon",
        "coordinates": [
          [
            [
              73.93184210526316,
              18.42657894736842
            ],
            [
              73.94184210526315,
              18.42657894736842
            ],
            [
              73.94184210526315,
              18.436578947368417
            ],
            [
              73.93184210526316,
              18.436578947368417
            ],
            [
              73.93184210526316,
              18.42657894736842
            ]
          ]
        ]
      },
      "properties": {
        "cell_id": "R03C13",
        "row": 3,
        "col": 13,
        "week": 1,
        "week_label": "Wk1",
        "date_start": "2024-06-01",
        "date_end": "2024-06-07",
        "phase": "pre",
        "avg_risk": 0.0996,
        "avg_gt": 0.0025,
        "risk_category": 0,
        "risk_category_label": "Low"
      }
    },
    {
      "type": "Feature",
      "geometry": {
        "type": "Polygon",
        "coordinates": [
          [
            [
              73.94236842105263,
              18.42657894736842
            ],
            [
              73.95236842105263,
              18.42657894736842
            ],
            [
              73.95236842105263,
              18.436578947368417
            ],
            [
              73.94236842105263,
              18.436578947368417
            ],
            [
              73.94236842105263,
              18.42657894736842
            ]
          ]
        ]
      },
      "properties": {
        "cell_id": "R03C14",
        "row": 3,
        "col": 14,
        "week": 1,
        "week_label": "Wk1",
        "date_start": "2024-06-01",
        "date_end": "2024-06-07",
        "phase": "pre",
        "avg_risk": 0.1156,
        "avg_gt": 0.0193,
        "risk_category": 0,
        "risk_category_label": "Low"
      }
    },
    {
      "type": "Feature",
      "geometry": {
        "type": "Polygon",
        "coordinates": [
          [
            [
              73.95289473684211,
              18.42657894736842
            ],
            [
              73.9628947368421,
              18.42657894736842
            ],
            [
              73.9628947368421,
              18.436578947368417
            ],
            [
              73.95289473684211,
              18.436578947368417
            ],
            [
              73.95289473684211,
              18.42657894736842
            ]
          ]
        ]
      },
      "properties": {
        "cell_id": "R03C15",
        "row": 3,
        "col": 15,
        "week": 1,
        "week_label": "Wk1",
        "date_start": "2024-06-01",
        "date_end": "2024-06-07",
        "phase": "pre",
        "avg_risk": 0.139,
        "avg_gt": 0.092,
        "risk_category": 0,
        "risk_category_label": "Low"
      }
    },
    {
      "type": "Feature",
      "geometry": {
        "type": "Polygon",
        "coordinates": [
          [
            [
              73.96342105263159,
              18.42657894736842
            ],
            [
              73.97342105263158,
              18.42657894736842
            ],
            [
              73.97342105263158,
              18.436578947368417
            ],
            [
              73.96342105263159,
              18.436578947368417
            ],
            [
              73.96342105263159,
              18.42657894736842
            ]
          ]
        ]
      },
      "properties": {
        "cell_id": "R03C16",
        "row": 3,
        "col": 16,
        "week": 1,
        "week_label": "Wk1",
        "date_start": "2024-06-01",
        "date_end": "2024-06-07",
        "phase": "pre",
        "avg_risk": 0.1995,
        "avg_gt": 0.2797,
        "risk_category": 1,
        "risk_category_label": "Medium"
      }
    },
    {
      "type": "Feature",
      "geometry": {
        "type": "Polygon",
        "coordinates": [
          [
            [
              73.97394736842105,
              18.42657894736842
            ],
            [
              73.98394736842104,
              18.42657894736842
            ],
            [
              73.98394736842104,
              18.436578947368417
            ],
            [
              73.97394736842105,
              18.436578947368417
            ],
            [
              73.97394736842105,
              18.42657894736842
            ]
          ]
        ]
      },
      "properties": {
        "cell_id": "R03C17",
        "row": 3,
        "col": 17,
        "week": 1,
        "week_label": "Wk1",
        "date_start": "2024-06-01",
        "date_end": "2024-06-07",
        "phase": "pre",
        "avg_risk": 0.2597,
        "avg_gt": 0.5449,
        "risk_category": 1,
        "risk_category_label": "Medium"
      }
    },
    {
      "type": "Feature",
      "geometry": {
        "type": "Polygon",
        "coordinates": [
          [
            [
              73.98447368421053,
              18.42657894736842
            ],
            [
              73.99447368421052,
              18.42657894736842
            ],
            [
              73.99447368421052,
              18.436578947368417
            ],
            [
              73.98447368421053,
              18.436578947368417
            ],
            [
              73.98447368421053,
              18.42657894736842
            ]
          ]
        ]
      },
      "properties": {
        "cell_id": "R03C18",
        "row": 3,
        "col": 18,
        "week": 1,
        "week_label": "Wk1",
        "date_start": "2024-06-01",
        "date_end": "2024-06-07",
        "phase": "pre",
        "avg_risk": 0.312,
        "avg_gt": 0.6806,
        "risk_category": 1,
        "risk_category_label": "Medium"
      }
    },
    {
      "type": "Feature",
      "geometry": {
        "type": "Polygon",
        "coordinates": [
          [
            [
              73.995,
              18.42657894736842
            ],
            [
              74.005,
              18.42657894736842
            ],
            [
              74.005,
              18.436578947368417
            ],
            [
              73.995,
              18.436578947368417
            ],
            [
              73.995,
              18.42657894736842
            ]
          ]
        ]
      },
      "properties": {
        "cell_id": "R03C19",
        "row": 3,
        "col": 19,
        "week": 1,
        "week_label": "Wk1",
        "date_start": "2024-06-01",
        "date_end": "2024-06-07",
        "phase": "pre",
        "avg_risk": 0.3628,
        "avg_gt": 0.5449,
        "risk_category": 1,
        "risk_category_label": "Medium"
      }
    },
    {
      "type": "Feature",
      "geometry": {
        "type": "Polygon",
        "coordinates": [
          [
            [
              73.795,
              18.437105263157896
            ],
            [
              73.80499999999999,
              18.437105263157896
            ],
            [
              73.80499999999999,
              18.447105263157894
            ],
            [
              73.795,
              18.447105263157894
            ],
            [
              73.795,
              18.437105263157896
            ]
          ]
        ]
      },
      "properties": {
        "cell_id": "R04C00",
        "row": 4,
        "col": 0,
        "week": 1,
        "week_label": "Wk1",
        "date_start": "2024-06-01",
        "date_end": "2024-06-07",
        "phase": "pre",
        "avg_risk": 0.3404,
        "avg_gt": 0.1352,
        "risk_category": 1,
        "risk_category_label": "Medium"
      }
    },
    {
      "type": "Feature",
      "geometry": {
        "type": "Polygon",
        "coordinates": [
          [
            [
              73.80552631578948,
              18.437105263157896
            ],
            [
              73.81552631578947,
              18.437105263157896
            ],
            [
              73.81552631578947,
              18.447105263157894
            ],
            [
              73.80552631578948,
              18.447105263157894
            ],
            [
              73.80552631578948,
              18.437105263157896
            ]
          ]
        ]
      },
      "properties": {
        "cell_id": "R04C01",
        "row": 4,
        "col": 1,
        "week": 1,
        "week_label": "Wk1",
        "date_start": "2024-06-01",
        "date_end": "2024-06-07",
        "phase": "pre",
        "avg_risk": 0.3373,
        "avg_gt": 0.3245,
        "risk_category": 1,
        "risk_category_label": "Medium"
      }
    },
    {
      "type": "Feature",
      "geometry": {
        "type": "Polygon",
        "coordinates": [
          [
            [
              73.81605263157896,
              18.437105263157896
            ],
            [
              73.82605263157895,
              18.437105263157896
            ],
            [
              73.82605263157895,
              18.447105263157894
            ],
            [
              73.81605263157896,
              18.447105263157894
            ],
            [
              73.81605263157896,
              18.437105263157896
            ]
          ]
        ]
      },
      "properties": {
        "cell_id": "R04C02",
        "row": 4,
        "col": 2,
        "week": 1,
        "week_label": "Wk1",
        "date_start": "2024-06-01",
        "date_end": "2024-06-07",
        "phase": "pre",
        "avg_risk": 0.3881,
        "avg_gt": 0.6065,
        "risk_category": 1,
        "risk_category_label": "Medium"
      }
    },
    {
      "type": "Feature",
      "geometry": {
        "type": "Polygon",
        "coordinates": [
          [
            [
              73.82657894736842,
              18.437105263157896
            ],
            [
              73.83657894736841,
              18.437105263157896
            ],
            [
              73.83657894736841,
              18.447105263157894
            ],
            [
              73.82657894736842,
              18.447105263157894
            ],
            [
              73.82657894736842,
              18.437105263157896
            ]
          ]
        ]
      },
      "properties": {
        "cell_id": "R04C03",
        "row": 4,
        "col": 3,
        "week": 1,
        "week_label": "Wk1",
        "date_start": "2024-06-01",
        "date_end": "2024-06-07",
        "phase": "pre",
        "avg_risk": 0.4307,
        "avg_gt": 0.8825,
        "risk_category": 1,
        "risk_category_label": "Medium"
      }
    },
    {
      "type": "Feature",
      "geometry": {
        "type": "Polygon",
        "coordinates": [
          [
            [
              73.8371052631579,
              18.437105263157896
            ],
            [
              73.84710526315789,
              18.437105263157896
            ],
            [
              73.84710526315789,
              18.447105263157894
            ],
            [
              73.8371052631579,
              18.447105263157894
            ],
            [
              73.8371052631579,
              18.437105263157896
            ]
          ]
        ]
      },
      "properties": {
        "cell_id": "R04C04",
        "row": 4,
        "col": 4,
        "week": 1,
        "week_label": "Wk1",
        "date_start": "2024-06-01",
        "date_end": "2024-06-07",
        "phase": "pre",
        "avg_risk": 0.4571,
        "avg_gt": 1.0,
        "risk_category": 1,
        "risk_category_label": "Medium"
      }
    },
    {
      "type": "Feature",
      "geometry": {
        "type": "Polygon",
        "coordinates": [
          [
            [
              73.84763157894737,
              18.437105263157896
            ],
            [
              73.85763157894736,
              18.437105263157896
            ],
            [
              73.85763157894736,
              18.447105263157894
            ],
            [
              73.84763157894737,
              18.447105263157894
            ],
            [
              73.84763157894737,
              18.437105263157896
            ]
          ]
        ]
      },
      "properties": {
        "cell_id": "R04C05",
        "row": 4,
        "col": 5,
        "week": 1,
        "week_label": "Wk1",
        "date_start": "2024-06-01",
        "date_end": "2024-06-07",
        "phase": "pre",
        "avg_risk": 0.4488,
        "avg_gt": 0.8825,
        "risk_category": 1,
        "risk_category_label": "Medium"
      }
    },
    {
      "type": "Feature",
      "geometry": {
        "type": "Polygon",
        "coordinates": [
          [
            [
              73.85815789473685,
              18.437105263157896
            ],
            [
              73.86815789473684,
              18.437105263157896
            ],
            [
              73.86815789473684,
              18.447105263157894
            ],
            [
              73.85815789473685,
              18.447105263157894
            ],
            [
              73.85815789473685,
              18.437105263157896
            ]
          ]
        ]
      },
      "properties": {
        "cell_id": "R04C06",
        "row": 4,
        "col": 6,
        "week": 1,
        "week_label": "Wk1",
        "date_start": "2024-06-01",
        "date_end": "2024-06-07",
        "phase": "pre",
        "avg_risk": 0.4278,
        "avg_gt": 0.6065,
        "risk_category": 1,
        "risk_category_label": "Medium"
      }
    },
    {
      "type": "Feature",
      "geometry": {
        "type": "Polygon",
        "coordinates": [
          [
            [
              73.86868421052633,
              18.437105263157896
            ],
            [
              73.87868421052632,
              18.437105263157896
            ],
            [
              73.87868421052632,
              18.447105263157894
            ],
            [
              73.86868421052633,
              18.447105263157894
            ],
            [
              73.86868421052633,
              18.437105263157896
            ]
          ]
        ]
      },
      "properties": {
        "cell_id": "R04C07",
        "row": 4,
        "col": 7,
        "week": 1,
        "week_label": "Wk1",
        "date_start": "2024-06-01",
        "date_end": "2024-06-07",
        "phase": "pre",
        "avg_risk": 0.3945,
        "avg_gt": 0.3245,
        "risk_category": 1,
        "risk_category_label": "Medium"
      }
    },
    {
      "type": "Feature",
      "geometry": {
        "type": "Polygon",
        "coordinates": [
          [
            [
              73.87921052631579,
              18.437105263157896
            ],
            [
              73.88921052631578,
              18.437105263157896
            ],
            [
              73.88921052631578,
              18.447105263157894
            ],
            [
              73.87921052631579,
              18.447105263157894
            ],
            [
              73.87921052631579,
              18.437105263157896
            ]
          ]
        ]
      },
      "properties": {
        "cell_id": "R04C08",
        "row": 4,
        "col": 8,
        "week": 1,
        "week_label": "Wk1",
        "date_start": "2024-06-01",
        "date_end": "2024-06-07",
        "phase": "pre",
        "avg_risk": 0.3252,
        "avg_gt": 0.1352,
        "risk_category": 1,
        "risk_category_label": "Medium"
      }
    },
    {
      "type": "Feature",
      "geometry": {
        "type": "Polygon",
        "coordinates": [
          [
            [
              73.88973684210526,
              18.437105263157896
            ],
            [
              73.89973684210526,
              18.437105263157896
            ],
            [
              73.89973684210526,
              18.447105263157894
            ],
            [
              73.88973684210526,
              18.447105263157894
            ],
            [
              73.88973684210526,
              18.437105263157896
            ]
          ]
        ]
      },
      "properties": {
        "cell_id": "R04C09",
        "row": 4,
        "col": 9,
        "week": 1,
        "week_label": "Wk1",
        "date_start": "2024-06-01",
        "date_end": "2024-06-07",
        "phase": "pre",
        "avg_risk": 0.2578,
        "avg_gt": 0.0438,
        "risk_category": 1,
        "risk_category_label": "Medium"
      }
    },
    {
      "type": "Feature",
      "geometry": {
        "type": "Polygon",
        "coordinates": [
          [
            [
              73.90026315789474,
              18.437105263157896
            ],
            [
              73.91026315789473,
              18.437105263157896
            ],
            [
              73.91026315789473,
              18.447105263157894
            ],
            [
              73.90026315789474,
              18.447105263157894
            ],
            [
              73.90026315789474,
              18.437105263157896
            ]
          ]
        ]
      },
      "properties": {
        "cell_id": "R04C10",
        "row": 4,
        "col": 10,
        "week": 1,
        "week_label": "Wk1",
        "date_start": "2024-06-01",
        "date_end": "2024-06-07",
        "phase": "pre",
        "avg_risk": 0.1964,
        "avg_gt": 0.0109,
        "risk_category": 1,
        "risk_category_label": "Medium"
      }
    },
    {
      "type": "Feature",
      "geometry": {
        "type": "Polygon",
        "coordinates": [
          [
            [
              73.91078947368422,
              18.437105263157896
            ],
            [
              73.92078947368421,
              18.437105263157896
            ],
            [
              73.92078947368421,
              18.447105263157894
            ],
            [
              73.91078947368422,
              18.447105263157894
            ],
            [
              73.91078947368422,
              18.437105263157896
            ]
          ]
        ]
      },
      "properties": {
        "cell_id": "R04C11",
        "row": 4,
        "col": 11,
        "week": 1,
        "week_label": "Wk1",
        "date_start": "2024-06-01",
        "date_end": "2024-06-07",
        "phase": "pre",
        "avg_risk": 0.1367,
        "avg_gt": 0.002,
        "risk_category": 0,
        "risk_category_label": "Low"
      }
    },
    {
      "type": "Feature",
      "geometry": {
        "type": "Polygon",
        "coordinates": [
          [
            [
              73.92131578947368,
              18.437105263157896
            ],
            [
              73.93131578947367,
              18.437105263157896
            ],
            [
              73.93131578947367,
              18.447105263157894
            ],
            [
              73.92131578947368,
              18.447105263157894
            ],
            [
              73.92131578947368,
              18.437105263157896
            ]
          ]
        ]
      },
      "properties": {
        "cell_id": "R04C12",
        "row": 4,
        "col": 12,
        "week": 1,
        "week_label": "Wk1",
        "date_start": "2024-06-01",
        "date_end": "2024-06-07",
        "phase": "pre",
        "avg_risk": 0.1027,
        "avg_gt": 0.0003,
        "risk_category": 0,
        "risk_category_label": "Low"
      }
    },
    {
      "type": "Feature",
      "geometry": {
        "type": "Polygon",
        "coordinates": [
          [
            [
              73.93184210526316,
              18.437105263157896
            ],
            [
              73.94184210526315,
              18.437105263157896
            ],
            [
              73.94184210526315,
              18.447105263157894
            ],
            [
              73.93184210526316,
              18.447105263157894
            ],
            [
              73.93184210526316,
              18.437105263157896
            ]
          ]
        ]
      },
      "properties": {
        "cell_id": "R04C13",
        "row": 4,
        "col": 13,
        "week": 1,
        "week_label": "Wk1",
        "date_start": "2024-06-01",
        "date_end": "2024-06-07",
        "phase": "pre",
        "avg_risk": 0.0909,
        "avg_gt": 0.0012,
        "risk_category": 0,
        "risk_category_label": "Low"
      }
    },
    {
      "type": "Feature",
      "geometry": {
        "type": "Polygon",
        "coordinates": [
          [
            [
              73.94236842105263,
              18.437105263157896
            ],
            [
              73.95236842105263,
              18.437105263157896
            ],
            [
              73.95236842105263,
              18.447105263157894
            ],
            [
              73.94236842105263,
              18.447105263157894
            ],
            [
              73.94236842105263,
              18.437105263157896
            ]
          ]
        ]
      },
      "properties": {
        "cell_id": "R04C14",
        "row": 4,
        "col": 14,
        "week": 1,
        "week_label": "Wk1",
        "date_start": "2024-06-01",
        "date_end": "2024-06-07",
        "phase": "pre",
        "avg_risk": 0.0936,
        "avg_gt": 0.0098,
        "risk_category": 0,
        "risk_category_label": "Low"
      }
    },
    {
      "type": "Feature",
      "geometry": {
        "type": "Polygon",
        "coordinates": [
          [
            [
              73.95289473684211,
              18.437105263157896
            ],
            [
              73.9628947368421,
              18.437105263157896
            ],
            [
              73.9628947368421,
              18.447105263157894
            ],
            [
              73.95289473684211,
              18.447105263157894
            ],
            [
              73.95289473684211,
              18.437105263157896
            ]
          ]
        ]
      },
      "properties": {
        "cell_id": "R04C15",
        "row": 4,
        "col": 15,
        "week": 1,
        "week_label": "Wk1",
        "date_start": "2024-06-01",
        "date_end": "2024-06-07",
        "phase": "pre",
        "avg_risk": 0.1248,
        "avg_gt": 0.0471,
        "risk_category": 0,
        "risk_category_label": "Low"
      }
    },
    {
      "type": "Feature",
      "geometry": {
        "type": "Polygon",
        "coordinates": [
          [
            [
              73.96342105263159,
              18.437105263157896
            ],
            [
              73.97342105263158,
              18.437105263157896
            ],
            [
              73.97342105263158,
              18.447105263157894
            ],
            [
              73.96342105263159,
              18.447105263157894
            ],
            [
              73.96342105263159,
              18.437105263157896
            ]
          ]
        ]
      },
      "properties": {
        "cell_id": "R04C16",
        "row": 4,
        "col": 16,
        "week": 1,
        "week_label": "Wk1",
        "date_start": "2024-06-01",
        "date_end": "2024-06-07",
        "phase": "pre",
        "avg_risk": 0.1534,
        "avg_gt": 0.1435,
        "risk_category": 1,
        "risk_category_label": "Medium"
      }
    },
    {
      "type": "Feature",
      "geometry": {
        "type": "Polygon",
        "coordinates": [
          [
            [
              73.97394736842105,
              18.437105263157896
            ],
            [
              73.98394736842104,
              18.437105263157896
            ],
            [
              73.98394736842104,
              18.447105263157894
            ],
            [
              73.97394736842105,
              18.447105263157894
            ],
            [
              73.97394736842105,
              18.437105263157896
            ]
          ]
        ]
      },
      "properties": {
        "cell_id": "R04C17",
        "row": 4,
        "col": 17,
        "week": 1,
        "week_label": "Wk1",
        "date_start": "2024-06-01",
        "date_end": "2024-06-07",
        "phase": "pre",
        "avg_risk": 0.1996,
        "avg_gt": 0.2797,
        "risk_category": 1,
        "risk_category_label": "Medium"
      }
    },
    {
      "type": "Feature",
      "geometry": {
        "type": "Polygon",
        "coordinates": [
          [
            [
              73.98447368421053,
              18.437105263157896
            ],
            [
              73.99447368421052,
              18.437105263157896
            ],
            [
              73.99447368421052,
              18.447105263157894
            ],
            [
              73.98447368421053,
              18.447105263157894
            ],
            [
              73.98447368421053,
              18.437105263157896
            ]
          ]
        ]
      },
      "properties": {
        "cell_id": "R04C18",
        "row": 4,
        "col": 18,
        "week": 1,
        "week_label": "Wk1",
        "date_start": "2024-06-01",
        "date_end": "2024-06-07",
        "phase": "pre",
        "avg_risk": 0.2379,
        "avg_gt": 0.3493,
        "risk_category": 1,
        "risk_category_label": "Medium"
      }
    },
    {
      "type": "Feature",
      "geometry": {
        "type": "Polygon",
        "coordinates": [
          [
            [
              73.995,
              18.437105263157896
            ],
            [
              74.005,
              18.437105263157896
            ],
            [
              74.005,
              18.447105263157894
            ],
            [
              73.995,
              18.447105263157894
            ],
            [
              73.995,
              18.437105263157896
            ]
          ]
        ]
      },
      "properties": {
        "cell_id": "R04C19",
        "row": 4,
        "col": 19,
        "week": 1,
        "week_label": "Wk1",
        "date_start": "2024-06-01",
        "date_end": "2024-06-07",
        "phase": "pre",
        "avg_risk": 0.2834,
        "avg_gt": 0.2797,
        "risk_category": 1,
        "risk_category_label": "Medium"
      }
    },
    {
      "type": "Feature",
      "geometry": {
        "type": "Polygon",
        "coordinates": [
          [
            [
              73.795,
              18.44763157894737
            ],
            [
              73.80499999999999,
              18.44763157894737
            ],
            [
              73.80499999999999,
              18.457631578947368
            ],
            [
              73.795,
              18.457631578947368
            ],
            [
              73.795,
              18.44763157894737
            ]
          ]
        ]
      },
      "properties": {
        "cell_id": "R05C00",
        "row": 5,
        "col": 0,
        "week": 1,
        "week_label": "Wk1",
        "date_start": "2024-06-01",
        "date_end": "2024-06-07",
        "phase": "pre",
        "avg_risk": 0.2541,
        "avg_gt": 0.1193,
        "risk_category": 1,
        "risk_category_label": "Medium"
      }
    },
    {
      "type": "Feature",
      "geometry": {
        "type": "Polygon",
        "coordinates": [
          [
            [
              73.80552631578948,
              18.44763157894737
            ],
            [
              73.81552631578947,
              18.44763157894737
            ],
            [
              73.81552631578947,
              18.457631578947368
            ],
            [
              73.80552631578948,
              18.457631578947368
            ],
            [
              73.80552631578948,
              18.44763157894737
            ]
          ]
        ]
      },
      "properties": {
        "cell_id": "R05C01",
        "row": 5,
        "col": 1,
        "week": 1,
        "week_label": "Wk1",
        "date_start": "2024-06-01",
        "date_end": "2024-06-07",
        "phase": "pre",
        "avg_risk": 0.337,
        "avg_gt": 0.2864,
        "risk_category": 1,
        "risk_category_label": "Medium"
      }
    },
    {
      "type": "Feature",
      "geometry": {
        "type": "Polygon",
        "coordinates": [
          [
            [
              73.81605263157896,
              18.44763157894737
            ],
            [
              73.82605263157895,
              18.44763157894737
            ],
            [
              73.82605263157895,
              18.457631578947368
            ],
            [
              73.81605263157896,
              18.457631578947368
            ],
            [
              73.81605263157896,
              18.44763157894737
            ]
          ]
        ]
      },
      "properties": {
        "cell_id": "R05C02",
        "row": 5,
        "col": 2,
        "week": 1,
        "week_label": "Wk1",
        "date_start": "2024-06-01",
        "date_end": "2024-06-07",
        "phase": "pre",
        "avg_risk": 0.4039,
        "avg_gt": 0.5352,
        "risk_category": 1,
        "risk_category_label": "Medium"
      }
    },
    {
      "type": "Feature",
      "geometry": {
        "type": "Polygon",
        "coordinates": [
          [
            [
              73.82657894736842,
              18.44763157894737
            ],
            [
              73.83657894736841,
              18.44763157894737
            ],
            [
              73.83657894736841,
              18.457631578947368
            ],
            [
              73.82657894736842,
              18.457631578947368
            ],
            [
              73.82657894736842,
              18.44763157894737
            ]
          ]
        ]
      },
      "properties": {
        "cell_id": "R05C03",
        "row": 5,
        "col": 3,
        "week": 1,
        "week_label": "Wk1",
        "date_start": "2024-06-01",
        "date_end": "2024-06-07",
        "phase": "pre",
        "avg_risk": 0.4277,
        "avg_gt": 0.7788,
        "risk_category": 1,
        "risk_category_label": "Medium"
      }
    },
    {
      "type": "Feature",
      "geometry": {
        "type": "Polygon",
        "coordinates": [
          [
            [
              73.8371052631579,
              18.44763157894737
            ],
            [
              73.84710526315789,
              18.44763157894737
            ],
            [
              73.84710526315789,
              18.457631578947368
            ],
            [
              73.8371052631579,
              18.457631578947368
            ],
            [
              73.8371052631579,
              18.44763157894737
            ]
          ]
        ]
      },
      "properties": {
        "cell_id": "R05C04",
        "row": 5,
        "col": 4,
        "week": 1,
        "week_label": "Wk1",
        "date_start": "2024-06-01",
        "date_end": "2024-06-07",
        "phase": "pre",
        "avg_risk": 0.4539,
        "avg_gt": 0.8825,
        "risk_category": 1,
        "risk_category_label": "Medium"
      }
    },
    {
      "type": "Feature",
      "geometry": {
        "type": "Polygon",
        "coordinates": [
          [
            [
              73.84763157894737,
              18.44763157894737
            ],
            [
              73.85763157894736,
              18.44763157894737
            ],
            [
              73.85763157894736,
              18.457631578947368
            ],
            [
              73.84763157894737,
              18.457631578947368
            ],
            [
              73.84763157894737,
              18.44763157894737
            ]
          ]
        ]
      },
      "properties": {
        "cell_id": "R05C05",
        "row": 5,
        "col": 5,
        "week": 1,
        "week_label": "Wk1",
        "date_start": "2024-06-01",
        "date_end": "2024-06-07",
        "phase": "pre",
        "avg_risk": 0.4496,
        "avg_gt": 0.7788,
        "risk_category": 1,
        "risk_category_label": "Medium"
      }
    },
    {
      "type": "Feature",
      "geometry": {
        "type": "Polygon",
        "coordinates": [
          [
            [
              73.85815789473685,
              18.44763157894737
            ],
            [
              73.86815789473684,
              18.44763157894737
            ],
            [
              73.86815789473684,
              18.457631578947368
            ],
            [
              73.85815789473685,
              18.457631578947368
            ],
            [
              73.85815789473685,
              18.44763157894737
            ]
          ]
        ]
      },
      "properties": {
        "cell_id": "R05C06",
        "row": 5,
        "col": 6,
        "week": 1,
        "week_label": "Wk1",
        "date_start": "2024-06-01",
        "date_end": "2024-06-07",
        "phase": "pre",
        "avg_risk": 0.4346,
        "avg_gt": 0.5352,
        "risk_category": 1,
        "risk_category_label": "Medium"
      }
    },
    {
      "type": "Feature",
      "geometry": {
        "type": "Polygon",
        "coordinates": [
          [
            [
              73.86868421052633,
              18.44763157894737
            ],
            [
              73.87868421052632,
              18.44763157894737
            ],
            [
              73.87868421052632,
              18.457631578947368
            ],
            [
              73.86868421052633,
              18.457631578947368
            ],
            [
              73.86868421052633,
              18.44763157894737
            ]
          ]
        ]
      },
      "properties": {
        "cell_id": "R05C07",
        "row": 5,
        "col": 7,
        "week": 1,
        "week_label": "Wk1",
        "date_start": "2024-06-01",
        "date_end": "2024-06-07",
        "phase": "pre",
        "avg_risk": 0.3897,
        "avg_gt": 0.2864,
        "risk_category": 1,
        "risk_category_label": "Medium"
      }
    },
    {
      "type": "Feature",
      "geometry": {
        "type": "Polygon",
        "coordinates": [
          [
            [
              73.87921052631579,
              18.44763157894737
            ],
            [
              73.88921052631578,
              18.44763157894737
            ],
            [
              73.88921052631578,
              18.457631578947368
            ],
            [
              73.87921052631579,
              18.457631578947368
            ],
            [
              73.87921052631579,
              18.44763157894737
            ]
          ]
        ]
      },
      "properties": {
        "cell_id": "R05C08",
        "row": 5,
        "col": 8,
        "week": 1,
        "week_label": "Wk1",
        "date_start": "2024-06-01",
        "date_end": "2024-06-07",
        "phase": "pre",
        "avg_risk": 0.3303,
        "avg_gt": 0.1193,
        "risk_category": 1,
        "risk_category_label": "Medium"
      }
    },
    {
      "type": "Feature",
      "geometry": {
        "type": "Polygon",
        "coordinates": [
          [
            [
              73.88973684210526,
              18.44763157894737
            ],
            [
              73.89973684210526,
              18.44763157894737
            ],
            [
              73.89973684210526,
              18.457631578947368
            ],
            [
              73.88973684210526,
              18.457631578947368
            ],
            [
              73.88973684210526,
              18.44763157894737
            ]
          ]
        ]
      },
      "properties": {
        "cell_id": "R05C09",
        "row": 5,
        "col": 9,
        "week": 1,
        "week_label": "Wk1",
        "date_start": "2024-06-01",
        "date_end": "2024-06-07",
        "phase": "pre",
        "avg_risk": 0.2529,
        "avg_gt": 0.0386,
        "risk_category": 1,
        "risk_category_label": "Medium"
      }
    },
    {
      "type": "Feature",
      "geometry": {
        "type": "Polygon",
        "coordinates": [
          [
            [
              73.90026315789474,
              18.44763157894737
            ],
            [
              73.91026315789473,
              18.44763157894737
            ],
            [
              73.91026315789473,
              18.457631578947368
            ],
            [
              73.90026315789474,
              18.457631578947368
            ],
            [
              73.90026315789474,
              18.44763157894737
            ]
          ]
        ]
      },
      "properties": {
        "cell_id": "R05C10",
        "row": 5,
        "col": 10,
        "week": 1,
        "week_label": "Wk1",
        "date_start": "2024-06-01",
        "date_end": "2024-06-07",
        "phase": "pre",
        "avg_risk": 0.1916,
        "avg_gt": 0.0096,
        "risk_category": 1,
        "risk_category_label": "Medium"
      }
    },
    {
      "type": "Feature",
      "geometry": {
        "type": "Polygon",
        "coordinates": [
          [
            [
              73.91078947368422,
              18.44763157894737
            ],
            [
              73.92078947368421,
              18.44763157894737
            ],
            [
              73.92078947368421,
              18.457631578947368
            ],
            [
              73.91078947368422,
              18.457631578947368
            ],
            [
              73.91078947368422,
              18.44763157894737
            ]
          ]
        ]
      },
      "properties": {
        "cell_id": "R05C11",
        "row": 5,
        "col": 11,
        "week": 1,
        "week_label": "Wk1",
        "date_start": "2024-06-01",
        "date_end": "2024-06-07",
        "phase": "pre",
        "avg_risk": 0.131,
        "avg_gt": 0.0018,
        "risk_category": 0,
        "risk_category_label": "Low"
      }
    },
    {
      "type": "Feature",
      "geometry": {
        "type": "Polygon",
        "coordinates": [
          [
            [
              73.92131578947368,
              18.44763157894737
            ],
            [
              73.93131578947367,
              18.44763157894737
            ],
            [
              73.93131578947367,
              18.457631578947368
            ],
            [
              73.92131578947368,
              18.457631578947368
            ],
            [
              73.92131578947368,
              18.44763157894737
            ]
          ]
        ]
      },
      "properties": {
        "cell_id": "R05C12",
        "row": 5,
        "col": 12,
        "week": 1,
        "week_label": "Wk1",
        "date_start": "2024-06-01",
        "date_end": "2024-06-07",
        "phase": "pre",
        "avg_risk": 0.0962,
        "avg_gt": 0.0002,
        "risk_category": 0,
        "risk_category_label": "Low"
      }
    },
    {
      "type": "Feature",
      "geometry": {
        "type": "Polygon",
        "coordinates": [
          [
            [
              73.93184210526316,
              18.44763157894737
            ],
            [
              73.94184210526315,
              18.44763157894737
            ],
            [
              73.94184210526315,
              18.457631578947368
            ],
            [
              73.93184210526316,
              18.457631578947368
            ],
            [
              73.93184210526316,
              18.44763157894737
            ]
          ]
        ]
      },
      "properties": {
        "cell_id": "R05C13",
        "row": 5,
        "col": 13,
        "week": 1,
        "week_label": "Wk1",
        "date_start": "2024-06-01",
        "date_end": "2024-06-07",
        "phase": "pre",
        "avg_risk": 0.0904,
        "avg_gt": 0.0003,
        "risk_category": 0,
        "risk_category_label": "Low"
      }
    },
    {
      "type": "Feature",
      "geometry": {
        "type": "Polygon",
        "coordinates": [
          [
            [
              73.94236842105263,
              18.44763157894737
            ],
            [
              73.95236842105263,
              18.44763157894737
            ],
            [
              73.95236842105263,
              18.457631578947368
            ],
            [
              73.94236842105263,
              18.457631578947368
            ],
            [
              73.94236842105263,
              18.44763157894737
            ]
          ]
        ]
      },
      "properties": {
        "cell_id": "R05C14",
        "row": 5,
        "col": 14,
        "week": 1,
        "week_label": "Wk1",
        "date_start": "2024-06-01",
        "date_end": "2024-06-07",
        "phase": "pre",
        "avg_risk": 0.087,
        "avg_gt": 0.0032,
        "risk_category": 0,
        "risk_category_label": "Low"
      }
    },
    {
      "type": "Feature",
      "geometry": {
        "type": "Polygon",
        "coordinates": [
          [
            [
              73.95289473684211,
              18.44763157894737
            ],
            [
              73.9628947368421,
              18.44763157894737
            ],
            [
              73.9628947368421,
              18.457631578947368
            ],
            [
              73.95289473684211,
              18.457631578947368
            ],
            [
              73.95289473684211,
              18.44763157894737
            ]
          ]
        ]
      },
      "properties": {
        "cell_id": "R05C15",
        "row": 5,
        "col": 15,
        "week": 1,
        "week_label": "Wk1",
        "date_start": "2024-06-01",
        "date_end": "2024-06-07",
        "phase": "pre",
        "avg_risk": 0.0954,
        "avg_gt": 0.0154,
        "risk_category": 0,
        "risk_category_label": "Low"
      }
    },
    {
      "type": "Feature",
      "geometry": {
        "type": "Polygon",
        "coordinates": [
          [
            [
              73.96342105263159,
              18.44763157894737
            ],
            [
              73.97342105263158,
              18.44763157894737
            ],
            [
              73.97342105263158,
              18.457631578947368
            ],
            [
              73.96342105263159,
              18.457631578947368
            ],
            [
              73.96342105263159,
              18.44763157894737
            ]
          ]
        ]
      },
      "properties": {
        "cell_id": "R05C16",
        "row": 5,
        "col": 16,
        "week": 1,
        "week_label": "Wk1",
        "date_start": "2024-06-01",
        "date_end": "2024-06-07",
        "phase": "pre",
        "avg_risk": 0.1283,
        "avg_gt": 0.0472,
        "risk_category": 0,
        "risk_category_label": "Low"
      }
    },
    {
      "type": "Feature",
      "geometry": {
        "type": "Polygon",
        "coordinates": [
          [
            [
              73.97394736842105,
              18.44763157894737
            ],
            [
              73.98394736842104,
              18.44763157894737
            ],
            [
              73.98394736842104,
              18.457631578947368
            ],
            [
              73.97394736842105,
              18.457631578947368
            ],
            [
              73.97394736842105,
              18.44763157894737
            ]
          ]
        ]
      },
      "properties": {
        "cell_id": "R05C17",
        "row": 5,
        "col": 17,
        "week": 1,
        "week_label": "Wk1",
        "date_start": "2024-06-01",
        "date_end": "2024-06-07",
        "phase": "pre",
        "avg_risk": 0.1603,
        "avg_gt": 0.092,
        "risk_category": 1,
        "risk_category_label": "Medium"
      }
    },
    {
      "type": "Feature",
      "geometry": {
        "type": "Polygon",
        "coordinates": [
          [
            [
              73.98447368421053,
              18.44763157894737
            ],
            [
              73.99447368421052,
              18.44763157894737
            ],
            [
              73.99447368421052,
              18.457631578947368
            ],
            [
              73.98447368421053,
              18.457631578947368
            ],
            [
              73.98447368421053,
              18.44763157894737
            ]
          ]
        ]
      },
      "properties": {
        "cell_id": "R05C18",
        "row": 5,
        "col": 18,
        "week": 1,
        "week_label": "Wk1",
        "date_start": "2024-06-01",
        "date_end": "2024-06-07",
        "phase": "pre",
        "avg_risk": 0.1843,
        "avg_gt": 0.1149,
        "risk_category": 1,
        "risk_category_label": "Medium"
      }
    },
    {
      "type": "Feature",
      "geometry": {
        "type": "Polygon",
        "coordinates": [
          [
            [
              73.995,
              18.44763157894737
            ],
            [
              74.005,
              18.44763157894737
            ],
            [
              74.005,
              18.457631578947368
            ],
            [
              73.995,
              18.457631578947368
            ],
            [
              73.995,
              18.44763157894737
            ]
          ]
        ]
      },
      "properties": {
        "cell_id": "R05C19",
        "row": 5,
        "col": 19,
        "week": 1,
        "week_label": "Wk1",
        "date_start": "2024-06-01",
        "date_end": "2024-06-07",
        "phase": "pre",
        "avg_risk": 0.2019,
        "avg_gt": 0.092,
        "risk_category": 1,
        "risk_category_label": "Medium"
      }
    },
    {
      "type": "Feature",
      "geometry": {
        "type": "Polygon",
        "coordinates": [
          [
            [
              73.795,
              18.458157894736843
            ],
            [
              73.80499999999999,
              18.458157894736843
            ],
            [
              73.80499999999999,
              18.46815789473684
            ],
            [
              73.795,
              18.46815789473684
            ],
            [
              73.795,
              18.458157894736843
            ]
          ]
        ]
      },
      "properties": {
        "cell_id": "R06C00",
        "row": 6,
        "col": 0,
        "week": 1,
        "week_label": "Wk1",
        "date_start": "2024-06-01",
        "date_end": "2024-06-07",
        "phase": "pre",
        "avg_risk": 0.2544,
        "avg_gt": 0.0819,
        "risk_category": 1,
        "risk_category_label": "Medium"
      }
    },
    {
      "type": "Feature",
      "geometry": {
        "type": "Polygon",
        "coordinates": [
          [
            [
              73.80552631578948,
              18.458157894736843
            ],
            [
              73.81552631578947,
              18.458157894736843
            ],
            [
              73.81552631578947,
              18.46815789473684
            ],
            [
              73.80552631578948,
              18.46815789473684
            ],
            [
              73.80552631578948,
              18.458157894736843
            ]
          ]
        ]
      },
      "properties": {
        "cell_id": "R06C01",
        "row": 6,
        "col": 1,
        "week": 1,
        "week_label": "Wk1",
        "date_start": "2024-06-01",
        "date_end": "2024-06-07",
        "phase": "pre",
        "avg_risk": 0.3199,
        "avg_gt": 0.1968,
        "risk_category": 1,
        "risk_category_label": "Medium"
      }
    },
    {
      "type": "Feature",
      "geometry": {
        "type": "Polygon",
        "coordinates": [
          [
            [
              73.81605263157896,
              18.458157894736843
            ],
            [
              73.82605263157895,
              18.458157894736843
            ],
            [
              73.82605263157895,
              18.46815789473684
            ],
            [
              73.81605263157896,
              18.46815789473684
            ],
            [
              73.81605263157896,
              18.458157894736843
            ]
          ]
        ]
      },
      "properties": {
        "cell_id": "R06C02",
        "row": 6,
        "col": 2,
        "week": 1,
        "week_label": "Wk1",
        "date_start": "2024-06-01",
        "date_end": "2024-06-07",
        "phase": "pre",
        "avg_risk": 0.3785,
        "avg_gt": 0.3678,
        "risk_category": 1,
        "risk_category_label": "Medium"
      }
    },
    {
      "type": "Feature",
      "geometry": {
        "type": "Polygon",
        "coordinates": [
          [
            [
              73.82657894736842,
              18.458157894736843
            ],
            [
              73.83657894736841,
              18.458157894736843
            ],
            [
              73.83657894736841,
              18.46815789473684
            ],
            [
              73.82657894736842,
              18.46815789473684
            ],
            [
              73.82657894736842,
              18.458157894736843
            ]
          ]
        ]
      },
      "properties": {
        "cell_id": "R06C03",
        "row": 6,
        "col": 3,
        "week": 1,
        "week_label": "Wk1",
        "date_start": "2024-06-01",
        "date_end": "2024-06-07",
        "phase": "pre",
        "avg_risk": 0.4171,
        "avg_gt": 0.5352,
        "risk_category": 1,
        "risk_category_label": "Medium"
      }
    },
    {
      "type": "Feature",
      "geometry": {
        "type": "Polygon",
        "coordinates": [
          [
            [
              73.8371052631579,
              18.458157894736843
            ],
            [
              73.84710526315789,
              18.458157894736843
            ],
            [
              73.84710526315789,
              18.46815789473684
            ],
            [
              73.8371052631579,
              18.46815789473684
            ],
            [
              73.8371052631579,
              18.458157894736843
            ]
          ]
        ]
      },
      "properties": {
        "cell_id": "R06C04",
        "row": 6,
        "col": 4,
        "week": 1,
        "week_label": "Wk1",
        "date_start": "2024-06-01",
        "date_end": "2024-06-07",
        "phase": "pre",
        "avg_risk": 0.4344,
        "avg_gt": 0.6065,
        "risk_category": 1,
        "risk_category_label": "Medium"
      }
    },
    {
      "type": "Feature",
      "geometry": {
        "type": "Polygon",
        "coordinates": [
          [
            [
              73.84763157894737,
              18.458157894736843
            ],
            [
              73.85763157894736,
              18.458157894736843
            ],
            [
              73.85763157894736,
              18.46815789473684
            ],
            [
              73.84763157894737,
              18.46815789473684
            ],
            [
              73.84763157894737,
              18.458157894736843
            ]
          ]
        ]
      },
      "properties": {
        "cell_id": "R06C05",
        "row": 6,
        "col": 5,
        "week": 1,
        "week_label": "Wk1",
        "date_start": "2024-06-01",
        "date_end": "2024-06-07",
        "phase": "pre",
        "avg_risk": 0.4357,
        "avg_gt": 0.5352,
        "risk_category": 1,
        "risk_category_label": "Medium"
      }
    },
    {
      "type": "Feature",
      "geometry": {
        "type": "Polygon",
        "coordinates": [
          [
            [
              73.85815789473685,
              18.458157894736843
            ],
            [
              73.86815789473684,
              18.458157894736843
            ],
            [
              73.86815789473684,
              18.46815789473684
            ],
            [
              73.85815789473685,
              18.46815789473684
            ],
            [
              73.85815789473685,
              18.458157894736843
            ]
          ]
        ]
      },
      "properties": {
        "cell_id": "R06C06",
        "row": 6,
        "col": 6,
        "week": 1,
        "week_label": "Wk1",
        "date_start": "2024-06-01",
        "date_end": "2024-06-07",
        "phase": "pre",
        "avg_risk": 0.4254,
        "avg_gt": 0.3678,
        "risk_category": 1,
        "risk_category_label": "Medium"
      }
    },
    {
      "type": "Feature",
      "geometry": {
        "type": "Polygon",
        "coordinates": [
          [
            [
              73.86868421052633,
              18.458157894736843
            ],
            [
              73.87868421052632,
              18.458157894736843
            ],
            [
              73.87868421052632,
              18.46815789473684
            ],
            [
              73.86868421052633,
              18.46815789473684
            ],
            [
              73.86868421052633,
              18.458157894736843
            ]
          ]
        ]
      },
      "properties": {
        "cell_id": "R06C07",
        "row": 6,
        "col": 7,
        "week": 1,
        "week_label": "Wk1",
        "date_start": "2024-06-01",
        "date_end": "2024-06-07",
        "phase": "pre",
        "avg_risk": 0.3954,
        "avg_gt": 0.1968,
        "risk_category": 1,
        "risk_category_label": "Medium"
      }
    },
    {
      "type": "Feature",
      "geometry": {
        "type": "Polygon",
        "coordinates": [
          [
            [
              73.87921052631579,
              18.458157894736843
            ],
            [
              73.88921052631578,
              18.458157894736843
            ],
            [
              73.88921052631578,
              18.46815789473684
            ],
            [
              73.87921052631579,
              18.46815789473684
            ],
            [
              73.87921052631579,
              18.458157894736843
            ]
          ]
        ]
      },
      "properties": {
        "cell_id": "R06C08",
        "row": 6,
        "col": 8,
        "week": 1,
        "week_label": "Wk1",
        "date_start": "2024-06-01",
        "date_end": "2024-06-07",
        "phase": "pre",
        "avg_risk": 0.3304,
        "avg_gt": 0.0819,
        "risk_category": 1,
        "risk_category_label": "Medium"
      }
    },
    {
      "type": "Feature",
      "geometry": {
        "type": "Polygon",
        "coordinates": [
          [
            [
              73.88973684210526,
              18.458157894736843
            ],
            [
              73.89973684210526,
              18.458157894736843
            ],
            [
              73.89973684210526,
              18.46815789473684
            ],
            [
              73.88973684210526,
              18.46815789473684
            ],
            [
              73.88973684210526,
              18.458157894736843
            ]
          ]
        ]
      },
      "properties": {
        "cell_id": "R06C09",
        "row": 6,
        "col": 9,
        "week": 1,
        "week_label": "Wk1",
        "date_start": "2024-06-01",
        "date_end": "2024-06-07",
        "phase": "pre",
        "avg_risk": 0.2527,
        "avg_gt": 0.0265,
        "risk_category": 1,
        "risk_category_label": "Medium"
      }
    },
    {
      "type": "Feature",
      "geometry": {
        "type": "Polygon",
        "coordinates": [
          [
            [
              73.90026315789474,
              18.458157894736843
            ],
            [
              73.91026315789473,
              18.458157894736843
            ],
            [
              73.91026315789473,
              18.46815789473684
            ],
            [
              73.90026315789474,
              18.46815789473684
            ],
            [
              73.90026315789474,
              18.458157894736843
            ]
          ]
        ]
      },
      "properties": {
        "cell_id": "R06C10",
        "row": 6,
        "col": 10,
        "week": 1,
        "week_label": "Wk1",
        "date_start": "2024-06-01",
        "date_end": "2024-06-07",
        "phase": "pre",
        "avg_risk": 0.1785,
        "avg_gt": 0.0066,
        "risk_category": 1,
        "risk_category_label": "Medium"
      }
    },
    {
      "type": "Feature",
      "geometry": {
        "type": "Polygon",
        "coordinates": [
          [
            [
              73.91078947368422,
              18.458157894736843
            ],
            [
              73.92078947368421,
              18.458157894736843
            ],
            [
              73.92078947368421,
              18.46815789473684
            ],
            [
              73.91078947368422,
              18.46815789473684
            ],
            [
              73.91078947368422,
              18.458157894736843
            ]
          ]
        ]
      },
      "properties": {
        "cell_id": "R06C11",
        "row": 6,
        "col": 11,
        "week": 1,
        "week_label": "Wk1",
        "date_start": "2024-06-01",
        "date_end": "2024-06-07",
        "phase": "pre",
        "avg_risk": 0.1202,
        "avg_gt": 0.0012,
        "risk_category": 0,
        "risk_category_label": "Low"
      }
    },
    {
      "type": "Feature",
      "geometry": {
        "type": "Polygon",
        "coordinates": [
          [
            [
              73.92131578947368,
              18.458157894736843
            ],
            [
              73.93131578947367,
              18.458157894736843
            ],
            [
              73.93131578947367,
              18.46815789473684
            ],
            [
              73.92131578947368,
              18.46815789473684
            ],
            [
              73.92131578947368,
              18.458157894736843
            ]
          ]
        ]
      },
      "properties": {
        "cell_id": "R06C12",
        "row": 6,
        "col": 12,
        "week": 1,
        "week_label": "Wk1",
        "date_start": "2024-06-01",
        "date_end": "2024-06-07",
        "phase": "pre",
        "avg_risk": 0.0987,
        "avg_gt": 0.0001,
        "risk_category": 0,
        "risk_category_label": "Low"
      }
    },
    {
      "type": "Feature",
      "geometry": {
        "type": "Polygon",
        "coordinates": [
          [
            [
              73.93184210526316,
              18.458157894736843
            ],
            [
              73.94184210526315,
              18.458157894736843
            ],
            [
              73.94184210526315,
              18.46815789473684
            ],
            [
              73.93184210526316,
              18.46815789473684
            ],
            [
              73.93184210526316,
              18.458157894736843
            ]
          ]
        ]
      },
      "properties": {
        "cell_id": "R06C13",
        "row": 6,
        "col": 13,
        "week": 1,
        "week_label": "Wk1",
        "date_start": "2024-06-01",
        "date_end": "2024-06-07",
        "phase": "pre",
        "avg_risk": 0.0727,
        "avg_gt": 0.0001,
        "risk_category": 0,
        "risk_category_label": "Low"
      }
    },
    {
      "type": "Feature",
      "geometry": {
        "type": "Polygon",
        "coordinates": [
          [
            [
              73.94236842105263,
              18.458157894736843
            ],
            [
              73.95236842105263,
              18.458157894736843
            ],
            [
              73.95236842105263,
              18.46815789473684
            ],
            [
              73.94236842105263,
              18.46815789473684
            ],
            [
              73.94236842105263,
              18.458157894736843
            ]
          ]
        ]
      },
      "properties": {
        "cell_id": "R06C14",
        "row": 6,
        "col": 14,
        "week": 1,
        "week_label": "Wk1",
        "date_start": "2024-06-01",
        "date_end": "2024-06-07",
        "phase": "pre",
        "avg_risk": 0.0726,
        "avg_gt": 0.0008,
        "risk_category": 0,
        "risk_category_label": "Low"
      }
    },
    {
      "type": "Feature",
      "geometry": {
        "type": "Polygon",
        "coordinates": [
          [
            [
              73.95289473684211,
              18.458157894736843
            ],
            [
              73.9628947368421,
              18.458157894736843
            ],
            [
              73.9628947368421,
              18.46815789473684
            ],
            [
              73.95289473684211,
              18.46815789473684
            ],
            [
              73.95289473684211,
              18.458157894736843
            ]
          ]
        ]
      },
      "properties": {
        "cell_id": "R06C15",
        "row": 6,
        "col": 15,
        "week": 1,
        "week_label": "Wk1",
        "date_start": "2024-06-01",
        "date_end": "2024-06-07",
        "phase": "pre",
        "avg_risk": 0.0888,
        "avg_gt": 0.0034,
        "risk_category": 0,
        "risk_category_label": "Low"
      }
    },
    {
      "type": "Feature",
      "geometry": {
        "type": "Polygon",
        "coordinates": [
          [
            [
              73.96342105263159,
              18.458157894736843
            ],
            [
              73.97342105263158,
              18.458157894736843
            ],
            [
              73.97342105263158,
              18.46815789473684
            ],
            [
              73.96342105263159,
              18.46815789473684
            ],
            [
              73.96342105263159,
              18.458157894736843
            ]
          ]
        ]
      },
      "properties": {
        "cell_id": "R06C16",
        "row": 6,
        "col": 16,
        "week": 1,
        "week_label": "Wk1",
        "date_start": "2024-06-01",
        "date_end": "2024-06-07",
        "phase": "pre",
        "avg_risk": 0.1023,
        "avg_gt": 0.0101,
        "risk_category": 0,
        "risk_category_label": "Low"
      }
    },
    {
      "type": "Feature",
      "geometry": {
        "type": "Polygon",
        "coordinates": [
          [
            [
              73.97394736842105,
              18.458157894736843
            ],
            [
              73.98394736842104,
              18.458157894736843
            ],
            [
              73.98394736842104,
              18.46815789473684
            ],
            [
              73.97394736842105,
              18.46815789473684
            ],
            [
              73.97394736842105,
              18.458157894736843
            ]
          ]
        ]
      },
      "properties": {
        "cell_id": "R06C17",
        "row": 6,
        "col": 17,
        "week": 1,
        "week_label": "Wk1",
        "date_start": "2024-06-01",
        "date_end": "2024-06-07",
        "phase": "pre",
        "avg_risk": 0.1209,
        "avg_gt": 0.0195,
        "risk_category": 0,
        "risk_category_label": "Low"
      }
    },
    {
      "type": "Feature",
      "geometry": {
        "type": "Polygon",
        "coordinates": [
          [
            [
              73.98447368421053,
              18.458157894736843
            ],
            [
              73.99447368421052,
              18.458157894736843
            ],
            [
              73.99447368421052,
              18.46815789473684
            ],
            [
              73.98447368421053,
              18.46815789473684
            ],
            [
              73.98447368421053,
              18.458157894736843
            ]
          ]
        ]
      },
      "properties": {
        "cell_id": "R06C18",
        "row": 6,
        "col": 18,
        "week": 1,
        "week_label": "Wk1",
        "date_start": "2024-06-01",
        "date_end": "2024-06-07",
        "phase": "pre",
        "avg_risk": 0.1381,
        "avg_gt": 0.0242,
        "risk_category": 0,
        "risk_category_label": "Low"
      }
    },
    {
      "type": "Feature",
      "geometry": {
        "type": "Polygon",
        "coordinates": [
          [
            [
              73.995,
              18.458157894736843
            ],
            [
              74.005,
              18.458157894736843
            ],
            [
              74.005,
              18.46815789473684
            ],
            [
              73.995,
              18.46815789473684
            ],
            [
              73.995,
              18.458157894736843
            ]
          ]
        ]
      },
      "properties": {
        "cell_id": "R06C19",
        "row": 6,
        "col": 19,
        "week": 1,
        "week_label": "Wk1",
        "date_start": "2024-06-01",
        "date_end": "2024-06-07",
        "phase": "pre",
        "avg_risk": 0.1588,
        "avg_gt": 0.0193,
        "risk_category": 1,
        "risk_category_label": "Medium"
      }
    },
    {
      "type": "Feature",
      "geometry": {
        "type": "Polygon",
        "coordinates": [
          [
            [
              73.795,
              18.468684210526316
            ],
            [
              73.80499999999999,
              18.468684210526316
            ],
            [
              73.80499999999999,
              18.478684210526314
            ],
            [
              73.795,
              18.478684210526314
            ],
            [
              73.795,
              18.468684210526316
            ]
          ]
        ]
      },
      "properties": {
        "cell_id": "R07C00",
        "row": 7,
        "col": 0,
        "week": 1,
        "week_label": "Wk1",
        "date_start": "2024-06-01",
        "date_end": "2024-06-07",
        "phase": "pre",
        "avg_risk": 0.1889,
        "avg_gt": 0.0438,
        "risk_category": 1,
        "risk_category_label": "Medium"
      }
    },
    {
      "type": "Feature",
      "geometry": {
        "type": "Polygon",
        "coordinates": [
          [
            [
              73.80552631578948,
              18.468684210526316
            ],
            [
              73.81552631578947,
              18.468684210526316
            ],
            [
              73.81552631578947,
              18.478684210526314
            ],
            [
              73.80552631578948,
              18.478684210526314
            ],
            [
              73.80552631578948,
              18.468684210526316
            ]
          ]
        ]
      },
      "properties": {
        "cell_id": "R07C01",
        "row": 7,
        "col": 1,
        "week": 1,
        "week_label": "Wk1",
        "date_start": "2024-06-01",
        "date_end": "2024-06-07",
        "phase": "pre",
        "avg_risk": 0.2528,
        "avg_gt": 0.1053,
        "risk_category": 1,
        "risk_category_label": "Medium"
      }
    },
    {
      "type": "Feature",
      "geometry": {
        "type": "Polygon",
        "coordinates": [
          [
            [
              73.81605263157896,
              18.468684210526316
            ],
            [
              73.82605263157895,
              18.468684210526316
            ],
            [
              73.82605263157895,
              18.478684210526314
            ],
            [
              73.81605263157896,
              18.478684210526314
            ],
            [
              73.81605263157896,
              18.468684210526316
            ]
          ]
        ]
      },
      "properties": {
        "cell_id": "R07C02",
        "row": 7,
        "col": 2,
        "week": 1,
        "week_label": "Wk1",
        "date_start": "2024-06-01",
        "date_end": "2024-06-07",
        "phase": "pre",
        "avg_risk": 0.3273,
        "avg_gt": 0.1968,
        "risk_category": 1,
        "risk_category_label": "Medium"
      }
    },
    {
      "type": "Feature",
      "geometry": {
        "type": "Polygon",
        "coordinates": [
          [
            [
              73.82657894736842,
              18.468684210526316
            ],
            [
              73.83657894736841,
              18.468684210526316
            ],
            [
              73.83657894736841,
              18.478684210526314
            ],
            [
              73.82657894736842,
              18.478684210526314
            ],
            [
              73.82657894736842,
              18.468684210526316
            ]
          ]
        ]
      },
      "properties": {
        "cell_id": "R07C03",
        "row": 7,
        "col": 3,
        "week": 1,
        "week_label": "Wk1",
        "date_start": "2024-06-01",
        "date_end": "2024-06-07",
        "phase": "pre",
        "avg_risk": 0.388,
        "avg_gt": 0.2864,
        "risk_category": 1,
        "risk_category_label": "Medium"
      }
    },
    {
      "type": "Feature",
      "geometry": {
        "type": "Polygon",
        "coordinates": [
          [
            [
              73.8371052631579,
              18.468684210526316
            ],
            [
              73.84710526315789,
              18.468684210526316
            ],
            [
              73.84710526315789,
              18.478684210526314
            ],
            [
              73.8371052631579,
              18.478684210526314
            ],
            [
              73.8371052631579,
              18.468684210526316
            ]
          ]
        ]
      },
      "properties": {
        "cell_id": "R07C04",
        "row": 7,
        "col": 4,
        "week": 1,
        "week_label": "Wk1",
        "date_start": "2024-06-01",
        "date_end": "2024-06-07",
        "phase": "pre",
        "avg_risk": 0.413,
        "avg_gt": 0.3245,
        "risk_category": 1,
        "risk_category_label": "Medium"
      }
    },
    {
      "type": "Feature",
      "geometry": {
        "type": "Polygon",
        "coordinates": [
          [
            [
              73.84763157894737,
              18.468684210526316
            ],
            [
              73.85763157894736,
              18.468684210526316
            ],
            [
              73.85763157894736,
              18.478684210526314
            ],
            [
              73.84763157894737,
              18.478684210526314
            ],
            [
              73.84763157894737,
              18.468684210526316
            ]
          ]
        ]
      },
      "properties": {
        "cell_id": "R07C05",
        "row": 7,
        "col": 5,
        "week": 1,
        "week_label": "Wk1",
        "date_start": "2024-06-01",
        "date_end": "2024-06-07",
        "phase": "pre",
        "avg_risk": 0.4094,
        "avg_gt": 0.2864,
        "risk_category": 1,
        "risk_category_label": "Medium"
      }
    },
    {
      "type": "Feature",
      "geometry": {
        "type": "Polygon",
        "coordinates": [
          [
            [
              73.85815789473685,
              18.468684210526316
            ],
            [
              73.86815789473684,
              18.468684210526316
            ],
            [
              73.86815789473684,
              18.478684210526314
            ],
            [
              73.85815789473685,
              18.478684210526314
            ],
            [
              73.85815789473685,
              18.468684210526316
            ]
          ]
        ]
      },
      "properties": {
        "cell_id": "R07C06",
        "row": 7,
        "col": 6,
        "week": 1,
        "week_label": "Wk1",
        "date_start": "2024-06-01",
        "date_end": "2024-06-07",
        "phase": "pre",
        "avg_risk": 0.4073,
        "avg_gt": 0.1968,
        "risk_category": 1,
        "risk_category_label": "Medium"
      }
    },
    {
      "type": "Feature",
      "geometry": {
        "type": "Polygon",
        "coordinates": [
          [
            [
              73.86868421052633,
              18.468684210526316
            ],
            [
              73.87868421052632,
              18.468684210526316
            ],
            [
              73.87868421052632,
              18.478684210526314
            ],
            [
              73.86868421052633,
              18.478684210526314
            ],
            [
              73.86868421052633,
              18.468684210526316
            ]
          ]
        ]
      },
      "properties": {
        "cell_id": "R07C07",
        "row": 7,
        "col": 7,
        "week": 1,
        "week_label": "Wk1",
        "date_start": "2024-06-01",
        "date_end": "2024-06-07",
        "phase": "pre",
        "avg_risk": 0.3735,
        "avg_gt": 0.1053,
        "risk_category": 1,
        "risk_category_label": "Medium"
      }
    },
    {
      "type": "Feature",
      "geometry": {
        "type": "Polygon",
        "coordinates": [
          [
            [
              73.87921052631579,
              18.468684210526316
            ],
            [
              73.88921052631578,
              18.468684210526316
            ],
            [
              73.88921052631578,
              18.478684210526314
            ],
            [
              73.87921052631579,
              18.478684210526314
            ],
            [
              73.87921052631579,
              18.468684210526316
            ]
          ]
        ]
      },
      "properties": {
        "cell_id": "R07C08",
        "row": 7,
        "col": 8,
        "week": 1,
        "week_label": "Wk1",
        "date_start": "2024-06-01",
        "date_end": "2024-06-07",
        "phase": "pre",
        "avg_risk": 0.3064,
        "avg_gt": 0.0438,
        "risk_category": 1,
        "risk_category_label": "Medium"
      }
    },
    {
      "type": "Feature",
      "geometry": {
        "type": "Polygon",
        "coordinates": [
          [
            [
              73.88973684210526,
              18.468684210526316
            ],
            [
              73.89973684210526,
              18.468684210526316
            ],
            [
              73.89973684210526,
              18.478684210526314
            ],
            [
              73.88973684210526,
              18.478684210526314
            ],
            [
              73.88973684210526,
              18.468684210526316
            ]
          ]
        ]
      },
      "properties": {
        "cell_id": "R07C09",
        "row": 7,
        "col": 9,
        "week": 1,
        "week_label": "Wk1",
        "date_start": "2024-06-01",
        "date_end": "2024-06-07",
        "phase": "pre",
        "avg_risk": 0.2212,
        "avg_gt": 0.0141,
        "risk_category": 1,
        "risk_category_label": "Medium"
      }
    },
    {
      "type": "Feature",
      "geometry": {
        "type": "Polygon",
        "coordinates": [
          [
            [
              73.90026315789474,
              18.468684210526316
            ],
            [
              73.91026315789473,
              18.468684210526316
            ],
            [
              73.91026315789473,
              18.478684210526314
            ],
            [
              73.90026315789474,
              18.478684210526314
            ],
            [
              73.90026315789474,
              18.468684210526316
            ]
          ]
        ]
      },
      "properties": {
        "cell_id": "R07C10",
        "row": 7,
        "col": 10,
        "week": 1,
        "week_label": "Wk1",
        "date_start": "2024-06-01",
        "date_end": "2024-06-07",
        "phase": "pre",
        "avg_risk": 0.1671,
        "avg_gt": 0.0035,
        "risk_category": 1,
        "risk_category_label": "Medium"
      }
    },
    {
      "type": "Feature",
      "geometry": {
        "type": "Polygon",
        "coordinates": [
          [
            [
              73.91078947368422,
              18.468684210526316
            ],
            [
              73.92078947368421,
              18.468684210526316
            ],
            [
              73.92078947368421,
              18.478684210526314
            ],
            [
              73.91078947368422,
              18.478684210526314
            ],
            [
              73.91078947368422,
              18.468684210526316
            ]
          ]
        ]
      },
      "properties": {
        "cell_id": "R07C11",
        "row": 7,
        "col": 11,
        "week": 1,
        "week_label": "Wk1",
        "date_start": "2024-06-01",
        "date_end": "2024-06-07",
        "phase": "pre",
        "avg_risk": 0.1022,
        "avg_gt": 0.0008,
        "risk_category": 0,
        "risk_category_label": "Low"
      }
    },
    {
      "type": "Feature",
      "geometry": {
        "type": "Polygon",
        "coordinates": [
          [
            [
              73.92131578947368,
              18.468684210526316
            ],
            [
              73.93131578947367,
              18.468684210526316
            ],
            [
              73.93131578947367,
              18.478684210526314
            ],
            [
              73.92131578947368,
              18.478684210526314
            ],
            [
              73.92131578947368,
              18.468684210526316
            ]
          ]
        ]
      },
      "properties": {
        "cell_id": "R07C12",
        "row": 7,
        "col": 12,
        "week": 1,
        "week_label": "Wk1",
        "date_start": "2024-06-01",
        "date_end": "2024-06-07",
        "phase": "pre",
        "avg_risk": 0.0739,
        "avg_gt": 0.0006,
        "risk_category": 0,
        "risk_category_label": "Low"
      }
    },
    {
      "type": "Feature",
      "geometry": {
        "type": "Polygon",
        "coordinates": [
          [
            [
              73.93184210526316,
              18.468684210526316
            ],
            [
              73.94184210526315,
              18.468684210526316
            ],
            [
              73.94184210526315,
              18.478684210526314
            ],
            [
              73.93184210526316,
              18.478684210526314
            ],
            [
              73.93184210526316,
              18.468684210526316
            ]
          ]
        ]
      },
      "properties": {
        "cell_id": "R07C13",
        "row": 7,
        "col": 13,
        "week": 1,
        "week_label": "Wk1",
        "date_start": "2024-06-01",
        "date_end": "2024-06-07",
        "phase": "pre",
        "avg_risk": 0.0709,
        "avg_gt": 0.0011,
        "risk_category": 0,
        "risk_category_label": "Low"
      }
    },
    {
      "type": "Feature",
      "geometry": {
        "type": "Polygon",
        "coordinates": [
          [
            [
              73.94236842105263,
              18.468684210526316
            ],
            [
              73.95236842105263,
              18.468684210526316
            ],
            [
              73.95236842105263,
              18.478684210526314
            ],
            [
              73.94236842105263,
              18.478684210526314
            ],
            [
              73.94236842105263,
              18.468684210526316
            ]
          ]
        ]
      },
      "properties": {
        "cell_id": "R07C14",
        "row": 7,
        "col": 14,
        "week": 1,
        "week_label": "Wk1",
        "date_start": "2024-06-01",
        "date_end": "2024-06-07",
        "phase": "pre",
        "avg_risk": 0.0688,
        "avg_gt": 0.0017,
        "risk_category": 0,
        "risk_category_label": "Low"
      }
    },
    {
      "type": "Feature",
      "geometry": {
        "type": "Polygon",
        "coordinates": [
          [
            [
              73.95289473684211,
              18.468684210526316
            ],
            [
              73.9628947368421,
              18.468684210526316
            ],
            [
              73.9628947368421,
              18.478684210526314
            ],
            [
              73.95289473684211,
              18.478684210526314
            ],
            [
              73.95289473684211,
              18.468684210526316
            ]
          ]
        ]
      },
      "properties": {
        "cell_id": "R07C15",
        "row": 7,
        "col": 15,
        "week": 1,
        "week_label": "Wk1",
        "date_start": "2024-06-01",
        "date_end": "2024-06-07",
        "phase": "pre",
        "avg_risk": 0.0774,
        "avg_gt": 0.0023,
        "risk_category": 0,
        "risk_category_label": "Low"
      }
    },
    {
      "type": "Feature",
      "geometry": {
        "type": "Polygon",
        "coordinates": [
          [
            [
              73.96342105263159,
              18.468684210526316
            ],
            [
              73.97342105263158,
              18.468684210526316
            ],
            [
              73.97342105263158,
              18.478684210526314
            ],
            [
              73.96342105263159,
              18.478684210526314
            ],
            [
              73.96342105263159,
              18.468684210526316
            ]
          ]
        ]
      },
      "properties": {
        "cell_id": "R07C16",
        "row": 7,
        "col": 16,
        "week": 1,
        "week_label": "Wk1",
        "date_start": "2024-06-01",
        "date_end": "2024-06-07",
        "phase": "pre",
        "avg_risk": 0.0956,
        "avg_gt": 0.0029,
        "risk_category": 0,
        "risk_category_label": "Low"
      }
    },
    {
      "type": "Feature",
      "geometry": {
        "type": "Polygon",
        "coordinates": [
          [
            [
              73.97394736842105,
              18.468684210526316
            ],
            [
              73.98394736842104,
              18.468684210526316
            ],
            [
              73.98394736842104,
              18.478684210526314
            ],
            [
              73.97394736842105,
              18.478684210526314
            ],
            [
              73.97394736842105,
              18.468684210526316
            ]
          ]
        ]
      },
      "properties": {
        "cell_id": "R07C17",
        "row": 7,
        "col": 17,
        "week": 1,
        "week_label": "Wk1",
        "date_start": "2024-06-01",
        "date_end": "2024-06-07",
        "phase": "pre",
        "avg_risk": 0.1056,
        "avg_gt": 0.0037,
        "risk_category": 0,
        "risk_category_label": "Low"
      }
    },
    {
      "type": "Feature",
      "geometry": {
        "type": "Polygon",
        "coordinates": [
          [
            [
              73.98447368421053,
              18.468684210526316
            ],
            [
              73.99447368421052,
              18.468684210526316
            ],
            [
              73.99447368421052,
              18.478684210526314
            ],
            [
              73.98447368421053,
              18.478684210526314
            ],
            [
              73.98447368421053,
              18.468684210526316
            ]
          ]
        ]
      },
      "properties": {
        "cell_id": "R07C18",
        "row": 7,
        "col": 18,
        "week": 1,
        "week_label": "Wk1",
        "date_start": "2024-06-01",
        "date_end": "2024-06-07",
        "phase": "pre",
        "avg_risk": 0.1123,
        "avg_gt": 0.0038,
        "risk_category": 0,
        "risk_category_label": "Low"
      }
    },
    {
      "type": "Feature",
      "geometry": {
        "type": "Polygon",
        "coordinates": [
          [
            [
              73.995,
              18.468684210526316
            ],
            [
              74.005,
              18.468684210526316
            ],
            [
              74.005,
              18.478684210526314
            ],
            [
              73.995,
              18.478684210526314
            ],
            [
              73.995,
              18.468684210526316
            ]
          ]
        ]
      },
      "properties": {
        "cell_id": "R07C19",
        "row": 7,
        "col": 19,
        "week": 1,
        "week_label": "Wk1",
        "date_start": "2024-06-01",
        "date_end": "2024-06-07",
        "phase": "pre",
        "avg_risk": 0.127,
        "avg_gt": 0.0027,
        "risk_category": 0,
        "risk_category_label": "Low"
      }
    },
    {
      "type": "Feature",
      "geometry": {
        "type": "Polygon",
        "coordinates": [
          [
            [
              73.795,
              18.47921052631579
            ],
            [
              73.80499999999999,
              18.47921052631579
            ],
            [
              73.80499999999999,
              18.489210526315787
            ],
            [
              73.795,
              18.489210526315787
            ],
            [
              73.795,
              18.47921052631579
            ]
          ]
        ]
      },
      "properties": {
        "cell_id": "R08C00",
        "row": 8,
        "col": 0,
        "week": 1,
        "week_label": "Wk1",
        "date_start": "2024-06-01",
        "date_end": "2024-06-07",
        "phase": "pre",
        "avg_risk": 0.1494,
        "avg_gt": 0.0182,
        "risk_category": 0,
        "risk_category_label": "Low"
      }
    },
    {
      "type": "Feature",
      "geometry": {
        "type": "Polygon",
        "coordinates": [
          [
            [
              73.80552631578948,
              18.47921052631579
            ],
            [
              73.81552631578947,
              18.47921052631579
            ],
            [
              73.81552631578947,
              18.489210526315787
            ],
            [
              73.80552631578948,
              18.489210526315787
            ],
            [
              73.80552631578948,
              18.47921052631579
            ]
          ]
        ]
      },
      "properties": {
        "cell_id": "R08C01",
        "row": 8,
        "col": 1,
        "week": 1,
        "week_label": "Wk1",
        "date_start": "2024-06-01",
        "date_end": "2024-06-07",
        "phase": "pre",
        "avg_risk": 0.2034,
        "avg_gt": 0.0438,
        "risk_category": 1,
        "risk_category_label": "Medium"
      }
    },
    {
      "type": "Feature",
      "geometry": {
        "type": "Polygon",
        "coordinates": [
          [
            [
              73.81605263157896,
              18.47921052631579
            ],
            [
              73.82605263157895,
              18.47921052631579
            ],
            [
              73.82605263157895,
              18.489210526315787
            ],
            [
              73.81605263157896,
              18.489210526315787
            ],
            [
              73.81605263157896,
              18.47921052631579
            ]
          ]
        ]
      },
      "properties": {
        "cell_id": "R08C02",
        "row": 8,
        "col": 2,
        "week": 1,
        "week_label": "Wk1",
        "date_start": "2024-06-01",
        "date_end": "2024-06-07",
        "phase": "pre",
        "avg_risk": 0.2684,
        "avg_gt": 0.0819,
        "risk_category": 1,
        "risk_category_label": "Medium"
      }
    },
    {
      "type": "Feature",
      "geometry": {
        "type": "Polygon",
        "coordinates": [
          [
            [
              73.82657894736842,
              18.47921052631579
            ],
            [
              73.83657894736841,
              18.47921052631579
            ],
            [
              73.83657894736841,
              18.489210526315787
            ],
            [
              73.82657894736842,
              18.489210526315787
            ],
            [
              73.82657894736842,
              18.47921052631579
            ]
          ]
        ]
      },
      "properties": {
        "cell_id": "R08C03",
        "row": 8,
        "col": 3,
        "week": 1,
        "week_label": "Wk1",
        "date_start": "2024-06-01",
        "date_end": "2024-06-07",
        "phase": "pre",
        "avg_risk": 0.3121,
        "avg_gt": 0.1193,
        "risk_category": 1,
        "risk_category_label": "Medium"
      }
    },
    {
      "type": "Feature",
      "geometry": {
        "type": "Polygon",
        "coordinates": [
          [
            [
              73.8371052631579,
              18.47921052631579
            ],
            [
              73.84710526315789,
              18.47921052631579
            ],
            [
              73.84710526315789,
              18.489210526315787
            ],
            [
              73.8371052631579,
              18.489210526315787
            ],
            [
              73.8371052631579,
              18.47921052631579
            ]
          ]
        ]
      },
      "properties": {
        "cell_id": "R08C04",
        "row": 8,
        "col": 4,
        "week": 1,
        "week_label": "Wk1",
        "date_start": "2024-06-01",
        "date_end": "2024-06-07",
        "phase": "pre",
        "avg_risk": 0.3621,
        "avg_gt": 0.1352,
        "risk_category": 1,
        "risk_category_label": "Medium"
      }
    },
    {
      "type": "Feature",
      "geometry": {
        "type": "Polygon",
        "coordinates": [
          [
            [
              73.84763157894737,
              18.47921052631579
            ],
            [
              73.85763157894736,
              18.47921052631579
            ],
            [
              73.85763157894736,
              18.489210526315787
            ],
            [
              73.84763157894737,
              18.489210526315787
            ],
            [
              73.84763157894737,
              18.47921052631579
            ]
          ]
        ]
      },
      "properties": {
        "cell_id": "R08C05",
        "row": 8,
        "col": 5,
        "week": 1,
        "week_label": "Wk1",
        "date_start": "2024-06-01",
        "date_end": "2024-06-07",
        "phase": "pre",
        "avg_risk": 0.3798,
        "avg_gt": 0.1193,
        "risk_category": 1,
        "risk_category_label": "Medium"
      }
    },
    {
      "type": "Feature",
      "geometry": {
        "type": "Polygon",
        "coordinates": [
          [
            [
              73.85815789473685,
              18.47921052631579
            ],
            [
              73.86815789473684,
              18.47921052631579
            ],
            [
              73.86815789473684,
              18.489210526315787
            ],
            [
              73.85815789473685,
              18.489210526315787
            ],
            [
              73.85815789473685,
              18.47921052631579
            ]
          ]
        ]
      },
      "properties": {
        "cell_id": "R08C06",
        "row": 8,
        "col": 6,
        "week": 1,
        "week_label": "Wk1",
        "date_start": "2024-06-01",
        "date_end": "2024-06-07",
        "phase": "pre",
        "avg_risk": 0.372,
        "avg_gt": 0.0819,
        "risk_category": 1,
        "risk_category_label": "Medium"
      }
    },
    {
      "type": "Feature",
      "geometry": {
        "type": "Polygon",
        "coordinates": [
          [
            [
              73.86868421052633,
              18.47921052631579
            ],
            [
              73.87868421052632,
              18.47921052631579
            ],
            [
              73.87868421052632,
              18.489210526315787
            ],
            [
              73.86868421052633,
              18.489210526315787
            ],
            [
              73.86868421052633,
              18.47921052631579
            ]
          ]
        ]
      },
      "properties": {
        "cell_id": "R08C07",
        "row": 8,
        "col": 7,
        "week": 1,
        "week_label": "Wk1",
        "date_start": "2024-06-01",
        "date_end": "2024-06-07",
        "phase": "pre",
        "avg_risk": 0.3415,
        "avg_gt": 0.0438,
        "risk_category": 1,
        "risk_category_label": "Medium"
      }
    },
    {
      "type": "Feature",
      "geometry": {
        "type": "Polygon",
        "coordinates": [
          [
            [
              73.87921052631579,
              18.47921052631579
            ],
            [
              73.88921052631578,
              18.47921052631579
            ],
            [
              73.88921052631578,
              18.489210526315787
            ],
            [
              73.87921052631579,
              18.489210526315787
            ],
            [
              73.87921052631579,
              18.47921052631579
            ]
          ]
        ]
      },
      "properties": {
        "cell_id": "R08C08",
        "row": 8,
        "col": 8,
        "week": 1,
        "week_label": "Wk1",
        "date_start": "2024-06-01",
        "date_end": "2024-06-07",
        "phase": "pre",
        "avg_risk": 0.2709,
        "avg_gt": 0.0182,
        "risk_category": 1,
        "risk_category_label": "Medium"
      }
    },
    {
      "type": "Feature",
      "geometry": {
        "type": "Polygon",
        "coordinates": [
          [
            [
              73.88973684210526,
              18.47921052631579
            ],
            [
              73.89973684210526,
              18.47921052631579
            ],
            [
              73.89973684210526,
              18.489210526315787
            ],
            [
              73.88973684210526,
              18.489210526315787
            ],
            [
              73.88973684210526,
              18.47921052631579
            ]
          ]
        ]
      },
      "properties": {
        "cell_id": "R08C09",
        "row": 8,
        "col": 9,
        "week": 1,
        "week_label": "Wk1",
        "date_start": "2024-06-01",
        "date_end": "2024-06-07",
        "phase": "pre",
        "avg_risk": 0.1899,
        "avg_gt": 0.0059,
        "risk_category": 1,
        "risk_category_label": "Medium"
      }
    },
    {
      "type": "Feature",
      "geometry": {
        "type": "Polygon",
        "coordinates": [
          [
            [
              73.90026315789474,
              18.47921052631579
            ],
            [
              73.91026315789473,
              18.47921052631579
            ],
            [
              73.91026315789473,
              18.489210526315787
            ],
            [
              73.90026315789474,
              18.489210526315787
            ],
            [
              73.90026315789474,
              18.47921052631579
            ]
          ]
        ]
      },
      "properties": {
        "cell_id": "R08C10",
        "row": 8,
        "col": 10,
        "week": 1,
        "week_label": "Wk1",
        "date_start": "2024-06-01",
        "date_end": "2024-06-07",
        "phase": "pre",
        "avg_risk": 0.1304,
        "avg_gt": 0.0018,
        "risk_category": 0,
        "risk_category_label": "Low"
      }
    },
    {
      "type": "Feature",
      "geometry": {
        "type": "Polygon",
        "coordinates": [
          [
            [
              73.91078947368422,
              18.47921052631579
            ],
            [
              73.92078947368421,
              18.47921052631579
            ],
            [
              73.92078947368421,
              18.489210526315787
            ],
            [
              73.91078947368422,
              18.489210526315787
            ],
            [
              73.91078947368422,
              18.47921052631579
            ]
          ]
        ]
      },
      "properties": {
        "cell_id": "R08C11",
        "row": 8,
        "col": 11,
        "week": 1,
        "week_label": "Wk1",
        "date_start": "2024-06-01",
        "date_end": "2024-06-07",
        "phase": "pre",
        "avg_risk": 0.0779,
        "avg_gt": 0.0015,
        "risk_category": 0,
        "risk_category_label": "Low"
      }
    },
    {
      "type": "Feature",
      "geometry": {
        "type": "Polygon",
        "coordinates": [
          [
            [
              73.92131578947368,
              18.47921052631579
            ],
            [
              73.93131578947367,
              18.47921052631579
            ],
            [
              73.93131578947367,
              18.489210526315787
            ],
            [
              73.92131578947368,
              18.489210526315787
            ],
            [
              73.92131578947368,
              18.47921052631579
            ]
          ]
        ]
      },
      "properties": {
        "cell_id": "R08C12",
        "row": 8,
        "col": 12,
        "week": 1,
        "week_label": "Wk1",
        "date_start": "2024-06-01",
        "date_end": "2024-06-07",
        "phase": "pre",
        "avg_risk": 0.0725,
        "avg_gt": 0.0031,
        "risk_category": 0,
        "risk_category_label": "Low"
      }
    },
    {
      "type": "Feature",
      "geometry": {
        "type": "Polygon",
        "coordinates": [
          [
            [
              73.93184210526316,
              18.47921052631579
            ],
            [
              73.94184210526315,
              18.47921052631579
            ],
            [
              73.94184210526315,
              18.489210526315787
            ],
            [
              73.93184210526316,
              18.489210526315787
            ],
            [
              73.93184210526316,
              18.47921052631579
            ]
          ]
        ]
      },
      "properties": {
        "cell_id": "R08C13",
        "row": 8,
        "col": 13,
        "week": 1,
        "week_label": "Wk1",
        "date_start": "2024-06-01",
        "date_end": "2024-06-07",
        "phase": "pre",
        "avg_risk": 0.0741,
        "avg_gt": 0.0059,
        "risk_category": 0,
        "risk_category_label": "Low"
      }
    },
    {
      "type": "Feature",
      "geometry": {
        "type": "Polygon",
        "coordinates": [
          [
            [
              73.94236842105263,
              18.47921052631579
            ],
            [
              73.95236842105263,
              18.47921052631579
            ],
            [
              73.95236842105263,
              18.489210526315787
            ],
            [
              73.94236842105263,
              18.489210526315787
            ],
            [
              73.94236842105263,
              18.47921052631579
            ]
          ]
        ]
      },
      "properties": {
        "cell_id": "R08C14",
        "row": 8,
        "col": 14,
        "week": 1,
        "week_label": "Wk1",
        "date_start": "2024-06-01",
        "date_end": "2024-06-07",
        "phase": "pre",
        "avg_risk": 0.0742,
        "avg_gt": 0.0087,
        "risk_category": 0,
        "risk_category_label": "Low"
      }
    },
    {
      "type": "Feature",
      "geometry": {
        "type": "Polygon",
        "coordinates": [
          [
            [
              73.95289473684211,
              18.47921052631579
            ],
            [
              73.9628947368421,
              18.47921052631579
            ],
            [
              73.9628947368421,
              18.489210526315787
            ],
            [
              73.95289473684211,
              18.489210526315787
            ],
            [
              73.95289473684211,
              18.47921052631579
            ]
          ]
        ]
      },
      "properties": {
        "cell_id": "R08C15",
        "row": 8,
        "col": 15,
        "week": 1,
        "week_label": "Wk1",
        "date_start": "2024-06-01",
        "date_end": "2024-06-07",
        "phase": "pre",
        "avg_risk": 0.0831,
        "avg_gt": 0.0099,
        "risk_category": 0,
        "risk_category_label": "Low"
      }
    },
    {
      "type": "Feature",
      "geometry": {
        "type": "Polygon",
        "coordinates": [
          [
            [
              73.96342105263159,
              18.47921052631579
            ],
            [
              73.97342105263158,
              18.47921052631579
            ],
            [
              73.97342105263158,
              18.489210526315787
            ],
            [
              73.96342105263159,
              18.489210526315787
            ],
            [
              73.96342105263159,
              18.47921052631579
            ]
          ]
        ]
      },
      "properties": {
        "cell_id": "R08C16",
        "row": 8,
        "col": 16,
        "week": 1,
        "week_label": "Wk1",
        "date_start": "2024-06-01",
        "date_end": "2024-06-07",
        "phase": "pre",
        "avg_risk": 0.0892,
        "avg_gt": 0.0088,
        "risk_category": 0,
        "risk_category_label": "Low"
      }
    },
    {
      "type": "Feature",
      "geometry": {
        "type": "Polygon",
        "coordinates": [
          [
            [
              73.97394736842105,
              18.47921052631579
            ],
            [
              73.98394736842104,
              18.47921052631579
            ],
            [
              73.98394736842104,
              18.489210526315787
            ],
            [
              73.97394736842105,
              18.489210526315787
            ],
            [
              73.97394736842105,
              18.47921052631579
            ]
          ]
        ]
      },
      "properties": {
        "cell_id": "R08C17",
        "row": 8,
        "col": 17,
        "week": 1,
        "week_label": "Wk1",
        "date_start": "2024-06-01",
        "date_end": "2024-06-07",
        "phase": "pre",
        "avg_risk": 0.0939,
        "avg_gt": 0.0061,
        "risk_category": 0,
        "risk_category_label": "Low"
      }
    },
    {
      "type": "Feature",
      "geometry": {
        "type": "Polygon",
        "coordinates": [
          [
            [
              73.98447368421053,
              18.47921052631579
            ],
            [
              73.99447368421052,
              18.47921052631579
            ],
            [
              73.99447368421052,
              18.489210526315787
            ],
            [
              73.98447368421053,
              18.489210526315787
            ],
            [
              73.98447368421053,
              18.47921052631579
            ]
          ]
        ]
      },
      "properties": {
        "cell_id": "R08C18",
        "row": 8,
        "col": 18,
        "week": 1,
        "week_label": "Wk1",
        "date_start": "2024-06-01",
        "date_end": "2024-06-07",
        "phase": "pre",
        "avg_risk": 0.1073,
        "avg_gt": 0.0034,
        "risk_category": 0,
        "risk_category_label": "Low"
      }
    },
    {
      "type": "Feature",
      "geometry": {
        "type": "Polygon",
        "coordinates": [
          [
            [
              73.995,
              18.47921052631579
            ],
            [
              74.005,
              18.47921052631579
            ],
            [
              74.005,
              18.489210526315787
            ],
            [
              73.995,
              18.489210526315787
            ],
            [
              73.995,
              18.47921052631579
            ]
          ]
        ]
      },
      "properties": {
        "cell_id": "R08C19",
        "row": 8,
        "col": 19,
        "week": 1,
        "week_label": "Wk1",
        "date_start": "2024-06-01",
        "date_end": "2024-06-07",
        "phase": "pre",
        "avg_risk": 0.1096,
        "avg_gt": 0.0014,
        "risk_category": 0,
        "risk_category_label": "Low"
      }
    },
    {
      "type": "Feature",
      "geometry": {
        "type": "Polygon",
        "coordinates": [
          [
            [
              73.795,
              18.489736842105263
            ],
            [
              73.80499999999999,
              18.489736842105263
            ],
            [
              73.80499999999999,
              18.49973684210526
            ],
            [
              73.795,
              18.49973684210526
            ],
            [
              73.795,
              18.489736842105263
            ]
          ]
        ]
      },
      "properties": {
        "cell_id": "R09C00",
        "row": 9,
        "col": 0,
        "week": 1,
        "week_label": "Wk1",
        "date_start": "2024-06-01",
        "date_end": "2024-06-07",
        "phase": "pre",
        "avg_risk": 0.1054,
        "avg_gt": 0.0058,
        "risk_category": 0,
        "risk_category_label": "Low"
      }
    },
    {
      "type": "Feature",
      "geometry": {
        "type": "Polygon",
        "coordinates": [
          [
            [
              73.80552631578948,
              18.489736842105263
            ],
            [
              73.81552631578947,
              18.489736842105263
            ],
            [
              73.81552631578947,
              18.49973684210526
            ],
            [
              73.80552631578948,
              18.49973684210526
            ],
            [
              73.80552631578948,
              18.489736842105263
            ]
          ]
        ]
      },
      "properties": {
        "cell_id": "R09C01",
        "row": 9,
        "col": 1,
        "week": 1,
        "week_label": "Wk1",
        "date_start": "2024-06-01",
        "date_end": "2024-06-07",
        "phase": "pre",
        "avg_risk": 0.1519,
        "avg_gt": 0.0141,
        "risk_category": 1,
        "risk_category_label": "Medium"
      }
    },
    {
      "type": "Feature",
      "geometry": {
        "type": "Polygon",
        "coordinates": [
          [
            [
              73.81605263157896,
              18.489736842105263
            ],
            [
              73.82605263157895,
              18.489736842105263
            ],
            [
              73.82605263157895,
              18.49973684210526
            ],
            [
              73.81605263157896,
              18.49973684210526
            ],
            [
              73.81605263157896,
              18.489736842105263
            ]
          ]
        ]
      },
      "properties": {
        "cell_id": "R09C02",
        "row": 9,
        "col": 2,
        "week": 1,
        "week_label": "Wk1",
        "date_start": "2024-06-01",
        "date_end": "2024-06-07",
        "phase": "pre",
        "avg_risk": 0.1955,
        "avg_gt": 0.0265,
        "risk_category": 1,
        "risk_category_label": "Medium"
      }
    },
    {
      "type": "Feature",
      "geometry": {
        "type": "Polygon",
        "coordinates": [
          [
            [
              73.82657894736842,
              18.489736842105263
            ],
            [
              73.83657894736841,
              18.489736842105263
            ],
            [
              73.83657894736841,
              18.49973684210526
            ],
            [
              73.82657894736842,
              18.49973684210526
            ],
            [
              73.82657894736842,
              18.489736842105263
            ]
          ]
        ]
      },
      "properties": {
        "cell_id": "R09C03",
        "row": 9,
        "col": 3,
        "week": 1,
        "week_label": "Wk1",
        "date_start": "2024-06-01",
        "date_end": "2024-06-07",
        "phase": "pre",
        "avg_risk": 0.251,
        "avg_gt": 0.0386,
        "risk_category": 1,
        "risk_category_label": "Medium"
      }
    },
    {
      "type": "Feature",
      "geometry": {
        "type": "Polygon",
        "coordinates": [
          [
            [
              73.8371052631579,
              18.489736842105263
            ],
            [
              73.84710526315789,
              18.489736842105263
            ],
            [
              73.84710526315789,
              18.49973684210526
            ],
            [
              73.8371052631579,
              18.49973684210526
            ],
            [
              73.8371052631579,
              18.489736842105263
            ]
          ]
        ]
      },
      "properties": {
        "cell_id": "R09C04",
        "row": 9,
        "col": 4,
        "week": 1,
        "week_label": "Wk1",
        "date_start": "2024-06-01",
        "date_end": "2024-06-07",
        "phase": "pre",
        "avg_risk": 0.2943,
        "avg_gt": 0.0438,
        "risk_category": 1,
        "risk_category_label": "Medium"
      }
    },
    {
      "type": "Feature",
      "geometry": {
        "type": "Polygon",
        "coordinates": [
          [
            [
              73.84763157894737,
              18.489736842105263
            ],
            [
              73.85763157894736,
              18.489736842105263
            ],
            [
              73.85763157894736,
              18.49973684210526
            ],
            [
              73.84763157894737,
              18.49973684210526
            ],
            [
              73.84763157894737,
              18.489736842105263
            ]
          ]
        ]
      },
      "properties": {
        "cell_id": "R09C05",
        "row": 9,
        "col": 5,
        "week": 1,
        "week_label": "Wk1",
        "date_start": "2024-06-01",
        "date_end": "2024-06-07",
        "phase": "pre",
        "avg_risk": 0.3177,
        "avg_gt": 0.0386,
        "risk_category": 1,
        "risk_category_label": "Medium"
      }
    },
    {
      "type": "Feature",
      "geometry": {
        "type": "Polygon",
        "coordinates": [
          [
            [
              73.85815789473685,
              18.489736842105263
            ],
            [
              73.86815789473684,
              18.489736842105263
            ],
            [
              73.86815789473684,
              18.49973684210526
            ],
            [
              73.85815789473685,
              18.49973684210526
            ],
            [
              73.85815789473685,
              18.489736842105263
            ]
          ]
        ]
      },
      "properties": {
        "cell_id": "R09C06",
        "row": 9,
        "col": 6,
        "week": 1,
        "week_label": "Wk1",
        "date_start": "2024-06-01",
        "date_end": "2024-06-07",
        "phase": "pre",
        "avg_risk": 0.3226,
        "avg_gt": 0.0265,
        "risk_category": 1,
        "risk_category_label": "Medium"
      }
    },
    {
      "type": "Feature",
      "geometry": {
        "type": "Polygon",
        "coordinates": [
          [
            [
              73.86868421052633,
              18.489736842105263
            ],
            [
              73.87868421052632,
              18.489736842105263
            ],
            [
              73.87868421052632,
              18.49973684210526
            ],
            [
              73.86868421052633,
              18.49973684210526
            ],
            [
              73.86868421052633,
              18.489736842105263
            ]
          ]
        ]
      },
      "properties": {
        "cell_id": "R09C07",
        "row": 9,
        "col": 7,
        "week": 1,
        "week_label": "Wk1",
        "date_start": "2024-06-01",
        "date_end": "2024-06-07",
        "phase": "pre",
        "avg_risk": 0.2792,
        "avg_gt": 0.0141,
        "risk_category": 1,
        "risk_category_label": "Medium"
      }
    },
    {
      "type": "Feature",
      "geometry": {
        "type": "Polygon",
        "coordinates": [
          [
            [
              73.87921052631579,
              18.489736842105263
            ],
            [
              73.88921052631578,
              18.489736842105263
            ],
            [
              73.88921052631578,
              18.49973684210526
            ],
            [
              73.87921052631579,
              18.49973684210526
            ],
            [
              73.87921052631579,
              18.489736842105263
            ]
          ]
        ]
      },
      "properties": {
        "cell_id": "R09C08",
        "row": 9,
        "col": 8,
        "week": 1,
        "week_label": "Wk1",
        "date_start": "2024-06-01",
        "date_end": "2024-06-07",
        "phase": "pre",
        "avg_risk": 0.2269,
        "avg_gt": 0.0059,
        "risk_category": 1,
        "risk_category_label": "Medium"
      }
    },
    {
      "type": "Feature",
      "geometry": {
        "type": "Polygon",
        "coordinates": [
          [
            [
              73.88973684210526,
              18.489736842105263
            ],
            [
              73.89973684210526,
              18.489736842105263
            ],
            [
              73.89973684210526,
              18.49973684210526
            ],
            [
              73.88973684210526,
              18.49973684210526
            ],
            [
              73.88973684210526,
              18.489736842105263
            ]
          ]
        ]
      },
      "properties": {
        "cell_id": "R09C09",
        "row": 9,
        "col": 9,
        "week": 1,
        "week_label": "Wk1",
        "date_start": "2024-06-01",
        "date_end": "2024-06-07",
        "phase": "pre",
        "avg_risk": 0.1524,
        "avg_gt": 0.0022,
        "risk_category": 1,
        "risk_category_label": "Medium"
      }
    },
    {
      "type": "Feature",
      "geometry": {
        "type": "Polygon",
        "coordinates": [
          [
            [
              73.90026315789474,
              18.489736842105263
            ],
            [
              73.91026315789473,
              18.489736842105263
            ],
            [
              73.91026315789473,
              18.49973684210526
            ],
            [
              73.90026315789474,
              18.49973684210526
            ],
            [
              73.90026315789474,
              18.489736842105263
            ]
          ]
        ]
      },
      "properties": {
        "cell_id": "R09C10",
        "row": 9,
        "col": 10,
        "week": 1,
        "week_label": "Wk1",
        "date_start": "2024-06-01",
        "date_end": "2024-06-07",
        "phase": "pre",
        "avg_risk": 0.0992,
        "avg_gt": 0.0021,
        "risk_category": 0,
        "risk_category_label": "Low"
      }
    },
    {
      "type": "Feature",
      "geometry": {
        "type": "Polygon",
        "coordinates": [
          [
            [
              73.91078947368422,
              18.489736842105263
            ],
            [
              73.92078947368421,
              18.489736842105263
            ],
            [
              73.92078947368421,
              18.49973684210526
            ],
            [
              73.91078947368422,
              18.49973684210526
            ],
            [
              73.91078947368422,
              18.489736842105263
            ]
          ]
        ]
      },
      "properties": {
        "cell_id": "R09C11",
        "row": 9,
        "col": 11,
        "week": 1,
        "week_label": "Wk1",
        "date_start": "2024-06-01",
        "date_end": "2024-06-07",
        "phase": "pre",
        "avg_risk": 0.0756,
        "avg_gt": 0.0053,
        "risk_category": 0,
        "risk_category_label": "Low"
      }
    },
    {
      "type": "Feature",
      "geometry": {
        "type": "Polygon",
        "coordinates": [
          [
            [
              73.92131578947368,
              18.489736842105263
            ],
            [
              73.93131578947367,
              18.489736842105263
            ],
            [
              73.93131578947367,
              18.49973684210526
            ],
            [
              73.92131578947368,
              18.49973684210526
            ],
            [
              73.92131578947368,
              18.489736842105263
            ]
          ]
        ]
      },
      "properties": {
        "cell_id": "R09C12",
        "row": 9,
        "col": 12,
        "week": 1,
        "week_label": "Wk1",
        "date_start": "2024-06-01",
        "date_end": "2024-06-07",
        "phase": "pre",
        "avg_risk": 0.0621,
        "avg_gt": 0.0127,
        "risk_category": 0,
        "risk_category_label": "Low"
      }
    },
    {
      "type": "Feature",
      "geometry": {
        "type": "Polygon",
        "coordinates": [
          [
            [
              73.93184210526316,
              18.489736842105263
            ],
            [
              73.94184210526315,
              18.489736842105263
            ],
            [
              73.94184210526315,
              18.49973684210526
            ],
            [
              73.93184210526316,
              18.49973684210526
            ],
            [
              73.93184210526316,
              18.489736842105263
            ]
          ]
        ]
      },
      "properties": {
        "cell_id": "R09C13",
        "row": 9,
        "col": 13,
        "week": 1,
        "week_label": "Wk1",
        "date_start": "2024-06-01",
        "date_end": "2024-06-07",
        "phase": "pre",
        "avg_risk": 0.0718,
        "avg_gt": 0.0238,
        "risk_category": 0,
        "risk_category_label": "Low"
      }
    },
    {
      "type": "Feature",
      "geometry": {
        "type": "Polygon",
        "coordinates": [
          [
            [
              73.94236842105263,
              18.489736842105263
            ],
            [
              73.95236842105263,
              18.489736842105263
            ],
            [
              73.95236842105263,
              18.49973684210526
            ],
            [
              73.94236842105263,
              18.49973684210526
            ],
            [
              73.94236842105263,
              18.489736842105263
            ]
          ]
        ]
      },
      "properties": {
        "cell_id": "R09C14",
        "row": 9,
        "col": 14,
        "week": 1,
        "week_label": "Wk1",
        "date_start": "2024-06-01",
        "date_end": "2024-06-07",
        "phase": "pre",
        "avg_risk": 0.0773,
        "avg_gt": 0.0347,
        "risk_category": 0,
        "risk_category_label": "Low"
      }
    },
    {
      "type": "Feature",
      "geometry": {
        "type": "Polygon",
        "coordinates": [
          [
            [
              73.95289473684211,
              18.489736842105263
            ],
            [
              73.9628947368421,
              18.489736842105263
            ],
            [
              73.9628947368421,
              18.49973684210526
            ],
            [
              73.95289473684211,
              18.49973684210526
            ],
            [
              73.95289473684211,
              18.489736842105263
            ]
          ]
        ]
      },
      "properties": {
        "cell_id": "R09C15",
        "row": 9,
        "col": 15,
        "week": 1,
        "week_label": "Wk1",
        "date_start": "2024-06-01",
        "date_end": "2024-06-07",
        "phase": "pre",
        "avg_risk": 0.0933,
        "avg_gt": 0.0394,
        "risk_category": 0,
        "risk_category_label": "Low"
      }
    },
    {
      "type": "Feature",
      "geometry": {
        "type": "Polygon",
        "coordinates": [
          [
            [
              73.96342105263159,
              18.489736842105263
            ],
            [
              73.97342105263158,
              18.489736842105263
            ],
            [
              73.97342105263158,
              18.49973684210526
            ],
            [
              73.96342105263159,
              18.49973684210526
            ],
            [
              73.96342105263159,
              18.489736842105263
            ]
          ]
        ]
      },
      "properties": {
        "cell_id": "R09C16",
        "row": 9,
        "col": 16,
        "week": 1,
        "week_label": "Wk1",
        "date_start": "2024-06-01",
        "date_end": "2024-06-07",
        "phase": "pre",
        "avg_risk": 0.0974,
        "avg_gt": 0.0347,
        "risk_category": 0,
        "risk_category_label": "Low"
      }
    },
    {
      "type": "Feature",
      "geometry": {
        "type": "Polygon",
        "coordinates": [
          [
            [
              73.97394736842105,
              18.489736842105263
            ],
            [
              73.98394736842104,
              18.489736842105263
            ],
            [
              73.98394736842104,
              18.49973684210526
            ],
            [
              73.97394736842105,
              18.49973684210526
            ],
            [
              73.97394736842105,
              18.489736842105263
            ]
          ]
        ]
      },
      "properties": {
        "cell_id": "R09C17",
        "row": 9,
        "col": 17,
        "week": 1,
        "week_label": "Wk1",
        "date_start": "2024-06-01",
        "date_end": "2024-06-07",
        "phase": "pre",
        "avg_risk": 0.0983,
        "avg_gt": 0.0238,
        "risk_category": 0,
        "risk_category_label": "Low"
      }
    },
    {
      "type": "Feature",
      "geometry": {
        "type": "Polygon",
        "coordinates": [
          [
            [
              73.98447368421053,
              18.489736842105263
            ],
            [
              73.99447368421052,
              18.489736842105263
            ],
            [
              73.99447368421052,
              18.49973684210526
            ],
            [
              73.98447368421053,
              18.49973684210526
            ],
            [
              73.98447368421053,
              18.489736842105263
            ]
          ]
        ]
      },
      "properties": {
        "cell_id": "R09C18",
        "row": 9,
        "col": 18,
        "week": 1,
        "week_label": "Wk1",
        "date_start": "2024-06-01",
        "date_end": "2024-06-07",
        "phase": "pre",
        "avg_risk": 0.1027,
        "avg_gt": 0.0127,
        "risk_category": 0,
        "risk_category_label": "Low"
      }
    },
    {
      "type": "Feature",
      "geometry": {
        "type": "Polygon",
        "coordinates": [
          [
            [
              73.995,
              18.489736842105263
            ],
            [
              74.005,
              18.489736842105263
            ],
            [
              74.005,
              18.49973684210526
            ],
            [
              73.995,
              18.49973684210526
            ],
            [
              73.995,
              18.489736842105263
            ]
          ]
        ]
      },
      "properties": {
        "cell_id": "R09C19",
        "row": 9,
        "col": 19,
        "week": 1,
        "week_label": "Wk1",
        "date_start": "2024-06-01",
        "date_end": "2024-06-07",
        "phase": "pre",
        "avg_risk": 0.0976,
        "avg_gt": 0.0052,
        "risk_category": 0,
        "risk_category_label": "Low"
      }
    },
    {
      "type": "Feature",
      "geometry": {
        "type": "Polygon",
        "coordinates": [
          [
            [
              73.795,
              18.50026315789474
            ],
            [
              73.80499999999999,
              18.50026315789474
            ],
            [
              73.80499999999999,
              18.510263157894737
            ],
            [
              73.795,
              18.510263157894737
            ],
            [
              73.795,
              18.50026315789474
            ]
          ]
        ]
      },
      "properties": {
        "cell_id": "R10C00",
        "row": 10,
        "col": 0,
        "week": 1,
        "week_label": "Wk1",
        "date_start": "2024-06-01",
        "date_end": "2024-06-07",
        "phase": "pre",
        "avg_risk": 0.0858,
        "avg_gt": 0.0014,
        "risk_category": 0,
        "risk_category_label": "Low"
      }
    },
    {
      "type": "Feature",
      "geometry": {
        "type": "Polygon",
        "coordinates": [
          [
            [
              73.80552631578948,
              18.50026315789474
            ],
            [
              73.81552631578947,
              18.50026315789474
            ],
            [
              73.81552631578947,
              18.510263157894737
            ],
            [
              73.80552631578948,
              18.510263157894737
            ],
            [
              73.80552631578948,
              18.50026315789474
            ]
          ]
        ]
      },
      "properties": {
        "cell_id": "R10C01",
        "row": 10,
        "col": 1,
        "week": 1,
        "week_label": "Wk1",
        "date_start": "2024-06-01",
        "date_end": "2024-06-07",
        "phase": "pre",
        "avg_risk": 0.1156,
        "avg_gt": 0.0036,
        "risk_category": 0,
        "risk_category_label": "Low"
      }
    },
    {
      "type": "Feature",
      "geometry": {
        "type": "Polygon",
        "coordinates": [
          [
            [
              73.81605263157896,
              18.50026315789474
            ],
            [
              73.82605263157895,
              18.50026315789474
            ],
            [
              73.82605263157895,
              18.510263157894737
            ],
            [
              73.81605263157896,
              18.510263157894737
            ],
            [
              73.81605263157896,
              18.50026315789474
            ]
          ]
        ]
      },
      "properties": {
        "cell_id": "R10C02",
        "row": 10,
        "col": 2,
        "week": 1,
        "week_label": "Wk1",
        "date_start": "2024-06-01",
        "date_end": "2024-06-07",
        "phase": "pre",
        "avg_risk": 0.1378,
        "avg_gt": 0.0068,
        "risk_category": 0,
        "risk_category_label": "Low"
      }
    },
    {
      "type": "Feature",
      "geometry": {
        "type": "Polygon",
        "coordinates": [
          [
            [
              73.82657894736842,
              18.50026315789474
            ],
            [
              73.83657894736841,
              18.50026315789474
            ],
            [
              73.83657894736841,
              18.510263157894737
            ],
            [
              73.82657894736842,
              18.510263157894737
            ],
            [
              73.82657894736842,
              18.50026315789474
            ]
          ]
        ]
      },
      "properties": {
        "cell_id": "R10C03",
        "row": 10,
        "col": 3,
        "week": 1,
        "week_label": "Wk1",
        "date_start": "2024-06-01",
        "date_end": "2024-06-07",
        "phase": "pre",
        "avg_risk": 0.1694,
        "avg_gt": 0.0099,
        "risk_category": 1,
        "risk_category_label": "Medium"
      }
    },
    {
      "type": "Feature",
      "geometry": {
        "type": "Polygon",
        "coordinates": [
          [
            [
              73.8371052631579,
              18.50026315789474
            ],
            [
              73.84710526315789,
              18.50026315789474
            ],
            [
              73.84710526315789,
              18.510263157894737
            ],
            [
              73.8371052631579,
              18.510263157894737
            ],
            [
              73.8371052631579,
              18.50026315789474
            ]
          ]
        ]
      },
      "properties": {
        "cell_id": "R10C04",
        "row": 10,
        "col": 4,
        "week": 1,
        "week_label": "Wk1",
        "date_start": "2024-06-01",
        "date_end": "2024-06-07",
        "phase": "pre",
        "avg_risk": 0.2239,
        "avg_gt": 0.0111,
        "risk_category": 1,
        "risk_category_label": "Medium"
      }
    },
    {
      "type": "Feature",
      "geometry": {
        "type": "Polygon",
        "coordinates": [
          [
            [
              73.84763157894737,
              18.50026315789474
            ],
            [
              73.85763157894736,
              18.50026315789474
            ],
            [
              73.85763157894736,
              18.510263157894737
            ],
            [
              73.84763157894737,
              18.510263157894737
            ],
            [
              73.84763157894737,
              18.50026315789474
            ]
          ]
        ]
      },
      "properties": {
        "cell_id": "R10C05",
        "row": 10,
        "col": 5,
        "week": 1,
        "week_label": "Wk1",
        "date_start": "2024-06-01",
        "date_end": "2024-06-07",
        "phase": "pre",
        "avg_risk": 0.2546,
        "avg_gt": 0.0098,
        "risk_category": 1,
        "risk_category_label": "Medium"
      }
    },
    {
      "type": "Feature",
      "geometry": {
        "type": "Polygon",
        "coordinates": [
          [
            [
              73.85815789473685,
              18.50026315789474
            ],
            [
              73.86815789473684,
              18.50026315789474
            ],
            [
              73.86815789473684,
              18.510263157894737
            ],
            [
              73.85815789473685,
              18.510263157894737
            ],
            [
              73.85815789473685,
              18.50026315789474
            ]
          ]
        ]
      },
      "properties": {
        "cell_id": "R10C06",
        "row": 10,
        "col": 6,
        "week": 1,
        "week_label": "Wk1",
        "date_start": "2024-06-01",
        "date_end": "2024-06-07",
        "phase": "pre",
        "avg_risk": 0.2801,
        "avg_gt": 0.0066,
        "risk_category": 1,
        "risk_category_label": "Medium"
      }
    },
    {
      "type": "Feature",
      "geometry": {
        "type": "Polygon",
        "coordinates": [
          [
            [
              73.86868421052633,
              18.50026315789474
            ],
            [
              73.87868421052632,
              18.50026315789474
            ],
            [
              73.87868421052632,
              18.510263157894737
            ],
            [
              73.86868421052633,
              18.510263157894737
            ],
            [
              73.86868421052633,
              18.50026315789474
            ]
          ]
        ]
      },
      "properties": {
        "cell_id": "R10C07",
        "row": 10,
        "col": 7,
        "week": 1,
        "week_label": "Wk1",
        "date_start": "2024-06-01",
        "date_end": "2024-06-07",
        "phase": "pre",
        "avg_risk": 0.2322,
        "avg_gt": 0.0035,
        "risk_category": 1,
        "risk_category_label": "Medium"
      }
    },
    {
      "type": "Feature",
      "geometry": {
        "type": "Polygon",
        "coordinates": [
          [
            [
              73.87921052631579,
              18.50026315789474
            ],
            [
              73.88921052631578,
              18.50026315789474
            ],
            [
              73.88921052631578,
              18.510263157894737
            ],
            [
              73.87921052631579,
              18.510263157894737
            ],
            [
              73.87921052631579,
              18.50026315789474
            ]
          ]
        ]
      },
      "properties": {
        "cell_id": "R10C08",
        "row": 10,
        "col": 8,
        "week": 1,
        "week_label": "Wk1",
        "date_start": "2024-06-01",
        "date_end": "2024-06-07",
        "phase": "pre",
        "avg_risk": 0.1751,
        "avg_gt": 0.0016,
        "risk_category": 1,
        "risk_category_label": "Medium"
      }
    },
    {
      "type": "Feature",
      "geometry": {
        "type": "Polygon",
        "coordinates": [
          [
            [
              73.88973684210526,
              18.50026315789474
            ],
            [
              73.89973684210526,
              18.50026315789474
            ],
            [
              73.89973684210526,
              18.510263157894737
            ],
            [
              73.88973684210526,
              18.510263157894737
            ],
            [
              73.88973684210526,
              18.50026315789474
            ]
          ]
        ]
      },
      "properties": {
        "cell_id": "R10C09",
        "row": 10,
        "col": 9,
        "week": 1,
        "week_label": "Wk1",
        "date_start": "2024-06-01",
        "date_end": "2024-06-07",
        "phase": "pre",
        "avg_risk": 0.1156,
        "avg_gt": 0.0017,
        "risk_category": 0,
        "risk_category_label": "Low"
      }
    },
    {
      "type": "Feature",
      "geometry": {
        "type": "Polygon",
        "coordinates": [
          [
            [
              73.90026315789474,
              18.50026315789474
            ],
            [
              73.91026315789473,
              18.50026315789474
            ],
            [
              73.91026315789473,
              18.510263157894737
            ],
            [
              73.90026315789474,
              18.510263157894737
            ],
            [
              73.90026315789474,
              18.50026315789474
            ]
          ]
        ]
      },
      "properties": {
        "cell_id": "R10C10",
        "row": 10,
        "col": 10,
        "week": 1,
        "week_label": "Wk1",
        "date_start": "2024-06-01",
        "date_end": "2024-06-07",
        "phase": "pre",
        "avg_risk": 0.0829,
        "avg_gt": 0.0053,
        "risk_category": 0,
        "risk_category_label": "Low"
      }
    },
    {
      "type": "Feature",
      "geometry": {
        "type": "Polygon",
        "coordinates": [
          [
            [
              73.91078947368422,
              18.50026315789474
            ],
            [
              73.92078947368421,
              18.50026315789474
            ],
            [
              73.92078947368421,
              18.510263157894737
            ],
            [
              73.91078947368422,
              18.510263157894737
            ],
            [
              73.91078947368422,
              18.50026315789474
            ]
          ]
        ]
      },
      "properties": {
        "cell_id": "R10C11",
        "row": 10,
        "col": 11,
        "week": 1,
        "week_label": "Wk1",
        "date_start": "2024-06-01",
        "date_end": "2024-06-07",
        "phase": "pre",
        "avg_risk": 0.0687,
        "avg_gt": 0.0163,
        "risk_category": 0,
        "risk_category_label": "Low"
      }
    },
    {
      "type": "Feature",
      "geometry": {
        "type": "Polygon",
        "coordinates": [
          [
            [
              73.92131578947368,
              18.50026315789474
            ],
            [
              73.93131578947367,
              18.50026315789474
            ],
            [
              73.93131578947367,
              18.510263157894737
            ],
            [
              73.92131578947368,
              18.510263157894737
            ],
            [
              73.92131578947368,
              18.50026315789474
            ]
          ]
        ]
      },
      "properties": {
        "cell_id": "R10C12",
        "row": 10,
        "col": 12,
        "week": 1,
        "week_label": "Wk1",
        "date_start": "2024-06-01",
        "date_end": "2024-06-07",
        "phase": "pre",
        "avg_risk": 0.0682,
        "avg_gt": 0.0394,
        "risk_category": 0,
        "risk_category_label": "Low"
      }
    },
    {
      "type": "Feature",
      "geometry": {
        "type": "Polygon",
        "coordinates": [
          [
            [
              73.93184210526316,
              18.50026315789474
            ],
            [
              73.94184210526315,
              18.50026315789474
            ],
            [
              73.94184210526315,
              18.510263157894737
            ],
            [
              73.93184210526316,
              18.510263157894737
            ],
            [
              73.93184210526316,
              18.50026315789474
            ]
          ]
        ]
      },
      "properties": {
        "cell_id": "R10C13",
        "row": 10,
        "col": 13,
        "week": 1,
        "week_label": "Wk1",
        "date_start": "2024-06-01",
        "date_end": "2024-06-07",
        "phase": "pre",
        "avg_risk": 0.0645,
        "avg_gt": 0.0737,
        "risk_category": 0,
        "risk_category_label": "Low"
      }
    },
    {
      "type": "Feature",
      "geometry": {
        "type": "Polygon",
        "coordinates": [
          [
            [
              73.94236842105263,
              18.50026315789474
            ],
            [
              73.95236842105263,
              18.50026315789474
            ],
            [
              73.95236842105263,
              18.510263157894737
            ],
            [
              73.94236842105263,
              18.510263157894737
            ],
            [
              73.94236842105263,
              18.50026315789474
            ]
          ]
        ]
      },
      "properties": {
        "cell_id": "R10C14",
        "row": 10,
        "col": 14,
        "week": 1,
        "week_label": "Wk1",
        "date_start": "2024-06-01",
        "date_end": "2024-06-07",
        "phase": "pre",
        "avg_risk": 0.0676,
        "avg_gt": 0.1073,
        "risk_category": 0,
        "risk_category_label": "Low"
      }
    },
    {
      "type": "Feature",
      "geometry": {
        "type": "Polygon",
        "coordinates": [
          [
            [
              73.95289473684211,
              18.50026315789474
            ],
            [
              73.9628947368421,
              18.50026315789474
            ],
            [
              73.9628947368421,
              18.510263157894737
            ],
            [
              73.95289473684211,
              18.510263157894737
            ],
            [
              73.95289473684211,
              18.50026315789474
            ]
          ]
        ]
      },
      "properties": {
        "cell_id": "R10C15",
        "row": 10,
        "col": 15,
        "week": 1,
        "week_label": "Wk1",
        "date_start": "2024-06-01",
        "date_end": "2024-06-07",
        "phase": "pre",
        "avg_risk": 0.0822,
        "avg_gt": 0.1217,
        "risk_category": 0,
        "risk_category_label": "Low"
      }
    },
    {
      "type": "Feature",
      "geometry": {
        "type": "Polygon",
        "coordinates": [
          [
            [
              73.96342105263159,
              18.50026315789474
            ],
            [
              73.97342105263158,
              18.50026315789474
            ],
            [
              73.97342105263158,
              18.510263157894737
            ],
            [
              73.96342105263159,
              18.510263157894737
            ],
            [
              73.96342105263159,
              18.50026315789474
            ]
          ]
        ]
      },
      "properties": {
        "cell_id": "R10C16",
        "row": 10,
        "col": 16,
        "week": 1,
        "week_label": "Wk1",
        "date_start": "2024-06-01",
        "date_end": "2024-06-07",
        "phase": "pre",
        "avg_risk": 0.0908,
        "avg_gt": 0.1073,
        "risk_category": 0,
        "risk_category_label": "Low"
      }
    },
    {
      "type": "Feature",
      "geometry": {
        "type": "Polygon",
        "coordinates": [
          [
            [
              73.97394736842105,
              18.50026315789474
            ],
            [
              73.98394736842104,
              18.50026315789474
            ],
            [
              73.98394736842104,
              18.510263157894737
            ],
            [
              73.97394736842105,
              18.510263157894737
            ],
            [
              73.97394736842105,
              18.50026315789474
            ]
          ]
        ]
      },
      "properties": {
        "cell_id": "R10C17",
        "row": 10,
        "col": 17,
        "week": 1,
        "week_label": "Wk1",
        "date_start": "2024-06-01",
        "date_end": "2024-06-07",
        "phase": "pre",
        "avg_risk": 0.0992,
        "avg_gt": 0.0737,
        "risk_category": 0,
        "risk_category_label": "Low"
      }
    },
    {
      "type": "Feature",
      "geometry": {
        "type": "Polygon",
        "coordinates": [
          [
            [
              73.98447368421053,
              18.50026315789474
            ],
            [
              73.99447368421052,
              18.50026315789474
            ],
            [
              73.99447368421052,
              18.510263157894737
            ],
            [
              73.98447368421053,
              18.510263157894737
            ],
            [
              73.98447368421053,
              18.50026315789474
            ]
          ]
        ]
      },
      "properties": {
        "cell_id": "R10C18",
        "row": 10,
        "col": 18,
        "week": 1,
        "week_label": "Wk1",
        "date_start": "2024-06-01",
        "date_end": "2024-06-07",
        "phase": "pre",
        "avg_risk": 0.1143,
        "avg_gt": 0.0394,
        "risk_category": 0,
        "risk_category_label": "Low"
      }
    },
    {
      "type": "Feature",
      "geometry": {
        "type": "Polygon",
        "coordinates": [
          [
            [
              73.995,
              18.50026315789474
            ],
            [
              74.005,
              18.50026315789474
            ],
            [
              74.005,
              18.510263157894737
            ],
            [
              73.995,
              18.510263157894737
            ],
            [
              73.995,
              18.50026315789474
            ]
          ]
        ]
      },
      "properties": {
        "cell_id": "R10C19",
        "row": 10,
        "col": 19,
        "week": 1,
        "week_label": "Wk1",
        "date_start": "2024-06-01",
        "date_end": "2024-06-07",
        "phase": "pre",
        "avg_risk": 0.111,
        "avg_gt": 0.0163,
        "risk_category": 0,
        "risk_category_label": "Low"
      }
    },
    {
      "type": "Feature",
      "geometry": {
        "type": "Polygon",
        "coordinates": [
          [
            [
              73.795,
              18.510789473684213
            ],
            [
              73.80499999999999,
              18.510789473684213
            ],
            [
              73.80499999999999,
              18.52078947368421
            ],
            [
              73.795,
              18.52078947368421
            ],
            [
              73.795,
              18.510789473684213
            ]
          ]
        ]
      },
      "properties": {
        "cell_id": "R11C00",
        "row": 11,
        "col": 0,
        "week": 1,
        "week_label": "Wk1",
        "date_start": "2024-06-01",
        "date_end": "2024-06-07",
        "phase": "pre",
        "avg_risk": 0.0591,
        "avg_gt": 0.0005,
        "risk_category": 0,
        "risk_category_label": "Low"
      }
    },
    {
      "type": "Feature",
      "geometry": {
        "type": "Polygon",
        "coordinates": [
          [
            [
              73.80552631578948,
              18.510789473684213
            ],
            [
              73.81552631578947,
              18.510789473684213
            ],
            [
              73.81552631578947,
              18.52078947368421
            ],
            [
              73.80552631578948,
              18.52078947368421
            ],
            [
              73.80552631578948,
              18.510789473684213
            ]
          ]
        ]
      },
      "properties": {
        "cell_id": "R11C01",
        "row": 11,
        "col": 1,
        "week": 1,
        "week_label": "Wk1",
        "date_start": "2024-06-01",
        "date_end": "2024-06-07",
        "phase": "pre",
        "avg_risk": 0.0724,
        "avg_gt": 0.0014,
        "risk_category": 0,
        "risk_category_label": "Low"
      }
    },
    {
      "type": "Feature",
      "geometry": {
        "type": "Polygon",
        "coordinates": [
          [
            [
              73.81605263157896,
              18.510789473684213
            ],
            [
              73.82605263157895,
              18.510789473684213
            ],
            [
              73.82605263157895,
              18.52078947368421
            ],
            [
              73.81605263157896,
              18.52078947368421
            ],
            [
              73.81605263157896,
              18.510789473684213
            ]
          ]
        ]
      },
      "properties": {
        "cell_id": "R11C02",
        "row": 11,
        "col": 2,
        "week": 1,
        "week_label": "Wk1",
        "date_start": "2024-06-01",
        "date_end": "2024-06-07",
        "phase": "pre",
        "avg_risk": 0.0837,
        "avg_gt": 0.0026,
        "risk_category": 0,
        "risk_category_label": "Low"
      }
    },
    {
      "type": "Feature",
      "geometry": {
        "type": "Polygon",
        "coordinates": [
          [
            [
              73.82657894736842,
              18.510789473684213
            ],
            [
              73.83657894736841,
              18.510789473684213
            ],
            [
              73.83657894736841,
              18.52078947368421
            ],
            [
              73.82657894736842,
              18.52078947368421
            ],
            [
              73.82657894736842,
              18.510789473684213
            ]
          ]
        ]
      },
      "properties": {
        "cell_id": "R11C03",
        "row": 11,
        "col": 3,
        "week": 1,
        "week_label": "Wk1",
        "date_start": "2024-06-01",
        "date_end": "2024-06-07",
        "phase": "pre",
        "avg_risk": 0.1189,
        "avg_gt": 0.0034,
        "risk_category": 0,
        "risk_category_label": "Low"
      }
    },
    {
      "type": "Feature",
      "geometry": {
        "type": "Polygon",
        "coordinates": [
          [
            [
              73.8371052631579,
              18.510789473684213
            ],
            [
              73.84710526315789,
              18.510789473684213
            ],
            [
              73.84710526315789,
              18.52078947368421
            ],
            [
              73.8371052631579,
              18.52078947368421
            ],
            [
              73.8371052631579,
              18.510789473684213
            ]
          ]
        ]
      },
      "properties": {
        "cell_id": "R11C04",
        "row": 11,
        "col": 4,
        "week": 1,
        "week_label": "Wk1",
        "date_start": "2024-06-01",
        "date_end": "2024-06-07",
        "phase": "pre",
        "avg_risk": 0.1419,
        "avg_gt": 0.0034,
        "risk_category": 0,
        "risk_category_label": "Low"
      }
    },
    {
      "type": "Feature",
      "geometry": {
        "type": "Polygon",
        "coordinates": [
          [
            [
              73.84763157894737,
              18.510789473684213
            ],
            [
              73.85763157894736,
              18.510789473684213
            ],
            [
              73.85763157894736,
              18.52078947368421
            ],
            [
              73.84763157894737,
              18.52078947368421
            ],
            [
              73.84763157894737,
              18.510789473684213
            ]
          ]
        ]
      },
      "properties": {
        "cell_id": "R11C05",
        "row": 11,
        "col": 5,
        "week": 1,
        "week_label": "Wk1",
        "date_start": "2024-06-01",
        "date_end": "2024-06-07",
        "phase": "pre",
        "avg_risk": 0.1999,
        "avg_gt": 0.0026,
        "risk_category": 1,
        "risk_category_label": "Medium"
      }
    },
    {
      "type": "Feature",
      "geometry": {
        "type": "Polygon",
        "coordinates": [
          [
            [
              73.85815789473685,
              18.510789473684213
            ],
            [
              73.86815789473684,
              18.510789473684213
            ],
            [
              73.86815789473684,
              18.52078947368421
            ],
            [
              73.85815789473685,
              18.52078947368421
            ],
            [
              73.85815789473685,
              18.510789473684213
            ]
          ]
        ]
      },
      "properties": {
        "cell_id": "R11C06",
        "row": 11,
        "col": 6,
        "week": 1,
        "week_label": "Wk1",
        "date_start": "2024-06-01",
        "date_end": "2024-06-07",
        "phase": "pre",
        "avg_risk": 0.2228,
        "avg_gt": 0.0016,
        "risk_category": 1,
        "risk_category_label": "Medium"
      }
    },
    {
      "type": "Feature",
      "geometry": {
        "type": "Polygon",
        "coordinates": [
          [
            [
              73.86868421052633,
              18.510789473684213
            ],
            [
              73.87868421052632,
              18.510789473684213
            ],
            [
              73.87868421052632,
              18.52078947368421
            ],
            [
              73.86868421052633,
              18.52078947368421
            ],
            [
              73.86868421052633,
              18.510789473684213
            ]
          ]
        ]
      },
      "properties": {
        "cell_id": "R11C07",
        "row": 11,
        "col": 7,
        "week": 1,
        "week_label": "Wk1",
        "date_start": "2024-06-01",
        "date_end": "2024-06-07",
        "phase": "pre",
        "avg_risk": 0.1669,
        "avg_gt": 0.0008,
        "risk_category": 1,
        "risk_category_label": "Medium"
      }
    },
    {
      "type": "Feature",
      "geometry": {
        "type": "Polygon",
        "coordinates": [
          [
            [
              73.87921052631579,
              18.510789473684213
            ],
            [
              73.88921052631578,
              18.510789473684213
            ],
            [
              73.88921052631578,
              18.52078947368421
            ],
            [
              73.87921052631579,
              18.52078947368421
            ],
            [
              73.87921052631579,
              18.510789473684213
            ]
          ]
        ]
      },
      "properties": {
        "cell_id": "R11C08",
        "row": 11,
        "col": 8,
        "week": 1,
        "week_label": "Wk1",
        "date_start": "2024-06-01",
        "date_end": "2024-06-07",
        "phase": "pre",
        "avg_risk": 0.1582,
        "avg_gt": 0.0008,
        "risk_category": 1,
        "risk_category_label": "Medium"
      }
    },
    {
      "type": "Feature",
      "geometry": {
        "type": "Polygon",
        "coordinates": [
          [
            [
              73.88973684210526,
              18.510789473684213
            ],
            [
              73.89973684210526,
              18.510789473684213
            ],
            [
              73.89973684210526,
              18.52078947368421
            ],
            [
              73.88973684210526,
              18.52078947368421
            ],
            [
              73.88973684210526,
              18.510789473684213
            ]
          ]
        ]
      },
      "properties": {
        "cell_id": "R11C09",
        "row": 11,
        "col": 9,
        "week": 1,
        "week_label": "Wk1",
        "date_start": "2024-06-01",
        "date_end": "2024-06-07",
        "phase": "pre",
        "avg_risk": 0.0922,
        "avg_gt": 0.0032,
        "risk_category": 0,
        "risk_category_label": "Low"
      }
    },
    {
      "type": "Feature",
      "geometry": {
        "type": "Polygon",
        "coordinates": [
          [
            [
              73.90026315789474,
              18.510789473684213
            ],
            [
              73.91026315789473,
              18.510789473684213
            ],
            [
              73.91026315789473,
              18.52078947368421
            ],
            [
              73.90026315789474,
              18.52078947368421
            ],
            [
              73.90026315789474,
              18.510789473684213
            ]
          ]
        ]
      },
      "properties": {
        "cell_id": "R11C10",
        "row": 11,
        "col": 10,
        "week": 1,
        "week_label": "Wk1",
        "date_start": "2024-06-01",
        "date_end": "2024-06-07",
        "phase": "pre",
        "avg_risk": 0.081,
        "avg_gt": 0.0127,
        "risk_category": 0,
        "risk_category_label": "Low"
      }
    },
    {
      "type": "Feature",
      "geometry": {
        "type": "Polygon",
        "coordinates": [
          [
            [
              73.91078947368422,
              18.510789473684213
            ],
            [
              73.92078947368421,
              18.510789473684213
            ],
            [
              73.92078947368421,
              18.52078947368421
            ],
            [
              73.91078947368422,
              18.52078947368421
            ],
            [
              73.91078947368422,
              18.510789473684213
            ]
          ]
        ]
      },
      "properties": {
        "cell_id": "R11C11",
        "row": 11,
        "col": 11,
        "week": 1,
        "week_label": "Wk1",
        "date_start": "2024-06-01",
        "date_end": "2024-06-07",
        "phase": "pre",
        "avg_risk": 0.0657,
        "avg_gt": 0.0394,
        "risk_category": 0,
        "risk_category_label": "Low"
      }
    },
    {
      "type": "Feature",
      "geometry": {
        "type": "Polygon",
        "coordinates": [
          [
            [
              73.92131578947368,
              18.510789473684213
            ],
            [
              73.93131578947367,
              18.510789473684213
            ],
            [
              73.93131578947367,
              18.52078947368421
            ],
            [
              73.92131578947368,
              18.52078947368421
            ],
            [
              73.92131578947368,
              18.510789473684213
            ]
          ]
        ]
      },
      "properties": {
        "cell_id": "R11C12",
        "row": 11,
        "col": 12,
        "week": 1,
        "week_label": "Wk1",
        "date_start": "2024-06-01",
        "date_end": "2024-06-07",
        "phase": "pre",
        "avg_risk": 0.071,
        "avg_gt": 0.0947,
        "risk_category": 0,
        "risk_category_label": "Low"
      }
    },
    {
      "type": "Feature",
      "geometry": {
        "type": "Polygon",
        "coordinates": [
          [
            [
              73.93184210526316,
              18.510789473684213
            ],
            [
              73.94184210526315,
              18.510789473684213
            ],
            [
              73.94184210526315,
              18.52078947368421
            ],
            [
              73.93184210526316,
              18.52078947368421
            ],
            [
              73.93184210526316,
              18.510789473684213
            ]
          ]
        ]
      },
      "properties": {
        "cell_id": "R11C13",
        "row": 11,
        "col": 13,
        "week": 1,
        "week_label": "Wk1",
        "date_start": "2024-06-01",
        "date_end": "2024-06-07",
        "phase": "pre",
        "avg_risk": 0.0602,
        "avg_gt": 0.1771,
        "risk_category": 0,
        "risk_category_label": "Low"
      }
    },
    {
      "type": "Feature",
      "geometry": {
        "type": "Polygon",
        "coordinates": [
          [
            [
              73.94236842105263,
              18.510789473684213
            ],
            [
              73.95236842105263,
              18.510789473684213
            ],
            [
              73.95236842105263,
              18.52078947368421
            ],
            [
              73.94236842105263,
              18.52078947368421
            ],
            [
              73.94236842105263,
              18.510789473684213
            ]
          ]
        ]
      },
      "properties": {
        "cell_id": "R11C14",
        "row": 11,
        "col": 14,
        "week": 1,
        "week_label": "Wk1",
        "date_start": "2024-06-01",
        "date_end": "2024-06-07",
        "phase": "pre",
        "avg_risk": 0.083,
        "avg_gt": 0.2577,
        "risk_category": 0,
        "risk_category_label": "Low"
      }
    },
    {
      "type": "Feature",
      "geometry": {
        "type": "Polygon",
        "coordinates": [
          [
            [
              73.95289473684211,
              18.510789473684213
            ],
            [
              73.9628947368421,
              18.510789473684213
            ],
            [
              73.9628947368421,
              18.52078947368421
            ],
            [
              73.95289473684211,
              18.52078947368421
            ],
            [
              73.95289473684211,
              18.510789473684213
            ]
          ]
        ]
      },
      "properties": {
        "cell_id": "R11C15",
        "row": 11,
        "col": 15,
        "week": 1,
        "week_label": "Wk1",
        "date_start": "2024-06-01",
        "date_end": "2024-06-07",
        "phase": "pre",
        "avg_risk": 0.0914,
        "avg_gt": 0.2921,
        "risk_category": 0,
        "risk_category_label": "Low"
      }
    },
    {
      "type": "Feature",
      "geometry": {
        "type": "Polygon",
        "coordinates": [
          [
            [
              73.96342105263159,
              18.510789473684213
            ],
            [
              73.97342105263158,
              18.510789473684213
            ],
            [
              73.97342105263158,
              18.52078947368421
            ],
            [
              73.96342105263159,
              18.52078947368421
            ],
            [
              73.96342105263159,
              18.510789473684213
            ]
          ]
        ]
      },
      "properties": {
        "cell_id": "R11C16",
        "row": 11,
        "col": 16,
        "week": 1,
        "week_label": "Wk1",
        "date_start": "2024-06-01",
        "date_end": "2024-06-07",
        "phase": "pre",
        "avg_risk": 0.0973,
        "avg_gt": 0.2577,
        "risk_category": 0,
        "risk_category_label": "Low"
      }
    },
    {
      "type": "Feature",
      "geometry": {
        "type": "Polygon",
        "coordinates": [
          [
            [
              73.97394736842105,
              18.510789473684213
            ],
            [
              73.98394736842104,
              18.510789473684213
            ],
            [
              73.98394736842104,
              18.52078947368421
            ],
            [
              73.97394736842105,
              18.52078947368421
            ],
            [
              73.97394736842105,
              18.510789473684213
            ]
          ]
        ]
      },
      "properties": {
        "cell_id": "R11C17",
        "row": 11,
        "col": 17,
        "week": 1,
        "week_label": "Wk1",
        "date_start": "2024-06-01",
        "date_end": "2024-06-07",
        "phase": "pre",
        "avg_risk": 0.093,
        "avg_gt": 0.1771,
        "risk_category": 0,
        "risk_category_label": "Low"
      }
    },
    {
      "type": "Feature",
      "geometry": {
        "type": "Polygon",
        "coordinates": [
          [
            [
              73.98447368421053,
              18.510789473684213
            ],
            [
              73.99447368421052,
              18.510789473684213
            ],
            [
              73.99447368421052,
              18.52078947368421
            ],
            [
              73.98447368421053,
              18.52078947368421
            ],
            [
              73.98447368421053,
              18.510789473684213
            ]
          ]
        ]
      },
      "properties": {
        "cell_id": "R11C18",
        "row": 11,
        "col": 18,
        "week": 1,
        "week_label": "Wk1",
        "date_start": "2024-06-01",
        "date_end": "2024-06-07",
        "phase": "pre",
        "avg_risk": 0.1169,
        "avg_gt": 0.0947,
        "risk_category": 0,
        "risk_category_label": "Low"
      }
    },
    {
      "type": "Feature",
      "geometry": {
        "type": "Polygon",
        "coordinates": [
          [
            [
              73.995,
              18.510789473684213
            ],
            [
              74.005,
              18.510789473684213
            ],
            [
              74.005,
              18.52078947368421
            ],
            [
              73.995,
              18.52078947368421
            ],
            [
              73.995,
              18.510789473684213
            ]
          ]
        ]
      },
      "properties": {
        "cell_id": "R11C19",
        "row": 11,
        "col": 19,
        "week": 1,
        "week_label": "Wk1",
        "date_start": "2024-06-01",
        "date_end": "2024-06-07",
        "phase": "pre",
        "avg_risk": 0.1131,
        "avg_gt": 0.0394,
        "risk_category": 0,
        "risk_category_label": "Low"
      }
    },
    {
      "type": "Feature",
      "geometry": {
        "type": "Polygon",
        "coordinates": [
          [
            [
              73.795,
              18.521315789473686
            ],
            [
              73.80499999999999,
              18.521315789473686
            ],
            [
              73.80499999999999,
              18.531315789473684
            ],
            [
              73.795,
              18.531315789473684
            ],
            [
              73.795,
              18.521315789473686
            ]
          ]
        ]
      },
      "properties": {
        "cell_id": "R12C00",
        "row": 12,
        "col": 0,
        "week": 1,
        "week_label": "Wk1",
        "date_start": "2024-06-01",
        "date_end": "2024-06-07",
        "phase": "pre",
        "avg_risk": 0.0668,
        "avg_gt": 0.0021,
        "risk_category": 0,
        "risk_category_label": "Low"
      }
    },
    {
      "type": "Feature",
      "geometry": {
        "type": "Polygon",
        "coordinates": [
          [
            [
              73.80552631578948,
              18.521315789473686
            ],
            [
              73.81552631578947,
              18.521315789473686
            ],
            [
              73.81552631578947,
              18.531315789473684
            ],
            [
              73.80552631578948,
              18.531315789473684
            ],
            [
              73.80552631578948,
              18.521315789473686
            ]
          ]
        ]
      },
      "properties": {
        "cell_id": "R12C01",
        "row": 12,
        "col": 1,
        "week": 1,
        "week_label": "Wk1",
        "date_start": "2024-06-01",
        "date_end": "2024-06-07",
        "phase": "pre",
        "avg_risk": 0.0586,
        "avg_gt": 0.0047,
        "risk_category": 0,
        "risk_category_label": "Low"
      }
    },
    {
      "type": "Feature",
      "geometry": {
        "type": "Polygon",
        "coordinates": [
          [
            [
              73.81605263157896,
              18.521315789473686
            ],
            [
              73.82605263157895,
              18.521315789473686
            ],
            [
              73.82605263157895,
              18.531315789473684
            ],
            [
              73.81605263157896,
              18.531315789473684
            ],
            [
              73.81605263157896,
              18.521315789473686
            ]
          ]
        ]
      },
      "properties": {
        "cell_id": "R12C02",
        "row": 12,
        "col": 2,
        "week": 1,
        "week_label": "Wk1",
        "date_start": "2024-06-01",
        "date_end": "2024-06-07",
        "phase": "pre",
        "avg_risk": 0.0728,
        "avg_gt": 0.0076,
        "risk_category": 0,
        "risk_category_label": "Low"
      }
    },
    {
      "type": "Feature",
      "geometry": {
        "type": "Polygon",
        "coordinates": [
          [
            [
              73.82657894736842,
              18.521315789473686
            ],
            [
              73.83657894736841,
              18.521315789473686
            ],
            [
              73.83657894736841,
              18.531315789473684
            ],
            [
              73.82657894736842,
              18.531315789473684
            ],
            [
              73.82657894736842,
              18.521315789473686
            ]
          ]
        ]
      },
      "properties": {
        "cell_id": "R12C03",
        "row": 12,
        "col": 3,
        "week": 1,
        "week_label": "Wk1",
        "date_start": "2024-06-01",
        "date_end": "2024-06-07",
        "phase": "pre",
        "avg_risk": 0.092,
        "avg_gt": 0.009,
        "risk_category": 0,
        "risk_category_label": "Low"
      }
    },
    {
      "type": "Feature",
      "geometry": {
        "type": "Polygon",
        "coordinates": [
          [
            [
              73.8371052631579,
              18.521315789473686
            ],
            [
              73.84710526315789,
              18.521315789473686
            ],
            [
              73.84710526315789,
              18.531315789473684
            ],
            [
              73.8371052631579,
              18.531315789473684
            ],
            [
              73.8371052631579,
              18.521315789473686
            ]
          ]
        ]
      },
      "properties": {
        "cell_id": "R12C04",
        "row": 12,
        "col": 4,
        "week": 1,
        "week_label": "Wk1",
        "date_start": "2024-06-01",
        "date_end": "2024-06-07",
        "phase": "pre",
        "avg_risk": 0.1238,
        "avg_gt": 0.0078,
        "risk_category": 0,
        "risk_category_label": "Low"
      }
    },
    {
      "type": "Feature",
      "geometry": {
        "type": "Polygon",
        "coordinates": [
          [
            [
              73.84763157894737,
              18.521315789473686
            ],
            [
              73.85763157894736,
              18.521315789473686
            ],
            [
              73.85763157894736,
              18.531315789473684
            ],
            [
              73.84763157894737,
              18.531315789473684
            ],
            [
              73.84763157894737,
              18.521315789473686
            ]
          ]
        ]
      },
      "properties": {
        "cell_id": "R12C05",
        "row": 12,
        "col": 5,
        "week": 1,
        "week_label": "Wk1",
        "date_start": "2024-06-01",
        "date_end": "2024-06-07",
        "phase": "pre",
        "avg_risk": 0.142,
        "avg_gt": 0.0049,
        "risk_category": 0,
        "risk_category_label": "Low"
      }
    },
    {
      "type": "Feature",
      "geometry": {
        "type": "Polygon",
        "coordinates": [
          [
            [
              73.85815789473685,
              18.521315789473686
            ],
            [
              73.86815789473684,
              18.521315789473686
            ],
            [
              73.86815789473684,
              18.531315789473684
            ],
            [
              73.85815789473685,
              18.531315789473684
            ],
            [
              73.85815789473685,
              18.521315789473686
            ]
          ]
        ]
      },
      "properties": {
        "cell_id": "R12C06",
        "row": 12,
        "col": 6,
        "week": 1,
        "week_label": "Wk1",
        "date_start": "2024-06-01",
        "date_end": "2024-06-07",
        "phase": "pre",
        "avg_risk": 0.1655,
        "avg_gt": 0.0023,
        "risk_category": 1,
        "risk_category_label": "Medium"
      }
    },
    {
      "type": "Feature",
      "geometry": {
        "type": "Polygon",
        "coordinates": [
          [
            [
              73.86868421052633,
              18.521315789473686
            ],
            [
              73.87868421052632,
              18.521315789473686
            ],
            [
              73.87868421052632,
              18.531315789473684
            ],
            [
              73.86868421052633,
              18.531315789473684
            ],
            [
              73.86868421052633,
              18.521315789473686
            ]
          ]
        ]
      },
      "properties": {
        "cell_id": "R12C07",
        "row": 12,
        "col": 7,
        "week": 1,
        "week_label": "Wk1",
        "date_start": "2024-06-01",
        "date_end": "2024-06-07",
        "phase": "pre",
        "avg_risk": 0.1449,
        "avg_gt": 0.0009,
        "risk_category": 0,
        "risk_category_label": "Low"
      }
    },
    {
      "type": "Feature",
      "geometry": {
        "type": "Polygon",
        "coordinates": [
          [
            [
              73.87921052631579,
              18.521315789473686
            ],
            [
              73.88921052631578,
              18.521315789473686
            ],
            [
              73.88921052631578,
              18.531315789473684
            ],
            [
              73.87921052631579,
              18.531315789473684
            ],
            [
              73.87921052631579,
              18.521315789473686
            ]
          ]
        ]
      },
      "properties": {
        "cell_id": "R12C08",
        "row": 12,
        "col": 8,
        "week": 1,
        "week_label": "Wk1",
        "date_start": "2024-06-01",
        "date_end": "2024-06-07",
        "phase": "pre",
        "avg_risk": 0.0987,
        "avg_gt": 0.0013,
        "risk_category": 0,
        "risk_category_label": "Low"
      }
    },
    {
      "type": "Feature",
      "geometry": {
        "type": "Polygon",
        "coordinates": [
          [
            [
              73.88973684210526,
              18.521315789473686
            ],
            [
              73.89973684210526,
              18.521315789473686
            ],
            [
              73.89973684210526,
              18.531315789473684
            ],
            [
              73.88973684210526,
              18.531315789473684
            ],
            [
              73.88973684210526,
              18.521315789473686
            ]
          ]
        ]
      },
      "properties": {
        "cell_id": "R12C09",
        "row": 12,
        "col": 9,
        "week": 1,
        "week_label": "Wk1",
        "date_start": "2024-06-01",
        "date_end": "2024-06-07",
        "phase": "pre",
        "avg_risk": 0.0756,
        "avg_gt": 0.006,
        "risk_category": 0,
        "risk_category_label": "Low"
      }
    },
    {
      "type": "Feature",
      "geometry": {
        "type": "Polygon",
        "coordinates": [
          [
            [
              73.90026315789474,
              18.521315789473686
            ],
            [
              73.91026315789473,
              18.521315789473686
            ],
            [
              73.91026315789473,
              18.531315789473684
            ],
            [
              73.90026315789474,
              18.531315789473684
            ],
            [
              73.90026315789474,
              18.521315789473686
            ]
          ]
        ]
      },
      "properties": {
        "cell_id": "R12C10",
        "row": 12,
        "col": 10,
        "week": 1,
        "week_label": "Wk1",
        "date_start": "2024-06-01",
        "date_end": "2024-06-07",
        "phase": "pre",
        "avg_risk": 0.0612,
        "avg_gt": 0.0238,
        "risk_category": 0,
        "risk_category_label": "Low"
      }
    },
    {
      "type": "Feature",
      "geometry": {
        "type": "Polygon",
        "coordinates": [
          [
            [
              73.91078947368422,
              18.521315789473686
            ],
            [
              73.92078947368421,
              18.521315789473686
            ],
            [
              73.92078947368421,
              18.531315789473684
            ],
            [
              73.91078947368422,
              18.531315789473684
            ],
            [
              73.91078947368422,
              18.521315789473686
            ]
          ]
        ]
      },
      "properties": {
        "cell_id": "R12C11",
        "row": 12,
        "col": 11,
        "week": 1,
        "week_label": "Wk1",
        "date_start": "2024-06-01",
        "date_end": "2024-06-07",
        "phase": "pre",
        "avg_risk": 0.05,
        "avg_gt": 0.0737,
        "risk_category": 0,
        "risk_category_label": "Low"
      }
    },
    {
      "type": "Feature",
      "geometry": {
        "type": "Polygon",
        "coordinates": [
          [
            [
              73.92131578947368,
              18.521315789473686
            ],
            [
              73.93131578947367,
              18.521315789473686
            ],
            [
              73.93131578947367,
              18.531315789473684
            ],
            [
              73.92131578947368,
              18.531315789473684
            ],
            [
              73.92131578947368,
              18.521315789473686
            ]
          ]
        ]
      },
      "properties": {
        "cell_id": "R12C12",
        "row": 12,
        "col": 12,
        "week": 1,
        "week_label": "Wk1",
        "date_start": "2024-06-01",
        "date_end": "2024-06-07",
        "phase": "pre",
        "avg_risk": 0.0665,
        "avg_gt": 0.1771,
        "risk_category": 0,
        "risk_category_label": "Low"
      }
    },
    {
      "type": "Feature",
      "geometry": {
        "type": "Polygon",
        "coordinates": [
          [
            [
              73.93184210526316,
              18.521315789473686
            ],
            [
              73.94184210526315,
              18.521315789473686
            ],
            [
              73.94184210526315,
              18.531315789473684
            ],
            [
              73.93184210526316,
              18.531315789473684
            ],
            [
              73.93184210526316,
              18.521315789473686
            ]
          ]
        ]
      },
      "properties": {
        "cell_id": "R12C13",
        "row": 12,
        "col": 13,
        "week": 1,
        "week_label": "Wk1",
        "date_start": "2024-06-01",
        "date_end": "2024-06-07",
        "phase": "pre",
        "avg_risk": 0.078,
        "avg_gt": 0.331,
        "risk_category": 0,
        "risk_category_label": "Low"
      }
    },
    {
      "type": "Feature",
      "geometry": {
        "type": "Polygon",
        "coordinates": [
          [
            [
              73.94236842105263,
              18.521315789473686
            ],
            [
              73.95236842105263,
              18.521315789473686
            ],
            [
              73.95236842105263,
              18.531315789473684
            ],
            [
              73.94236842105263,
              18.531315789473684
            ],
            [
              73.94236842105263,
              18.521315789473686
            ]
          ]
        ]
      },
      "properties": {
        "cell_id": "R12C14",
        "row": 12,
        "col": 14,
        "week": 1,
        "week_label": "Wk1",
        "date_start": "2024-06-01",
        "date_end": "2024-06-07",
        "phase": "pre",
        "avg_risk": 0.0781,
        "avg_gt": 0.4817,
        "risk_category": 0,
        "risk_category_label": "Low"
      }
    },
    {
      "type": "Feature",
      "geometry": {
        "type": "Polygon",
        "coordinates": [
          [
            [
              73.95289473684211,
              18.521315789473686
            ],
            [
              73.9628947368421,
              18.521315789473686
            ],
            [
              73.9628947368421,
              18.531315789473684
            ],
            [
              73.95289473684211,
              18.531315789473684
            ],
            [
              73.95289473684211,
              18.521315789473686
            ]
          ]
        ]
      },
      "properties": {
        "cell_id": "R12C15",
        "row": 12,
        "col": 15,
        "week": 1,
        "week_label": "Wk1",
        "date_start": "2024-06-01",
        "date_end": "2024-06-07",
        "phase": "pre",
        "avg_risk": 0.0814,
        "avg_gt": 0.5458,
        "risk_category": 0,
        "risk_category_label": "Low"
      }
    },
    {
      "type": "Feature",
      "geometry": {
        "type": "Polygon",
        "coordinates": [
          [
            [
              73.96342105263159,
              18.521315789473686
            ],
            [
              73.97342105263158,
              18.521315789473686
            ],
            [
              73.97342105263158,
              18.531315789473684
            ],
            [
              73.96342105263159,
              18.531315789473684
            ],
            [
              73.96342105263159,
              18.521315789473686
            ]
          ]
        ]
      },
      "properties": {
        "cell_id": "R12C16",
        "row": 12,
        "col": 16,
        "week": 1,
        "week_label": "Wk1",
        "date_start": "2024-06-01",
        "date_end": "2024-06-07",
        "phase": "pre",
        "avg_risk": 0.1012,
        "avg_gt": 0.4817,
        "risk_category": 0,
        "risk_category_label": "Low"
      }
    },
    {
      "type": "Feature",
      "geometry": {
        "type": "Polygon",
        "coordinates": [
          [
            [
              73.97394736842105,
              18.521315789473686
            ],
            [
              73.98394736842104,
              18.521315789473686
            ],
            [
              73.98394736842104,
              18.531315789473684
            ],
            [
              73.97394736842105,
              18.531315789473684
            ],
            [
              73.97394736842105,
              18.521315789473686
            ]
          ]
        ]
      },
      "properties": {
        "cell_id": "R12C17",
        "row": 12,
        "col": 17,
        "week": 1,
        "week_label": "Wk1",
        "date_start": "2024-06-01",
        "date_end": "2024-06-07",
        "phase": "pre",
        "avg_risk": 0.1117,
        "avg_gt": 0.331,
        "risk_category": 0,
        "risk_category_label": "Low"
      }
    },
    {
      "type": "Feature",
      "geometry": {
        "type": "Polygon",
        "coordinates": [
          [
            [
              73.98447368421053,
              18.521315789473686
            ],
            [
              73.99447368421052,
              18.521315789473686
            ],
            [
              73.99447368421052,
              18.531315789473684
            ],
            [
              73.98447368421053,
              18.531315789473684
            ],
            [
              73.98447368421053,
              18.521315789473686
            ]
          ]
        ]
      },
      "properties": {
        "cell_id": "R12C18",
        "row": 12,
        "col": 18,
        "week": 1,
        "week_label": "Wk1",
        "date_start": "2024-06-01",
        "date_end": "2024-06-07",
        "phase": "pre",
        "avg_risk": 0.1085,
        "avg_gt": 0.1771,
        "risk_category": 0,
        "risk_category_label": "Low"
      }
    },
    {
      "type": "Feature",
      "geometry": {
        "type": "Polygon",
        "coordinates": [
          [
            [
              73.995,
              18.521315789473686
            ],
            [
              74.005,
              18.521315789473686
            ],
            [
              74.005,
              18.531315789473684
            ],
            [
              73.995,
              18.531315789473684
            ],
            [
              73.995,
              18.521315789473686
            ]
          ]
        ]
      },
      "properties": {
        "cell_id": "R12C19",
        "row": 12,
        "col": 19,
        "week": 1,
        "week_label": "Wk1",
        "date_start": "2024-06-01",
        "date_end": "2024-06-07",
        "phase": "pre",
        "avg_risk": 0.1418,
        "avg_gt": 0.0737,
        "risk_category": 0,
        "risk_category_label": "Low"
      }
    },
    {
      "type": "Feature",
      "geometry": {
        "type": "Polygon",
        "coordinates": [
          [
            [
              73.795,
              18.53184210526316
            ],
            [
              73.80499999999999,
              18.53184210526316
            ],
            [
              73.80499999999999,
              18.541842105263157
            ],
            [
              73.795,
              18.541842105263157
            ],
            [
              73.795,
              18.53184210526316
            ]
          ]
        ]
      },
      "properties": {
        "cell_id": "R13C00",
        "row": 13,
        "col": 0,
        "week": 1,
        "week_label": "Wk1",
        "date_start": "2024-06-01",
        "date_end": "2024-06-07",
        "phase": "pre",
        "avg_risk": 0.066,
        "avg_gt": 0.0087,
        "risk_category": 0,
        "risk_category_label": "Low"
      }
    },
    {
      "type": "Feature",
      "geometry": {
        "type": "Polygon",
        "coordinates": [
          [
            [
              73.80552631578948,
              18.53184210526316
            ],
            [
              73.81552631578947,
              18.53184210526316
            ],
            [
              73.81552631578947,
              18.541842105263157
            ],
            [
              73.80552631578948,
              18.541842105263157
            ],
            [
              73.80552631578948,
              18.53184210526316
            ]
          ]
        ]
      },
      "properties": {
        "cell_id": "R13C01",
        "row": 13,
        "col": 1,
        "week": 1,
        "week_label": "Wk1",
        "date_start": "2024-06-01",
        "date_end": "2024-06-07",
        "phase": "pre",
        "avg_risk": 0.0631,
        "avg_gt": 0.019,
        "risk_category": 0,
        "risk_category_label": "Low"
      }
    },
    {
      "type": "Feature",
      "geometry": {
        "type": "Polygon",
        "coordinates": [
          [
            [
              73.81605263157896,
              18.53184210526316
            ],
            [
              73.82605263157895,
              18.53184210526316
            ],
            [
              73.82605263157895,
              18.541842105263157
            ],
            [
              73.81605263157896,
              18.541842105263157
            ],
            [
              73.81605263157896,
              18.53184210526316
            ]
          ]
        ]
      },
      "properties": {
        "cell_id": "R13C02",
        "row": 13,
        "col": 2,
        "week": 1,
        "week_label": "Wk1",
        "date_start": "2024-06-01",
        "date_end": "2024-06-07",
        "phase": "pre",
        "avg_risk": 0.0715,
        "avg_gt": 0.0303,
        "risk_category": 0,
        "risk_category_label": "Low"
      }
    },
    {
      "type": "Feature",
      "geometry": {
        "type": "Polygon",
        "coordinates": [
          [
            [
              73.82657894736842,
              18.53184210526316
            ],
            [
              73.83657894736841,
              18.53184210526316
            ],
            [
              73.83657894736841,
              18.541842105263157
            ],
            [
              73.82657894736842,
              18.541842105263157
            ],
            [
              73.82657894736842,
              18.53184210526316
            ]
          ]
        ]
      },
      "properties": {
        "cell_id": "R13C03",
        "row": 13,
        "col": 3,
        "week": 1,
        "week_label": "Wk1",
        "date_start": "2024-06-01",
        "date_end": "2024-06-07",
        "phase": "pre",
        "avg_risk": 0.0823,
        "avg_gt": 0.0354,
        "risk_category": 0,
        "risk_category_label": "Low"
      }
    },
    {
      "type": "Feature",
      "geometry": {
        "type": "Polygon",
        "coordinates": [
          [
            [
              73.8371052631579,
              18.53184210526316
            ],
            [
              73.84710526315789,
              18.53184210526316
            ],
            [
              73.84710526315789,
              18.541842105263157
            ],
            [
              73.8371052631579,
              18.541842105263157
            ],
            [
              73.8371052631579,
              18.53184210526316
            ]
          ]
        ]
      },
      "properties": {
        "cell_id": "R13C04",
        "row": 13,
        "col": 4,
        "week": 1,
        "week_label": "Wk1",
        "date_start": "2024-06-01",
        "date_end": "2024-06-07",
        "phase": "pre",
        "avg_risk": 0.1065,
        "avg_gt": 0.0304,
        "risk_category": 0,
        "risk_category_label": "Low"
      }
    },
    {
      "type": "Feature",
      "geometry": {
        "type": "Polygon",
        "coordinates": [
          [
            [
              73.84763157894737,
              18.53184210526316
            ],
            [
              73.85763157894736,
              18.53184210526316
            ],
            [
              73.85763157894736,
              18.541842105263157
            ],
            [
              73.84763157894737,
              18.541842105263157
            ],
            [
              73.84763157894737,
              18.53184210526316
            ]
          ]
        ]
      },
      "properties": {
        "cell_id": "R13C05",
        "row": 13,
        "col": 5,
        "week": 1,
        "week_label": "Wk1",
        "date_start": "2024-06-01",
        "date_end": "2024-06-07",
        "phase": "pre",
        "avg_risk": 0.0899,
        "avg_gt": 0.0191,
        "risk_category": 0,
        "risk_category_label": "Low"
      }
    },
    {
      "type": "Feature",
      "geometry": {
        "type": "Polygon",
        "coordinates": [
          [
            [
              73.85815789473685,
              18.53184210526316
            ],
            [
              73.86815789473684,
              18.53184210526316
            ],
            [
              73.86815789473684,
              18.541842105263157
            ],
            [
              73.85815789473685,
              18.541842105263157
            ],
            [
              73.85815789473685,
              18.53184210526316
            ]
          ]
        ]
      },
      "properties": {
        "cell_id": "R13C06",
        "row": 13,
        "col": 6,
        "week": 1,
        "week_label": "Wk1",
        "date_start": "2024-06-01",
        "date_end": "2024-06-07",
        "phase": "pre",
        "avg_risk": 0.131,
        "avg_gt": 0.0088,
        "risk_category": 0,
        "risk_category_label": "Low"
      }
    },
    {
      "type": "Feature",
      "geometry": {
        "type": "Polygon",
        "coordinates": [
          [
            [
              73.86868421052633,
              18.53184210526316
            ],
            [
              73.87868421052632,
              18.53184210526316
            ],
            [
              73.87868421052632,
              18.541842105263157
            ],
            [
              73.86868421052633,
              18.541842105263157
            ],
            [
              73.86868421052633,
              18.53184210526316
            ]
          ]
        ]
      },
      "properties": {
        "cell_id": "R13C07",
        "row": 13,
        "col": 7,
        "week": 1,
        "week_label": "Wk1",
        "date_start": "2024-06-01",
        "date_end": "2024-06-07",
        "phase": "pre",
        "avg_risk": 0.1057,
        "avg_gt": 0.0031,
        "risk_category": 0,
        "risk_category_label": "Low"
      }
    },
    {
      "type": "Feature",
      "geometry": {
        "type": "Polygon",
        "coordinates": [
          [
            [
              73.87921052631579,
              18.53184210526316
            ],
            [
              73.88921052631578,
              18.53184210526316
            ],
            [
              73.88921052631578,
              18.541842105263157
            ],
            [
              73.87921052631579,
              18.541842105263157
            ],
            [
              73.87921052631579,
              18.53184210526316
            ]
          ]
        ]
      },
      "properties": {
        "cell_id": "R13C08",
        "row": 13,
        "col": 8,
        "week": 1,
        "week_label": "Wk1",
        "date_start": "2024-06-01",
        "date_end": "2024-06-07",
        "phase": "pre",
        "avg_risk": 0.1253,
        "avg_gt": 0.0023,
        "risk_category": 0,
        "risk_category_label": "Low"
      }
    },
    {
      "type": "Feature",
      "geometry": {
        "type": "Polygon",
        "coordinates": [
          [
            [
              73.88973684210526,
              18.53184210526316
            ],
            [
              73.89973684210526,
              18.53184210526316
            ],
            [
              73.89973684210526,
              18.541842105263157
            ],
            [
              73.88973684210526,
              18.541842105263157
            ],
            [
              73.88973684210526,
              18.53184210526316
            ]
          ]
        ]
      },
      "properties": {
        "cell_id": "R13C09",
        "row": 13,
        "col": 9,
        "week": 1,
        "week_label": "Wk1",
        "date_start": "2024-06-01",
        "date_end": "2024-06-07",
        "phase": "pre",
        "avg_risk": 0.0654,
        "avg_gt": 0.0088,
        "risk_category": 0,
        "risk_category_label": "Low"
      }
    },
    {
      "type": "Feature",
      "geometry": {
        "type": "Polygon",
        "coordinates": [
          [
            [
              73.90026315789474,
              18.53184210526316
            ],
            [
              73.91026315789473,
              18.53184210526316
            ],
            [
              73.91026315789473,
              18.541842105263157
            ],
            [
              73.90026315789474,
              18.541842105263157
            ],
            [
              73.90026315789474,
              18.53184210526316
            ]
          ]
        ]
      },
      "properties": {
        "cell_id": "R13C10",
        "row": 13,
        "col": 10,
        "week": 1,
        "week_label": "Wk1",
        "date_start": "2024-06-01",
        "date_end": "2024-06-07",
        "phase": "pre",
        "avg_risk": 0.0672,
        "avg_gt": 0.0348,
        "risk_category": 0,
        "risk_category_label": "Low"
      }
    },
    {
      "type": "Feature",
      "geometry": {
        "type": "Polygon",
        "coordinates": [
          [
            [
              73.91078947368422,
              18.53184210526316
            ],
            [
              73.92078947368421,
              18.53184210526316
            ],
            [
              73.92078947368421,
              18.541842105263157
            ],
            [
              73.91078947368422,
              18.541842105263157
            ],
            [
              73.91078947368422,
              18.53184210526316
            ]
          ]
        ]
      },
      "properties": {
        "cell_id": "R13C11",
        "row": 13,
        "col": 11,
        "week": 1,
        "week_label": "Wk1",
        "date_start": "2024-06-01",
        "date_end": "2024-06-07",
        "phase": "pre",
        "avg_risk": 0.0465,
        "avg_gt": 0.1073,
        "risk_category": 0,
        "risk_category_label": "Low"
      }
    },
    {
      "type": "Feature",
      "geometry": {
        "type": "Polygon",
        "coordinates": [
          [
            [
              73.92131578947368,
              18.53184210526316
            ],
            [
              73.93131578947367,
              18.53184210526316
            ],
            [
              73.93131578947367,
              18.541842105263157
            ],
            [
              73.92131578947368,
              18.541842105263157
            ],
            [
              73.92131578947368,
              18.53184210526316
            ]
          ]
        ]
      },
      "properties": {
        "cell_id": "R13C12",
        "row": 13,
        "col": 12,
        "week": 1,
        "week_label": "Wk1",
        "date_start": "2024-06-01",
        "date_end": "2024-06-07",
        "phase": "pre",
        "avg_risk": 0.0819,
        "avg_gt": 0.2577,
        "risk_category": 0,
        "risk_category_label": "Low"
      }
    },
    {
      "type": "Feature",
      "geometry": {
        "type": "Polygon",
        "coordinates": [
          [
            [
              73.93184210526316,
              18.53184210526316
            ],
            [
              73.94184210526315,
              18.53184210526316
            ],
            [
              73.94184210526315,
              18.541842105263157
            ],
            [
              73.93184210526316,
              18.541842105263157
            ],
            [
              73.93184210526316,
              18.53184210526316
            ]
          ]
        ]
      },
      "properties": {
        "cell_id": "R13C13",
        "row": 13,
        "col": 13,
        "week": 1,
        "week_label": "Wk1",
        "date_start": "2024-06-01",
        "date_end": "2024-06-07",
        "phase": "pre",
        "avg_risk": 0.086,
        "avg_gt": 0.4817,
        "risk_category": 0,
        "risk_category_label": "Low"
      }
    },
    {
      "type": "Feature",
      "geometry": {
        "type": "Polygon",
        "coordinates": [
          [
            [
              73.94236842105263,
              18.53184210526316
            ],
            [
              73.95236842105263,
              18.53184210526316
            ],
            [
              73.95236842105263,
              18.541842105263157
            ],
            [
              73.94236842105263,
              18.541842105263157
            ],
            [
              73.94236842105263,
              18.53184210526316
            ]
          ]
        ]
      },
      "properties": {
        "cell_id": "R13C14",
        "row": 13,
        "col": 14,
        "week": 1,
        "week_label": "Wk1",
        "date_start": "2024-06-01",
        "date_end": "2024-06-07",
        "phase": "pre",
        "avg_risk": 0.0872,
        "avg_gt": 0.7009,
        "risk_category": 0,
        "risk_category_label": "Low"
      }
    },
    {
      "type": "Feature",
      "geometry": {
        "type": "Polygon",
        "coordinates": [
          [
            [
              73.95289473684211,
              18.53184210526316
            ],
            [
              73.9628947368421,
              18.53184210526316
            ],
            [
              73.9628947368421,
              18.541842105263157
            ],
            [
              73.95289473684211,
              18.541842105263157
            ],
            [
              73.95289473684211,
              18.53184210526316
            ]
          ]
        ]
      },
      "properties": {
        "cell_id": "R13C15",
        "row": 13,
        "col": 15,
        "week": 1,
        "week_label": "Wk1",
        "date_start": "2024-06-01",
        "date_end": "2024-06-07",
        "phase": "pre",
        "avg_risk": 0.1133,
        "avg_gt": 0.7942,
        "risk_category": 0,
        "risk_category_label": "Low"
      }
    },
    {
      "type": "Feature",
      "geometry": {
        "type": "Polygon",
        "coordinates": [
          [
            [
              73.96342105263159,
              18.53184210526316
            ],
            [
              73.97342105263158,
              18.53184210526316
            ],
            [
              73.97342105263158,
              18.541842105263157
            ],
            [
              73.96342105263159,
              18.541842105263157
            ],
            [
              73.96342105263159,
              18.53184210526316
            ]
          ]
        ]
      },
      "properties": {
        "cell_id": "R13C16",
        "row": 13,
        "col": 16,
        "week": 1,
        "week_label": "Wk1",
        "date_start": "2024-06-01",
        "date_end": "2024-06-07",
        "phase": "pre",
        "avg_risk": 0.1188,
        "avg_gt": 0.7009,
        "risk_category": 0,
        "risk_category_label": "Low"
      }
    },
    {
      "type": "Feature",
      "geometry": {
        "type": "Polygon",
        "coordinates": [
          [
            [
              73.97394736842105,
              18.53184210526316
            ],
            [
              73.98394736842104,
              18.53184210526316
            ],
            [
              73.98394736842104,
              18.541842105263157
            ],
            [
              73.97394736842105,
              18.541842105263157
            ],
            [
              73.97394736842105,
              18.53184210526316
            ]
          ]
        ]
      },
      "properties": {
        "cell_id": "R13C17",
        "row": 13,
        "col": 17,
        "week": 1,
        "week_label": "Wk1",
        "date_start": "2024-06-01",
        "date_end": "2024-06-07",
        "phase": "pre",
        "avg_risk": 0.143,
        "avg_gt": 0.4817,
        "risk_category": 0,
        "risk_category_label": "Low"
      }
    },
    {
      "type": "Feature",
      "geometry": {
        "type": "Polygon",
        "coordinates": [
          [
            [
              73.98447368421053,
              18.53184210526316
            ],
            [
              73.99447368421052,
              18.53184210526316
            ],
            [
              73.99447368421052,
              18.541842105263157
            ],
            [
              73.98447368421053,
              18.541842105263157
            ],
            [
              73.98447368421053,
              18.53184210526316
            ]
          ]
        ]
      },
      "properties": {
        "cell_id": "R13C18",
        "row": 13,
        "col": 18,
        "week": 1,
        "week_label": "Wk1",
        "date_start": "2024-06-01",
        "date_end": "2024-06-07",
        "phase": "pre",
        "avg_risk": 0.1199,
        "avg_gt": 0.2577,
        "risk_category": 0,
        "risk_category_label": "Low"
      }
    },
    {
      "type": "Feature",
      "geometry": {
        "type": "Polygon",
        "coordinates": [
          [
            [
              73.995,
              18.53184210526316
            ],
            [
              74.005,
              18.53184210526316
            ],
            [
              74.005,
              18.541842105263157
            ],
            [
              73.995,
              18.541842105263157
            ],
            [
              73.995,
              18.53184210526316
            ]
          ]
        ]
      },
      "properties": {
        "cell_id": "R13C19",
        "row": 13,
        "col": 19,
        "week": 1,
        "week_label": "Wk1",
        "date_start": "2024-06-01",
        "date_end": "2024-06-07",
        "phase": "pre",
        "avg_risk": 0.1443,
        "avg_gt": 0.1073,
        "risk_category": 0,
        "risk_category_label": "Low"
      }
    },
    {
      "type": "Feature",
      "geometry": {
        "type": "Polygon",
        "coordinates": [
          [
            [
              73.795,
              18.542368421052632
            ],
            [
              73.80499999999999,
              18.542368421052632
            ],
            [
              73.80499999999999,
              18.55236842105263
            ],
            [
              73.795,
              18.55236842105263
            ],
            [
              73.795,
              18.542368421052632
            ]
          ]
        ]
      },
      "properties": {
        "cell_id": "R14C00",
        "row": 14,
        "col": 0,
        "week": 1,
        "week_label": "Wk1",
        "date_start": "2024-06-01",
        "date_end": "2024-06-07",
        "phase": "pre",
        "avg_risk": 0.0575,
        "avg_gt": 0.026,
        "risk_category": 0,
        "risk_category_label": "Low"
      }
    },
    {
      "type": "Feature",
      "geometry": {
        "type": "Polygon",
        "coordinates": [
          [
            [
              73.80552631578948,
              18.542368421052632
            ],
            [
              73.81552631578947,
              18.542368421052632
            ],
            [
              73.81552631578947,
              18.55236842105263
            ],
            [
              73.80552631578948,
              18.55236842105263
            ],
            [
              73.80552631578948,
              18.542368421052632
            ]
          ]
        ]
      },
      "properties": {
        "cell_id": "R14C01",
        "row": 14,
        "col": 1,
        "week": 1,
        "week_label": "Wk1",
        "date_start": "2024-06-01",
        "date_end": "2024-06-07",
        "phase": "pre",
        "avg_risk": 0.0793,
        "avg_gt": 0.0563,
        "risk_category": 0,
        "risk_category_label": "Low"
      }
    },
    {
      "type": "Feature",
      "geometry": {
        "type": "Polygon",
        "coordinates": [
          [
            [
              73.81605263157896,
              18.542368421052632
            ],
            [
              73.82605263157895,
              18.542368421052632
            ],
            [
              73.82605263157895,
              18.55236842105263
            ],
            [
              73.81605263157896,
              18.55236842105263
            ],
            [
              73.81605263157896,
              18.542368421052632
            ]
          ]
        ]
      },
      "properties": {
        "cell_id": "R14C02",
        "row": 14,
        "col": 2,
        "week": 1,
        "week_label": "Wk1",
        "date_start": "2024-06-01",
        "date_end": "2024-06-07",
        "phase": "pre",
        "avg_risk": 0.0728,
        "avg_gt": 0.0896,
        "risk_category": 0,
        "risk_category_label": "Low"
      }
    },
    {
      "type": "Feature",
      "geometry": {
        "type": "Polygon",
        "coordinates": [
          [
            [
              73.82657894736842,
              18.542368421052632
            ],
            [
              73.83657894736841,
              18.542368421052632
            ],
            [
              73.83657894736841,
              18.55236842105263
            ],
            [
              73.82657894736842,
              18.55236842105263
            ],
            [
              73.82657894736842,
              18.542368421052632
            ]
          ]
        ]
      },
      "properties": {
        "cell_id": "R14C03",
        "row": 14,
        "col": 3,
        "week": 1,
        "week_label": "Wk1",
        "date_start": "2024-06-01",
        "date_end": "2024-06-07",
        "phase": "pre",
        "avg_risk": 0.0597,
        "avg_gt": 0.1046,
        "risk_category": 0,
        "risk_category_label": "Low"
      }
    },
    {
      "type": "Feature",
      "geometry": {
        "type": "Polygon",
        "coordinates": [
          [
            [
              73.8371052631579,
              18.542368421052632
            ],
            [
              73.84710526315789,
              18.542368421052632
            ],
            [
              73.84710526315789,
              18.55236842105263
            ],
            [
              73.8371052631579,
              18.55236842105263
            ],
            [
              73.8371052631579,
              18.542368421052632
            ]
          ]
        ]
      },
      "properties": {
        "cell_id": "R14C04",
        "row": 14,
        "col": 4,
        "week": 1,
        "week_label": "Wk1",
        "date_start": "2024-06-01",
        "date_end": "2024-06-07",
        "phase": "pre",
        "avg_risk": 0.0876,
        "avg_gt": 0.0896,
        "risk_category": 0,
        "risk_category_label": "Low"
      }
    },
    {
      "type": "Feature",
      "geometry": {
        "type": "Polygon",
        "coordinates": [
          [
            [
              73.84763157894737,
              18.542368421052632
            ],
            [
              73.85763157894736,
              18.542368421052632
            ],
            [
              73.85763157894736,
              18.55236842105263
            ],
            [
              73.84763157894737,
              18.55236842105263
            ],
            [
              73.84763157894737,
              18.542368421052632
            ]
          ]
        ]
      },
      "properties": {
        "cell_id": "R14C05",
        "row": 14,
        "col": 5,
        "week": 1,
        "week_label": "Wk1",
        "date_start": "2024-06-01",
        "date_end": "2024-06-07",
        "phase": "pre",
        "avg_risk": 0.0897,
        "avg_gt": 0.0563,
        "risk_category": 0,
        "risk_category_label": "Low"
      }
    },
    {
      "type": "Feature",
      "geometry": {
        "type": "Polygon",
        "coordinates": [
          [
            [
              73.85815789473685,
              18.542368421052632
            ],
            [
              73.86815789473684,
              18.542368421052632
            ],
            [
              73.86815789473684,
              18.55236842105263
            ],
            [
              73.85815789473685,
              18.55236842105263
            ],
            [
              73.85815789473685,
              18.542368421052632
            ]
          ]
        ]
      },
      "properties": {
        "cell_id": "R14C06",
        "row": 14,
        "col": 6,
        "week": 1,
        "week_label": "Wk1",
        "date_start": "2024-06-01",
        "date_end": "2024-06-07",
        "phase": "pre",
        "avg_risk": 0.1118,
        "avg_gt": 0.026,
        "risk_category": 0,
        "risk_category_label": "Low"
      }
    },
    {
      "type": "Feature",
      "geometry": {
        "type": "Polygon",
        "coordinates": [
          [
            [
              73.86868421052633,
              18.542368421052632
            ],
            [
              73.87868421052632,
              18.542368421052632
            ],
            [
              73.87868421052632,
              18.55236842105263
            ],
            [
              73.86868421052633,
              18.55236842105263
            ],
            [
              73.86868421052633,
              18.542368421052632
            ]
          ]
        ]
      },
      "properties": {
        "cell_id": "R14C07",
        "row": 14,
        "col": 7,
        "week": 1,
        "week_label": "Wk1",
        "date_start": "2024-06-01",
        "date_end": "2024-06-07",
        "phase": "pre",
        "avg_risk": 0.1037,
        "avg_gt": 0.009,
        "risk_category": 0,
        "risk_category_label": "Low"
      }
    },
    {
      "type": "Feature",
      "geometry": {
        "type": "Polygon",
        "coordinates": [
          [
            [
              73.87921052631579,
              18.542368421052632
            ],
            [
              73.88921052631578,
              18.542368421052632
            ],
            [
              73.88921052631578,
              18.55236842105263
            ],
            [
              73.87921052631579,
              18.55236842105263
            ],
            [
              73.87921052631579,
              18.542368421052632
            ]
          ]
        ]
      },
      "properties": {
        "cell_id": "R14C08",
        "row": 14,
        "col": 8,
        "week": 1,
        "week_label": "Wk1",
        "date_start": "2024-06-01",
        "date_end": "2024-06-07",
        "phase": "pre",
        "avg_risk": 0.0444,
        "avg_gt": 0.004,
        "risk_category": 0,
        "risk_category_label": "Low"
      }
    },
    {
      "type": "Feature",
      "geometry": {
        "type": "Polygon",
        "coordinates": [
          [
            [
              73.88973684210526,
              18.542368421052632
            ],
            [
              73.89973684210526,
              18.542368421052632
            ],
            [
              73.89973684210526,
              18.55236842105263
            ],
            [
              73.88973684210526,
              18.55236842105263
            ],
            [
              73.88973684210526,
              18.542368421052632
            ]
          ]
        ]
      },
      "properties": {
        "cell_id": "R14C09",
        "row": 14,
        "col": 9,
        "week": 1,
        "week_label": "Wk1",
        "date_start": "2024-06-01",
        "date_end": "2024-06-07",
        "phase": "pre",
        "avg_risk": 0.0685,
        "avg_gt": 0.0102,
        "risk_category": 0,
        "risk_category_label": "Low"
      }
    },
    {
      "type": "Feature",
      "geometry": {
        "type": "Polygon",
        "coordinates": [
          [
            [
              73.90026315789474,
              18.542368421052632
            ],
            [
              73.91026315789473,
              18.542368421052632
            ],
            [
              73.91026315789473,
              18.55236842105263
            ],
            [
              73.90026315789474,
              18.55236842105263
            ],
            [
              73.90026315789474,
              18.542368421052632
            ]
          ]
        ]
      },
      "properties": {
        "cell_id": "R14C10",
        "row": 14,
        "col": 10,
        "week": 1,
        "week_label": "Wk1",
        "date_start": "2024-06-01",
        "date_end": "2024-06-07",
        "phase": "pre",
        "avg_risk": 0.0596,
        "avg_gt": 0.0394,
        "risk_category": 0,
        "risk_category_label": "Low"
      }
    },
    {
      "type": "Feature",
      "geometry": {
        "type": "Polygon",
        "coordinates": [
          [
            [
              73.91078947368422,
              18.542368421052632
            ],
            [
              73.92078947368421,
              18.542368421052632
            ],
            [
              73.92078947368421,
              18.55236842105263
            ],
            [
              73.91078947368422,
              18.55236842105263
            ],
            [
              73.91078947368422,
              18.542368421052632
            ]
          ]
        ]
      },
      "properties": {
        "cell_id": "R14C11",
        "row": 14,
        "col": 11,
        "week": 1,
        "week_label": "Wk1",
        "date_start": "2024-06-01",
        "date_end": "2024-06-07",
        "phase": "pre",
        "avg_risk": 0.0952,
        "avg_gt": 0.1217,
        "risk_category": 0,
        "risk_category_label": "Low"
      }
    },
    {
      "type": "Feature",
      "geometry": {
        "type": "Polygon",
        "coordinates": [
          [
            [
              73.92131578947368,
              18.542368421052632
            ],
            [
              73.93131578947367,
              18.542368421052632
            ],
            [
              73.93131578947367,
              18.55236842105263
            ],
            [
              73.92131578947368,
              18.55236842105263
            ],
            [
              73.92131578947368,
              18.542368421052632
            ]
          ]
        ]
      },
      "properties": {
        "cell_id": "R14C12",
        "row": 14,
        "col": 12,
        "week": 1,
        "week_label": "Wk1",
        "date_start": "2024-06-01",
        "date_end": "2024-06-07",
        "phase": "pre",
        "avg_risk": 0.0888,
        "avg_gt": 0.2921,
        "risk_category": 0,
        "risk_category_label": "Low"
      }
    },
    {
      "type": "Feature",
      "geometry": {
        "type": "Polygon",
        "coordinates": [
          [
            [
              73.93184210526316,
              18.542368421052632
            ],
            [
              73.94184210526315,
              18.542368421052632
            ],
            [
              73.94184210526315,
              18.55236842105263
            ],
            [
              73.93184210526316,
              18.55236842105263
            ],
            [
              73.93184210526316,
              18.542368421052632
            ]
          ]
        ]
      },
      "properties": {
        "cell_id": "R14C13",
        "row": 14,
        "col": 13,
        "week": 1,
        "week_label": "Wk1",
        "date_start": "2024-06-01",
        "date_end": "2024-06-07",
        "phase": "pre",
        "avg_risk": 0.0745,
        "avg_gt": 0.5458,
        "risk_category": 0,
        "risk_category_label": "Low"
      }
    },
    {
      "type": "Feature",
      "geometry": {
        "type": "Polygon",
        "coordinates": [
          [
            [
              73.94236842105263,
              18.542368421052632
            ],
            [
              73.95236842105263,
              18.542368421052632
            ],
            [
              73.95236842105263,
              18.55236842105263
            ],
            [
              73.94236842105263,
              18.55236842105263
            ],
            [
              73.94236842105263,
              18.542368421052632
            ]
          ]
        ]
      },
      "properties": {
        "cell_id": "R14C14",
        "row": 14,
        "col": 14,
        "week": 1,
        "week_label": "Wk1",
        "date_start": "2024-06-01",
        "date_end": "2024-06-07",
        "phase": "pre",
        "avg_risk": 0.0825,
        "avg_gt": 0.7942,
        "risk_category": 0,
        "risk_category_label": "Low"
      }
    },
    {
      "type": "Feature",
      "geometry": {
        "type": "Polygon",
        "coordinates": [
          [
            [
              73.95289473684211,
              18.542368421052632
            ],
            [
              73.9628947368421,
              18.542368421052632
            ],
            [
              73.9628947368421,
              18.55236842105263
            ],
            [
              73.95289473684211,
              18.55236842105263
            ],
            [
              73.95289473684211,
              18.542368421052632
            ]
          ]
        ]
      },
      "properties": {
        "cell_id": "R14C15",
        "row": 14,
        "col": 15,
        "week": 1,
        "week_label": "Wk1",
        "date_start": "2024-06-01",
        "date_end": "2024-06-07",
        "phase": "pre",
        "avg_risk": 0.0899,
        "avg_gt": 0.9,
        "risk_category": 0,
        "risk_category_label": "Low"
      }
    },
    {
      "type": "Feature",
      "geometry": {
        "type": "Polygon",
        "coordinates": [
          [
            [
              73.96342105263159,
              18.542368421052632
            ],
            [
              73.97342105263158,
              18.542368421052632
            ],
            [
              73.97342105263158,
              18.55236842105263
            ],
            [
              73.96342105263159,
              18.55236842105263
            ],
            [
              73.96342105263159,
              18.542368421052632
            ]
          ]
        ]
      },
      "properties": {
        "cell_id": "R14C16",
        "row": 14,
        "col": 16,
        "week": 1,
        "week_label": "Wk1",
        "date_start": "2024-06-01",
        "date_end": "2024-06-07",
        "phase": "pre",
        "avg_risk": 0.098,
        "avg_gt": 0.7942,
        "risk_category": 0,
        "risk_category_label": "Low"
      }
    },
    {
      "type": "Feature",
      "geometry": {
        "type": "Polygon",
        "coordinates": [
          [
            [
              73.97394736842105,
              18.542368421052632
            ],
            [
              73.98394736842104,
              18.542368421052632
            ],
            [
              73.98394736842104,
              18.55236842105263
            ],
            [
              73.97394736842105,
              18.55236842105263
            ],
            [
              73.97394736842105,
              18.542368421052632
            ]
          ]
        ]
      },
      "properties": {
        "cell_id": "R14C17",
        "row": 14,
        "col": 17,
        "week": 1,
        "week_label": "Wk1",
        "date_start": "2024-06-01",
        "date_end": "2024-06-07",
        "phase": "pre",
        "avg_risk": 0.1209,
        "avg_gt": 0.5458,
        "risk_category": 0,
        "risk_category_label": "Low"
      }
    },
    {
      "type": "Feature",
      "geometry": {
        "type": "Polygon",
        "coordinates": [
          [
            [
              73.98447368421053,
              18.542368421052632
            ],
            [
              73.99447368421052,
              18.542368421052632
            ],
            [
              73.99447368421052,
              18.55236842105263
            ],
            [
              73.98447368421053,
              18.55236842105263
            ],
            [
              73.98447368421053,
              18.542368421052632
            ]
          ]
        ]
      },
      "properties": {
        "cell_id": "R14C18",
        "row": 14,
        "col": 18,
        "week": 1,
        "week_label": "Wk1",
        "date_start": "2024-06-01",
        "date_end": "2024-06-07",
        "phase": "pre",
        "avg_risk": 0.1756,
        "avg_gt": 0.2921,
        "risk_category": 1,
        "risk_category_label": "Medium"
      }
    },
    {
      "type": "Feature",
      "geometry": {
        "type": "Polygon",
        "coordinates": [
          [
            [
              73.995,
              18.542368421052632
            ],
            [
              74.005,
              18.542368421052632
            ],
            [
              74.005,
              18.55236842105263
            ],
            [
              73.995,
              18.55236842105263
            ],
            [
              73.995,
              18.542368421052632
            ]
          ]
        ]
      },
      "properties": {
        "cell_id": "R14C19",
        "row": 14,
        "col": 19,
        "week": 1,
        "week_label": "Wk1",
        "date_start": "2024-06-01",
        "date_end": "2024-06-07",
        "phase": "pre",
        "avg_risk": 0.2175,
        "avg_gt": 0.1217,
        "risk_category": 1,
        "risk_category_label": "Medium"
      }
    },
    {
      "type": "Feature",
      "geometry": {
        "type": "Polygon",
        "coordinates": [
          [
            [
              73.795,
              18.552894736842106
            ],
            [
              73.80499999999999,
              18.552894736842106
            ],
            [
              73.80499999999999,
              18.562894736842104
            ],
            [
              73.795,
              18.562894736842104
            ],
            [
              73.795,
              18.552894736842106
            ]
          ]
        ]
      },
      "properties": {
        "cell_id": "R15C00",
        "row": 15,
        "col": 0,
        "week": 1,
        "week_label": "Wk1",
        "date_start": "2024-06-01",
        "date_end": "2024-06-07",
        "phase": "pre",
        "avg_risk": 0.0836,
        "avg_gt": 0.0563,
        "risk_category": 0,
        "risk_category_label": "Low"
      }
    },
    {
      "type": "Feature",
      "geometry": {
        "type": "Polygon",
        "coordinates": [
          [
            [
              73.80552631578948,
              18.552894736842106
            ],
            [
              73.81552631578947,
              18.552894736842106
            ],
            [
              73.81552631578947,
              18.562894736842104
            ],
            [
              73.80552631578948,
              18.562894736842104
            ],
            [
              73.80552631578948,
              18.552894736842106
            ]
          ]
        ]
      },
      "properties": {
        "cell_id": "R15C01",
        "row": 15,
        "col": 1,
        "week": 1,
        "week_label": "Wk1",
        "date_start": "2024-06-01",
        "date_end": "2024-06-07",
        "phase": "pre",
        "avg_risk": 0.0848,
        "avg_gt": 0.1221,
        "risk_category": 0,
        "risk_category_label": "Low"
      }
    },
    {
      "type": "Feature",
      "geometry": {
        "type": "Polygon",
        "coordinates": [
          [
            [
              73.81605263157896,
              18.552894736842106
            ],
            [
              73.82605263157895,
              18.552894736842106
            ],
            [
              73.82605263157895,
              18.562894736842104
            ],
            [
              73.81605263157896,
              18.562894736842104
            ],
            [
              73.81605263157896,
              18.552894736842106
            ]
          ]
        ]
      },
      "properties": {
        "cell_id": "R15C02",
        "row": 15,
        "col": 2,
        "week": 1,
        "week_label": "Wk1",
        "date_start": "2024-06-01",
        "date_end": "2024-06-07",
        "phase": "pre",
        "avg_risk": 0.0959,
        "avg_gt": 0.194,
        "risk_category": 0,
        "risk_category_label": "Low"
      }
    },
    {
      "type": "Feature",
      "geometry": {
        "type": "Polygon",
        "coordinates": [
          [
            [
              73.82657894736842,
              18.552894736842106
            ],
            [
              73.83657894736841,
              18.552894736842106
            ],
            [
              73.83657894736841,
              18.562894736842104
            ],
            [
              73.82657894736842,
              18.562894736842104
            ],
            [
              73.82657894736842,
              18.552894736842106
            ]
          ]
        ]
      },
      "properties": {
        "cell_id": "R15C03",
        "row": 15,
        "col": 3,
        "week": 1,
        "week_label": "Wk1",
        "date_start": "2024-06-01",
        "date_end": "2024-06-07",
        "phase": "pre",
        "avg_risk": 0.0972,
        "avg_gt": 0.2264,
        "risk_category": 0,
        "risk_category_label": "Low"
      }
    },
    {
      "type": "Feature",
      "geometry": {
        "type": "Polygon",
        "coordinates": [
          [
            [
              73.8371052631579,
              18.552894736842106
            ],
            [
              73.84710526315789,
              18.552894736842106
            ],
            [
              73.84710526315789,
              18.562894736842104
            ],
            [
              73.8371052631579,
              18.562894736842104
            ],
            [
              73.8371052631579,
              18.552894736842106
            ]
          ]
        ]
      },
      "properties": {
        "cell_id": "R15C04",
        "row": 15,
        "col": 4,
        "week": 1,
        "week_label": "Wk1",
        "date_start": "2024-06-01",
        "date_end": "2024-06-07",
        "phase": "pre",
        "avg_risk": 0.0944,
        "avg_gt": 0.194,
        "risk_category": 0,
        "risk_category_label": "Low"
      }
    },
    {
      "type": "Feature",
      "geometry": {
        "type": "Polygon",
        "coordinates": [
          [
            [
              73.84763157894737,
              18.552894736842106
            ],
            [
              73.85763157894736,
              18.552894736842106
            ],
            [
              73.85763157894736,
              18.562894736842104
            ],
            [
              73.84763157894737,
              18.562894736842104
            ],
            [
              73.84763157894737,
              18.552894736842106
            ]
          ]
        ]
      },
      "properties": {
        "cell_id": "R15C05",
        "row": 15,
        "col": 5,
        "week": 1,
        "week_label": "Wk1",
        "date_start": "2024-06-01",
        "date_end": "2024-06-07",
        "phase": "pre",
        "avg_risk": 0.0929,
        "avg_gt": 0.1221,
        "risk_category": 0,
        "risk_category_label": "Low"
      }
    },
    {
      "type": "Feature",
      "geometry": {
        "type": "Polygon",
        "coordinates": [
          [
            [
              73.85815789473685,
              18.552894736842106
            ],
            [
              73.86815789473684,
              18.552894736842106
            ],
            [
              73.86815789473684,
              18.562894736842104
            ],
            [
              73.85815789473685,
              18.562894736842104
            ],
            [
              73.85815789473685,
              18.552894736842106
            ]
          ]
        ]
      },
      "properties": {
        "cell_id": "R15C06",
        "row": 15,
        "col": 6,
        "week": 1,
        "week_label": "Wk1",
        "date_start": "2024-06-01",
        "date_end": "2024-06-07",
        "phase": "pre",
        "avg_risk": 0.1,
        "avg_gt": 0.0564,
        "risk_category": 0,
        "risk_category_label": "Low"
      }
    },
    {
      "type": "Feature",
      "geometry": {
        "type": "Polygon",
        "coordinates": [
          [
            [
              73.86868421052633,
              18.552894736842106
            ],
            [
              73.87868421052632,
              18.552894736842106
            ],
            [
              73.87868421052632,
              18.562894736842104
            ],
            [
              73.86868421052633,
              18.562894736842104
            ],
            [
              73.86868421052633,
              18.552894736842106
            ]
          ]
        ]
      },
      "properties": {
        "cell_id": "R15C07",
        "row": 15,
        "col": 7,
        "week": 1,
        "week_label": "Wk1",
        "date_start": "2024-06-01",
        "date_end": "2024-06-07",
        "phase": "pre",
        "avg_risk": 0.0796,
        "avg_gt": 0.0193,
        "risk_category": 0,
        "risk_category_label": "Low"
      }
    },
    {
      "type": "Feature",
      "geometry": {
        "type": "Polygon",
        "coordinates": [
          [
            [
              73.87921052631579,
              18.552894736842106
            ],
            [
              73.88921052631578,
              18.552894736842106
            ],
            [
              73.88921052631578,
              18.562894736842104
            ],
            [
              73.87921052631579,
              18.562894736842104
            ],
            [
              73.87921052631579,
              18.552894736842106
            ]
          ]
        ]
      },
      "properties": {
        "cell_id": "R15C08",
        "row": 15,
        "col": 8,
        "week": 1,
        "week_label": "Wk1",
        "date_start": "2024-06-01",
        "date_end": "2024-06-07",
        "phase": "pre",
        "avg_risk": 0.0512,
        "avg_gt": 0.0064,
        "risk_category": 0,
        "risk_category_label": "Low"
      }
    },
    {
      "type": "Feature",
      "geometry": {
        "type": "Polygon",
        "coordinates": [
          [
            [
              73.88973684210526,
              18.552894736842106
            ],
            [
              73.89973684210526,
              18.552894736842106
            ],
            [
              73.89973684210526,
              18.562894736842104
            ],
            [
              73.88973684210526,
              18.562894736842104
            ],
            [
              73.88973684210526,
              18.552894736842106
            ]
          ]
        ]
      },
      "properties": {
        "cell_id": "R15C09",
        "row": 15,
        "col": 9,
        "week": 1,
        "week_label": "Wk1",
        "date_start": "2024-06-01",
        "date_end": "2024-06-07",
        "phase": "pre",
        "avg_risk": 0.0341,
        "avg_gt": 0.0095,
        "risk_category": 0,
        "risk_category_label": "Low"
      }
    },
    {
      "type": "Feature",
      "geometry": {
        "type": "Polygon",
        "coordinates": [
          [
            [
              73.90026315789474,
              18.552894736842106
            ],
            [
              73.91026315789473,
              18.552894736842106
            ],
            [
              73.91026315789473,
              18.562894736842104
            ],
            [
              73.90026315789474,
              18.562894736842104
            ],
            [
              73.90026315789474,
              18.552894736842106
            ]
          ]
        ]
      },
      "properties": {
        "cell_id": "R15C10",
        "row": 15,
        "col": 10,
        "week": 1,
        "week_label": "Wk1",
        "date_start": "2024-06-01",
        "date_end": "2024-06-07",
        "phase": "pre",
        "avg_risk": 0.0729,
        "avg_gt": 0.0349,
        "risk_category": 0,
        "risk_category_label": "Low"
      }
    },
    {
      "type": "Feature",
      "geometry": {
        "type": "Polygon",
        "coordinates": [
          [
            [
              73.91078947368422,
              18.552894736842106
            ],
            [
              73.92078947368421,
              18.552894736842106
            ],
            [
              73.92078947368421,
              18.562894736842104
            ],
            [
              73.91078947368422,
              18.562894736842104
            ],
            [
              73.91078947368422,
              18.552894736842106
            ]
          ]
        ]
      },
      "properties": {
        "cell_id": "R15C11",
        "row": 15,
        "col": 11,
        "week": 1,
        "week_label": "Wk1",
        "date_start": "2024-06-01",
        "date_end": "2024-06-07",
        "phase": "pre",
        "avg_risk": 0.0644,
        "avg_gt": 0.1074,
        "risk_category": 0,
        "risk_category_label": "Low"
      }
    },
    {
      "type": "Feature",
      "geometry": {
        "type": "Polygon",
        "coordinates": [
          [
            [
              73.92131578947368,
              18.552894736842106
            ],
            [
              73.93131578947367,
              18.552894736842106
            ],
            [
              73.93131578947367,
              18.562894736842104
            ],
            [
              73.92131578947368,
              18.562894736842104
            ],
            [
              73.92131578947368,
              18.552894736842106
            ]
          ]
        ]
      },
      "properties": {
        "cell_id": "R15C12",
        "row": 15,
        "col": 12,
        "week": 1,
        "week_label": "Wk1",
        "date_start": "2024-06-01",
        "date_end": "2024-06-07",
        "phase": "pre",
        "avg_risk": 0.0697,
        "avg_gt": 0.2577,
        "risk_category": 0,
        "risk_category_label": "Low"
      }
    },
    {
      "type": "Feature",
      "geometry": {
        "type": "Polygon",
        "coordinates": [
          [
            [
              73.93184210526316,
              18.552894736842106
            ],
            [
              73.94184210526315,
              18.552894736842106
            ],
            [
              73.94184210526315,
              18.562894736842104
            ],
            [
              73.93184210526316,
              18.562894736842104
            ],
            [
              73.93184210526316,
              18.552894736842106
            ]
          ]
        ]
      },
      "properties": {
        "cell_id": "R15C13",
        "row": 15,
        "col": 13,
        "week": 1,
        "week_label": "Wk1",
        "date_start": "2024-06-01",
        "date_end": "2024-06-07",
        "phase": "pre",
        "avg_risk": 0.0947,
        "avg_gt": 0.4817,
        "risk_category": 0,
        "risk_category_label": "Low"
      }
    },
    {
      "type": "Feature",
      "geometry": {
        "type": "Polygon",
        "coordinates": [
          [
            [
              73.94236842105263,
              18.552894736842106
            ],
            [
              73.95236842105263,
              18.552894736842106
            ],
            [
              73.95236842105263,
              18.562894736842104
            ],
            [
              73.94236842105263,
              18.562894736842104
            ],
            [
              73.94236842105263,
              18.552894736842106
            ]
          ]
        ]
      },
      "properties": {
        "cell_id": "R15C14",
        "row": 15,
        "col": 14,
        "week": 1,
        "week_label": "Wk1",
        "date_start": "2024-06-01",
        "date_end": "2024-06-07",
        "phase": "pre",
        "avg_risk": 0.1103,
        "avg_gt": 0.7009,
        "risk_category": 0,
        "risk_category_label": "Low"
      }
    },
    {
      "type": "Feature",
      "geometry": {
        "type": "Polygon",
        "coordinates": [
          [
            [
              73.95289473684211,
              18.552894736842106
            ],
            [
              73.9628947368421,
              18.552894736842106
            ],
            [
              73.9628947368421,
              18.562894736842104
            ],
            [
              73.95289473684211,
              18.562894736842104
            ],
            [
              73.95289473684211,
              18.552894736842106
            ]
          ]
        ]
      },
      "properties": {
        "cell_id": "R15C15",
        "row": 15,
        "col": 15,
        "week": 1,
        "week_label": "Wk1",
        "date_start": "2024-06-01",
        "date_end": "2024-06-07",
        "phase": "pre",
        "avg_risk": 0.0901,
        "avg_gt": 0.7942,
        "risk_category": 0,
        "risk_category_label": "Low"
      }
    },
    {
      "type": "Feature",
      "geometry": {
        "type": "Polygon",
        "coordinates": [
          [
            [
              73.96342105263159,
              18.552894736842106
            ],
            [
              73.97342105263158,
              18.552894736842106
            ],
            [
              73.97342105263158,
              18.562894736842104
            ],
            [
              73.96342105263159,
              18.562894736842104
            ],
            [
              73.96342105263159,
              18.552894736842106
            ]
          ]
        ]
      },
      "properties": {
        "cell_id": "R15C16",
        "row": 15,
        "col": 16,
        "week": 1,
        "week_label": "Wk1",
        "date_start": "2024-06-01",
        "date_end": "2024-06-07",
        "phase": "pre",
        "avg_risk": 0.1395,
        "avg_gt": 0.7009,
        "risk_category": 0,
        "risk_category_label": "Low"
      }
    },
    {
      "type": "Feature",
      "geometry": {
        "type": "Polygon",
        "coordinates": [
          [
            [
              73.97394736842105,
              18.552894736842106
            ],
            [
              73.98394736842104,
              18.552894736842106
            ],
            [
              73.98394736842104,
              18.562894736842104
            ],
            [
              73.97394736842105,
              18.562894736842104
            ],
            [
              73.97394736842105,
              18.552894736842106
            ]
          ]
        ]
      },
      "properties": {
        "cell_id": "R15C17",
        "row": 15,
        "col": 17,
        "week": 1,
        "week_label": "Wk1",
        "date_start": "2024-06-01",
        "date_end": "2024-06-07",
        "phase": "pre",
        "avg_risk": 0.1287,
        "avg_gt": 0.4817,
        "risk_category": 0,
        "risk_category_label": "Low"
      }
    },
    {
      "type": "Feature",
      "geometry": {
        "type": "Polygon",
        "coordinates": [
          [
            [
              73.98447368421053,
              18.552894736842106
            ],
            [
              73.99447368421052,
              18.552894736842106
            ],
            [
              73.99447368421052,
              18.562894736842104
            ],
            [
              73.98447368421053,
              18.562894736842104
            ],
            [
              73.98447368421053,
              18.552894736842106
            ]
          ]
        ]
      },
      "properties": {
        "cell_id": "R15C18",
        "row": 15,
        "col": 18,
        "week": 1,
        "week_label": "Wk1",
        "date_start": "2024-06-01",
        "date_end": "2024-06-07",
        "phase": "pre",
        "avg_risk": 0.1068,
        "avg_gt": 0.2577,
        "risk_category": 0,
        "risk_category_label": "Low"
      }
    },
    {
      "type": "Feature",
      "geometry": {
        "type": "Polygon",
        "coordinates": [
          [
            [
              73.995,
              18.552894736842106
            ],
            [
              74.005,
              18.552894736842106
            ],
            [
              74.005,
              18.562894736842104
            ],
            [
              73.995,
              18.562894736842104
            ],
            [
              73.995,
              18.552894736842106
            ]
          ]
        ]
      },
      "properties": {
        "cell_id": "R15C19",
        "row": 15,
        "col": 19,
        "week": 1,
        "week_label": "Wk1",
        "date_start": "2024-06-01",
        "date_end": "2024-06-07",
        "phase": "pre",
        "avg_risk": 0.1828,
        "avg_gt": 0.1073,
        "risk_category": 1,
        "risk_category_label": "Medium"
      }
    },
    {
      "type": "Feature",
      "geometry": {
        "type": "Polygon",
        "coordinates": [
          [
            [
              73.795,
              18.563421052631583
            ],
            [
              73.80499999999999,
              18.563421052631583
            ],
            [
              73.80499999999999,
              18.57342105263158
            ],
            [
              73.795,
              18.57342105263158
            ],
            [
              73.795,
              18.563421052631583
            ]
          ]
        ]
      },
      "properties": {
        "cell_id": "R16C00",
        "row": 16,
        "col": 0,
        "week": 1,
        "week_label": "Wk1",
        "date_start": "2024-06-01",
        "date_end": "2024-06-07",
        "phase": "pre",
        "avg_risk": 0.1229,
        "avg_gt": 0.0896,
        "risk_category": 0,
        "risk_category_label": "Low"
      }
    },
    {
      "type": "Feature",
      "geometry": {
        "type": "Polygon",
        "coordinates": [
          [
            [
              73.80552631578948,
              18.563421052631583
            ],
            [
              73.81552631578947,
              18.563421052631583
            ],
            [
              73.81552631578947,
              18.57342105263158
            ],
            [
              73.80552631578948,
              18.57342105263158
            ],
            [
              73.80552631578948,
              18.563421052631583
            ]
          ]
        ]
      },
      "properties": {
        "cell_id": "R16C01",
        "row": 16,
        "col": 1,
        "week": 1,
        "week_label": "Wk1",
        "date_start": "2024-06-01",
        "date_end": "2024-06-07",
        "phase": "pre",
        "avg_risk": 0.1353,
        "avg_gt": 0.194,
        "risk_category": 0,
        "risk_category_label": "Low"
      }
    },
    {
      "type": "Feature",
      "geometry": {
        "type": "Polygon",
        "coordinates": [
          [
            [
              73.81605263157896,
              18.563421052631583
            ],
            [
              73.82605263157895,
              18.563421052631583
            ],
            [
              73.82605263157895,
              18.57342105263158
            ],
            [
              73.81605263157896,
              18.57342105263158
            ],
            [
              73.81605263157896,
              18.563421052631583
            ]
          ]
        ]
      },
      "properties": {
        "cell_id": "R16C02",
        "row": 16,
        "col": 2,
        "week": 1,
        "week_label": "Wk1",
        "date_start": "2024-06-01",
        "date_end": "2024-06-07",
        "phase": "pre",
        "avg_risk": 0.137,
        "avg_gt": 0.3084,
        "risk_category": 0,
        "risk_category_label": "Low"
      }
    },
    {
      "type": "Feature",
      "geometry": {
        "type": "Polygon",
        "coordinates": [
          [
            [
              73.82657894736842,
              18.563421052631583
            ],
            [
              73.83657894736841,
              18.563421052631583
            ],
            [
              73.83657894736841,
              18.57342105263158
            ],
            [
              73.82657894736842,
              18.57342105263158
            ],
            [
              73.82657894736842,
              18.563421052631583
            ]
          ]
        ]
      },
      "properties": {
        "cell_id": "R16C03",
        "row": 16,
        "col": 3,
        "week": 1,
        "week_label": "Wk1",
        "date_start": "2024-06-01",
        "date_end": "2024-06-07",
        "phase": "pre",
        "avg_risk": 0.1254,
        "avg_gt": 0.3598,
        "risk_category": 0,
        "risk_category_label": "Low"
      }
    },
    {
      "type": "Feature",
      "geometry": {
        "type": "Polygon",
        "coordinates": [
          [
            [
              73.8371052631579,
              18.563421052631583
            ],
            [
              73.84710526315789,
              18.563421052631583
            ],
            [
              73.84710526315789,
              18.57342105263158
            ],
            [
              73.8371052631579,
              18.57342105263158
            ],
            [
              73.8371052631579,
              18.563421052631583
            ]
          ]
        ]
      },
      "properties": {
        "cell_id": "R16C04",
        "row": 16,
        "col": 4,
        "week": 1,
        "week_label": "Wk1",
        "date_start": "2024-06-01",
        "date_end": "2024-06-07",
        "phase": "pre",
        "avg_risk": 0.1391,
        "avg_gt": 0.3084,
        "risk_category": 0,
        "risk_category_label": "Low"
      }
    },
    {
      "type": "Feature",
      "geometry": {
        "type": "Polygon",
        "coordinates": [
          [
            [
              73.84763157894737,
              18.563421052631583
            ],
            [
              73.85763157894736,
              18.563421052631583
            ],
            [
              73.85763157894736,
              18.57342105263158
            ],
            [
              73.84763157894737,
              18.57342105263158
            ],
            [
              73.84763157894737,
              18.563421052631583
            ]
          ]
        ]
      },
      "properties": {
        "cell_id": "R16C05",
        "row": 16,
        "col": 5,
        "week": 1,
        "week_label": "Wk1",
        "date_start": "2024-06-01",
        "date_end": "2024-06-07",
        "phase": "pre",
        "avg_risk": 0.0988,
        "avg_gt": 0.194,
        "risk_category": 0,
        "risk_category_label": "Low"
      }
    },
    {
      "type": "Feature",
      "geometry": {
        "type": "Polygon",
        "coordinates": [
          [
            [
              73.85815789473685,
              18.563421052631583
            ],
            [
              73.86815789473684,
              18.563421052631583
            ],
            [
              73.86815789473684,
              18.57342105263158
            ],
            [
              73.85815789473685,
              18.57342105263158
            ],
            [
              73.85815789473685,
              18.563421052631583
            ]
          ]
        ]
      },
      "properties": {
        "cell_id": "R16C06",
        "row": 16,
        "col": 6,
        "week": 1,
        "week_label": "Wk1",
        "date_start": "2024-06-01",
        "date_end": "2024-06-07",
        "phase": "pre",
        "avg_risk": 0.0743,
        "avg_gt": 0.0896,
        "risk_category": 0,
        "risk_category_label": "Low"
      }
    },
    {
      "type": "Feature",
      "geometry": {
        "type": "Polygon",
        "coordinates": [
          [
            [
              73.86868421052633,
              18.563421052631583
            ],
            [
              73.87868421052632,
              18.563421052631583
            ],
            [
              73.87868421052632,
              18.57342105263158
            ],
            [
              73.86868421052633,
              18.57342105263158
            ],
            [
              73.86868421052633,
              18.563421052631583
            ]
          ]
        ]
      },
      "properties": {
        "cell_id": "R16C07",
        "row": 16,
        "col": 7,
        "week": 1,
        "week_label": "Wk1",
        "date_start": "2024-06-01",
        "date_end": "2024-06-07",
        "phase": "pre",
        "avg_risk": 0.0449,
        "avg_gt": 0.0305,
        "risk_category": 0,
        "risk_category_label": "Low"
      }
    },
    {
      "type": "Feature",
      "geometry": {
        "type": "Polygon",
        "coordinates": [
          [
            [
              73.87921052631579,
              18.563421052631583
            ],
            [
              73.88921052631578,
              18.563421052631583
            ],
            [
              73.88921052631578,
              18.57342105263158
            ],
            [
              73.87921052631579,
              18.57342105263158
            ],
            [
              73.87921052631579,
              18.563421052631583
            ]
          ]
        ]
      },
      "properties": {
        "cell_id": "R16C08",
        "row": 16,
        "col": 8,
        "week": 1,
        "week_label": "Wk1",
        "date_start": "2024-06-01",
        "date_end": "2024-06-07",
        "phase": "pre",
        "avg_risk": 0.05,
        "avg_gt": 0.0086,
        "risk_category": 0,
        "risk_category_label": "Low"
      }
    },
    {
      "type": "Feature",
      "geometry": {
        "type": "Polygon",
        "coordinates": [
          [
            [
              73.88973684210526,
              18.563421052631583
            ],
            [
              73.89973684210526,
              18.563421052631583
            ],
            [
              73.89973684210526,
              18.57342105263158
            ],
            [
              73.88973684210526,
              18.57342105263158
            ],
            [
              73.88973684210526,
              18.563421052631583
            ]
          ]
        ]
      },
      "properties": {
        "cell_id": "R16C09",
        "row": 16,
        "col": 9,
        "week": 1,
        "week_label": "Wk1",
        "date_start": "2024-06-01",
        "date_end": "2024-06-07",
        "phase": "pre",
        "avg_risk": 0.0345,
        "avg_gt": 0.0073,
        "risk_category": 0,
        "risk_category_label": "Low"
      }
    },
    {
      "type": "Feature",
      "geometry": {
        "type": "Polygon",
        "coordinates": [
          [
            [
              73.90026315789474,
              18.563421052631583
            ],
            [
              73.91026315789473,
              18.563421052631583
            ],
            [
              73.91026315789473,
              18.57342105263158
            ],
            [
              73.90026315789474,
              18.57342105263158
            ],
            [
              73.90026315789474,
              18.563421052631583
            ]
          ]
        ]
      },
      "properties": {
        "cell_id": "R16C10",
        "row": 16,
        "col": 10,
        "week": 1,
        "week_label": "Wk1",
        "date_start": "2024-06-01",
        "date_end": "2024-06-07",
        "phase": "pre",
        "avg_risk": 0.0427,
        "avg_gt": 0.024,
        "risk_category": 0,
        "risk_category_label": "Low"
      }
    },
    {
      "type": "Feature",
      "geometry": {
        "type": "Polygon",
        "coordinates": [
          [
            [
              73.91078947368422,
              18.563421052631583
            ],
            [
              73.92078947368421,
              18.563421052631583
            ],
            [
              73.92078947368421,
              18.57342105263158
            ],
            [
              73.91078947368422,
              18.57342105263158
            ],
            [
              73.91078947368422,
              18.563421052631583
            ]
          ]
        ]
      },
      "properties": {
        "cell_id": "R16C11",
        "row": 16,
        "col": 11,
        "week": 1,
        "week_label": "Wk1",
        "date_start": "2024-06-01",
        "date_end": "2024-06-07",
        "phase": "pre",
        "avg_risk": 0.0238,
        "avg_gt": 0.0737,
        "risk_category": 0,
        "risk_category_label": "Low"
      }
    },
    {
      "type": "Feature",
      "geometry": {
        "type": "Polygon",
        "coordinates": [
          [
            [
              73.92131578947368,
              18.563421052631583
            ],
            [
              73.93131578947367,
              18.563421052631583
            ],
            [
              73.93131578947367,
              18.57342105263158
            ],
            [
              73.92131578947368,
              18.57342105263158
            ],
            [
              73.92131578947368,
              18.563421052631583
            ]
          ]
        ]
      },
      "properties": {
        "cell_id": "R16C12",
        "row": 16,
        "col": 12,
        "week": 1,
        "week_label": "Wk1",
        "date_start": "2024-06-01",
        "date_end": "2024-06-07",
        "phase": "pre",
        "avg_risk": 0.0914,
        "avg_gt": 0.1771,
        "risk_category": 0,
        "risk_category_label": "Low"
      }
    },
    {
      "type": "Feature",
      "geometry": {
        "type": "Polygon",
        "coordinates": [
          [
            [
              73.93184210526316,
              18.563421052631583
            ],
            [
              73.94184210526315,
              18.563421052631583
            ],
            [
              73.94184210526315,
              18.57342105263158
            ],
            [
              73.93184210526316,
              18.57342105263158
            ],
            [
              73.93184210526316,
              18.563421052631583
            ]
          ]
        ]
      },
      "properties": {
        "cell_id": "R16C13",
        "row": 16,
        "col": 13,
        "week": 1,
        "week_label": "Wk1",
        "date_start": "2024-06-01",
        "date_end": "2024-06-07",
        "phase": "pre",
        "avg_risk": 0.0561,
        "avg_gt": 0.331,
        "risk_category": 0,
        "risk_category_label": "Low"
      }
    },
    {
      "type": "Feature",
      "geometry": {
        "type": "Polygon",
        "coordinates": [
          [
            [
              73.94236842105263,
              18.563421052631583
            ],
            [
              73.95236842105263,
              18.563421052631583
            ],
            [
              73.95236842105263,
              18.57342105263158
            ],
            [
              73.94236842105263,
              18.57342105263158
            ],
            [
              73.94236842105263,
              18.563421052631583
            ]
          ]
        ]
      },
      "properties": {
        "cell_id": "R16C14",
        "row": 16,
        "col": 14,
        "week": 1,
        "week_label": "Wk1",
        "date_start": "2024-06-01",
        "date_end": "2024-06-07",
        "phase": "pre",
        "avg_risk": 0.1451,
        "avg_gt": 0.4817,
        "risk_category": 0,
        "risk_category_label": "Low"
      }
    },
    {
      "type": "Feature",
      "geometry": {
        "type": "Polygon",
        "coordinates": [
          [
            [
              73.95289473684211,
              18.563421052631583
            ],
            [
              73.9628947368421,
              18.563421052631583
            ],
            [
              73.9628947368421,
              18.57342105263158
            ],
            [
              73.95289473684211,
              18.57342105263158
            ],
            [
              73.95289473684211,
              18.563421052631583
            ]
          ]
        ]
      },
      "properties": {
        "cell_id": "R16C15",
        "row": 16,
        "col": 15,
        "week": 1,
        "week_label": "Wk1",
        "date_start": "2024-06-01",
        "date_end": "2024-06-07",
        "phase": "pre",
        "avg_risk": 0.221,
        "avg_gt": 0.5458,
        "risk_category": 1,
        "risk_category_label": "Medium"
      }
    },
    {
      "type": "Feature",
      "geometry": {
        "type": "Polygon",
        "coordinates": [
          [
            [
              73.96342105263159,
              18.563421052631583
            ],
            [
              73.97342105263158,
              18.563421052631583
            ],
            [
              73.97342105263158,
              18.57342105263158
            ],
            [
              73.96342105263159,
              18.57342105263158
            ],
            [
              73.96342105263159,
              18.563421052631583
            ]
          ]
        ]
      },
      "properties": {
        "cell_id": "R16C16",
        "row": 16,
        "col": 16,
        "week": 1,
        "week_label": "Wk1",
        "date_start": "2024-06-01",
        "date_end": "2024-06-07",
        "phase": "pre",
        "avg_risk": 0.1679,
        "avg_gt": 0.4817,
        "risk_category": 1,
        "risk_category_label": "Medium"
      }
    },
    {
      "type": "Feature",
      "geometry": {
        "type": "Polygon",
        "coordinates": [
          [
            [
              73.97394736842105,
              18.563421052631583
            ],
            [
              73.98394736842104,
              18.563421052631583
            ],
            [
              73.98394736842104,
              18.57342105263158
            ],
            [
              73.97394736842105,
              18.57342105263158
            ],
            [
              73.97394736842105,
              18.563421052631583
            ]
          ]
        ]
      },
      "properties": {
        "cell_id": "R16C17",
        "row": 16,
        "col": 17,
        "week": 1,
        "week_label": "Wk1",
        "date_start": "2024-06-01",
        "date_end": "2024-06-07",
        "phase": "pre",
        "avg_risk": 0.173,
        "avg_gt": 0.331,
        "risk_category": 1,
        "risk_category_label": "Medium"
      }
    },
    {
      "type": "Feature",
      "geometry": {
        "type": "Polygon",
        "coordinates": [
          [
            [
              73.98447368421053,
              18.563421052631583
            ],
            [
              73.99447368421052,
              18.563421052631583
            ],
            [
              73.99447368421052,
              18.57342105263158
            ],
            [
              73.98447368421053,
              18.57342105263158
            ],
            [
              73.98447368421053,
              18.563421052631583
            ]
          ]
        ]
      },
      "properties": {
        "cell_id": "R16C18",
        "row": 16,
        "col": 18,
        "week": 1,
        "week_label": "Wk1",
        "date_start": "2024-06-01",
        "date_end": "2024-06-07",
        "phase": "pre",
        "avg_risk": 0.181,
        "avg_gt": 0.1771,
        "risk_category": 1,
        "risk_category_label": "Medium"
      }
    },
    {
      "type": "Feature",
      "geometry": {
        "type": "Polygon",
        "coordinates": [
          [
            [
              73.995,
              18.563421052631583
            ],
            [
              74.005,
              18.563421052631583
            ],
            [
              74.005,
              18.57342105263158
            ],
            [
              73.995,
              18.57342105263158
            ],
            [
              73.995,
              18.563421052631583
            ]
          ]
        ]
      },
      "properties": {
        "cell_id": "R16C19",
        "row": 16,
        "col": 19,
        "week": 1,
        "week_label": "Wk1",
        "date_start": "2024-06-01",
        "date_end": "2024-06-07",
        "phase": "pre",
        "avg_risk": 0.2101,
        "avg_gt": 0.0737,
        "risk_category": 1,
        "risk_category_label": "Medium"
      }
    },
    {
      "type": "Feature",
      "geometry": {
        "type": "Polygon",
        "coordinates": [
          [
            [
              73.795,
              18.573947368421056
            ],
            [
              73.80499999999999,
              18.573947368421056
            ],
            [
              73.80499999999999,
              18.583947368421054
            ],
            [
              73.795,
              18.583947368421054
            ],
            [
              73.795,
              18.573947368421056
            ]
          ]
        ]
      },
      "properties": {
        "cell_id": "R17C00",
        "row": 17,
        "col": 0,
        "week": 1,
        "week_label": "Wk1",
        "date_start": "2024-06-01",
        "date_end": "2024-06-07",
        "phase": "pre",
        "avg_risk": 0.1565,
        "avg_gt": 0.1046,
        "risk_category": 1,
        "risk_category_label": "Medium"
      }
    },
    {
      "type": "Feature",
      "geometry": {
        "type": "Polygon",
        "coordinates": [
          [
            [
              73.80552631578948,
              18.573947368421056
            ],
            [
              73.81552631578947,
              18.573947368421056
            ],
            [
              73.81552631578947,
              18.583947368421054
            ],
            [
              73.80552631578948,
              18.583947368421054
            ],
            [
              73.80552631578948,
              18.573947368421056
            ]
          ]
        ]
      },
      "properties": {
        "cell_id": "R17C01",
        "row": 17,
        "col": 1,
        "week": 1,
        "week_label": "Wk1",
        "date_start": "2024-06-01",
        "date_end": "2024-06-07",
        "phase": "pre",
        "avg_risk": 0.162,
        "avg_gt": 0.2264,
        "risk_category": 1,
        "risk_category_label": "Medium"
      }
    },
    {
      "type": "Feature",
      "geometry": {
        "type": "Polygon",
        "coordinates": [
          [
            [
              73.81605263157896,
              18.573947368421056
            ],
            [
              73.82605263157895,
              18.573947368421056
            ],
            [
              73.82605263157895,
              18.583947368421054
            ],
            [
              73.81605263157896,
              18.583947368421054
            ],
            [
              73.81605263157896,
              18.573947368421056
            ]
          ]
        ]
      },
      "properties": {
        "cell_id": "R17C02",
        "row": 17,
        "col": 2,
        "week": 1,
        "week_label": "Wk1",
        "date_start": "2024-06-01",
        "date_end": "2024-06-07",
        "phase": "pre",
        "avg_risk": 0.1645,
        "avg_gt": 0.3598,
        "risk_category": 1,
        "risk_category_label": "Medium"
      }
    },
    {
      "type": "Feature",
      "geometry": {
        "type": "Polygon",
        "coordinates": [
          [
            [
              73.82657894736842,
              18.573947368421056
            ],
            [
              73.83657894736841,
              18.573947368421056
            ],
            [
              73.83657894736841,
              18.583947368421054
            ],
            [
              73.82657894736842,
              18.583947368421054
            ],
            [
              73.82657894736842,
              18.573947368421056
            ]
          ]
        ]
      },
      "properties": {
        "cell_id": "R17C03",
        "row": 17,
        "col": 3,
        "week": 1,
        "week_label": "Wk1",
        "date_start": "2024-06-01",
        "date_end": "2024-06-07",
        "phase": "pre",
        "avg_risk": 0.1735,
        "avg_gt": 0.4199,
        "risk_category": 1,
        "risk_category_label": "Medium"
      }
    },
    {
      "type": "Feature",
      "geometry": {
        "type": "Polygon",
        "coordinates": [
          [
            [
              73.8371052631579,
              18.573947368421056
            ],
            [
              73.84710526315789,
              18.573947368421056
            ],
            [
              73.84710526315789,
              18.583947368421054
            ],
            [
              73.8371052631579,
              18.583947368421054
            ],
            [
              73.8371052631579,
              18.573947368421056
            ]
          ]
        ]
      },
      "properties": {
        "cell_id": "R17C04",
        "row": 17,
        "col": 4,
        "week": 1,
        "week_label": "Wk1",
        "date_start": "2024-06-01",
        "date_end": "2024-06-07",
        "phase": "pre",
        "avg_risk": 0.1561,
        "avg_gt": 0.3598,
        "risk_category": 1,
        "risk_category_label": "Medium"
      }
    },
    {
      "type": "Feature",
      "geometry": {
        "type": "Polygon",
        "coordinates": [
          [
            [
              73.84763157894737,
              18.573947368421056
            ],
            [
              73.85763157894736,
              18.573947368421056
            ],
            [
              73.85763157894736,
              18.583947368421054
            ],
            [
              73.84763157894737,
              18.583947368421054
            ],
            [
              73.84763157894737,
              18.573947368421056
            ]
          ]
        ]
      },
      "properties": {
        "cell_id": "R17C05",
        "row": 17,
        "col": 5,
        "week": 1,
        "week_label": "Wk1",
        "date_start": "2024-06-01",
        "date_end": "2024-06-07",
        "phase": "pre",
        "avg_risk": 0.1329,
        "avg_gt": 0.2264,
        "risk_category": 0,
        "risk_category_label": "Low"
      }
    },
    {
      "type": "Feature",
      "geometry": {
        "type": "Polygon",
        "coordinates": [
          [
            [
              73.85815789473685,
              18.573947368421056
            ],
            [
              73.86815789473684,
              18.573947368421056
            ],
            [
              73.86815789473684,
              18.583947368421054
            ],
            [
              73.85815789473685,
              18.583947368421054
            ],
            [
              73.85815789473685,
              18.573947368421056
            ]
          ]
        ]
      },
      "properties": {
        "cell_id": "R17C06",
        "row": 17,
        "col": 6,
        "week": 1,
        "week_label": "Wk1",
        "date_start": "2024-06-01",
        "date_end": "2024-06-07",
        "phase": "pre",
        "avg_risk": 0.0638,
        "avg_gt": 0.1046,
        "risk_category": 0,
        "risk_category_label": "Low"
      }
    },
    {
      "type": "Feature",
      "geometry": {
        "type": "Polygon",
        "coordinates": [
          [
            [
              73.86868421052633,
              18.573947368421056
            ],
            [
              73.87868421052632,
              18.573947368421056
            ],
            [
              73.87868421052632,
              18.583947368421054
            ],
            [
              73.86868421052633,
              18.583947368421054
            ],
            [
              73.86868421052633,
              18.573947368421056
            ]
          ]
        ]
      },
      "properties": {
        "cell_id": "R17C07",
        "row": 17,
        "col": 7,
        "week": 1,
        "week_label": "Wk1",
        "date_start": "2024-06-01",
        "date_end": "2024-06-07",
        "phase": "pre",
        "avg_risk": 0.0498,
        "avg_gt": 0.0355,
        "risk_category": 0,
        "risk_category_label": "Low"
      }
    },
    {
      "type": "Feature",
      "geometry": {
        "type": "Polygon",
        "coordinates": [
          [
            [
              73.87921052631579,
              18.573947368421056
            ],
            [
              73.88921052631578,
              18.573947368421056
            ],
            [
              73.88921052631578,
              18.583947368421054
            ],
            [
              73.87921052631579,
              18.583947368421054
            ],
            [
              73.87921052631579,
              18.573947368421056
            ]
          ]
        ]
      },
      "properties": {
        "cell_id": "R17C08",
        "row": 17,
        "col": 8,
        "week": 1,
        "week_label": "Wk1",
        "date_start": "2024-06-01",
        "date_end": "2024-06-07",
        "phase": "pre",
        "avg_risk": 0.025,
        "avg_gt": 0.0093,
        "risk_category": 0,
        "risk_category_label": "Low"
      }
    },
    {
      "type": "Feature",
      "geometry": {
        "type": "Polygon",
        "coordinates": [
          [
            [
              73.88973684210526,
              18.573947368421056
            ],
            [
              73.89973684210526,
              18.573947368421056
            ],
            [
              73.89973684210526,
              18.583947368421054
            ],
            [
              73.88973684210526,
              18.583947368421054
            ],
            [
              73.88973684210526,
              18.573947368421056
            ]
          ]
        ]
      },
      "properties": {
        "cell_id": "R17C09",
        "row": 17,
        "col": 9,
        "week": 1,
        "week_label": "Wk1",
        "date_start": "2024-06-01",
        "date_end": "2024-06-07",
        "phase": "pre",
        "avg_risk": 0.0453,
        "avg_gt": 0.0047,
        "risk_category": 0,
        "risk_category_label": "Low"
      }
    },
    {
      "type": "Feature",
      "geometry": {
        "type": "Polygon",
        "coordinates": [
          [
            [
              73.90026315789474,
              18.573947368421056
            ],
            [
              73.91026315789473,
              18.573947368421056
            ],
            [
              73.91026315789473,
              18.583947368421054
            ],
            [
              73.90026315789474,
              18.583947368421054
            ],
            [
              73.90026315789474,
              18.573947368421056
            ]
          ]
        ]
      },
      "properties": {
        "cell_id": "R17C10",
        "row": 17,
        "col": 10,
        "week": 1,
        "week_label": "Wk1",
        "date_start": "2024-06-01",
        "date_end": "2024-06-07",
        "phase": "pre",
        "avg_risk": 0.0337,
        "avg_gt": 0.0129,
        "risk_category": 0,
        "risk_category_label": "Low"
      }
    },
    {
      "type": "Feature",
      "geometry": {
        "type": "Polygon",
        "coordinates": [
          [
            [
              73.91078947368422,
              18.573947368421056
            ],
            [
              73.92078947368421,
              18.573947368421056
            ],
            [
              73.92078947368421,
              18.583947368421054
            ],
            [
              73.91078947368422,
              18.583947368421054
            ],
            [
              73.91078947368422,
              18.573947368421056
            ]
          ]
        ]
      },
      "properties": {
        "cell_id": "R17C11",
        "row": 17,
        "col": 11,
        "week": 1,
        "week_label": "Wk1",
        "date_start": "2024-06-01",
        "date_end": "2024-06-07",
        "phase": "pre",
        "avg_risk": 0.0408,
        "avg_gt": 0.0394,
        "risk_category": 0,
        "risk_category_label": "Low"
      }
    },
    {
      "type": "Feature",
      "geometry": {
        "type": "Polygon",
        "coordinates": [
          [
            [
              73.92131578947368,
              18.573947368421056
            ],
            [
              73.93131578947367,
              18.573947368421056
            ],
            [
              73.93131578947367,
              18.583947368421054
            ],
            [
              73.92131578947368,
              18.583947368421054
            ],
            [
              73.92131578947368,
              18.573947368421056
            ]
          ]
        ]
      },
      "properties": {
        "cell_id": "R17C12",
        "row": 17,
        "col": 12,
        "week": 1,
        "week_label": "Wk1",
        "date_start": "2024-06-01",
        "date_end": "2024-06-07",
        "phase": "pre",
        "avg_risk": 0.0512,
        "avg_gt": 0.0947,
        "risk_category": 0,
        "risk_category_label": "Low"
      }
    },
    {
      "type": "Feature",
      "geometry": {
        "type": "Polygon",
        "coordinates": [
          [
            [
              73.93184210526316,
              18.573947368421056
            ],
            [
              73.94184210526315,
              18.573947368421056
            ],
            [
              73.94184210526315,
              18.583947368421054
            ],
            [
              73.93184210526316,
              18.583947368421054
            ],
            [
              73.93184210526316,
              18.573947368421056
            ]
          ]
        ]
      },
      "properties": {
        "cell_id": "R17C13",
        "row": 17,
        "col": 13,
        "week": 1,
        "week_label": "Wk1",
        "date_start": "2024-06-01",
        "date_end": "2024-06-07",
        "phase": "pre",
        "avg_risk": 0.0987,
        "avg_gt": 0.1771,
        "risk_category": 0,
        "risk_category_label": "Low"
      }
    },
    {
      "type": "Feature",
      "geometry": {
        "type": "Polygon",
        "coordinates": [
          [
            [
              73.94236842105263,
              18.573947368421056
            ],
            [
              73.95236842105263,
              18.573947368421056
            ],
            [
              73.95236842105263,
              18.583947368421054
            ],
            [
              73.94236842105263,
              18.583947368421054
            ],
            [
              73.94236842105263,
              18.573947368421056
            ]
          ]
        ]
      },
      "properties": {
        "cell_id": "R17C14",
        "row": 17,
        "col": 14,
        "week": 1,
        "week_label": "Wk1",
        "date_start": "2024-06-01",
        "date_end": "2024-06-07",
        "phase": "pre",
        "avg_risk": 0.0698,
        "avg_gt": 0.2577,
        "risk_category": 0,
        "risk_category_label": "Low"
      }
    },
    {
      "type": "Feature",
      "geometry": {
        "type": "Polygon",
        "coordinates": [
          [
            [
              73.95289473684211,
              18.573947368421056
            ],
            [
              73.9628947368421,
              18.573947368421056
            ],
            [
              73.9628947368421,
              18.583947368421054
            ],
            [
              73.95289473684211,
              18.583947368421054
            ],
            [
              73.95289473684211,
              18.573947368421056
            ]
          ]
        ]
      },
      "properties": {
        "cell_id": "R17C15",
        "row": 17,
        "col": 15,
        "week": 1,
        "week_label": "Wk1",
        "date_start": "2024-06-01",
        "date_end": "2024-06-07",
        "phase": "pre",
        "avg_risk": 0.1512,
        "avg_gt": 0.2921,
        "risk_category": 1,
        "risk_category_label": "Medium"
      }
    },
    {
      "type": "Feature",
      "geometry": {
        "type": "Polygon",
        "coordinates": [
          [
            [
              73.96342105263159,
              18.573947368421056
            ],
            [
              73.97342105263158,
              18.573947368421056
            ],
            [
              73.97342105263158,
              18.583947368421054
            ],
            [
              73.96342105263159,
              18.583947368421054
            ],
            [
              73.96342105263159,
              18.573947368421056
            ]
          ]
        ]
      },
      "properties": {
        "cell_id": "R17C16",
        "row": 17,
        "col": 16,
        "week": 1,
        "week_label": "Wk1",
        "date_start": "2024-06-01",
        "date_end": "2024-06-07",
        "phase": "pre",
        "avg_risk": 0.1297,
        "avg_gt": 0.2577,
        "risk_category": 0,
        "risk_category_label": "Low"
      }
    },
    {
      "type": "Feature",
      "geometry": {
        "type": "Polygon",
        "coordinates": [
          [
            [
              73.97394736842105,
              18.573947368421056
            ],
            [
              73.98394736842104,
              18.573947368421056
            ],
            [
              73.98394736842104,
              18.583947368421054
            ],
            [
              73.97394736842105,
              18.583947368421054
            ],
            [
              73.97394736842105,
              18.573947368421056
            ]
          ]
        ]
      },
      "properties": {
        "cell_id": "R17C17",
        "row": 17,
        "col": 17,
        "week": 1,
        "week_label": "Wk1",
        "date_start": "2024-06-01",
        "date_end": "2024-06-07",
        "phase": "pre",
        "avg_risk": 0.103,
        "avg_gt": 0.1771,
        "risk_category": 0,
        "risk_category_label": "Low"
      }
    },
    {
      "type": "Feature",
      "geometry": {
        "type": "Polygon",
        "coordinates": [
          [
            [
              73.98447368421053,
              18.573947368421056
            ],
            [
              73.99447368421052,
              18.573947368421056
            ],
            [
              73.99447368421052,
              18.583947368421054
            ],
            [
              73.98447368421053,
              18.583947368421054
            ],
            [
              73.98447368421053,
              18.573947368421056
            ]
          ]
        ]
      },
      "properties": {
        "cell_id": "R17C18",
        "row": 17,
        "col": 18,
        "week": 1,
        "week_label": "Wk1",
        "date_start": "2024-06-01",
        "date_end": "2024-06-07",
        "phase": "pre",
        "avg_risk": 0.15,
        "avg_gt": 0.0947,
        "risk_category": 0,
        "risk_category_label": "Low"
      }
    },
    {
      "type": "Feature",
      "geometry": {
        "type": "Polygon",
        "coordinates": [
          [
            [
              73.995,
              18.573947368421056
            ],
            [
              74.005,
              18.573947368421056
            ],
            [
              74.005,
              18.583947368421054
            ],
            [
              73.995,
              18.583947368421054
            ],
            [
              73.995,
              18.573947368421056
            ]
          ]
        ]
      },
      "properties": {
        "cell_id": "R17C19",
        "row": 17,
        "col": 19,
        "week": 1,
        "week_label": "Wk1",
        "date_start": "2024-06-01",
        "date_end": "2024-06-07",
        "phase": "pre",
        "avg_risk": 0.2276,
        "avg_gt": 0.0394,
        "risk_category": 1,
        "risk_category_label": "Medium"
      }
    },
    {
      "type": "Feature",
      "geometry": {
        "type": "Polygon",
        "coordinates": [
          [
            [
              73.795,
              18.58447368421053
            ],
            [
              73.80499999999999,
              18.58447368421053
            ],
            [
              73.80499999999999,
              18.594473684210527
            ],
            [
              73.795,
              18.594473684210527
            ],
            [
              73.795,
              18.58447368421053
            ]
          ]
        ]
      },
      "properties": {
        "cell_id": "R18C00",
        "row": 18,
        "col": 0,
        "week": 1,
        "week_label": "Wk1",
        "date_start": "2024-06-01",
        "date_end": "2024-06-07",
        "phase": "pre",
        "avg_risk": 0.1891,
        "avg_gt": 0.0896,
        "risk_category": 1,
        "risk_category_label": "Medium"
      }
    },
    {
      "type": "Feature",
      "geometry": {
        "type": "Polygon",
        "coordinates": [
          [
            [
              73.80552631578948,
              18.58447368421053
            ],
            [
              73.81552631578947,
              18.58447368421053
            ],
            [
              73.81552631578947,
              18.594473684210527
            ],
            [
              73.80552631578948,
              18.594473684210527
            ],
            [
              73.80552631578948,
              18.58447368421053
            ]
          ]
        ]
      },
      "properties": {
        "cell_id": "R18C01",
        "row": 18,
        "col": 1,
        "week": 1,
        "week_label": "Wk1",
        "date_start": "2024-06-01",
        "date_end": "2024-06-07",
        "phase": "pre",
        "avg_risk": 0.1927,
        "avg_gt": 0.194,
        "risk_category": 1,
        "risk_category_label": "Medium"
      }
    },
    {
      "type": "Feature",
      "geometry": {
        "type": "Polygon",
        "coordinates": [
          [
            [
              73.81605263157896,
              18.58447368421053
            ],
            [
              73.82605263157895,
              18.58447368421053
            ],
            [
              73.82605263157895,
              18.594473684210527
            ],
            [
              73.81605263157896,
              18.594473684210527
            ],
            [
              73.81605263157896,
              18.58447368421053
            ]
          ]
        ]
      },
      "properties": {
        "cell_id": "R18C02",
        "row": 18,
        "col": 2,
        "week": 1,
        "week_label": "Wk1",
        "date_start": "2024-06-01",
        "date_end": "2024-06-07",
        "phase": "pre",
        "avg_risk": 0.1871,
        "avg_gt": 0.3084,
        "risk_category": 1,
        "risk_category_label": "Medium"
      }
    },
    {
      "type": "Feature",
      "geometry": {
        "type": "Polygon",
        "coordinates": [
          [
            [
              73.82657894736842,
              18.58447368421053
            ],
            [
              73.83657894736841,
              18.58447368421053
            ],
            [
              73.83657894736841,
              18.594473684210527
            ],
            [
              73.82657894736842,
              18.594473684210527
            ],
            [
              73.82657894736842,
              18.58447368421053
            ]
          ]
        ]
      },
      "properties": {
        "cell_id": "R18C03",
        "row": 18,
        "col": 3,
        "week": 1,
        "week_label": "Wk1",
        "date_start": "2024-06-01",
        "date_end": "2024-06-07",
        "phase": "pre",
        "avg_risk": 0.1962,
        "avg_gt": 0.3598,
        "risk_category": 1,
        "risk_category_label": "Medium"
      }
    },
    {
      "type": "Feature",
      "geometry": {
        "type": "Polygon",
        "coordinates": [
          [
            [
              73.8371052631579,
              18.58447368421053
            ],
            [
              73.84710526315789,
              18.58447368421053
            ],
            [
              73.84710526315789,
              18.594473684210527
            ],
            [
              73.8371052631579,
              18.594473684210527
            ],
            [
              73.8371052631579,
              18.58447368421053
            ]
          ]
        ]
      },
      "properties": {
        "cell_id": "R18C04",
        "row": 18,
        "col": 4,
        "week": 1,
        "week_label": "Wk1",
        "date_start": "2024-06-01",
        "date_end": "2024-06-07",
        "phase": "pre",
        "avg_risk": 0.1614,
        "avg_gt": 0.3084,
        "risk_category": 1,
        "risk_category_label": "Medium"
      }
    },
    {
      "type": "Feature",
      "geometry": {
        "type": "Polygon",
        "coordinates": [
          [
            [
              73.84763157894737,
              18.58447368421053
            ],
            [
              73.85763157894736,
              18.58447368421053
            ],
            [
              73.85763157894736,
              18.594473684210527
            ],
            [
              73.84763157894737,
              18.594473684210527
            ],
            [
              73.84763157894737,
              18.58447368421053
            ]
          ]
        ]
      },
      "properties": {
        "cell_id": "R18C05",
        "row": 18,
        "col": 5,
        "week": 1,
        "week_label": "Wk1",
        "date_start": "2024-06-01",
        "date_end": "2024-06-07",
        "phase": "pre",
        "avg_risk": 0.1254,
        "avg_gt": 0.194,
        "risk_category": 0,
        "risk_category_label": "Low"
      }
    },
    {
      "type": "Feature",
      "geometry": {
        "type": "Polygon",
        "coordinates": [
          [
            [
              73.85815789473685,
              18.58447368421053
            ],
            [
              73.86815789473684,
              18.58447368421053
            ],
            [
              73.86815789473684,
              18.594473684210527
            ],
            [
              73.85815789473685,
              18.594473684210527
            ],
            [
              73.85815789473685,
              18.58447368421053
            ]
          ]
        ]
      },
      "properties": {
        "cell_id": "R18C06",
        "row": 18,
        "col": 6,
        "week": 1,
        "week_label": "Wk1",
        "date_start": "2024-06-01",
        "date_end": "2024-06-07",
        "phase": "pre",
        "avg_risk": 0.0811,
        "avg_gt": 0.0896,
        "risk_category": 0,
        "risk_category_label": "Low"
      }
    },
    {
      "type": "Feature",
      "geometry": {
        "type": "Polygon",
        "coordinates": [
          [
            [
              73.86868421052633,
              18.58447368421053
            ],
            [
              73.87868421052632,
              18.58447368421053
            ],
            [
              73.87868421052632,
              18.594473684210527
            ],
            [
              73.86868421052633,
              18.594473684210527
            ],
            [
              73.86868421052633,
              18.58447368421053
            ]
          ]
        ]
      },
      "properties": {
        "cell_id": "R18C07",
        "row": 18,
        "col": 7,
        "week": 1,
        "week_label": "Wk1",
        "date_start": "2024-06-01",
        "date_end": "2024-06-07",
        "phase": "pre",
        "avg_risk": 0.0484,
        "avg_gt": 0.0304,
        "risk_category": 0,
        "risk_category_label": "Low"
      }
    },
    {
      "type": "Feature",
      "geometry": {
        "type": "Polygon",
        "coordinates": [
          [
            [
              73.87921052631579,
              18.58447368421053
            ],
            [
              73.88921052631578,
              18.58447368421053
            ],
            [
              73.88921052631578,
              18.594473684210527
            ],
            [
              73.87921052631579,
              18.594473684210527
            ],
            [
              73.87921052631579,
              18.58447368421053
            ]
          ]
        ]
      },
      "properties": {
        "cell_id": "R18C08",
        "row": 18,
        "col": 8,
        "week": 1,
        "week_label": "Wk1",
        "date_start": "2024-06-01",
        "date_end": "2024-06-07",
        "phase": "pre",
        "avg_risk": 0.0237,
        "avg_gt": 0.0077,
        "risk_category": 0,
        "risk_category_label": "Low"
      }
    },
    {
      "type": "Feature",
      "geometry": {
        "type": "Polygon",
        "coordinates": [
          [
            [
              73.88973684210526,
              18.58447368421053
            ],
            [
              73.89973684210526,
              18.58447368421053
            ],
            [
              73.89973684210526,
              18.594473684210527
            ],
            [
              73.88973684210526,
              18.594473684210527
            ],
            [
              73.88973684210526,
              18.58447368421053
            ]
          ]
        ]
      },
      "properties": {
        "cell_id": "R18C09",
        "row": 18,
        "col": 9,
        "week": 1,
        "week_label": "Wk1",
        "date_start": "2024-06-01",
        "date_end": "2024-06-07",
        "phase": "pre",
        "avg_risk": 0.0417,
        "avg_gt": 0.0026,
        "risk_category": 0,
        "risk_category_label": "Low"
      }
    },
    {
      "type": "Feature",
      "geometry": {
        "type": "Polygon",
        "coordinates": [
          [
            [
              73.90026315789474,
              18.58447368421053
            ],
            [
              73.91026315789473,
              18.58447368421053
            ],
            [
              73.91026315789473,
              18.594473684210527
            ],
            [
              73.90026315789474,
              18.594473684210527
            ],
            [
              73.90026315789474,
              18.58447368421053
            ]
          ]
        ]
      },
      "properties": {
        "cell_id": "R18C10",
        "row": 18,
        "col": 10,
        "week": 1,
        "week_label": "Wk1",
        "date_start": "2024-06-01",
        "date_end": "2024-06-07",
        "phase": "pre",
        "avg_risk": 0.0273,
        "avg_gt": 0.0054,
        "risk_category": 0,
        "risk_category_label": "Low"
      }
    },
    {
      "type": "Feature",
      "geometry": {
        "type": "Polygon",
        "coordinates": [
          [
            [
              73.91078947368422,
              18.58447368421053
            ],
            [
              73.92078947368421,
              18.58447368421053
            ],
            [
              73.92078947368421,
              18.594473684210527
            ],
            [
              73.91078947368422,
              18.594473684210527
            ],
            [
              73.91078947368422,
              18.58447368421053
            ]
          ]
        ]
      },
      "properties": {
        "cell_id": "R18C11",
        "row": 18,
        "col": 11,
        "week": 1,
        "week_label": "Wk1",
        "date_start": "2024-06-01",
        "date_end": "2024-06-07",
        "phase": "pre",
        "avg_risk": 0.0484,
        "avg_gt": 0.0163,
        "risk_category": 0,
        "risk_category_label": "Low"
      }
    },
    {
      "type": "Feature",
      "geometry": {
        "type": "Polygon",
        "coordinates": [
          [
            [
              73.92131578947368,
              18.58447368421053
            ],
            [
              73.93131578947367,
              18.58447368421053
            ],
            [
              73.93131578947367,
              18.594473684210527
            ],
            [
              73.92131578947368,
              18.594473684210527
            ],
            [
              73.92131578947368,
              18.58447368421053
            ]
          ]
        ]
      },
      "properties": {
        "cell_id": "R18C12",
        "row": 18,
        "col": 12,
        "week": 1,
        "week_label": "Wk1",
        "date_start": "2024-06-01",
        "date_end": "2024-06-07",
        "phase": "pre",
        "avg_risk": 0.0446,
        "avg_gt": 0.0394,
        "risk_category": 0,
        "risk_category_label": "Low"
      }
    },
    {
      "type": "Feature",
      "geometry": {
        "type": "Polygon",
        "coordinates": [
          [
            [
              73.93184210526316,
              18.58447368421053
            ],
            [
              73.94184210526315,
              18.58447368421053
            ],
            [
              73.94184210526315,
              18.594473684210527
            ],
            [
              73.93184210526316,
              18.594473684210527
            ],
            [
              73.93184210526316,
              18.58447368421053
            ]
          ]
        ]
      },
      "properties": {
        "cell_id": "R18C13",
        "row": 18,
        "col": 13,
        "week": 1,
        "week_label": "Wk1",
        "date_start": "2024-06-01",
        "date_end": "2024-06-07",
        "phase": "pre",
        "avg_risk": 0.0703,
        "avg_gt": 0.0737,
        "risk_category": 0,
        "risk_category_label": "Low"
      }
    },
    {
      "type": "Feature",
      "geometry": {
        "type": "Polygon",
        "coordinates": [
          [
            [
              73.94236842105263,
              18.58447368421053
            ],
            [
              73.95236842105263,
              18.58447368421053
            ],
            [
              73.95236842105263,
              18.594473684210527
            ],
            [
              73.94236842105263,
              18.594473684210527
            ],
            [
              73.94236842105263,
              18.58447368421053
            ]
          ]
        ]
      },
      "properties": {
        "cell_id": "R18C14",
        "row": 18,
        "col": 14,
        "week": 1,
        "week_label": "Wk1",
        "date_start": "2024-06-01",
        "date_end": "2024-06-07",
        "phase": "pre",
        "avg_risk": 0.066,
        "avg_gt": 0.1073,
        "risk_category": 0,
        "risk_category_label": "Low"
      }
    },
    {
      "type": "Feature",
      "geometry": {
        "type": "Polygon",
        "coordinates": [
          [
            [
              73.95289473684211,
              18.58447368421053
            ],
            [
              73.9628947368421,
              18.58447368421053
            ],
            [
              73.9628947368421,
              18.594473684210527
            ],
            [
              73.95289473684211,
              18.594473684210527
            ],
            [
              73.95289473684211,
              18.58447368421053
            ]
          ]
        ]
      },
      "properties": {
        "cell_id": "R18C15",
        "row": 18,
        "col": 15,
        "week": 1,
        "week_label": "Wk1",
        "date_start": "2024-06-01",
        "date_end": "2024-06-07",
        "phase": "pre",
        "avg_risk": 0.0795,
        "avg_gt": 0.1217,
        "risk_category": 0,
        "risk_category_label": "Low"
      }
    },
    {
      "type": "Feature",
      "geometry": {
        "type": "Polygon",
        "coordinates": [
          [
            [
              73.96342105263159,
              18.58447368421053
            ],
            [
              73.97342105263158,
              18.58447368421053
            ],
            [
              73.97342105263158,
              18.594473684210527
            ],
            [
              73.96342105263159,
              18.594473684210527
            ],
            [
              73.96342105263159,
              18.58447368421053
            ]
          ]
        ]
      },
      "properties": {
        "cell_id": "R18C16",
        "row": 18,
        "col": 16,
        "week": 1,
        "week_label": "Wk1",
        "date_start": "2024-06-01",
        "date_end": "2024-06-07",
        "phase": "pre",
        "avg_risk": 0.0808,
        "avg_gt": 0.1073,
        "risk_category": 0,
        "risk_category_label": "Low"
      }
    },
    {
      "type": "Feature",
      "geometry": {
        "type": "Polygon",
        "coordinates": [
          [
            [
              73.97394736842105,
              18.58447368421053
            ],
            [
              73.98394736842104,
              18.58447368421053
            ],
            [
              73.98394736842104,
              18.594473684210527
            ],
            [
              73.97394736842105,
              18.594473684210527
            ],
            [
              73.97394736842105,
              18.58447368421053
            ]
          ]
        ]
      },
      "properties": {
        "cell_id": "R18C17",
        "row": 18,
        "col": 17,
        "week": 1,
        "week_label": "Wk1",
        "date_start": "2024-06-01",
        "date_end": "2024-06-07",
        "phase": "pre",
        "avg_risk": 0.2238,
        "avg_gt": 0.0737,
        "risk_category": 1,
        "risk_category_label": "Medium"
      }
    },
    {
      "type": "Feature",
      "geometry": {
        "type": "Polygon",
        "coordinates": [
          [
            [
              73.98447368421053,
              18.58447368421053
            ],
            [
              73.99447368421052,
              18.58447368421053
            ],
            [
              73.99447368421052,
              18.594473684210527
            ],
            [
              73.98447368421053,
              18.594473684210527
            ],
            [
              73.98447368421053,
              18.58447368421053
            ]
          ]
        ]
      },
      "properties": {
        "cell_id": "R18C18",
        "row": 18,
        "col": 18,
        "week": 1,
        "week_label": "Wk1",
        "date_start": "2024-06-01",
        "date_end": "2024-06-07",
        "phase": "pre",
        "avg_risk": 0.2882,
        "avg_gt": 0.0394,
        "risk_category": 1,
        "risk_category_label": "Medium"
      }
    },
    {
      "type": "Feature",
      "geometry": {
        "type": "Polygon",
        "coordinates": [
          [
            [
              73.995,
              18.58447368421053
            ],
            [
              74.005,
              18.58447368421053
            ],
            [
              74.005,
              18.594473684210527
            ],
            [
              73.995,
              18.594473684210527
            ],
            [
              73.995,
              18.58447368421053
            ]
          ]
        ]
      },
      "properties": {
        "cell_id": "R18C19",
        "row": 18,
        "col": 19,
        "week": 1,
        "week_label": "Wk1",
        "date_start": "2024-06-01",
        "date_end": "2024-06-07",
        "phase": "pre",
        "avg_risk": 0.2599,
        "avg_gt": 0.0163,
        "risk_category": 1,
        "risk_category_label": "Medium"
      }
    },
    {
      "type": "Feature",
      "geometry": {
        "type": "Polygon",
        "coordinates": [
          [
            [
              73.795,
              18.595000000000002
            ],
            [
              73.80499999999999,
              18.595000000000002
            ],
            [
              73.80499999999999,
              18.605
            ],
            [
              73.795,
              18.605
            ],
            [
              73.795,
              18.595000000000002
            ]
          ]
        ]
      },
      "properties": {
        "cell_id": "R19C00",
        "row": 19,
        "col": 0,
        "week": 1,
        "week_label": "Wk1",
        "date_start": "2024-06-01",
        "date_end": "2024-06-07",
        "phase": "pre",
        "avg_risk": 0.1957,
        "avg_gt": 0.0563,
        "risk_category": 1,
        "risk_category_label": "Medium"
      }
    },
    {
      "type": "Feature",
      "geometry": {
        "type": "Polygon",
        "coordinates": [
          [
            [
              73.80552631578948,
              18.595000000000002
            ],
            [
              73.81552631578947,
              18.595000000000002
            ],
            [
              73.81552631578947,
              18.605
            ],
            [
              73.80552631578948,
              18.605
            ],
            [
              73.80552631578948,
              18.595000000000002
            ]
          ]
        ]
      },
      "properties": {
        "cell_id": "R19C01",
        "row": 19,
        "col": 1,
        "week": 1,
        "week_label": "Wk1",
        "date_start": "2024-06-01",
        "date_end": "2024-06-07",
        "phase": "pre",
        "avg_risk": 0.1973,
        "avg_gt": 0.1221,
        "risk_category": 1,
        "risk_category_label": "Medium"
      }
    },
    {
      "type": "Feature",
      "geometry": {
        "type": "Polygon",
        "coordinates": [
          [
            [
              73.81605263157896,
              18.595000000000002
            ],
            [
              73.82605263157895,
              18.595000000000002
            ],
            [
              73.82605263157895,
              18.605
            ],
            [
              73.81605263157896,
              18.605
            ],
            [
              73.81605263157896,
              18.595000000000002
            ]
          ]
        ]
      },
      "properties": {
        "cell_id": "R19C02",
        "row": 19,
        "col": 2,
        "week": 1,
        "week_label": "Wk1",
        "date_start": "2024-06-01",
        "date_end": "2024-06-07",
        "phase": "pre",
        "avg_risk": 0.2084,
        "avg_gt": 0.194,
        "risk_category": 1,
        "risk_category_label": "Medium"
      }
    },
    {
      "type": "Feature",
      "geometry": {
        "type": "Polygon",
        "coordinates": [
          [
            [
              73.82657894736842,
              18.595000000000002
            ],
            [
              73.83657894736841,
              18.595000000000002
            ],
            [
              73.83657894736841,
              18.605
            ],
            [
              73.82657894736842,
              18.605
            ],
            [
              73.82657894736842,
              18.595000000000002
            ]
          ]
        ]
      },
      "properties": {
        "cell_id": "R19C03",
        "row": 19,
        "col": 3,
        "week": 1,
        "week_label": "Wk1",
        "date_start": "2024-06-01",
        "date_end": "2024-06-07",
        "phase": "pre",
        "avg_risk": 0.1928,
        "avg_gt": 0.2264,
        "risk_category": 1,
        "risk_category_label": "Medium"
      }
    },
    {
      "type": "Feature",
      "geometry": {
        "type": "Polygon",
        "coordinates": [
          [
            [
              73.8371052631579,
              18.595000000000002
            ],
            [
              73.84710526315789,
              18.595000000000002
            ],
            [
              73.84710526315789,
              18.605
            ],
            [
              73.8371052631579,
              18.605
            ],
            [
              73.8371052631579,
              18.595000000000002
            ]
          ]
        ]
      },
      "properties": {
        "cell_id": "R19C04",
        "row": 19,
        "col": 4,
        "week": 1,
        "week_label": "Wk1",
        "date_start": "2024-06-01",
        "date_end": "2024-06-07",
        "phase": "pre",
        "avg_risk": 0.2131,
        "avg_gt": 0.194,
        "risk_category": 1,
        "risk_category_label": "Medium"
      }
    },
    {
      "type": "Feature",
      "geometry": {
        "type": "Polygon",
        "coordinates": [
          [
            [
              73.84763157894737,
              18.595000000000002
            ],
            [
              73.85763157894736,
              18.595000000000002
            ],
            [
              73.85763157894736,
              18.605
            ],
            [
              73.84763157894737,
              18.605
            ],
            [
              73.84763157894737,
              18.595000000000002
            ]
          ]
        ]
      },
      "properties": {
        "cell_id": "R19C05",
        "row": 19,
        "col": 5,
        "week": 1,
        "week_label": "Wk1",
        "date_start": "2024-06-01",
        "date_end": "2024-06-07",
        "phase": "pre",
        "avg_risk": 0.1742,
        "avg_gt": 0.1221,
        "risk_category": 1,
        "risk_category_label": "Medium"
      }
    },
    {
      "type": "Feature",
      "geometry": {
        "type": "Polygon",
        "coordinates": [
          [
            [
              73.85815789473685,
              18.595000000000002
            ],
            [
              73.86815789473684,
              18.595000000000002
            ],
            [
              73.86815789473684,
              18.605
            ],
            [
              73.85815789473685,
              18.605
            ],
            [
              73.85815789473685,
              18.595000000000002
            ]
          ]
        ]
      },
      "properties": {
        "cell_id": "R19C06",
        "row": 19,
        "col": 6,
        "week": 1,
        "week_label": "Wk1",
        "date_start": "2024-06-01",
        "date_end": "2024-06-07",
        "phase": "pre",
        "avg_risk": 0.0973,
        "avg_gt": 0.0563,
        "risk_category": 0,
        "risk_category_label": "Low"
      }
    },
    {
      "type": "Feature",
      "geometry": {
        "type": "Polygon",
        "coordinates": [
          [
            [
              73.86868421052633,
              18.595000000000002
            ],
            [
              73.87868421052632,
              18.595000000000002
            ],
            [
              73.87868421052632,
              18.605
            ],
            [
              73.86868421052633,
              18.605
            ],
            [
              73.86868421052633,
              18.595000000000002
            ]
          ]
        ]
      },
      "properties": {
        "cell_id": "R19C07",
        "row": 19,
        "col": 7,
        "week": 1,
        "week_label": "Wk1",
        "date_start": "2024-06-01",
        "date_end": "2024-06-07",
        "phase": "pre",
        "avg_risk": 0.0575,
        "avg_gt": 0.019,
        "risk_category": 0,
        "risk_category_label": "Low"
      }
    },
    {
      "type": "Feature",
      "geometry": {
        "type": "Polygon",
        "coordinates": [
          [
            [
              73.87921052631579,
              18.595000000000002
            ],
            [
              73.88921052631578,
              18.595000000000002
            ],
            [
              73.88921052631578,
              18.605
            ],
            [
              73.87921052631579,
              18.605
            ],
            [
              73.87921052631579,
              18.595000000000002
            ]
          ]
        ]
      },
      "properties": {
        "cell_id": "R19C08",
        "row": 19,
        "col": 8,
        "week": 1,
        "week_label": "Wk1",
        "date_start": "2024-06-01",
        "date_end": "2024-06-07",
        "phase": "pre",
        "avg_risk": 0.0326,
        "avg_gt": 0.0047,
        "risk_category": 0,
        "risk_category_label": "Low"
      }
    },
    {
      "type": "Feature",
      "geometry": {
        "type": "Polygon",
        "coordinates": [
          [
            [
              73.88973684210526,
              18.595000000000002
            ],
            [
              73.89973684210526,
              18.595000000000002
            ],
            [
              73.89973684210526,
              18.605
            ],
            [
              73.88973684210526,
              18.605
            ],
            [
              73.88973684210526,
              18.595000000000002
            ]
          ]
        ]
      },
      "properties": {
        "cell_id": "R19C09",
        "row": 19,
        "col": 9,
        "week": 1,
        "week_label": "Wk1",
        "date_start": "2024-06-01",
        "date_end": "2024-06-07",
        "phase": "pre",
        "avg_risk": 0.0231,
        "avg_gt": 0.0012,
        "risk_category": 0,
        "risk_category_label": "Low"
      }
    },
    {
      "type": "Feature",
      "geometry": {
        "type": "Polygon",
        "coordinates": [
          [
            [
              73.90026315789474,
              18.595000000000002
            ],
            [
              73.91026315789473,
              18.595000000000002
            ],
            [
              73.91026315789473,
              18.605
            ],
            [
              73.90026315789474,
              18.605
            ],
            [
              73.90026315789474,
              18.595000000000002
            ]
          ]
        ]
      },
      "properties": {
        "cell_id": "R19C10",
        "row": 19,
        "col": 10,
        "week": 1,
        "week_label": "Wk1",
        "date_start": "2024-06-01",
        "date_end": "2024-06-07",
        "phase": "pre",
        "avg_risk": 0.0302,
        "avg_gt": 0.0017,
        "risk_category": 0,
        "risk_category_label": "Low"
      }
    },
    {
      "type": "Feature",
      "geometry": {
        "type": "Polygon",
        "coordinates": [
          [
            [
              73.91078947368422,
              18.595000000000002
            ],
            [
              73.92078947368421,
              18.595000000000002
            ],
            [
              73.92078947368421,
              18.605
            ],
            [
              73.91078947368422,
              18.605
            ],
            [
              73.91078947368422,
              18.595000000000002
            ]
          ]
        ]
      },
      "properties": {
        "cell_id": "R19C11",
        "row": 19,
        "col": 11,
        "week": 1,
        "week_label": "Wk1",
        "date_start": "2024-06-01",
        "date_end": "2024-06-07",
        "phase": "pre",
        "avg_risk": 0.0306,
        "avg_gt": 0.0052,
        "risk_category": 0,
        "risk_category_label": "Low"
      }
    },
    {
      "type": "Feature",
      "geometry": {
        "type": "Polygon",
        "coordinates": [
          [
            [
              73.92131578947368,
              18.595000000000002
            ],
            [
              73.93131578947367,
              18.595000000000002
            ],
            [
              73.93131578947367,
              18.605
            ],
            [
              73.92131578947368,
              18.605
            ],
            [
              73.92131578947368,
              18.595000000000002
            ]
          ]
        ]
      },
      "properties": {
        "cell_id": "R19C12",
        "row": 19,
        "col": 12,
        "week": 1,
        "week_label": "Wk1",
        "date_start": "2024-06-01",
        "date_end": "2024-06-07",
        "phase": "pre",
        "avg_risk": 0.0288,
        "avg_gt": 0.0127,
        "risk_category": 0,
        "risk_category_label": "Low"
      }
    },
    {
      "type": "Feature",
      "geometry": {
        "type": "Polygon",
        "coordinates": [
          [
            [
              73.93184210526316,
              18.595000000000002
            ],
            [
              73.94184210526315,
              18.595000000000002
            ],
            [
              73.94184210526315,
              18.605
            ],
            [
              73.93184210526316,
              18.605
            ],
            [
              73.93184210526316,
              18.595000000000002
            ]
          ]
        ]
      },
      "properties": {
        "cell_id": "R19C13",
        "row": 19,
        "col": 13,
        "week": 1,
        "week_label": "Wk1",
        "date_start": "2024-06-01",
        "date_end": "2024-06-07",
        "phase": "pre",
        "avg_risk": 0.0666,
        "avg_gt": 0.0238,
        "risk_category": 0,
        "risk_category_label": "Low"
      }
    },
    {
      "type": "Feature",
      "geometry": {
        "type": "Polygon",
        "coordinates": [
          [
            [
              73.94236842105263,
              18.595000000000002
            ],
            [
              73.95236842105263,
              18.595000000000002
            ],
            [
              73.95236842105263,
              18.605
            ],
            [
              73.94236842105263,
              18.605
            ],
            [
              73.94236842105263,
              18.595000000000002
            ]
          ]
        ]
      },
      "properties": {
        "cell_id": "R19C14",
        "row": 19,
        "col": 14,
        "week": 1,
        "week_label": "Wk1",
        "date_start": "2024-06-01",
        "date_end": "2024-06-07",
        "phase": "pre",
        "avg_risk": 0.1459,
        "avg_gt": 0.0347,
        "risk_category": 0,
        "risk_category_label": "Low"
      }
    },
    {
      "type": "Feature",
      "geometry": {
        "type": "Polygon",
        "coordinates": [
          [
            [
              73.95289473684211,
              18.595000000000002
            ],
            [
              73.9628947368421,
              18.595000000000002
            ],
            [
              73.9628947368421,
              18.605
            ],
            [
              73.95289473684211,
              18.605
            ],
            [
              73.95289473684211,
              18.595000000000002
            ]
          ]
        ]
      },
      "properties": {
        "cell_id": "R19C15",
        "row": 19,
        "col": 15,
        "week": 1,
        "week_label": "Wk1",
        "date_start": "2024-06-01",
        "date_end": "2024-06-07",
        "phase": "pre",
        "avg_risk": 0.1728,
        "avg_gt": 0.0394,
        "risk_category": 1,
        "risk_category_label": "Medium"
      }
    },
    {
      "type": "Feature",
      "geometry": {
        "type": "Polygon",
        "coordinates": [
          [
            [
              73.96342105263159,
              18.595000000000002
            ],
            [
              73.97342105263158,
              18.595000000000002
            ],
            [
              73.97342105263158,
              18.605
            ],
            [
              73.96342105263159,
              18.605
            ],
            [
              73.96342105263159,
              18.595000000000002
            ]
          ]
        ]
      },
      "properties": {
        "cell_id": "R19C16",
        "row": 19,
        "col": 16,
        "week": 1,
        "week_label": "Wk1",
        "date_start": "2024-06-01",
        "date_end": "2024-06-07",
        "phase": "pre",
        "avg_risk": 0.1455,
        "avg_gt": 0.0347,
        "risk_category": 0,
        "risk_category_label": "Low"
      }
    },
    {
      "type": "Feature",
      "geometry": {
        "type": "Polygon",
        "coordinates": [
          [
            [
              73.97394736842105,
              18.595000000000002
            ],
            [
              73.98394736842104,
              18.595000000000002
            ],
            [
              73.98394736842104,
              18.605
            ],
            [
              73.97394736842105,
              18.605
            ],
            [
              73.97394736842105,
              18.595000000000002
            ]
          ]
        ]
      },
      "properties": {
        "cell_id": "R19C17",
        "row": 19,
        "col": 17,
        "week": 1,
        "week_label": "Wk1",
        "date_start": "2024-06-01",
        "date_end": "2024-06-07",
        "phase": "pre",
        "avg_risk": 0.1605,
        "avg_gt": 0.0238,
        "risk_category": 1,
        "risk_category_label": "Medium"
      }
    },
    {
      "type": "Feature",
      "geometry": {
        "type": "Polygon",
        "coordinates": [
          [
            [
              73.98447368421053,
              18.595000000000002
            ],
            [
              73.99447368421052,
              18.595000000000002
            ],
            [
              73.99447368421052,
              18.605
            ],
            [
              73.98447368421053,
              18.605
            ],
            [
              73.98447368421053,
              18.595000000000002
            ]
          ]
        ]
      },
      "properties": {
        "cell_id": "R19C18",
        "row": 19,
        "col": 18,
        "week": 1,
        "week_label": "Wk1",
        "date_start": "2024-06-01",
        "date_end": "2024-06-07",
        "phase": "pre",
        "avg_risk": 0.1797,
        "avg_gt": 0.0127,
        "risk_category": 1,
        "risk_category_label": "Medium"
      }
    },
    {
      "type": "Feature",
      "geometry": {
        "type": "Polygon",
        "coordinates": [
          [
            [
              73.995,
              18.595000000000002
            ],
            [
              74.005,
              18.595000000000002
            ],
            [
              74.005,
              18.605
            ],
            [
              73.995,
              18.605
            ],
            [
              73.995,
              18.595000000000002
            ]
          ]
        ]
      },
      "properties": {
        "cell_id": "R19C19",
        "row": 19,
        "col": 19,
        "week": 1,
        "week_label": "Wk1",
        "date_start": "2024-06-01",
        "date_end": "2024-06-07",
        "phase": "pre",
        "avg_risk": 0.2424,
        "avg_gt": 0.0052,
        "risk_category": 1,
        "risk_category_label": "Medium"
      }
    }
  ]
}